trial,environment_seed,sensor_seed,sensor_scenario,sensor_scenario_name,sensor_model,free_probability,occupied_probability,disallowed_probability,restricted_probability,planning_success,onboard_completion,true_goal_reached,true_mission_success,termination_state,final_true_distance,completion_time,actual_path_length,planned_path_length,mean_estimation_error,max_estimation_error,rmse_estimation_error,mean_true_cross_track_error,max_true_cross_track_error,rmse_true_cross_track_error,mean_estimated_cross_track_error,max_estimated_cross_track_error,rmse_estimated_cross_track_error,minimum_true_clearance,minimum_estimated_clearance,commanded_control_effort,applied_control_effort,control_saturation_fraction,mean_control_saturation_error,max_control_saturation_error,max_commanded_acceleration,max_applied_acceleration,measurement_dropout_fraction,true_free_time,true_occupied_time,true_disallowed_time,true_restricted_time,true_out_of_bounds_time,estimated_free_time,estimated_occupied_time,estimated_disallowed_time,estimated_restricted_time,estimated_out_of_bounds_time,restricted_violation,disallowed_violation,out_of_bounds_violation
0,2730937650,2972426433,2,gaussian_plus_delay,CombinedErrorSensor,0.65,0.2,0.1,0.05,True,True,True,True,goal_reached,0.20685929795665764,71.4,14.36861729230413,14.454892214981566,0.07362710330699183,0.2193843346311521,0.08181459262617287,0.028711460613324927,0.08305371694718507,0.03505618877163482,0.0421695222208327,0.1796459795263673,0.052339809841897664,0.1358512062765173,0.09762968055677633,5.9107789571949265,5.910778957194925,0.0,7.964736323174003e-17,2.797157557069881e-16,0.35876068488953583,0.35876068488953594,0.0,71.4,0.0,0.0,0.0,0.0,71.4,0.0,0.0,0.0,0.0,False,False,False
1,725595369,1766001812,2,gaussian_plus_delay,CombinedErrorSensor,0.65,0.2,0.1,0.05,True,True,True,True,goal_reached,0.151498068395743,67.4,14.092707053705468,14.18806012461787,0.07714621907773579,0.18826643630255882,0.08562141108342859,0.026141338900832013,0.10565456747689303,0.032244272359056206,0.04324846945448311,0.19903720223422017,0.05542331954058333,0.18496032556781633,0.10900996666857071,6.055437969821391,6.055437969821392,0.0,8.268091321379795e-17,2.779024842816778e-16,0.24864859660124555,0.2486485966012456,0.0,67.4,0.0,0.0,0.0,0.0,67.4,0.0,0.0,0.0,0.0,False,False,False
2,696368142,856203148,2,gaussian_plus_delay,CombinedErrorSensor,0.65,0.2,0.1,0.05,True,True,True,True,goal_reached,0.15265599900262034,62.800000000000004,12.85582383629601,12.835580577877149,0.07764903687043488,0.17687384884672525,0.08518690821052063,0.03490565503618429,0.10790067187275572,0.041941542044968166,0.046255606023788455,0.16846473450341168,0.056480100880563024,0.17053097863501104,0.1366857293593455,5.494689485009962,5.494689485009962,0.0,8.625627605791172e-17,1.8670653977139892e-16,0.4094487731066457,0.4094487731066457,0.0,62.800000000000004,0.0,0.0,0.0,0.0,62.800000000000004,0.0,0.0,0.0,0.0,False,False,False
3,707573593,2121814943,2,gaussian_plus_delay,CombinedErrorSensor,0.65,0.2,0.1,0.05,True,True,True,True,goal_reached,0.1708869380538796,69.60000000000001,14.075763073101351,13.975985827963239,0.08010864322228298,0.19411258832117495,0.08875811550455859,0.03456963172177984,0.11492224239417599,0.044754302956477574,0.04991800320329408,0.2317097798076267,0.06318871164246047,0.22712882211898933,0.20726217511174294,6.071735931210547,6.071735931210547,0.0,8.022339110557003e-17,2.7755575615628914e-16,0.3544046103718354,0.3544046103718354,0.0,64.5,5.100000000000001,0.0,0.0,0.0,64.60000000000001,5.0,0.0,0.0,0.0,False,False,False
4,1443673076,4002826033,2,gaussian_plus_delay,CombinedErrorSensor,0.65,0.2,0.1,0.05,True,True,True,True,goal_reached,0.10762514752423966,72.60000000000001,15.41879637965328,15.333738415326255,0.07722740694298734,0.2006595893562782,0.08685410824189943,0.039634484921629215,0.10946463230614925,0.04650320574935048,0.04946038669316704,0.19874977715936665,0.06272298093346919,0.30070756019269035,0.26536847666560637,6.70815132556765,6.70815132556765,0.0,8.867019835466313e-17,2.9406505148178845e-16,0.3633047354838315,0.3633047354838315,0.0,72.50000000000001,0.09999999999999432,0.0,0.0,0.0,71.9,0.6999999999999957,0.0,0.0,0.0,False,False,False
5,1283743613,2132980747,2,gaussian_plus_delay,CombinedErrorSensor,0.65,0.2,0.1,0.05,True,True,True,True,goal_reached,0.14316504675699568,67.9,13.909469520735438,13.845509908924008,0.08084703471023232,0.19397487175748893,0.0896388526890115,0.03729597159949354,0.1504282060675239,0.047654668460982284,0.05266713254148277,0.23705517574041488,0.06697548325569536,0.1563027777444416,0.10825935142243903,6.0939887858972615,6.09398878589726,0.0,8.415233526278153e-17,2.779024842816778e-16,0.3021028294790212,0.3021028294790212,0.0,67.9,0.0,0.0,0.0,0.0,67.9,0.0,0.0,0.0,0.0,False,False,False
6,2118442539,3858050010,2,gaussian_plus_delay,CombinedErrorSensor,0.65,0.2,0.1,0.05,True,True,True,True,goal_reached,0.09386954484756901,74.9,15.496133159537557,15.480072929749646,0.07829221857745457,0.22529306676961153,0.08732471405864803,0.032688724340915895,0.13204182504339818,0.040974055593567454,0.0477647007730394,0.18359974232666862,0.060123540144117,0.17549151126118953,0.13947359712386187,6.402885553802999,6.402885553802999,0.0,8.210310149220233e-17,2.8066088919804617e-16,0.2498639918245853,0.24986399182458532,0.0,74.7,0.20000000000000995,0.0,0.0,0.0,74.2,0.70000000000001,0.0,0.0,0.0,False,False,False
7,1122514226,3692069387,2,gaussian_plus_delay,CombinedErrorSensor,0.65,0.2,0.1,0.05,True,True,True,True,goal_reached,0.15628246365275597,68.4,14.392295525610482,14.29819271388575,0.08249144288135807,0.19482766423696324,0.09004101533833196,0.046431105463022634,0.13465000642486125,0.05664050373438787,0.05745242594468111,0.18534880831868222,0.06999761063633772,0.14267547194687566,0.07647899861863974,6.244462681632585,6.244462681632585,0.0,8.805408244857947e-17,2.5066604164831255e-16,0.28788701266587363,0.28788701266587363,0.0,61.900000000000006,6.5,0.0,0.0,0.0,60.8,7.600000000000006,0.0,0.0,0.0,False,False,False
8,2945440137,252367688,2,gaussian_plus_delay,CombinedErrorSensor,0.65,0.2,0.1,0.05,True,True,True,True,goal_reached,0.12512250384350726,68.8,14.692711963656464,14.679742900388355,0.0770438579000623,0.2364884156996229,0.08533840295321213,0.028592064903910513,0.138704006178334,0.04010609723773303,0.04272068954007112,0.15478456382980088,0.05395786776213463,0.15278335113507802,0.14250152770973146,6.284288170358039,6.28428817035804,0.0,8.948958841895407e-17,2.897767167584095e-16,0.469074290644849,0.46907429064484896,0.0,68.8,0.0,0.0,0.0,0.0,68.8,0.0,0.0,0.0,0.0,False,False,False
9,278029302,3907757283,2,gaussian_plus_delay,CombinedErrorSensor,0.65,0.2,0.1,0.05,True,True,True,True,goal_reached,0.12291990248902372,67.5,14.175887996684054,14.10187113209799,0.07406464421763351,0.25560046174387485,0.0825718551797863,0.03676137215174833,0.11983748952757126,0.04547001904226046,0.048317935632188135,0.25439070061475366,0.061343375952295394,0.25297335131223164,0.21370499305096047,6.0155248631463225,6.0155248631463225,0.0,8.731626479219156e-17,2.779024842816778e-16,0.40020935126432744,0.40020935126432744,0.0,67.5,0.0,0.0,0.0,0.0,67.5,0.0,0.0,0.0,0.0,False,False,False
10,3616197823,2935630276,2,gaussian_plus_delay,CombinedErrorSensor,0.65,0.2,0.1,0.05,True,True,True,True,goal_reached,0.15225161817362348,67.0,14.02024781388999,14.041210033374572,0.08092966088075637,0.33049750337269757,0.09086090408422631,0.03245232001425759,0.10595176322566448,0.04029864905807095,0.0483219859845303,0.30542784219562213,0.062432957796720305,0.09668739424532834,0.029130342436599274,5.680906189808001,5.680906189808001,0.0,8.207269735143533e-17,2.5018537765542007e-16,0.4455828931772875,0.4455828931772875,0.0,67.0,0.0,0.0,0.0,0.0,67.0,0.0,0.0,0.0,0.0,False,False,False
11,1745707571,4237896947,2,gaussian_plus_delay,CombinedErrorSensor,0.65,0.2,0.1,0.05,True,True,True,True,goal_reached,0.06674868675857691,68.2,13.864625750852984,13.79375447390864,0.0738121991150823,0.18521346602830946,0.08198945108997359,0.03742905810004126,0.10968866570457327,0.046643389096777406,0.048149247827231866,0.19225766135016117,0.05963179325695837,0.17210926796014805,0.15411938240003126,5.735270911728821,5.735270911728821,0.0,8.296536356708334e-17,2.7894008272968645e-16,0.42497376438084467,0.42497376438084467,0.0,68.2,0.0,0.0,0.0,0.0,68.2,0.0,0.0,0.0,0.0,False,False,False
12,2210454256,3908414215,2,gaussian_plus_delay,CombinedErrorSensor,0.65,0.2,0.1,0.05,True,True,True,True,goal_reached,0.1393015971679848,84.7,17.20049712029992,17.111446185678226,0.08109266861124058,0.21533024439492926,0.0895018966480017,0.03144988593808966,0.0930922398752025,0.039254325590277826,0.04777411198321552,0.19359701099580384,0.06041210743427257,0.14242806465554173,0.058576965493961776,7.3848044967840565,7.3848044967840565,0.0,8.490225837676195e-17,2.7894008272968645e-16,0.28824112604603247,0.28824112604603247,0.0,82.0,2.6999999999999993,0.0,0.0,0.0,82.1,2.6000000000000014,0.0,0.0,0.0,False,False,False
13,2511590377,3203569087,2,gaussian_plus_delay,CombinedErrorSensor,0.65,0.2,0.1,0.05,False,False,False,False,planning_failure,nan,nan,nan,nan,nan,nan,nan,nan,nan,nan,nan,nan,nan,nan,nan,nan,nan,nan,nan,nan,nan,nan,nan,,,,,,,,,,,,,
14,2274882830,1406550982,2,gaussian_plus_delay,CombinedErrorSensor,0.65,0.2,0.1,0.05,True,True,True,True,goal_reached,0.16636864584682462,69.60000000000001,14.295459556978788,14.352066650916205,0.07811784829205534,0.2059156494632983,0.0870998465831033,0.03415787363337936,0.0939834994783698,0.039998831038954706,0.04342355020891101,0.19837075765550127,0.05578285982670047,0.15379335128319263,0.07363513914551297,6.08701999793996,6.08701999793996,0.0,7.866822539915662e-17,2.830524433501838e-16,0.2734183056172324,0.2734183056172324,0.0,67.60000000000001,2.0,0.0,0.0,0.0,67.9,1.7000000000000028,0.0,0.0,0.0,False,False,False
15,1306523764,2141035876,2,gaussian_plus_delay,CombinedErrorSensor,0.65,0.2,0.1,0.05,True,True,True,True,goal_reached,0.09499957379782077,67.4,13.855422012653978,13.899657054491193,0.08048256765981222,0.28764203070099287,0.08843641520654133,0.030180515408629087,0.07907839739744045,0.036524054904353356,0.04434083216166662,0.2869711691780813,0.05549411916466574,0.16030544378784836,0.1266798940810698,5.860171559666682,5.860171559666682,0.0,8.43563256186056e-17,2.776424787817943e-16,0.30321382682817904,0.30321382682817904,0.0,67.10000000000001,0.29999999999999716,0.0,0.0,0.0,66.6,0.8000000000000043,0.0,0.0,0.0,False,False,False
16,1010042146,3658271060,2,gaussian_plus_delay,CombinedErrorSensor,0.65,0.2,0.1,0.05,True,True,True,True,goal_reached,0.08797824770385047,72.9,14.510505416221783,14.44750680147757,0.07630483718739636,0.19529734705290264,0.08388648177213315,0.03051704552042304,0.1347810240626494,0.04002684404883308,0.04317021414418957,0.21374548070960975,0.05530575344173745,0.3909074252652199,0.36710609527379495,6.03036057136609,6.03036057136609,0.0,8.099546397055555e-17,2.776424787817943e-16,0.23739250723870212,0.23739250723870217,0.0,72.9,0.0,0.0,0.0,0.0,72.9,0.0,0.0,0.0,0.0,False,False,False
17,2786688297,2335196008,2,gaussian_plus_delay,CombinedErrorSensor,0.65,0.2,0.1,0.05,True,True,True,True,goal_reached,0.08527263141856327,81.5,17.38701868984395,17.42815837391544,0.08243361719601675,0.21416563073360678,0.08982960523938026,0.035764994227259816,0.11115572318077742,0.043632428359661926,0.049028657840667546,0.19652789658122316,0.06180618582491179,0.1374460806762033,0.05347210341877684,7.140416122197545,7.140416122197545,0.0,9.004203310915762e-17,2.9893669801409083e-16,0.3155277851587174,0.3155277851587174,0.0,81.5,0.0,0.0,0.0,0.0,81.5,0.0,0.0,0.0,0.0,False,False,False
18,3018799164,2492545633,2,gaussian_plus_delay,CombinedErrorSensor,0.65,0.2,0.1,0.05,False,False,False,False,planning_failure,nan,nan,nan,nan,nan,nan,nan,nan,nan,nan,nan,nan,nan,nan,nan,nan,nan,nan,nan,nan,nan,nan,nan,,,,,,,,,,,,,
19,102116917,2305910465,2,gaussian_plus_delay,CombinedErrorSensor,0.65,0.2,0.1,0.05,True,True,True,True,goal_reached,0.21107935300530234,76.3,14.976106634427513,15.069904982644191,0.07721426576280706,0.2186896035703056,0.08528872877755418,0.02724155641866546,0.10195593724152276,0.034256971259622744,0.04467379740195673,0.2186896035703056,0.05582909098088896,0.1355968869584198,0.05032871053244369,6.238765599454808,6.238765599454809,0.0,7.860063816901626e-17,2.776424787817943e-16,0.27081759318518217,0.27081759318518217,0.0,74.6,1.6999999999999957,0.0,0.0,0.0,74.6,1.7000000000000028,0.0,0.0,0.0,False,False,False
20,3818948148,4038365003,2,gaussian_plus_delay,CombinedErrorSensor,0.65,0.2,0.1,0.05,True,True,True,True,goal_reached,0.07140397662272234,72.4,15.466366887660666,15.53475537394618,0.08617746654977682,0.20473723426229481,0.09482319053339143,0.02482486610811776,0.07622668504209784,0.03223733821257964,0.041424718706474406,0.12415401198286365,0.050654494793777496,0.1822486946766002,0.131009816871952,6.792639705339369,6.792639705339369,0.0,8.961255418369799e-17,2.7894008272968645e-16,0.3405287558665455,0.3405287558665455,0.0,68.10000000000001,4.299999999999997,0.0,0.0,0.0,67.8,4.600000000000001,0.0,0.0,0.0,False,False,False
21,1630693696,702805332,2,gaussian_plus_delay,CombinedErrorSensor,0.65,0.2,0.1,0.05,True,True,True,True,goal_reached,0.16749564086106045,68.5,13.874814958751621,13.96383903277059,0.07913273442801572,0.19343070177223595,0.08684366161625148,0.032539736253354566,0.10043034083319197,0.040444876146145115,0.04731463607456294,0.17373065651826655,0.05847730184412641,0.2670843232387792,0.19995866569446502,5.700860385815673,5.700860385815673,0.0,8.20092131106816e-17,2.776424787817943e-16,0.41050094052080777,0.41050094052080777,0.0,68.39999999999999,0.09999999999999964,0.0,0.0,0.0,68.19999999999999,0.29999999999999893,0.0,0.0,0.0,False,False,False
22,3668936892,1048787770,2,gaussian_plus_delay,CombinedErrorSensor,0.65,0.2,0.1,0.05,True,True,True,True,goal_reached,0.15506602741654757,77.7,16.237930696885577,16.18835733924556,0.07952958545918612,0.19813670027362945,0.08792260431755876,0.028909573605163583,0.10907489530779646,0.03722834795035776,0.04624624921121875,0.2101472073150955,0.057457411856195496,0.21944268668144223,0.1371455988768382,7.191886510464144,7.191886510464144,0.0,8.49217251251183e-17,2.779024842816778e-16,0.27059622314548193,0.2705962231454819,0.0,72.0,5.700000000000003,0.0,0.0,0.0,70.89999999999999,6.800000000000004,0.0,0.0,0.0,False,False,False
23,3826687389,3806095897,2,gaussian_plus_delay,CombinedErrorSensor,0.65,0.2,0.1,0.05,True,True,True,True,goal_reached,0.167745558281238,69.60000000000001,14.132046679875529,14.111939694775828,0.08068215712597704,0.21384862454413345,0.0888788564796222,0.03336321102893701,0.13605596375990264,0.042356888623920355,0.04994541177066185,0.17761315126905064,0.062307775038622545,0.15573972452543705,0.050356139441775194,6.371096404392333,6.371096404392333,0.0,8.222449077137913e-17,2.830524433501838e-16,0.3707326917139165,0.37073269171391654,0.0,69.60000000000001,0.0,0.0,0.0,0.0,69.60000000000001,0.0,0.0,0.0,0.0,False,False,False
24,173106281,2255675188,2,gaussian_plus_delay,CombinedErrorSensor,0.65,0.2,0.1,0.05,False,False,False,False,planning_failure,nan,nan,nan,nan,nan,nan,nan,nan,nan,nan,nan,nan,nan,nan,nan,nan,nan,nan,nan,nan,nan,nan,nan,,,,,,,,,,,,,
25,1785024439,1397878296,2,gaussian_plus_delay,CombinedErrorSensor,0.65,0.2,0.1,0.05,True,True,True,True,goal_reached,0.15072296416292483,60.800000000000004,12.942876931223072,12.984916865703093,0.07877570122651247,0.20624609545451245,0.08706429726978789,0.025153886121527393,0.08127232584637518,0.03207675481961434,0.0410617980013236,0.16640565000596047,0.05144525408726096,0.35930030523413,0.3454349534172891,5.408977917774807,5.408977917774807,0.0,9.033454825469764e-17,2.779024842816778e-16,0.34202606310454864,0.34202606310454864,0.0,60.300000000000004,0.5,0.0,0.0,0.0,60.0,0.8000000000000043,0.0,0.0,0.0,False,False,False
26,417408578,3621816617,2,gaussian_plus_delay,CombinedErrorSensor,0.65,0.2,0.1,0.05,True,True,True,True,goal_reached,0.12789124216973066,72.5,14.057916168152406,14.030958523617288,0.07923559996873042,0.18919041009193732,0.08709416252015878,0.036177461509508076,0.11384626495945693,0.04692209239338603,0.05044030218907856,0.19012793385034996,0.06300582194045051,0.2047266703818791,0.20897437751119116,6.414963733470179,6.414963733470179,0.0,8.043675232850908e-17,2.5133742693021536e-16,0.3726756609719452,0.3726756609719452,0.0,72.5,0.0,0.0,0.0,0.0,71.89999999999999,0.5999999999999996,0.0,0.0,0.0,False,False,False
27,3501454577,3222647000,2,gaussian_plus_delay,CombinedErrorSensor,0.65,0.2,0.1,0.05,True,True,True,True,goal_reached,0.1616127028184915,68.60000000000001,14.192578281201463,14.31390757960287,0.07954602776540691,0.17617458934079086,0.08678408708053141,0.03177111936418198,0.1242700990539049,0.04194372207225498,0.043002402507463885,0.21130271456812982,0.05556744333244552,0.10536962833852033,0.11779524963257348,5.758703408077691,5.758703408077692,0.0,7.813961245992203e-17,2.592584715281538e-16,0.3330061300862425,0.3330061300862425,0.0,68.5,0.09999999999999787,0.0,0.0,0.0,68.3,0.3000000000000007,0.0,0.0,0.0,False,False,False
28,2671864052,1579004851,2,gaussian_plus_delay,CombinedErrorSensor,0.65,0.2,0.1,0.05,True,True,True,True,goal_reached,0.16565964135253444,68.8,14.190952477369255,14.22146749133639,0.07759363954170763,0.19248131688862608,0.08611456928256842,0.03354290752155909,0.08909974741076156,0.03918180198709748,0.043678526601607766,0.16945603359357073,0.053086389363252995,0.13064226834000303,0.13354065403209792,5.584937977108412,5.584937977108413,0.0,8.541655986547422e-17,2.8576114088871287e-16,0.27550058773779856,0.27550058773779856,0.0,66.69999999999999,2.1000000000000014,0.0,0.0,0.0,66.6,2.200000000000003,0.0,0.0,0.0,False,False,False
29,3674706989,3306811554,2,gaussian_plus_delay,CombinedErrorSensor,0.65,0.2,0.1,0.05,True,True,True,True,goal_reached,0.20485025774319007,81.4,16.09055865067077,16.108721854566653,0.0756209843084479,0.18915967653535715,0.08279615964923852,0.03351592523168275,0.11448433017647724,0.04205743267535558,0.04505937726884955,0.16691463770738993,0.056430400741330794,0.18521471073128953,0.1393932427381642,6.737778550045722,6.737778550045723,0.0,7.846736151321445e-17,2.7757743935277205e-16,0.24305799010822673,0.2430579901082267,0.0,80.4,1.0,0.0,0.0,0.0,80.5,0.8999999999999986,0.0,0.0,0.0,False,False,False
30,3431604673,467454945,2,gaussian_plus_delay,CombinedErrorSensor,0.65,0.2,0.1,0.05,True,True,True,True,goal_reached,0.14987678394928497,66.0,12.9824316679319,13.076476182686914,0.07728528294638397,0.19718472101640355,0.08484363426341364,0.03345346184497292,0.09117396180072247,0.040934725055940605,0.043927317016964916,0.196129047089047,0.05495639125621261,0.49182660684742757,0.40124430429954455,5.429565026579361,5.429565026579361,0.0,8.548499680969793e-17,1.962615573354719e-16,0.2787897930179183,0.2787897930179183,0.0,66.0,0.0,0.0,0.0,0.0,66.0,0.0,0.0,0.0,0.0,False,False,False
31,2772736690,475943986,2,gaussian_plus_delay,CombinedErrorSensor,0.65,0.2,0.1,0.05,True,True,True,True,goal_reached,0.15705974964937938,78.60000000000001,16.11475606604153,16.22636236568617,0.08192778065429689,0.19707461506243806,0.08893671370231508,0.032243019007646576,0.09115743173921373,0.03834796436428622,0.041695765978240394,0.14602944330610024,0.05225480251385297,0.19903678496051186,0.14544295572882962,7.106757461149259,7.106757461149259,0.0,8.278396765988365e-17,2.7755575615628914e-16,0.2821384756538659,0.282138475653866,0.0,70.9,7.700000000000002,0.0,0.0,0.0,71.00000000000001,7.5999999999999925,0.0,0.0,0.0,False,False,False
32,34757296,3305648994,2,gaussian_plus_delay,CombinedErrorSensor,0.65,0.2,0.1,0.05,True,True,True,True,goal_reached,0.14452743153135672,73.0,15.268927958135754,15.205261390424752,0.08256855870968972,0.20766366612468462,0.09054096013718914,0.030316273415328297,0.10195296078193819,0.03809764348663389,0.04397773592838757,0.18377977901765524,0.054572458282798955,0.17113654183059626,0.13790222542897546,6.760631062880006,6.760631062880006,0.0,8.042848240298888e-17,2.830524433501838e-16,0.4153730989349148,0.41537309893491475,0.0,72.8,0.1999999999999993,0.0,0.0,0.0,72.69999999999999,0.2999999999999998,0.0,0.0,0.0,False,False,False
33,2257902095,2132756255,2,gaussian_plus_delay,CombinedErrorSensor,0.65,0.2,0.1,0.05,True,True,True,True,goal_reached,0.10838811580249062,79.60000000000001,15.934841958139906,15.83915422536744,0.0778980263369333,0.17134796830749663,0.0851023524463065,0.032131979339525794,0.09647319676919837,0.03872016290491706,0.0478812216604453,0.15221240193523453,0.0577279361991409,0.1764565392959735,0.12301185550605354,7.034900249265833,7.034900249265834,0.0,8.289554754384038e-17,2.797157557069881e-16,0.2899661897736273,0.2899661897736273,0.0,71.5,8.100000000000001,0.0,0.0,0.0,71.7,7.900000000000006,0.0,0.0,0.0,False,False,False
34,1990091749,1553859126,2,gaussian_plus_delay,CombinedErrorSensor,0.65,0.2,0.1,0.05,True,True,True,True,goal_reached,0.08911982940721534,80.60000000000001,16.20192081614596,16.043512163472563,0.07404752083097062,0.21778685606285586,0.0827076594821565,0.03546045831621047,0.11498675676019393,0.04558039840382223,0.04918744694036859,0.2227278741990258,0.06181991978056758,0.20807377557508322,0.1373289611014322,6.8741611299191545,6.8741611299191545,0.0,7.961139476631171e-17,2.830524433501838e-16,0.45757191707157785,0.4575719170715778,0.0,75.6,5.000000000000005,0.0,0.0,0.0,74.6,6.000000000000004,0.0,0.0,0.0,False,False,False
35,688663972,1741335336,2,gaussian_plus_delay,CombinedErrorSensor,0.65,0.2,0.1,0.05,True,True,True,True,goal_reached,0.10915705060866336,71.2,14.51080736179437,14.497929398860107,0.07878352562237771,0.26578198388078017,0.08639941598375543,0.031043992226080043,0.08997491483341369,0.03685004339318547,0.044273239023506515,0.26578198388078017,0.05523863237252297,0.15752959810122472,0.0869140154738366,6.40327928717203,6.40327928717203,0.0,8.043201928553656e-17,2.7755711140569604e-16,0.2829462473023767,0.2829462473023767,0.0,69.2,2.000000000000001,0.0,0.0,0.0,69.2,2.0,0.0,0.0,0.0,False,False,False
36,248667807,2779221576,2,gaussian_plus_delay,CombinedErrorSensor,0.65,0.2,0.1,0.05,True,True,True,True,goal_reached,0.1088686982054846,72.7,14.413977178154225,14.39724933927625,0.07827129784418707,0.22112521460807663,0.08725600161506346,0.02814989228876796,0.106510839265495,0.03646416524188188,0.044551919882388866,0.15489210086829233,0.056637479810259496,0.13471434132863075,0.10792403336985448,6.244613479011874,6.244613479011875,0.0,7.747855744492015e-17,2.830524433501838e-16,0.2263378815934611,0.22633788159346122,0.0,72.7,0.0,0.0,0.0,0.0,72.7,0.0,0.0,0.0,0.0,False,False,False
37,3831690327,406686172,2,gaussian_plus_delay,CombinedErrorSensor,0.65,0.2,0.1,0.05,True,True,True,True,goal_reached,0.14668147164817275,80.5,16.674406436265073,16.59948279152174,0.08235949963530968,0.26039467617423534,0.09096097160004707,0.03734640884059874,0.1132489202292402,0.04590551662467008,0.04929845073854646,0.26015072977532416,0.061304641748942054,0.14170992963296697,0.0965104585608677,7.33499607688974,7.334996076889741,0.0,8.06683759427577e-17,2.779024842816778e-16,0.2861761513368264,0.28617615133682633,0.0,80.5,0.0,0.0,0.0,0.0,80.5,0.0,0.0,0.0,0.0,False,False,False
38,3292381605,3853507458,2,gaussian_plus_delay,CombinedErrorSensor,0.65,0.2,0.1,0.05,True,True,True,True,goal_reached,0.1682025611914031,67.60000000000001,13.547367819047398,13.556277141521099,0.07750196855393739,0.290687384075358,0.08661450995951211,0.033033790313712987,0.1233617144783197,0.04391293230045524,0.043490585641828124,0.290687384075358,0.05601216297484432,0.1662411979372261,0.12722243183560988,5.663543146887529,5.663543146887529,0.0,8.279301631904882e-17,2.779024842816778e-16,0.24499214279908105,0.24499214279908121,0.0,67.60000000000001,0.0,0.0,0.0,0.0,67.60000000000001,0.0,0.0,0.0,0.0,False,False,False
39,2677946230,1366849576,2,gaussian_plus_delay,CombinedErrorSensor,0.65,0.2,0.1,0.05,True,True,True,True,goal_reached,0.10490042010007633,65.2,13.739279536450821,13.670414520754132,0.07954788481800272,0.1974681197553268,0.0870831658426494,0.036399634503831234,0.13729199474727194,0.04754861383236185,0.046885484238652055,0.19653841451221793,0.05873155895377224,0.14770076307674884,0.0943147274266863,5.86697525499528,5.86697525499528,0.0,8.407219661994192e-17,2.498001805406602e-16,0.37727903457060663,0.3772790345706066,0.0,63.6,1.5999999999999974,0.0,0.0,0.0,63.2,1.9999999999999987,0.0,0.0,0.0,False,False,False
40,3465243617,2315462378,2,gaussian_plus_delay,CombinedErrorSensor,0.65,0.2,0.1,0.05,True,True,True,True,goal_reached,0.08719941395984071,73.2,14.793546004523707,14.575855982264368,0.0778799398369774,0.1788137712830866,0.08478125727707454,0.03737737181596623,0.10634210709524623,0.0466384480955692,0.047513286522540936,0.17709002757710698,0.05933170011915668,0.14434817827351007,0.13573005245493278,6.352706671637431,6.352706671637431,0.0,8.007229792318477e-17,2.779024842816778e-16,0.30662708818044326,0.30662708818044326,0.0,71.0,2.1999999999999993,0.0,0.0,0.0,70.89999999999999,2.299999999999999,0.0,0.0,0.0,False,False,False
41,2277377269,4090432965,2,gaussian_plus_delay,CombinedErrorSensor,0.65,0.2,0.1,0.05,True,True,True,True,goal_reached,0.1534500784606829,79.10000000000001,17.068351983888846,17.023272470856263,0.08027006245120102,0.24956715348691616,0.08877847078196485,0.034575818959058924,0.11378603024246353,0.04642397121277046,0.050136984148514925,0.16930420161102624,0.06231723516123369,0.14862073285210586,0.11083804171053357,7.019243532471432,7.019243532471432,0.0,8.912513589136753e-17,3.1031676915590914e-16,0.28508206374678124,0.2850820637467813,0.0,76.0,3.1000000000000014,0.0,0.0,0.0,75.5,3.6000000000000014,0.0,0.0,0.0,False,False,False
42,4173135836,1061777408,2,gaussian_plus_delay,CombinedErrorSensor,0.65,0.2,0.1,0.05,True,True,True,True,goal_reached,0.1474431949655596,81.7,16.057567285710228,15.985618836298341,0.07493683689138547,0.2081625313477997,0.08342389788060223,0.03329731319682826,0.10141359192837208,0.04211898758802873,0.047468170635153885,0.157775145769448,0.05880262515558253,0.12323620924609933,0.09484737978608826,7.235808814525994,7.235808814525994,0.0,8.171167123743191e-17,2.7815278050212893e-16,0.3029710254785475,0.3029710254785475,0.0,78.39999999999999,3.3000000000000007,0.0,0.0,0.0,78.1,3.600000000000005,0.0,0.0,0.0,False,False,False
43,1315936761,1898025599,2,gaussian_plus_delay,CombinedErrorSensor,0.65,0.2,0.1,0.05,True,True,True,True,goal_reached,0.1637381220493317,66.0,13.055911810990857,13.123085893377983,0.07368215863601339,0.22065980642960534,0.08236966237574674,0.02801614190860435,0.08187078671854865,0.03465866401955437,0.04026818461786647,0.2205004953275265,0.05013496303256277,0.15642013587613635,0.11542774911242362,5.450299566821359,5.450299566821359,0.0,8.780395650858897e-17,1.962615573354719e-16,0.35009118690612595,0.35009118690612595,0.0,66.0,0.0,0.0,0.0,0.0,66.0,0.0,0.0,0.0,0.0,False,False,False
44,476705537,3455327742,2,gaussian_plus_delay,CombinedErrorSensor,0.65,0.2,0.1,0.05,True,True,True,True,goal_reached,0.1657255958984574,82.60000000000001,16.280881660353067,16.363285689674875,0.07828191155255264,0.2393550564226792,0.08785216195089272,0.02814722658850507,0.10731331296683422,0.035450912505193014,0.041966073223823404,0.18920610182954967,0.053989683807893186,0.14680233803670878,0.16106648674263838,7.038091828385397,7.038091828385398,0.0,7.867298522455241e-17,2.5018537765542007e-16,0.3550696950514273,0.3550696950514273,0.0,82.3,0.30000000000000426,0.0,0.0,0.0,80.9,1.6999999999999957,0.0,0.0,0.0,False,False,False
45,2193159741,4146204961,2,gaussian_plus_delay,CombinedErrorSensor,0.65,0.2,0.1,0.05,True,True,True,True,goal_reached,0.11544482683416032,73.3,13.84514645890303,13.78997689693724,0.07394536566653813,0.19578168518453118,0.08183739378550661,0.03076691009493313,0.12518479743424166,0.03955619465802849,0.04614512136976976,0.18029781956613608,0.058504210499635764,0.1855211550448579,0.14916852591168261,6.171937350015485,6.171937350015485,0.0,8.007085145274955e-17,2.779024842816778e-16,0.4695190020241359,0.4695190020241359,0.0,70.89999999999999,2.3999999999999986,0.0,0.0,0.0,71.1,2.1999999999999957,0.0,0.0,0.0,False,False,False
46,3193969877,1580823276,2,gaussian_plus_delay,CombinedErrorSensor,0.65,0.2,0.1,0.05,True,True,True,True,goal_reached,0.21847002101379745,78.2,16.48518880241113,16.50915893035879,0.08649042669378194,0.2141998263101031,0.09367376076833236,0.0363767067835309,0.10744441717660289,0.04254700682731017,0.04726363214503103,0.20346942756660785,0.05837455435587976,0.213711838378172,0.1628780287265048,7.217746593917591,7.217746593917591,0.0,8.618021673135086e-17,2.830524433501838e-16,0.2671123945654468,0.267112394565447,0.0,75.39999999999999,2.799999999999999,0.0,0.0,0.0,76.6,1.6000000000000014,0.0,0.0,0.0,False,False,False
47,2977401754,3603991116,2,gaussian_plus_delay,CombinedErrorSensor,0.65,0.2,0.1,0.05,True,True,True,True,goal_reached,0.11734189305831169,77.80000000000001,15.703288994757107,15.711237766357758,0.07608605066631971,0.19875116142006258,0.08373639365494855,0.03104441471044638,0.10929243105126862,0.038606259879170365,0.04594783746669333,0.19802208658501974,0.05890753598252376,0.13818207699118265,0.110450916298106,6.8622961278399774,6.862296127839979,0.0,8.439835977352262e-17,2.779024842816778e-16,0.23170055839185982,0.2317005583918599,0.0,75.80000000000001,1.999999999999993,0.0,0.0,0.0,75.80000000000001,1.9999999999999876,0.0,0.0,0.0,False,False,False
48,96550472,615466156,2,gaussian_plus_delay,CombinedErrorSensor,0.65,0.2,0.1,0.05,True,True,True,True,goal_reached,0.11827368693494997,63.900000000000006,13.602031780069453,13.556989025696764,0.08195194437658657,0.21852722950716996,0.09051211291920527,0.0358276803265464,0.11326880576702858,0.04299445633677498,0.047052250513624515,0.21711262617152147,0.058451981115178644,0.15075236595257088,0.11001438802088645,6.03720955815681,6.03720955815681,0.0,9.194236220441597e-17,2.7894008272968645e-16,0.4102465534666918,0.4102465534666918,0.0,63.900000000000006,0.0,0.0,0.0,0.0,63.900000000000006,0.0,0.0,0.0,0.0,False,False,False
49,1777529677,4251989012,2,gaussian_plus_delay,CombinedErrorSensor,0.65,0.2,0.1,0.05,True,True,True,True,goal_reached,0.15397225570429837,74.60000000000001,16.003356017330617,15.858911505110303,0.08313206051314652,0.21234977606726607,0.09062155548412668,0.03492529375700081,0.10929825456058985,0.044802106583227815,0.052141564363415896,0.18108305934212396,0.0642663728717409,0.18129811545551988,0.12754539125604825,6.616267504795941,6.616267504795941,0.0,8.198167931382921e-17,2.779024842816778e-16,0.24622112083406028,0.24622112083406034,0.0,72.7,1.9000000000000004,0.0,0.0,0.0,72.5,2.0999999999999996,0.0,0.0,0.0,False,False,False
50,3863705637,2665314677,2,gaussian_plus_delay,CombinedErrorSensor,0.65,0.2,0.1,0.05,True,True,True,True,goal_reached,0.12773394008854322,62.800000000000004,13.029682313795423,13.066678025253246,0.07309584363654283,0.2564359345209595,0.08151099117419398,0.022825735936886506,0.09297919773612572,0.029859313676990365,0.0420788686599671,0.256183585757506,0.053176633400557144,0.1386362380566264,0.13374564804375255,5.613270770976069,5.61327077097607,0.0,8.945362529911656e-17,2.2591401799415137e-16,0.3954235664466808,0.3954235664466808,0.0,62.800000000000004,0.0,0.0,0.0,0.0,62.800000000000004,0.0,0.0,0.0,0.0,False,False,False
51,4005499836,353644800,2,gaussian_plus_delay,CombinedErrorSensor,0.65,0.2,0.1,0.05,True,True,True,True,goal_reached,0.15928595700914996,62.6,12.801637777689749,12.844006571885457,0.077137949913602,0.21642681073364528,0.08479847152666892,0.024137212058668173,0.07910758700827998,0.030184146454071224,0.03820688120914345,0.15573439921038704,0.048174089133879355,0.22434998161436606,0.17460617959418956,5.501329087841212,5.501329087841212,0.0,9.371068323092102e-17,3.1031676915590914e-16,0.22264277126558107,0.22264277126558116,0.0,62.6,0.0,0.0,0.0,0.0,62.6,0.0,0.0,0.0,0.0,False,False,False
52,891226929,3904815875,2,gaussian_plus_delay,CombinedErrorSensor,0.65,0.2,0.1,0.05,True,True,True,True,goal_reached,0.12319322414788075,66.9,13.79952684482775,13.809080382915246,0.0795858790194521,0.213526073363505,0.08778044642124457,0.028222663183491606,0.08241707300857315,0.03433485582363745,0.044417306972186904,0.20544485749563743,0.05527534343020184,0.14672463061290678,0.14327988887110257,5.8478054596014495,5.8478054596014495,0.0,8.002379517365363e-17,2.220446049250313e-16,0.42982198585783377,0.42982198585783377,0.0,65.6,1.3000000000000007,0.0,0.0,0.0,65.8,1.1000000000000014,0.0,0.0,0.0,False,False,False
53,2197124845,2770081290,2,gaussian_plus_delay,CombinedErrorSensor,0.65,0.2,0.1,0.05,True,True,True,True,goal_reached,0.12672647938353032,73.60000000000001,14.917712334366486,14.951218435556825,0.0768062561653168,0.23633420503599983,0.08556825863704401,0.03236418045430357,0.10108861965356715,0.04060341180333098,0.04788593801251644,0.17496202220009408,0.06035565524881534,0.08613154138414424,0.056473570548996675,6.775185545497207,6.775185545497207,0.0,8.49355827359624e-17,2.8576114088871287e-16,0.3180199651397854,0.3180199651397854,0.0,71.0,2.599999999999998,0.0,0.0,0.0,71.2,2.399999999999997,0.0,0.0,0.0,False,False,False
54,4033668095,794826118,2,gaussian_plus_delay,CombinedErrorSensor,0.65,0.2,0.1,0.05,True,True,True,True,goal_reached,0.17467468442247847,85.0,18.271883986081598,18.27043447087648,0.08508613234307126,0.27165592284356843,0.09378715607833561,0.029870516653570954,0.10538541902306507,0.03703286581095543,0.04256160790856085,0.2700544786189089,0.053735071785063565,0.18600538991364138,0.08992205090309006,7.8310398821983895,7.83103988219839,0.0,8.897750834721408e-17,2.8576114088871287e-16,0.3780834104881723,0.3780834104881722,0.0,84.0,1.0,0.0,0.0,0.0,84.1,0.9000000000000057,0.0,0.0,0.0,False,False,False
55,2805449324,2103271234,2,gaussian_plus_delay,CombinedErrorSensor,0.65,0.2,0.1,0.05,True,True,True,True,goal_reached,0.20813775030478118,63.300000000000004,13.188774577461862,13.172160644955955,0.08210584172214766,0.18252574178985434,0.09004219178438809,0.038685372901783296,0.12470576467616028,0.05054975027945827,0.053855576729766055,0.19151358588018555,0.06698243624526565,0.11596208380117078,0.08651397376365687,5.464443746710385,5.464443746710385,0.0,8.722212871871433e-17,2.8066088919804617e-16,0.3511705499523303,0.3511705499523303,0.0,63.0,0.3000000000000007,0.0,0.0,0.0,63.2,0.09999999999999964,0.0,0.0,0.0,False,False,False
56,3382419591,112816621,2,gaussian_plus_delay,CombinedErrorSensor,0.65,0.2,0.1,0.05,True,True,True,True,goal_reached,0.11494357564908317,74.2,15.287960356464449,15.11126690932932,0.07853982921094615,0.17417915064701364,0.0856305701038101,0.03493182920399892,0.12322638837318495,0.04484039109438123,0.04883142873554439,0.18149141251674697,0.06060289198357516,0.12393193160794927,0.06854735195359407,6.572927072890869,6.572927072890869,0.0,8.355531649245358e-17,2.5324586304240974e-16,0.2570099942042347,0.2570099942042347,0.0,71.4,2.799999999999997,0.0,0.0,0.0,71.10000000000001,3.0999999999999943,0.0,0.0,0.0,False,False,False
57,3238864453,1737177286,2,gaussian_plus_delay,CombinedErrorSensor,0.65,0.2,0.1,0.05,True,True,True,True,goal_reached,0.14026704336712822,70.3,14.779505705861613,14.710773529519802,0.08356223201373827,0.21249326513201647,0.09157346044476201,0.034330701764469396,0.11122153151933702,0.04214768956610817,0.05012206600211133,0.18291050940071282,0.062266781739713124,0.14417711013528556,0.10269106490412132,6.2497508312236,6.2497508312236,0.0,8.433136979951541e-17,2.777508439858666e-16,0.3683458219599763,0.3683458219599763,0.0,69.8,0.5,0.0,0.0,0.0,70.19999999999999,0.09999999999999787,0.0,0.0,0.0,False,False,False
58,765708987,849004654,2,gaussian_plus_delay,CombinedErrorSensor,0.65,0.2,0.1,0.05,True,True,True,True,goal_reached,0.1889612362875042,75.60000000000001,15.039401391698236,15.174970372963122,0.07661379927868817,0.2379024748004376,0.08498017443661857,0.03485000807094744,0.09451656721060192,0.04169575008291881,0.047809872669948746,0.19620590217940792,0.059872664748516366,0.18871998088391206,0.11459341181202402,6.7095763777601185,6.709576377760118,0.0,8.260699937663727e-17,3.1031676915590914e-16,0.3866623960325617,0.38666239603256175,0.0,73.2,2.4000000000000057,0.0,0.0,0.0,72.60000000000001,3.0,0.0,0.0,0.0,False,False,False
59,3948529331,1523910091,2,gaussian_plus_delay,CombinedErrorSensor,0.65,0.2,0.1,0.05,False,False,False,False,planning_failure,nan,nan,nan,nan,nan,nan,nan,nan,nan,nan,nan,nan,nan,nan,nan,nan,nan,nan,nan,nan,nan,nan,nan,,,,,,,,,,,,,
60,581552647,1295379497,2,gaussian_plus_delay,CombinedErrorSensor,0.65,0.2,0.1,0.05,True,True,True,True,goal_reached,0.20916743435788615,85.60000000000001,17.649248884060327,17.654056520141058,0.0752834030179565,0.1869803336371335,0.08338485404799484,0.04095631621244664,0.11479342682508444,0.05025594489717885,0.04997541515781904,0.1967415553981633,0.06318764618558424,0.14249131145460397,0.10385347452879068,7.436563008620082,7.436563008620084,0.0,8.337362753054354e-17,2.7894008272968645e-16,0.24738126331127527,0.24738126331127525,0.0,85.50000000000001,0.09999999999999432,0.0,0.0,0.0,85.4,0.20000000000000284,0.0,0.0,0.0,False,False,False
61,106579484,4042782794,2,gaussian_plus_delay,CombinedErrorSensor,0.65,0.2,0.1,0.05,True,True,True,True,goal_reached,0.17869280206182064,65.5,13.996710653419651,14.010662299509333,0.08011761530837613,0.19230901779752207,0.08845217940744335,0.03483189221645774,0.12155642059777846,0.04305393597314184,0.04111070814279353,0.16488184160623587,0.05155608930353785,0.17888388871776195,0.15762084021752454,5.826575102984231,5.826575102984232,0.0,9.201984612185724e-17,2.830524433501838e-16,0.32526960197764143,0.3252696019776414,0.0,65.5,0.0,0.0,0.0,0.0,65.5,0.0,0.0,0.0,0.0,False,False,False
62,4075693272,1439449350,2,gaussian_plus_delay,CombinedErrorSensor,0.65,0.2,0.1,0.05,True,True,True,True,goal_reached,0.13897126025480447,58.1,12.799479639212997,12.818376618407356,0.08722072265979512,0.23607991700858416,0.0963914582884573,0.031475625448638495,0.0987493850610255,0.03844495280860438,0.04526207691936613,0.19910938113445686,0.05667252136898321,0.19447845404363226,0.17154054484007789,5.309589475973366,5.309589475973366,0.0,9.742686923305086e-17,2.9893669801409083e-16,0.33767330831825365,0.33767330831825365,0.0,57.199999999999996,0.9000000000000057,0.0,0.0,0.0,57.00000000000001,1.0999999999999943,0.0,0.0,0.0,False,False,False
63,4067301700,2913743672,2,gaussian_plus_delay,CombinedErrorSensor,0.65,0.2,0.1,0.05,True,True,True,True,goal_reached,0.10049586641455967,67.2,13.721540028951868,13.69255011416258,0.07668682859215603,0.18167961720004688,0.08425386864705312,0.029189556245679454,0.08960805139169138,0.03568713823695018,0.046516267899098095,0.18485871392053066,0.05769924496047437,0.15498152584403516,0.10789852777585596,6.060251543402726,6.060251543402726,0.0,8.191005698101465e-17,2.5066604164831255e-16,0.26485053114239454,0.2648505311423946,0.0,67.2,0.0,0.0,0.0,0.0,67.2,0.0,0.0,0.0,0.0,False,False,False
64,408409058,2783164376,2,gaussian_plus_delay,CombinedErrorSensor,0.65,0.2,0.1,0.05,True,True,True,True,goal_reached,0.09718294477920983,63.0,13.210455481271588,13.187005726782258,0.0774223246556652,0.18864890838138193,0.08495786310070835,0.028888087736850906,0.09623957731260631,0.03601402407928707,0.04541917604470858,0.19778564724801742,0.057065528954121245,0.1251267115567954,0.050881695453594764,5.583442187040985,5.583442187040987,0.0,8.876524425618897e-17,2.9893669801409083e-16,0.27936835620123696,0.27936835620123696,0.0,61.8,1.2000000000000028,0.0,0.0,0.0,62.0,1.0,0.0,0.0,0.0,False,False,False
65,4054606464,2684696174,2,gaussian_plus_delay,CombinedErrorSensor,0.65,0.2,0.1,0.05,True,True,True,True,goal_reached,0.16631752719106124,67.3,13.933028866555297,13.91013874870581,0.07238576699401472,0.18874020224314603,0.08034289167501284,0.035001057346317296,0.10430787419468385,0.043449339342422524,0.046776260035287724,0.16128579122759762,0.058374049595401434,0.4688346310126885,0.3769104973570645,5.790084471188065,5.790084471188066,0.0,8.757117743436901e-17,2.8066088919804617e-16,0.27934292487792894,0.27934292487792906,0.0,67.2,0.09999999999999432,0.0,0.0,0.0,67.2,0.09999999999999432,0.0,0.0,0.0,False,False,False
66,3584757783,812451508,2,gaussian_plus_delay,CombinedErrorSensor,0.65,0.2,0.1,0.05,True,True,True,True,goal_reached,0.12585602746425734,67.5,13.798548604377064,13.799104854570611,0.07670059792477697,0.20471755412224663,0.08461954796552729,0.025021115865175796,0.07204153200187986,0.03074829867795243,0.039732892486264264,0.1628580815744637,0.05007447468123497,0.1737747106334372,0.14096068035495676,5.539899272370159,5.5398992723701594,0.0,8.111858236804462e-17,2.237726045655905e-16,0.27553658870206477,0.2755365887020647,0.0,67.5,0.0,0.0,0.0,0.0,67.5,0.0,0.0,0.0,0.0,False,False,False
67,2242817554,3855248184,2,gaussian_plus_delay,CombinedErrorSensor,0.65,0.2,0.1,0.05,True,True,True,True,goal_reached,0.11658428121092336,75.60000000000001,15.066469028591813,14.983308196635617,0.08309207356703541,0.2248376177162254,0.09180449934029641,0.027514424375409557,0.13320127570043525,0.035990362766808226,0.0449189591566061,0.20088927749612803,0.057018976592982815,0.14508688040163267,0.11719774197411192,6.514895933291081,6.514895933291082,0.0,8.20052300622718e-17,2.779945112481107e-16,0.2871256412037959,0.2871256412037959,0.0,62.300000000000004,13.300000000000004,0.0,0.0,0.0,62.60000000000001,13.0,0.0,0.0,0.0,False,False,False
68,3870536607,2054617115,2,gaussian_plus_delay,CombinedErrorSensor,0.65,0.2,0.1,0.05,True,True,True,True,goal_reached,0.15794010758281435,87.10000000000001,17.542756094442154,17.59314835776028,0.07783718899162123,0.2114592478896312,0.08626103313203111,0.03157145077676389,0.10066785407510533,0.03786308969004577,0.04404823575773779,0.21189635395407241,0.055710735249342835,0.13906421085232928,0.10848213791448524,7.2507570093963345,7.2507570093963345,0.0,8.239956809953554e-17,2.8066088919804617e-16,0.40632719072215095,0.4063271907221509,0.0,86.80000000000001,0.29999999999999716,0.0,0.0,0.0,86.80000000000001,0.29999999999999716,0.0,0.0,0.0,False,False,False
69,1473522219,4028730749,2,gaussian_plus_delay,CombinedErrorSensor,0.65,0.2,0.1,0.05,True,True,True,True,goal_reached,0.15517461413315484,68.0,13.624284783704066,13.635326972871313,0.07537131994302455,0.19889257228626664,0.08414978386240295,0.028599240057539166,0.10938538790630198,0.0371054853504011,0.04457928661883958,0.18177838590116982,0.056122133662385235,0.20934733883483178,0.17064252434094349,5.862193669404524,5.862193669404524,0.0,8.122550517292545e-17,2.5133742693021536e-16,0.24334209966003204,0.24334209966003212,0.0,67.8,0.20000000000000284,0.0,0.0,0.0,67.6,0.3999999999999986,0.0,0.0,0.0,False,False,False
70,865400509,2297404356,2,gaussian_plus_delay,CombinedErrorSensor,0.65,0.2,0.1,0.05,True,True,True,True,goal_reached,0.13612467221937927,66.9,13.834731614250238,13.703833814098969,0.07957889889487914,0.21867745307157874,0.08752296251568639,0.04683210886155805,0.14137578879011736,0.056476973194570915,0.05650493774868753,0.20778613337714713,0.07082292455506753,0.14076379351267013,0.1018211966991488,6.089877638682406,6.089877638682406,0.0,8.422185010175596e-17,2.7755575615628914e-16,0.45239179299270077,0.45239179299270077,0.0,66.2,0.7000000000000028,0.0,0.0,0.0,66.2,0.6999999999999993,0.0,0.0,0.0,False,False,False
71,1033281415,2164047885,2,gaussian_plus_delay,CombinedErrorSensor,0.65,0.2,0.1,0.05,True,True,True,True,goal_reached,0.1735729262279786,78.0,16.126895271466537,16.22484740770011,0.07607451233535537,0.22986238863307634,0.08485111156376868,0.0277094898693809,0.10681571642496919,0.03581188083380166,0.04307549834507522,0.2064337152552793,0.05402477430530758,0.15619199359856065,0.11156091898636133,7.089182268025412,7.089182268025411,0.0,8.343599719371651e-17,2.7894008272968645e-16,0.3009933549215127,0.3009933549215127,0.0,71.1,6.9,0.0,0.0,0.0,70.8,7.200000000000001,0.0,0.0,0.0,False,False,False
72,600023430,990868258,2,gaussian_plus_delay,CombinedErrorSensor,0.65,0.2,0.1,0.05,True,True,True,True,goal_reached,0.19398921763995525,67.7,13.8188041464999,13.84624783671449,0.08106825321688048,0.2107469242562983,0.08983240884251145,0.047127091769674986,0.14012895640306758,0.05533230453323386,0.05514564610774625,0.19857989529737288,0.06830805701337897,0.13802632341852006,0.09014400380828068,5.884936825283596,5.884936825283596,0.0,8.809135945169161e-17,2.897767167584095e-16,0.28973525461360805,0.28973525461360805,0.0,66.3,1.3999999999999986,0.0,0.0,0.0,66.8,0.8999999999999986,0.0,0.0,0.0,False,False,False
73,4212648003,1745885839,2,gaussian_plus_delay,CombinedErrorSensor,0.65,0.2,0.1,0.05,True,True,True,True,goal_reached,0.14703759922973386,62.6,13.167119393174072,13.196270702155047,0.07803141349355287,0.19839006138720267,0.08613523291756132,0.02879807865957902,0.1008604503007734,0.036279261866790515,0.042821104856738845,0.17959089375953488,0.05464558675270371,0.16407770717442913,0.12217631239301971,5.500743338907834,5.500743338907834,0.0,8.561912384433087e-17,1.962615573354719e-16,0.3197763401518718,0.31977634015187184,0.0,62.6,0.0,0.0,0.0,0.0,62.6,0.0,0.0,0.0,0.0,False,False,False
74,3471671828,204828556,2,gaussian_plus_delay,CombinedErrorSensor,0.65,0.2,0.1,0.05,True,True,True,True,goal_reached,0.09459873548873711,66.10000000000001,13.415939325521451,13.398100825588008,0.07653350476610937,0.185004139675358,0.08521595636048149,0.030727141493077124,0.09080232843373127,0.03864566007583561,0.03991086640979116,0.15528529042332392,0.0508929350860983,0.13572820110311457,0.1004735354140847,5.889499066497555,5.889499066497554,0.0,8.402079478361708e-17,2.7894008272968645e-16,0.24227608670203943,0.2422760867020394,0.0,66.10000000000001,0.0,0.0,0.0,0.0,66.10000000000001,0.0,0.0,0.0,0.0,False,False,False
75,565181289,3805150019,2,gaussian_plus_delay,CombinedErrorSensor,0.65,0.2,0.1,0.05,True,True,True,True,goal_reached,0.08556368622912716,69.7,13.618705421410887,13.499651398158973,0.07863127569389287,0.20033441919629522,0.0861394369273708,0.03682493198479587,0.10232416875480356,0.04526819434683133,0.052667078936858416,0.18568297659627628,0.06333450241499215,0.13779041670948974,0.1179696854568702,5.728068745511333,5.728068745511333,0.0,8.276107998487334e-17,2.797157557069881e-16,0.3635373111245668,0.3635373111245667,0.0,67.5,2.200000000000003,0.0,0.0,0.0,68.0,1.7000000000000028,0.0,0.0,0.0,False,False,False
76,493419000,2342670495,2,gaussian_plus_delay,CombinedErrorSensor,0.65,0.2,0.1,0.05,True,True,True,True,goal_reached,0.15043149037171,67.7,13.71034042709367,13.787639354823126,0.07801286367284761,0.23379508139871782,0.08632048889567873,0.02399517485551562,0.08241028383220193,0.03142056182295588,0.04024093735283236,0.17828008432424378,0.05065526722625548,0.1339261300609931,0.14203746071077136,5.510746291632429,5.510746291632429,0.0,8.419673615486076e-17,2.5133742693021536e-16,0.31947114894526685,0.319471148945267,0.0,58.099999999999994,9.600000000000005,0.0,0.0,0.0,57.8,9.9,0.0,0.0,0.0,False,False,False
77,2523805071,2573858176,2,gaussian_plus_delay,CombinedErrorSensor,0.65,0.2,0.1,0.05,True,True,True,True,goal_reached,0.12474194433595233,82.2,16.904203951707302,16.977207591867344,0.07797815948223023,0.17885245161961122,0.08587164806129771,0.025039150293043374,0.08054695506008613,0.03130593619359992,0.03828181885818908,0.14892639913966121,0.04829555697346339,0.16602776736916977,0.14507262591160666,7.156127604062457,7.156127604062457,0.0,8.128726543916907e-17,2.7894008272968645e-16,0.40685333997959444,0.40685333997959444,0.0,82.2,0.0,0.0,0.0,0.0,82.2,0.0,0.0,0.0,0.0,False,False,False
78,45677837,1364071988,2,gaussian_plus_delay,CombinedErrorSensor,0.65,0.2,0.1,0.05,True,True,True,True,goal_reached,0.16920063061914484,73.8,14.6502992606422,14.560166396954905,0.0781082879831713,0.18173444732337535,0.08583590505145992,0.04432356119939044,0.10661911184527768,0.05167437908369083,0.04659503861402563,0.18819682701586493,0.058490639725716165,0.2808891627032754,0.21115985470697396,6.329136115230742,6.329136115230742,0.0,8.17368350727364e-17,2.779024842816778e-16,0.33502487096871825,0.33502487096871825,0.0,73.8,0.0,0.0,0.0,0.0,73.8,0.0,0.0,0.0,0.0,False,False,False
79,2369212922,1884941461,2,gaussian_plus_delay,CombinedErrorSensor,0.65,0.2,0.1,0.05,True,True,True,True,goal_reached,0.21591461335217943,59.300000000000004,12.795676102064068,12.809550113848358,0.08249504937122869,0.24399413139374648,0.09034572367200648,0.04034973442380603,0.11610402952024583,0.05063142636165008,0.054551805099430056,0.24399413139374648,0.06621811725456474,0.08546050045950233,0.00829465838945205,5.571683830912699,5.571683830912699,0.0,9.735423680873162e-17,2.68024601344063e-16,0.22793785700952918,0.22793785700952923,0.0,59.300000000000004,0.0,0.0,0.0,0.0,59.300000000000004,0.0,0.0,0.0,0.0,False,False,False
80,4013271687,1413058190,2,gaussian_plus_delay,CombinedErrorSensor,0.65,0.2,0.1,0.05,True,True,True,True,goal_reached,0.15782508544761742,82.7,17.747612719923083,17.637940709573318,0.08161219546478861,0.19570794233071542,0.0898346584380716,0.03677744377710844,0.12038403735235903,0.047244630905963536,0.044692395442346614,0.1823871407953817,0.05561218317351494,0.12161975621069594,0.08852999374903536,7.702699334061159,7.70269933406116,0.0,9.078606476188246e-17,2.830524433501838e-16,0.3249860750324261,0.3249860750324261,0.0,80.5,2.1999999999999993,0.0,0.0,0.0,80.9,1.79999999999999,0.0,0.0,0.0,False,False,False
81,463264661,1517162635,2,gaussian_plus_delay,CombinedErrorSensor,0.65,0.2,0.1,0.05,False,False,False,False,planning_failure,nan,nan,nan,nan,nan,nan,nan,nan,nan,nan,nan,nan,nan,nan,nan,nan,nan,nan,nan,nan,nan,nan,nan,,,,,,,,,,,,,
82,2864355002,146698999,2,gaussian_plus_delay,CombinedErrorSensor,0.65,0.2,0.1,0.05,True,True,True,True,goal_reached,0.14405843087488257,72.8,15.37804344323191,15.422148076891489,0.0827090868931935,0.19416367967539816,0.09143997210233837,0.03995857454639429,0.10644474983322802,0.04941148255623882,0.05175608304119148,0.2070263630333652,0.06366275755671555,0.10133158456932811,0.07794007055366059,6.139252354399792,6.139252354399792,0.0,8.393058000605664e-17,2.9893669801409083e-16,0.30265922670175405,0.3026592267017541,0.0,71.6,1.2000000000000028,0.0,0.0,0.0,71.6,1.1999999999999993,0.0,0.0,0.0,False,False,False
83,2988069353,815718213,2,gaussian_plus_delay,CombinedErrorSensor,0.65,0.2,0.1,0.05,True,True,True,True,goal_reached,0.21306982833258464,65.2,13.22316171965489,13.316694613064472,0.08006908090244494,0.20255457415540196,0.08822613440881887,0.02574470010849519,0.0917390870920945,0.0333710444816669,0.03938071493551046,0.18976716555937478,0.05067452122783958,0.17679652283134406,0.10322464663886181,5.426789045706553,5.426789045706554,0.0,8.56448447140676e-17,2.237726045655905e-16,0.3633664208066521,0.3633664208066521,0.0,65.2,0.0,0.0,0.0,0.0,65.2,0.0,0.0,0.0,0.0,False,False,False
84,232323784,3866835605,2,gaussian_plus_delay,CombinedErrorSensor,0.65,0.2,0.1,0.05,True,True,True,True,goal_reached,0.16397659849263901,67.0,14.106237307695352,14.145014427064732,0.08255875916507885,0.2190325117464736,0.08985733303531444,0.03819112167699499,0.1084144699258319,0.04604313078458891,0.04555603168713904,0.20044005144238747,0.05850635155581155,0.1727156151862353,0.16401836725086322,6.536219427270762,6.536219427270761,0.0,8.498983599773962e-17,2.9893669801409083e-16,0.34296727044723757,0.3429672704472375,0.0,66.6,0.3999999999999999,0.0,0.0,0.0,66.3,0.7000000000000015,0.0,0.0,0.0,False,False,False
85,2062693019,1463358873,2,gaussian_plus_delay,CombinedErrorSensor,0.65,0.2,0.1,0.05,True,True,True,True,goal_reached,0.1385192508660627,69.9,14.972535513276759,15.023182538306214,0.08203769312653635,0.21401476890640642,0.09076623621951432,0.032576279618301465,0.08684396367919345,0.04039758966211492,0.042255271752471645,0.17923285679902368,0.05305042974832074,0.1627357581035519,0.12806470846748308,6.375809760704406,6.375809760704407,0.0,8.720671500106731e-17,2.779024842816778e-16,0.44133917485677726,0.44133917485677726,0.0,69.9,0.0,0.0,0.0,0.0,69.9,0.0,0.0,0.0,0.0,False,False,False
86,2696811765,677721415,2,gaussian_plus_delay,CombinedErrorSensor,0.65,0.2,0.1,0.05,True,True,True,True,goal_reached,0.10319163631305961,76.0,15.758206824372227,15.591234552412937,0.08256122772825035,0.20566677245454773,0.0905907793897991,0.035046829006029116,0.11681159931076979,0.04307359471831456,0.046418246658332205,0.18335655206710602,0.05786322120384027,0.14984864011115334,0.09432523996042831,6.8941106627384325,6.8941106627384325,0.0,8.550356653981743e-17,2.797157557069881e-16,0.3825592491353321,0.382559249135332,0.0,74.0,2.0,0.0,0.0,0.0,73.7,2.299999999999997,0.0,0.0,0.0,False,False,False
87,2431573722,4128245809,2,gaussian_plus_delay,CombinedErrorSensor,0.65,0.2,0.1,0.05,True,True,True,True,goal_reached,0.18638477664879324,73.5,15.428979485062218,15.415705060348422,0.08147134535347225,0.22580153870069833,0.08903176119043948,0.03380128244550183,0.11955892550042257,0.04325533623944426,0.04711423623817571,0.19170027985301807,0.059635514975499335,0.17578107943638557,0.07730834223192452,6.691232426809085,6.691232426809086,0.0,8.676726771553634e-17,2.830524433501838e-16,0.4820085337629207,0.48200853376292074,0.0,71.10000000000001,2.3999999999999915,0.0,0.0,0.0,71.0,2.5,0.0,0.0,0.0,False,False,False
88,288904282,1334095557,2,gaussian_plus_delay,CombinedErrorSensor,0.65,0.2,0.1,0.05,True,True,True,True,goal_reached,0.0708516605702103,66.7,13.42831850531963,13.436783614632725,0.0798603493160404,0.21874057141803874,0.08966029769000809,0.029117749940251583,0.1023325987348831,0.037218712397529045,0.04689036635631023,0.19567401345031446,0.057441537354643364,0.14176015159867544,0.10943574431444349,5.815772291649722,5.815772291649722,0.0,8.775626891845663e-17,1.962615573354719e-16,0.3454137999937281,0.3454137999937282,0.0,65.39999999999999,1.3000000000000007,0.0,0.0,0.0,65.3,1.4000000000000021,0.0,0.0,0.0,False,False,False
89,2448428947,1044006471,2,gaussian_plus_delay,CombinedErrorSensor,0.65,0.2,0.1,0.05,False,False,False,False,planning_failure,nan,nan,nan,nan,nan,nan,nan,nan,nan,nan,nan,nan,nan,nan,nan,nan,nan,nan,nan,nan,nan,nan,nan,,,,,,,,,,,,,
90,3814120060,3172955040,2,gaussian_plus_delay,CombinedErrorSensor,0.65,0.2,0.1,0.05,True,True,True,True,goal_reached,0.1431984696368872,71.5,14.65736058556153,14.73870634403929,0.08235394633930258,0.2317886750387568,0.09008626336164442,0.027284957115480405,0.0724826690088904,0.03278576214486476,0.03861569043522192,0.15771572635993253,0.048295488891476536,0.13524968962264286,0.12161094020009594,6.039331735632455,6.039331735632455,0.0,8.277503290809362e-17,2.2301825219878386e-16,0.2542776599353798,0.2542776599353799,0.0,69.1,2.399999999999995,0.0,0.0,0.0,68.8,2.6999999999999957,0.0,0.0,0.0,False,False,False
91,2701641550,3221346186,2,gaussian_plus_delay,CombinedErrorSensor,0.65,0.2,0.1,0.05,True,True,True,True,goal_reached,0.16957156368105264,75.5,16.24375887773435,16.227412520385947,0.08206383441435758,0.18579835153069033,0.08904183461777593,0.03739679504340884,0.11851482156469473,0.046621310056501254,0.050019403899478884,0.17813880850834707,0.06296537237356836,0.20981115902793798,0.17164694180623172,6.677813475978859,6.677813475978859,0.0,8.531885883428589e-17,2.779024842816778e-16,0.3236040522968816,0.32360405229688166,0.0,69.7,5.799999999999997,0.0,0.0,0.0,69.89999999999999,5.600000000000001,0.0,0.0,0.0,False,False,False
92,1467073285,944703461,2,gaussian_plus_delay,CombinedErrorSensor,0.65,0.2,0.1,0.05,True,True,True,True,goal_reached,0.0926835158556333,65.5,14.266975315751113,14.257050344922432,0.0793005153050488,0.190217677433532,0.0875102685212667,0.02979593569391597,0.10685813693387167,0.03897542501960053,0.04204288717516546,0.17088831781820682,0.05324355974795106,0.2087114315596734,0.16634109118932175,6.09427708796948,6.0942770879694805,0.0,9.262125517336679e-17,3.1031676915590914e-16,0.29122374194695383,0.2912237419469538,0.0,65.5,0.0,0.0,0.0,0.0,65.5,0.0,0.0,0.0,0.0,False,False,False
93,169941178,1456512961,2,gaussian_plus_delay,CombinedErrorSensor,0.65,0.2,0.1,0.05,True,True,True,True,goal_reached,0.16890864577423959,64.8,13.026393871308038,12.980656642879222,0.07645834431459184,0.1817629602310958,0.08463898408535846,0.03637885319264012,0.12071715663897002,0.046084031619051065,0.04901123423849377,0.2199577942330709,0.06270737686806789,0.12273782668087446,0.09957828510589391,5.4491036711279675,5.449103671127968,0.0,8.671186268005746e-17,2.5133742693021536e-16,0.289319642740071,0.289319642740071,0.0,62.699999999999996,2.0999999999999996,0.0,0.0,0.0,62.99999999999999,1.8000000000000007,0.0,0.0,0.0,False,False,False
94,2253011611,405432984,2,gaussian_plus_delay,CombinedErrorSensor,0.65,0.2,0.1,0.05,True,True,True,True,goal_reached,0.23488537428617548,77.9,16.4009370157704,16.462791178128928,0.08247894053289619,0.17830034314215826,0.09012581578192974,0.036204300225038934,0.11631511995412006,0.04530216671523151,0.05111387853941663,0.19332191353787742,0.06297056093200877,0.18395343678685883,0.1280905746832821,6.784284721230511,6.784284721230511,0.0,8.62693963322959e-17,2.8066088919804617e-16,0.26699005554429095,0.26699005554429095,0.0,75.4,2.499999999999991,0.0,0.0,0.0,75.30000000000001,2.5999999999999943,0.0,0.0,0.0,False,False,False
95,4089296776,1361720255,2,gaussian_plus_delay,CombinedErrorSensor,0.65,0.2,0.1,0.05,True,True,True,True,goal_reached,0.12864522057659908,72.2,15.719472700727056,15.711525403929658,0.08070696808141223,0.21143777046437431,0.08896480750683,0.030897150764966304,0.0907647275083674,0.038383723928168974,0.04384249311975623,0.18461921780589127,0.05449703355414007,0.16686024926662757,0.13368288313527987,6.511892547336014,6.511892547336014,0.0,8.848767393914894e-17,2.7894008272968645e-16,0.26354444987890735,0.2635444498789073,0.0,72.2,0.0,0.0,0.0,0.0,72.2,0.0,0.0,0.0,0.0,False,False,False
96,4024072039,3290223108,2,gaussian_plus_delay,CombinedErrorSensor,0.65,0.2,0.1,0.05,True,True,True,True,goal_reached,0.1509392430276074,65.0,13.65137707509367,13.693095294430385,0.07827654397874645,0.2204558239023323,0.08623022005201211,0.029996707186141905,0.09255874744583784,0.03823712963819071,0.043287207525323786,0.21418944858305322,0.05518809116959809,0.15576552225255036,0.08301438479761813,5.533331942136698,5.533331942136699,0.0,8.725741418995747e-17,3.0813689532136643e-16,0.23524808178794412,0.23524808178794418,0.0,59.8,5.200000000000003,0.0,0.0,0.0,59.8,5.199999999999999,0.0,0.0,0.0,False,False,False
97,4120847382,1005880465,2,gaussian_plus_delay,CombinedErrorSensor,0.65,0.2,0.1,0.05,True,True,True,True,goal_reached,0.11496369114894547,66.60000000000001,13.381614170264143,13.37263259066347,0.07280591660006992,0.21525446890994573,0.08128025120269845,0.029456031474171272,0.09498265952761778,0.036643089097444626,0.04734641321345743,0.16466042635029263,0.05780108935119874,0.1883444549473917,0.16830441104505486,5.414858137188547,5.414858137188549,0.0,8.6503827547646e-17,2.9893669801409083e-16,0.28229019834540187,0.2822901983454018,0.0,64.2,2.4000000000000004,0.0,0.0,0.0,64.0,2.6000000000000005,0.0,0.0,0.0,False,False,False
98,3675887853,1206917796,2,gaussian_plus_delay,CombinedErrorSensor,0.65,0.2,0.1,0.05,True,True,True,True,goal_reached,0.20981281067160945,69.10000000000001,14.675237356003404,14.816033545162263,0.07586736764686319,0.2004320877106943,0.08390198097500126,0.028306184651944788,0.13664225625465018,0.03899558750246582,0.04522667372758205,0.1992934045501421,0.05722442370668465,0.15004553972499615,0.08309026030723499,6.30936320325445,6.30936320325445,0.0,8.618764384180238e-17,2.776424787817943e-16,0.3240256672370355,0.3240256672370355,0.0,63.300000000000004,5.800000000000004,0.0,0.0,0.0,62.900000000000006,6.200000000000003,0.0,0.0,0.0,False,False,False
99,279667856,3140931407,2,gaussian_plus_delay,CombinedErrorSensor,0.65,0.2,0.1,0.05,True,True,True,True,goal_reached,0.08783475554426934,65.10000000000001,13.400433178193083,13.324543534291855,0.07448962790983696,0.21389456507809473,0.08362235303253171,0.03739295643558967,0.11482383796459468,0.04615759696940853,0.04831379202452263,0.20409848868879754,0.0620080535981248,0.12025371679579934,0.02002569467376414,5.816461055411044,5.816461055411045,0.0,8.668926617960975e-17,2.8449465006019636e-16,0.22588982712010977,0.22588982712010985,0.0,64.60000000000001,0.5,0.0,0.0,0.0,64.7,0.3999999999999986,0.0,0.0,0.0,False,False,False
100,540232124,440410583,2,gaussian_plus_delay,CombinedErrorSensor,0.65,0.2,0.1,0.05,False,False,False,False,planning_failure,nan,nan,nan,nan,nan,nan,nan,nan,nan,nan,nan,nan,nan,nan,nan,nan,nan,nan,nan,nan,nan,nan,nan,,,,,,,,,,,,,
101,3396719581,2568424225,2,gaussian_plus_delay,CombinedErrorSensor,0.65,0.2,0.1,0.05,True,True,True,True,goal_reached,0.18865741224603186,72.0,14.284925146254222,14.251142023692957,0.07484578649203313,0.1854325937402346,0.08226719407761578,0.03556797107805949,0.10376653689037811,0.04301713420655998,0.04693840743827223,0.18175512752378747,0.05800633687396338,0.18395567536755794,0.1776279221819218,6.115901017797692,6.115901017797693,0.0,7.894806300314982e-17,2.3263411494723067e-16,0.3592949190492311,0.3592949190492311,0.0,72.0,0.0,0.0,0.0,0.0,72.0,0.0,0.0,0.0,0.0,False,False,False
102,4254502148,4115934492,2,gaussian_plus_delay,CombinedErrorSensor,0.65,0.2,0.1,0.05,False,False,False,False,planning_failure,nan,nan,nan,nan,nan,nan,nan,nan,nan,nan,nan,nan,nan,nan,nan,nan,nan,nan,nan,nan,nan,nan,nan,,,,,,,,,,,,,
103,52029571,1451775251,2,gaussian_plus_delay,CombinedErrorSensor,0.65,0.2,0.1,0.05,True,True,True,True,goal_reached,0.1933479763794095,61.1,12.953228327582398,13.039707325417293,0.07675242855381226,0.1974198442960853,0.0847535850472202,0.029693915396002888,0.09549730425949754,0.03786526356476542,0.046297497572965376,0.20654162934407375,0.060815271605914455,0.14130052638124477,0.11616695695057473,5.6354906304248,5.6354906304248,0.0,8.639071026527621e-17,1.962615573354719e-16,0.28611645024337223,0.28611645024337223,0.0,60.5,0.6000000000000005,0.0,0.0,0.0,60.5,0.5999999999999996,0.0,0.0,0.0,False,False,False
104,2150617837,3318149514,2,gaussian_plus_delay,CombinedErrorSensor,0.65,0.2,0.1,0.05,False,False,False,False,planning_failure,nan,nan,nan,nan,nan,nan,nan,nan,nan,nan,nan,nan,nan,nan,nan,nan,nan,nan,nan,nan,nan,nan,nan,,,,,,,,,,,,,
105,1920392900,1186325760,2,gaussian_plus_delay,CombinedErrorSensor,0.65,0.2,0.1,0.05,True,True,True,True,goal_reached,0.16133923334536587,66.0,13.754597968847037,13.870143291862115,0.0770759106779557,0.31014934222162255,0.0851642245449755,0.028924331039310386,0.10489265899899364,0.03562987096573208,0.04226843758996575,0.3092177047952618,0.054174511086362134,0.16528314205016945,0.1343416824972432,6.100102716781814,6.100102716781814,0.0,8.50452579635929e-17,2.7833528704240246e-16,0.3972098616122947,0.3972098616122947,0.0,66.0,0.0,0.0,0.0,0.0,66.0,0.0,0.0,0.0,0.0,False,False,False
106,3782786491,3318578905,2,gaussian_plus_delay,CombinedErrorSensor,0.65,0.2,0.1,0.05,True,True,True,True,goal_reached,0.12492387895408555,93.0,19.081513236736317,19.06729382584731,0.07747733383394612,0.19847670367365064,0.0852378678840817,0.026530260355772425,0.08787875606129184,0.0332445796059323,0.04320251392595775,0.1646923639463362,0.0537408447946403,0.22031675771421533,0.15866665835332405,8.139925648361347,8.139925648361347,0.0,8.301429683586891e-17,2.779024842816778e-16,0.3482735026162748,0.3482735026162748,0.0,91.8,1.2000000000000028,0.0,0.0,0.0,91.0,2.0,0.0,0.0,0.0,False,False,False
107,1852949863,3905180727,2,gaussian_plus_delay,CombinedErrorSensor,0.65,0.2,0.1,0.05,True,True,True,True,goal_reached,0.1974601524174997,59.0,12.908327047031971,12.98297627349098,0.07752858629107158,0.31043178293053136,0.08612501559252787,0.022563040736594177,0.09738899176950797,0.02964004117816319,0.04015816647972098,0.31043178293053136,0.05196584836523227,0.15613882414217575,0.13050097726326512,5.25998557540385,5.259985575403849,0.0,9.045950391454355e-17,2.063081476116683e-16,0.35073242555531653,0.3507324255553165,0.0,57.199999999999996,1.8000000000000007,0.0,0.0,0.0,57.5,1.5,0.0,0.0,0.0,False,False,False
108,4292450816,2371327617,2,gaussian_plus_delay,CombinedErrorSensor,0.65,0.2,0.1,0.05,True,True,True,True,goal_reached,0.12288918582133396,68.0,14.103337652664646,14.126482364289728,0.07902148887005127,0.1892748570011029,0.08731104674906008,0.035170435773514586,0.13116382733885762,0.045524857820985164,0.04288961121591904,0.18120157564456763,0.05414885821975468,0.14996654032748874,0.04591147644104609,5.5302936726654774,5.5302936726654774,0.0,8.491712561641205e-17,2.779024842816778e-16,0.30028661223840775,0.30028661223840775,0.0,63.3,4.700000000000003,0.0,0.0,0.0,63.699999999999996,4.300000000000001,0.0,0.0,0.0,False,False,False
109,4267953794,845914130,2,gaussian_plus_delay,CombinedErrorSensor,0.65,0.2,0.1,0.05,True,True,True,True,goal_reached,0.149099866543738,69.4,14.089142063034696,13.983985346720244,0.07827325357270752,0.192901224017941,0.08613422599595078,0.03669430738680674,0.11857565922116957,0.04512147162430687,0.05066408863724723,0.18416620088374108,0.06256974636008147,0.19966645280255096,0.12984546471006642,6.450622111502415,6.450622111502415,0.0,8.913694976138467e-17,3.1031676915590914e-16,0.27783754124611554,0.27783754124611565,0.0,62.7,6.699999999999999,0.0,0.0,0.0,62.60000000000001,6.799999999999997,0.0,0.0,0.0,False,False,False
110,1963136374,3650030472,2,gaussian_plus_delay,CombinedErrorSensor,0.65,0.2,0.1,0.05,True,True,True,True,goal_reached,0.2065448709252575,67.9,13.842794030302459,13.992355391233788,0.08059930127191382,0.18901252418000333,0.08896319736134112,0.03068646636412511,0.12396807085711643,0.03901800004069913,0.04235433154504706,0.15908973065388887,0.05306287168659546,0.08012794342828418,0.049583664942024035,5.085487361933013,5.085487361933014,0.0,8.67242865663178e-17,2.7833528704240246e-16,0.2173187812564967,0.21731878125649665,0.0,67.9,0.0,0.0,0.0,0.0,67.9,0.0,0.0,0.0,0.0,False,False,False
111,212347388,3906612652,2,gaussian_plus_delay,CombinedErrorSensor,0.65,0.2,0.1,0.05,True,True,True,True,goal_reached,0.19770674052409634,68.10000000000001,13.536144368031206,13.481097350535608,0.07903830894873813,0.18445304661318215,0.087256285862869,0.037183633231885616,0.14063994081988312,0.04709172809744344,0.04716242181852325,0.20322098015451195,0.05972042977970496,0.16902415137874124,0.13528735970201863,5.727170561808299,5.727170561808299,0.0,8.254164851672955e-17,2.220446049250313e-16,0.32657472237354124,0.32657472237354124,0.0,68.10000000000001,0.0,0.0,0.0,0.0,68.10000000000001,0.0,0.0,0.0,0.0,False,False,False
112,2133831415,1351782111,2,gaussian_plus_delay,CombinedErrorSensor,0.65,0.2,0.1,0.05,True,True,True,True,goal_reached,0.1310440979236731,68.8,13.698767578045594,13.66748811505712,0.07680213413937449,0.2103248090562257,0.08432923849394369,0.03337594769017306,0.12079109403074413,0.04332775705122878,0.04628351475867642,0.1881186574170471,0.059090669282747685,0.15658202491992676,0.10357944849479242,5.925588883725718,5.92558888372572,0.0,8.21079526967939e-17,2.5589376332604516e-16,0.3765367641852846,0.3765367641852846,0.0,68.8,0.0,0.0,0.0,0.0,68.8,0.0,0.0,0.0,0.0,False,False,False
113,2416155944,1610198770,2,gaussian_plus_delay,CombinedErrorSensor,0.65,0.2,0.1,0.05,True,True,True,True,goal_reached,0.11188288695648373,82.0,16.592280780245886,16.577535728694823,0.07668248659693465,0.21121304674726485,0.08441837965093162,0.031587903059820434,0.10450537213971922,0.04092029307757847,0.04395925560101967,0.18457799265397923,0.05415666227550572,0.19940640870884097,0.13382203949126037,7.459743330704273,7.459743330704274,0.0,8.334577115216447e-17,2.7894008272968645e-16,0.3603880992278191,0.3603880992278191,0.0,82.0,0.0,0.0,0.0,0.0,81.6,0.3999999999999986,0.0,0.0,0.0,False,False,False
114,1031285833,497434967,2,gaussian_plus_delay,CombinedErrorSensor,0.65,0.2,0.1,0.05,True,True,True,True,goal_reached,0.11416877983262365,65.7,13.21230211814651,13.112993385992597,0.0753165334160189,0.1892341344997907,0.08311416498727718,0.039226875854824636,0.11793470910629765,0.047772138520686444,0.054718011210147355,0.19648083352060858,0.06794954120317008,0.12964447861748815,0.07506150630971842,5.936553577483087,5.936553577483087,0.0,8.462621507259659e-17,2.830524433501838e-16,0.32220046349285175,0.3222004634928518,0.0,65.7,0.0,0.0,0.0,0.0,65.7,0.0,0.0,0.0,0.0,False,False,False
115,1491554370,1807222696,2,gaussian_plus_delay,CombinedErrorSensor,0.65,0.2,0.1,0.05,True,True,True,True,goal_reached,0.1715562946074914,71.5,14.560132493918513,14.543839183296573,0.07958102562701949,0.2079517310850642,0.08708397964050865,0.029781050900512408,0.10356763480428993,0.03712381096063659,0.04364063795615782,0.1739048017431666,0.054079206636797196,0.20213134062766058,0.1562391939662544,6.1210301016744975,6.121030101674498,0.0,8.318571677664033e-17,2.7755575615628914e-16,0.3900693857499636,0.3900693857499636,0.0,69.3,2.1999999999999993,0.0,0.0,0.0,69.3,2.1999999999999993,0.0,0.0,0.0,False,False,False
116,2111179620,4259083263,2,gaussian_plus_delay,CombinedErrorSensor,0.65,0.2,0.1,0.05,True,True,True,True,goal_reached,0.1420575212295489,75.60000000000001,15.800824648619793,15.710209563364499,0.07983335082244625,0.19124021114496745,0.0884042418053425,0.037652375663847784,0.11981720442532447,0.04669102107382351,0.046138429900542566,0.20583496560949924,0.05793707681290964,0.12671251515950221,0.12135123193255562,6.779096329296349,6.779096329296349,0.0,8.18043549793711e-17,2.830524433501838e-16,0.3467581558616667,0.3467581558616667,0.0,67.4,8.200000000000001,0.0,0.0,0.0,67.80000000000001,7.799999999999997,0.0,0.0,0.0,False,False,False
117,3067009748,4125571272,2,gaussian_plus_delay,CombinedErrorSensor,0.65,0.2,0.1,0.05,True,True,True,True,goal_reached,0.09018942105413906,67.8,13.789637413487593,13.603822448650888,0.07570966311413975,0.23419099160611576,0.08517884937322913,0.035008438397222556,0.10118381641687511,0.04380127077090778,0.050375014469779086,0.21130715609323078,0.06294659700806586,0.13008604967804305,0.05802851593073684,6.248992987083438,6.248992987083438,0.0,8.334831607930126e-17,2.8576114088871287e-16,0.4890749184660479,0.4890749184660479,0.0,66.19999999999999,1.6000000000000014,0.0,0.0,0.0,64.99999999999999,2.8000000000000043,0.0,0.0,0.0,False,False,False
118,1383855522,3437330170,2,gaussian_plus_delay,CombinedErrorSensor,0.65,0.2,0.1,0.05,False,False,False,False,planning_failure,nan,nan,nan,nan,nan,nan,nan,nan,nan,nan,nan,nan,nan,nan,nan,nan,nan,nan,nan,nan,nan,nan,nan,,,,,,,,,,,,,
119,1826956592,3051676881,2,gaussian_plus_delay,CombinedErrorSensor,0.65,0.2,0.1,0.05,True,True,True,True,goal_reached,0.15768032806943674,64.5,13.202024971398728,13.269360601224458,0.0825515591336591,0.19209905806266703,0.08995169915376752,0.029312674350801683,0.11374625948753511,0.037088201673791045,0.04040913863126761,0.17462858973417875,0.05231824977053216,0.11436589859550138,0.07063013708177641,5.4155139660156095,5.415513966015608,0.0,8.687102897652479e-17,1.8670653977139892e-16,0.41436247338859783,0.41436247338859783,0.0,59.9,4.6,0.0,0.0,0.0,60.199999999999996,4.300000000000001,0.0,0.0,0.0,False,False,False
120,688581709,34371585,2,gaussian_plus_delay,CombinedErrorSensor,0.65,0.2,0.1,0.05,True,True,True,True,goal_reached,0.13957439660267,69.5,13.875170703800842,13.860366735070237,0.07536138508452497,0.20688131252512768,0.08331777997840456,0.025870013863635532,0.08991233111853325,0.03242651650404334,0.04350374811845516,0.1693504196905771,0.0525487708205002,0.1749042073731502,0.11064318241063426,6.18609700412112,6.18609700412112,0.0,8.420989853327741e-17,2.7894008272968645e-16,0.39314521635966826,0.39314521635966826,0.0,69.5,0.0,0.0,0.0,0.0,69.5,0.0,0.0,0.0,0.0,False,False,False
121,3855786694,2553437302,2,gaussian_plus_delay,CombinedErrorSensor,0.65,0.2,0.1,0.05,True,True,True,True,goal_reached,0.17130287143429856,64.0,13.62199902436748,13.65387461070031,0.07409540957851511,0.1958498873937556,0.08189767181538511,0.0322806871319639,0.1063798502662414,0.0390673321741806,0.0445834369556486,0.15478559960208707,0.05376576383580109,0.17530012482565777,0.13372622314989568,5.696216575186379,5.69621657518638,0.0,8.950454313089996e-17,2.897767167584095e-16,0.23590405558452585,0.23590405558452593,0.0,64.0,0.0,0.0,0.0,0.0,64.0,0.0,0.0,0.0,0.0,False,False,False
122,4279156192,1134888897,2,gaussian_plus_delay,CombinedErrorSensor,0.65,0.2,0.1,0.05,True,True,True,True,goal_reached,0.12443053229932259,65.0,13.868053376789765,13.888451242031596,0.08199422199982995,0.20827187200676944,0.09011773245846531,0.03508846577614953,0.11626254240147436,0.044516605983234404,0.04883606854691317,0.18392791318246582,0.06062000647942797,0.1697580717367942,0.1344611149630357,6.180862654410431,6.180862654410431,0.0,9.260966071139898e-17,2.776424787817943e-16,0.30626787729945365,0.30626787729945365,0.0,61.599999999999994,3.4000000000000004,0.0,0.0,0.0,61.099999999999994,3.9000000000000012,0.0,0.0,0.0,False,False,False
123,126927254,984246979,2,gaussian_plus_delay,CombinedErrorSensor,0.65,0.2,0.1,0.05,True,True,True,True,goal_reached,0.09302398138355698,79.60000000000001,16.96472356314154,16.925884870866323,0.07940488006899567,0.285286349572879,0.0874180342369531,0.02918931584250128,0.09104510640180112,0.03559376729897578,0.043233589679581796,0.178428353700959,0.05431996710865943,0.4726511071849129,0.36406648545372683,6.887173483290078,6.887173483290078,0.0,8.225409589598005e-17,2.830524433501838e-16,0.25815021504647157,0.25815021504647173,0.0,79.0,0.6000000000000014,0.0,0.0,0.0,78.6,1.0000000000000036,0.0,0.0,0.0,False,False,False
124,2258222714,325666615,2,gaussian_plus_delay,CombinedErrorSensor,0.65,0.2,0.1,0.05,True,True,True,True,goal_reached,0.14289599697892097,83.80000000000001,16.868613987073573,16.958641274556772,0.07623044032153835,0.21765157798177662,0.08396412187779942,0.030957993115942526,0.10038009447269469,0.03838876778767471,0.045057566637461945,0.21776134885134174,0.056224139591124773,0.14980954549984618,0.10518978629849718,7.319018535203786,7.319018535203787,0.0,8.138949101605338e-17,2.830524433501838e-16,0.37142633824207694,0.37142633824207694,0.0,83.50000000000001,0.29999999999999716,0.0,0.0,0.0,83.5,0.30000000000000426,0.0,0.0,0.0,False,False,False
125,2983517800,828412743,2,gaussian_plus_delay,CombinedErrorSensor,0.65,0.2,0.1,0.05,True,True,True,True,goal_reached,0.1269961142247214,62.300000000000004,12.936878961759405,12.9122798807634,0.07877068655715493,0.20585574237707363,0.08824901303811619,0.034346418562067674,0.12375885035342979,0.04360123092483707,0.04518081501685929,0.19428014265824778,0.05716298448008038,0.15079552349294073,0.15675232021763094,5.410227927231807,5.410227927231807,0.0,9.01273038913675e-17,2.7894008272968645e-16,0.4493161229905535,0.4493161229905535,0.0,62.300000000000004,0.0,0.0,0.0,0.0,62.300000000000004,0.0,0.0,0.0,0.0,False,False,False
126,1251051613,3961295683,2,gaussian_plus_delay,CombinedErrorSensor,0.65,0.2,0.1,0.05,True,True,True,True,goal_reached,0.19994490979548812,75.9,15.702481340955252,15.897035290617225,0.07595480906167315,0.1800504899123801,0.08324648807541005,0.031527178892625254,0.1193224593013788,0.04110739885670366,0.04482939082126424,0.16100760638897194,0.05621447068251367,0.1379583059380695,0.13186755954951046,6.6945639803187476,6.694563980318748,0.0,8.110834735543465e-17,2.779024842816778e-16,0.25244948576609266,0.2524494857660928,0.0,68.4,7.5,0.0,0.0,0.0,68.8,7.099999999999998,0.0,0.0,0.0,False,False,False
127,2952988485,3026545368,2,gaussian_plus_delay,CombinedErrorSensor,0.65,0.2,0.1,0.05,True,True,True,True,goal_reached,0.21867261607564847,79.4,15.691132696183423,15.74412966715383,0.07879846458437628,0.19223636391811108,0.08697785589858147,0.03328012438323263,0.08255993619677147,0.03933110337048634,0.04445942814970016,0.1957737303550142,0.05511877731279518,0.13574042821655583,0.07172135916793855,6.569235697588187,6.569235697588188,0.0,7.995359728421222e-17,2.7809732887839817e-16,0.2567342596519564,0.25673425965195634,0.0,76.2,3.200000000000003,0.0,0.0,0.0,75.5,3.8999999999999986,0.0,0.0,0.0,False,False,False
128,293623351,4173873018,2,gaussian_plus_delay,CombinedErrorSensor,0.65,0.2,0.1,0.05,True,True,True,True,goal_reached,0.11338297395491448,72.3,13.70401054934575,13.70152094412827,0.06995821659724596,0.1727476532262023,0.07819271998657033,0.02064918143764792,0.07167526313742478,0.026238643080922802,0.036521199261074194,0.1623697275062374,0.046790254819653286,0.27544778191158825,0.25152504733076303,5.654969768097445,5.654969768097445,0.0,7.725610979088204e-17,2.5133742693021536e-16,0.27565049895350635,0.2756504989535063,0.0,72.19999999999999,0.10000000000000053,0.0,0.0,0.0,71.8,0.5,0.0,0.0,0.0,False,False,False
129,1511299177,2073675167,2,gaussian_plus_delay,CombinedErrorSensor,0.65,0.2,0.1,0.05,False,False,False,False,planning_failure,nan,nan,nan,nan,nan,nan,nan,nan,nan,nan,nan,nan,nan,nan,nan,nan,nan,nan,nan,nan,nan,nan,nan,,,,,,,,,,,,,
130,751479923,1103311033,2,gaussian_plus_delay,CombinedErrorSensor,0.65,0.2,0.1,0.05,True,True,True,True,goal_reached,0.15549618421267042,73.2,15.260233157512259,15.281063240836678,0.07678577777486383,0.20885622717833977,0.08539252463904624,0.03198367120359592,0.0988035790058511,0.03963339818048388,0.043925027144933924,0.1706868579723589,0.05493725800042653,0.17068504405613255,0.12640205113942196,6.961406690754705,6.961406690754705,0.0,8.6206101061069e-17,2.779024842816778e-16,0.25283954403995135,0.25283954403995135,0.0,68.89999999999999,4.3000000000000025,0.0,0.0,0.0,68.8,4.4,0.0,0.0,0.0,False,False,False
131,1991012891,3792124852,2,gaussian_plus_delay,CombinedErrorSensor,0.65,0.2,0.1,0.05,True,True,True,True,goal_reached,0.11417272998284071,68.0,13.720876817012602,13.687868029276153,0.0837261105360006,0.19030344238139452,0.09175685526541374,0.02979757259399081,0.0804281550545024,0.03587035997222347,0.04519847156735064,0.17141373679521804,0.05640511323824904,0.16775573395408797,0.13204189942396974,5.382697236250795,5.382697236250795,0.0,8.540175134217655e-17,2.7894008272968645e-16,0.21299610847300987,0.21299610847300982,0.0,68.0,0.0,0.0,0.0,0.0,68.0,0.0,0.0,0.0,0.0,False,False,False
132,2860860257,1656021677,2,gaussian_plus_delay,CombinedErrorSensor,0.65,0.2,0.1,0.05,True,True,True,True,goal_reached,0.16888226813603163,62.0,13.288868307977616,13.402286216285825,0.08025404284908957,0.40804448483450756,0.0895298188928842,0.030130171556876435,0.08279411319501034,0.03712452437912149,0.0480752282171363,0.3898573204822144,0.06030678932695297,0.4349646086246679,0.25519644818170867,5.204114017262357,5.204114017262357,0.0,9.027816231187522e-17,2.7894008272968645e-16,0.2841695235880163,0.2841695235880163,0.0,62.0,0.0,0.0,0.0,0.0,62.0,0.0,0.0,0.0,0.0,False,False,False
133,3150799191,2735906809,2,gaussian_plus_delay,CombinedErrorSensor,0.65,0.2,0.1,0.05,True,True,True,True,goal_reached,0.11590115778596256,75.4,15.30074288498656,15.325161788581338,0.07755813229637377,0.23250048768048123,0.08628907067678765,0.03949116302682259,0.10738103510377885,0.04921171904408279,0.049080313924657726,0.2443062672082273,0.0617485300389018,0.44961914478769704,0.3056937327917727,6.979203542257261,6.979203542257261,0.0,7.931441357361203e-17,2.7894008272968645e-16,0.29367969423561563,0.29367969423561563,0.0,75.4,0.0,0.0,0.0,0.0,75.3,0.10000000000000142,0.0,0.0,0.0,False,False,False
134,2520119097,2511480234,2,gaussian_plus_delay,CombinedErrorSensor,0.65,0.2,0.1,0.05,True,True,True,True,goal_reached,0.1730793293019033,63.300000000000004,13.380425278648044,13.549045549502388,0.07812315799658875,0.20858474334272434,0.08696976865319432,0.030542499320422942,0.11621247000055857,0.03867332990325322,0.042401530987630075,0.18857034747283138,0.05398987635347331,0.1397825374283036,0.10738581408959984,5.505010737407224,5.505010737407224,0.0,9.019460578549874e-17,2.7755575615628914e-16,0.26138341272521287,0.26138341272521287,0.0,61.2,2.1000000000000014,0.0,0.0,0.0,61.00000000000001,2.299999999999997,0.0,0.0,0.0,False,False,False
135,992731555,3548265620,2,gaussian_plus_delay,CombinedErrorSensor,0.65,0.2,0.1,0.05,True,True,True,True,goal_reached,0.10251467304698847,67.4,13.404378010458899,13.256780503266269,0.07652982489371174,0.21498580995091057,0.08527426688278736,0.032262340148335455,0.11256141451255262,0.038210688826271905,0.04458009701039848,0.1961683147601441,0.057412969864468595,0.1811515808901305,0.11280693879101378,5.8258264168202345,5.825826416820234,0.0,8.753388113873601e-17,2.779024842816778e-16,0.3064523250436577,0.30645232504365777,0.0,63.00000000000001,4.399999999999999,0.0,0.0,0.0,63.00000000000001,4.399999999999999,0.0,0.0,0.0,False,False,False
136,1778656040,1032768909,2,gaussian_plus_delay,CombinedErrorSensor,0.65,0.2,0.1,0.05,True,True,True,True,goal_reached,0.15972550780912181,63.800000000000004,13.588824353697586,13.581012157603697,0.07928533106320557,0.21521505822927997,0.08777367244995252,0.03575954067172194,0.08812115982496857,0.0423130365075328,0.048654137386938544,0.163696375173298,0.059272221333523445,0.10505473577551888,0.09675592722304653,5.714275314132266,5.714275314132266,0.0,8.995848357558265e-17,2.498001805406602e-16,0.419748736160466,0.41974873616046593,0.0,63.800000000000004,0.0,0.0,0.0,0.0,63.800000000000004,0.0,0.0,0.0,0.0,False,False,False
137,558936973,2014098144,2,gaussian_plus_delay,CombinedErrorSensor,0.65,0.2,0.1,0.05,True,True,True,True,goal_reached,0.16471478965066103,70.2,13.732639940957165,13.742132870528456,0.07525494537953926,0.222994829604909,0.08399951062775114,0.034142040184813614,0.10818914545834168,0.04365382104570995,0.04648434985045047,0.17787839891057275,0.0590465081629184,0.1599278082982887,0.1357753624358556,6.0031138270621245,6.003113827062124,0.0,8.021111954774092e-17,2.5324586304240974e-16,0.34042944437377315,0.34042944437377315,0.0,69.8,0.3999999999999999,0.0,0.0,0.0,69.8,0.3999999999999999,0.0,0.0,0.0,False,False,False
138,617682228,3068230679,2,gaussian_plus_delay,CombinedErrorSensor,0.65,0.2,0.1,0.05,True,True,True,True,goal_reached,0.05653674226427789,65.5,13.804597116907729,13.7733059671422,0.08321382417349697,0.2021571973979367,0.09063962324823568,0.0345009084696844,0.13748379508095118,0.0448122997722153,0.047582174009894396,0.19439348509577137,0.06050930379803741,0.1041721666527006,0.07742546187780822,5.684656100611498,5.684656100611498,0.0,8.672616350687009e-17,2.7894008272968645e-16,0.39287191480852335,0.39287191480852335,0.0,65.5,0.0,0.0,0.0,0.0,65.5,0.0,0.0,0.0,0.0,False,False,False
139,4061457540,273083801,2,gaussian_plus_delay,CombinedErrorSensor,0.65,0.2,0.1,0.05,True,True,True,True,goal_reached,0.1404381971954964,77.60000000000001,15.30597824293134,15.263254440977624,0.07910004964629598,0.20217414788858598,0.08770898861526195,0.03132619914964685,0.10407568773172127,0.03910427203937976,0.04228845746168141,0.15779815950031129,0.05280252262290567,0.17349458905003073,0.08298835486779264,6.839290027521457,6.839290027521457,0.0,8.07379395802639e-17,2.793066411846225e-16,0.34081868038855595,0.3408186803885559,0.0,77.10000000000001,0.5,0.0,0.0,0.0,77.50000000000001,0.09999999999999432,0.0,0.0,0.0,False,False,False
140,36204085,428051633,2,gaussian_plus_delay,CombinedErrorSensor,0.65,0.2,0.1,0.05,True,True,True,True,goal_reached,0.17824185584967228,64.60000000000001,13.5633667824385,13.629612926529587,0.08075318754945662,0.18522007862639217,0.08851542552019327,0.0337454224391964,0.10549319118531862,0.041867419736199035,0.049005640390756694,0.17145689262237543,0.060642519091952715,0.1452306098971343,0.14374375366892556,6.105130378637162,6.105130378637162,0.0,8.8759974386334e-17,3.1031676915590914e-16,0.3281789256156285,0.3281789256156285,0.0,58.6,6.000000000000005,0.0,0.0,0.0,58.199999999999996,6.400000000000011,0.0,0.0,0.0,False,False,False
141,1511048123,3403416606,2,gaussian_plus_delay,CombinedErrorSensor,0.65,0.2,0.1,0.05,True,True,True,True,goal_reached,0.1388150672721167,68.7,13.49469767653813,13.512401474242434,0.07910254851383597,0.1818854455427349,0.08686438688863578,0.0321126453491007,0.10030522255116932,0.040046864438347235,0.047597728108520726,0.1667777470405815,0.059474436583458565,0.1363690366989181,0.07472431752904107,5.820900637877898,5.820900637877898,0.0,7.959253868487614e-17,2.5133742693021536e-16,0.21301889934386542,0.21301889934386556,0.0,68.7,0.0,0.0,0.0,0.0,68.7,0.0,0.0,0.0,0.0,False,False,False
142,3562023227,3854600966,2,gaussian_plus_delay,CombinedErrorSensor,0.65,0.2,0.1,0.05,True,True,True,True,goal_reached,0.06924727258645792,76.2,15.296872194743017,15.118731396248105,0.07749218040796207,0.20096732112498364,0.08564309789942001,0.03469459475045378,0.11998989945267535,0.04426514790794379,0.04916766899389916,0.16947295958799466,0.059692593226588694,0.13064108601529428,0.08714322813686827,6.963854723230929,6.96385472323093,0.0,8.000250601314191e-17,2.500169269419937e-16,0.24437351304130567,0.24437351304130564,0.0,70.69999999999999,5.5000000000000036,0.0,0.0,0.0,70.3,5.9,0.0,0.0,0.0,False,False,False
143,4243938459,758232080,2,gaussian_plus_delay,CombinedErrorSensor,0.65,0.2,0.1,0.05,True,True,True,True,goal_reached,0.13711083305809288,63.6,13.214741662936985,13.248863817612602,0.07604313019946393,0.20022291822700816,0.0853222789582157,0.029886736477348567,0.10780267565669731,0.03781255609177837,0.04023361975767884,0.17281847314329551,0.050624132490671304,0.5221361906231845,0.47956611914581426,5.456215435778929,5.456215435778928,0.0,8.68241207550393e-17,1.962615573354719e-16,0.25888894012431846,0.2588889401243185,0.0,63.6,0.0,0.0,0.0,0.0,63.6,0.0,0.0,0.0,0.0,False,False,False
144,3590091208,2608530522,2,gaussian_plus_delay,CombinedErrorSensor,0.65,0.2,0.1,0.05,True,True,True,True,goal_reached,0.10997678455072919,65.0,13.229794233679012,13.156800407552138,0.0829987442948113,0.182629138040076,0.09026521430877449,0.03336275280564992,0.09592298203508598,0.04176826579405332,0.04579604605447228,0.17307724000267533,0.05815105305313186,0.21251803047904755,0.1881205101609108,5.450964209279274,5.450964209279274,0.0,8.586671594601323e-17,2.830524433501838e-16,0.261021529248629,0.26102152924862887,0.0,64.3,0.7000000000000028,0.0,0.0,0.0,64.39999999999999,0.6000000000000014,0.0,0.0,0.0,False,False,False
145,1561310123,3203553205,2,gaussian_plus_delay,CombinedErrorSensor,0.65,0.2,0.1,0.05,True,True,True,True,goal_reached,0.17212770162076155,66.4,13.505655756691844,13.501858744543139,0.07707394282236955,0.18417388410274552,0.0838346783236517,0.03080004132132237,0.09636087185041779,0.03787044938664343,0.04689762582151675,0.16245837030750876,0.05681559602214697,0.3879657279311157,0.35626771461840967,6.142737459673018,6.142737459673018,0.0,8.288612232192569e-17,2.7756117711421305e-16,0.2750247990623681,0.2750247990623681,0.0,65.60000000000001,0.7999999999999972,0.0,0.0,0.0,65.9,0.5,0.0,0.0,0.0,False,False,False
146,4272674245,4092905196,2,gaussian_plus_delay,CombinedErrorSensor,0.65,0.2,0.1,0.05,True,True,True,True,goal_reached,0.10460830934039594,73.0,14.78500679871125,14.626177285308074,0.07865063311157534,0.22557272081845628,0.08607749020488595,0.0382092410059968,0.1418066689805636,0.04801116559840979,0.04791339865925885,0.18130724240078347,0.06044040555225677,0.10380625211339457,0.08901703833952876,6.540396515336025,6.540396515336025,0.0,8.094043450263917e-17,2.797157557069881e-16,0.3197430043463497,0.3197430043463497,0.0,64.8,8.199999999999996,0.0,0.0,0.0,65.49999999999999,7.500000000000004,0.0,0.0,0.0,False,False,False
147,3804410766,43637163,2,gaussian_plus_delay,CombinedErrorSensor,0.65,0.2,0.1,0.05,True,True,True,True,goal_reached,0.12795239403016345,72.5,14.998556773727508,14.981931443119555,0.08118720979935347,0.1933201473158507,0.08900740566686328,0.033810801608859964,0.09147394667802011,0.04107787696446438,0.04588758894863699,0.17723671894793536,0.0583530265181052,0.17297226385710032,0.15873954482403044,6.278369499430648,6.2783694994306485,0.0,8.303804955260733e-17,2.779024842816778e-16,0.4023272899435678,0.4023272899435678,0.0,72.5,0.0,0.0,0.0,0.0,72.5,0.0,0.0,0.0,0.0,False,False,False
148,2942001979,3949632329,2,gaussian_plus_delay,CombinedErrorSensor,0.65,0.2,0.1,0.05,True,True,True,True,goal_reached,0.09955402973444502,68.8,13.764420469648865,13.737689014914249,0.07985084255158559,0.19964187841627398,0.08764187974428451,0.03340758579388348,0.09960195004673789,0.04226113565653912,0.04366049690006712,0.15972363229526007,0.05406214595928656,0.1796250383295511,0.12119567451725775,5.749441730819697,5.749441730819697,0.0,7.949626686992217e-17,2.779024842816778e-16,0.3017907118718522,0.3017907118718523,0.0,67.39999999999999,1.3999999999999986,0.0,0.0,0.0,67.49999999999999,1.299999999999999,0.0,0.0,0.0,False,False,False
149,2622422237,3948635486,2,gaussian_plus_delay,CombinedErrorSensor,0.65,0.2,0.1,0.05,True,True,True,True,goal_reached,0.19224591451847564,73.7,15.291326506749368,15.329894026864505,0.081108660130927,0.31440708973121717,0.09025319824866096,0.03147760305481479,0.09768917960744128,0.03822381378386535,0.044652070207879986,0.3147179776005061,0.057703700193749936,0.17053074375842645,0.13930272507289562,6.93968074809258,6.939680748092579,0.0,8.58044218732569e-17,2.7757743935277205e-16,0.2697864427585498,0.2697864427585499,0.0,72.8,0.8999999999999986,0.0,0.0,0.0,72.8,0.9000000000000021,0.0,0.0,0.0,False,False,False
150,4292375466,970091554,2,gaussian_plus_delay,CombinedErrorSensor,0.65,0.2,0.1,0.05,True,True,True,True,goal_reached,0.11777867326103618,66.0,13.6541895662615,13.68933261415397,0.07892378831853981,0.1936544945912093,0.08709489942139936,0.03678176974728017,0.12389310281070234,0.04543959123690199,0.049219241661888104,0.1936544945912093,0.06003107851299902,0.15197677955911437,0.12159423436420091,5.885772180540081,5.885772180540082,0.0,8.697691279253616e-17,2.9406505148178845e-16,0.48326924081008565,0.4832692408100856,0.0,66.0,0.0,0.0,0.0,0.0,66.0,0.0,0.0,0.0,0.0,False,False,False
151,2339108289,80255215,2,gaussian_plus_delay,CombinedErrorSensor,0.65,0.2,0.1,0.05,True,True,True,True,goal_reached,0.2229156826229515,62.1,13.053820113464248,13.149067255084676,0.08266249215689385,0.19649210891752558,0.09138019780888566,0.027798895577809617,0.10663075982213015,0.036135876794604074,0.04202051969263966,0.16773070185351957,0.05228051008092405,0.19151299745160058,0.15360988082790605,5.515195962070779,5.51519596207078,0.0,9.161934991579047e-17,1.962615573354719e-16,0.30109401587044626,0.3010940158704463,0.0,59.800000000000004,2.299999999999997,0.0,0.0,0.0,59.8,2.3000000000000043,0.0,0.0,0.0,False,False,False
152,2242091718,2669274835,2,gaussian_plus_delay,CombinedErrorSensor,0.65,0.2,0.1,0.05,True,True,True,True,goal_reached,0.14599843091275283,60.400000000000006,13.07438034466606,13.131734143244287,0.07572961879973614,0.20746863722781955,0.08372159362732463,0.03857512537310056,0.1219344980486774,0.046989167462058806,0.045744748859913135,0.2054958812434933,0.05875065369161857,0.1280655019513226,0.05610543728117534,5.361574325315408,5.361574325315408,0.0,9.531259499204847e-17,2.5589376332604516e-16,0.2873371095823358,0.2873371095823358,0.0,55.400000000000006,5.0,0.0,0.0,0.0,55.10000000000001,5.299999999999997,0.0,0.0,0.0,False,False,False
153,3577544150,221483861,2,gaussian_plus_delay,CombinedErrorSensor,0.65,0.2,0.1,0.05,True,True,True,True,goal_reached,0.030884304373626725,76.5,15.366387017527735,15.175521467341971,0.08214688449202054,0.20875417658215983,0.09135645320121501,0.030218686156512697,0.09875054554116147,0.03715423418101562,0.04245798058946666,0.17763701857564743,0.05311884589162823,0.17893403479631192,0.08859675230865838,6.729099814634466,6.729099814634466,0.0,8.382660718975231e-17,2.8609792490763985e-16,0.3523253628731068,0.35232536287310673,0.0,76.5,0.0,0.0,0.0,0.0,76.5,0.0,0.0,0.0,0.0,False,False,False
154,667072100,1207010422,2,gaussian_plus_delay,CombinedErrorSensor,0.65,0.2,0.1,0.05,True,True,True,True,goal_reached,0.14024595549052213,71.60000000000001,14.184174835656812,14.245359295411898,0.07982983395865773,0.20610085059494654,0.08806423104507016,0.032776055445152975,0.09217327899833432,0.04272197163949612,0.048779944921431784,0.19306857324124838,0.06014535558355075,0.12305557394819717,0.09481965776566942,6.17394638052634,6.173946380526341,0.0,8.108258188848497e-17,2.8066088919804617e-16,0.3698184138483527,0.36981841384835273,0.0,66.5,5.100000000000001,0.0,0.0,0.0,66.6,5.000000000000014,0.0,0.0,0.0,False,False,False
155,4209979507,961869777,2,gaussian_plus_delay,CombinedErrorSensor,0.65,0.2,0.1,0.05,True,True,True,True,goal_reached,0.14206211162321758,76.5,16.607062638179315,16.638512704150116,0.079201381804355,0.19106719208847747,0.08693364559615635,0.038937853348259346,0.1215075996193632,0.04832318642447941,0.05071208053783231,0.1751674318773524,0.06178403069261072,0.12075277392409972,0.10400045756823371,7.056168373397693,7.056168373397693,0.0,8.941325132686819e-17,2.7894008272968645e-16,0.41938434362121274,0.41938434362121274,0.0,75.5,1.0,0.0,0.0,0.0,75.5,1.0,0.0,0.0,0.0,False,False,False
156,3915324021,814030660,2,gaussian_plus_delay,CombinedErrorSensor,0.65,0.2,0.1,0.05,False,False,False,False,planning_failure,nan,nan,nan,nan,nan,nan,nan,nan,nan,nan,nan,nan,nan,nan,nan,nan,nan,nan,nan,nan,nan,nan,nan,,,,,,,,,,,,,
157,2248235921,1154256923,2,gaussian_plus_delay,CombinedErrorSensor,0.65,0.2,0.1,0.05,True,True,True,True,goal_reached,0.13272660307124737,63.2,13.214415424238052,13.232672357227917,0.08686188365402958,0.222592812677644,0.09555959590190728,0.02820689321052302,0.08594577883863659,0.035234792237923224,0.04003743074107965,0.14849624497214797,0.04965749272187909,0.11365356023959815,0.048551305358141776,5.505572458436862,5.505572458436861,0.0,8.786415414106961e-17,2.779024842816778e-16,0.2684902659050594,0.26849026590505937,0.0,62.2,1.0,0.0,0.0,0.0,62.300000000000004,0.8999999999999986,0.0,0.0,0.0,False,False,False
158,2344631310,2304365659,2,gaussian_plus_delay,CombinedErrorSensor,0.65,0.2,0.1,0.05,True,True,True,True,goal_reached,0.16304094799447433,69.3,14.081411683146836,14.222955072674987,0.07808448499962899,0.21757324447848952,0.08534471993465308,0.0300929966270656,0.10508735608694617,0.03697920598521999,0.04583431983767704,0.16655509060710438,0.05668441843405438,0.1016032884510164,0.10704730040863432,5.87257828499415,5.87257828499415,0.0,8.17956901283913e-17,2.7894008272968645e-16,0.3344777609102732,0.3344777609102732,0.0,65.89999999999999,3.3999999999999986,0.0,0.0,0.0,65.39999999999999,3.8999999999999986,0.0,0.0,0.0,False,False,False
159,2077221000,2239487451,2,gaussian_plus_delay,CombinedErrorSensor,0.65,0.2,0.1,0.05,True,True,True,True,goal_reached,0.20058260962934632,68.8,13.751974215246815,13.813493109956209,0.07804391363130032,0.23175754429942316,0.08645414956756199,0.027220743589088128,0.08736222463037369,0.03439144011084215,0.0420998521541879,0.21585245417419385,0.05325596385473313,0.18858064522234363,0.1419920943772066,5.3207211272420425,5.3207211272420425,0.0,8.045754817029588e-17,2.0206364052201326e-16,0.2751004993988787,0.27510049939887876,0.0,68.8,0.0,0.0,0.0,0.0,68.8,0.0,0.0,0.0,0.0,False,False,False
160,4171941414,934373081,2,gaussian_plus_delay,CombinedErrorSensor,0.65,0.2,0.1,0.05,True,True,True,True,goal_reached,0.17875542242180217,73.60000000000001,14.89137297586895,14.755457298140332,0.08232944622113396,0.1902072902560659,0.08939527336007491,0.04116659332315424,0.11852607064150235,0.05042030318706126,0.054604972825466384,0.21615934607455656,0.06708402765484253,0.16384403181681934,0.11147140030904405,6.5864547938330995,6.586454793833099,0.0,8.0469667646681e-17,2.777508439858666e-16,0.3924044190097347,0.39240441900973466,0.0,73.60000000000001,0.0,0.0,0.0,0.0,73.60000000000001,0.0,0.0,0.0,0.0,False,False,False
161,1729366613,1692179550,2,gaussian_plus_delay,CombinedErrorSensor,0.65,0.2,0.1,0.05,True,True,True,True,goal_reached,0.1248640981569611,73.5,15.630404990174869,15.580991426010675,0.08420402271293241,0.21099089960749232,0.09197437580987981,0.033847212376974425,0.10226848155192549,0.04093056689357941,0.04438233532624496,0.18208028679501614,0.05492184686718233,0.16010458109761835,0.14101823190938334,6.6820971640875415,6.6820971640875415,0.0,8.604076968917142e-17,2.8066088919804617e-16,0.4844679807067131,0.4844679807067131,0.0,70.39999999999999,3.099999999999998,0.0,0.0,0.0,71.19999999999999,2.3000000000000043,0.0,0.0,0.0,False,False,False
162,67660197,2588837785,2,gaussian_plus_delay,CombinedErrorSensor,0.65,0.2,0.1,0.05,True,True,True,True,goal_reached,0.12321460856535967,80.4,15.731039640225868,15.568825736314098,0.08011265186205396,0.23022608273010495,0.08823286339535838,0.038158166787706574,0.10855231861042891,0.047588106924583505,0.05287821217017363,0.23022608273010495,0.0651253346803816,0.10596412898137544,0.0682478686529058,7.330358663939409,7.330358663939407,0.0,8.09187350197881e-17,2.830524433501838e-16,0.3269494032575596,0.3269494032575596,0.0,71.60000000000001,8.799999999999995,0.0,0.0,0.0,69.99999999999999,10.400000000000018,0.0,0.0,0.0,False,False,False
163,3647637070,2498199066,2,gaussian_plus_delay,CombinedErrorSensor,0.65,0.2,0.1,0.05,True,True,True,True,goal_reached,0.13676522944463934,69.2,13.908982609454174,13.825109207233313,0.08183851655217732,0.1996330324604599,0.08921688859213221,0.03093157041792331,0.10153247808374434,0.03925810208298625,0.04699755815729403,0.1912218494272792,0.05898676332841113,0.13678259828259154,0.09231195831906362,6.093663785419607,6.093663785419608,0.0,7.850363642282999e-17,2.7833528704240246e-16,0.3471762099454883,0.3471762099454883,0.0,67.89999999999999,1.3000000000000007,0.0,0.0,0.0,68.3,0.9000000000000004,0.0,0.0,0.0,False,False,False
164,1097764499,438665298,2,gaussian_plus_delay,CombinedErrorSensor,0.65,0.2,0.1,0.05,True,True,True,True,goal_reached,0.1358523647453879,64.0,12.949732294922006,12.972047369787594,0.08414690209177866,0.21593594843317046,0.09282735518847618,0.04469569742275729,0.1629898833469703,0.05672645010271011,0.05065708329120985,0.18540291203647905,0.06334887927132424,0.1771044800193817,0.13769603898682625,5.575671792210397,5.575671792210397,0.0,8.881642674615693e-17,2.8066088919804617e-16,0.3188680612835877,0.31886806128358763,0.0,64.0,0.0,0.0,0.0,0.0,64.0,0.0,0.0,0.0,0.0,False,False,False
165,2415939641,2972775906,2,gaussian_plus_delay,CombinedErrorSensor,0.65,0.2,0.1,0.05,True,True,True,True,goal_reached,0.11524424580059055,84.10000000000001,16.445749405855498,16.49439226015005,0.07544527366791469,0.2212855279604127,0.08370856346817074,0.02841285419813434,0.07930171915232576,0.03386234273404913,0.04084938767598295,0.2209874702808102,0.05165525960723364,0.23983051954776416,0.18406425786472735,6.906770010667247,6.906770010667247,0.0,7.750663872590441e-17,2.779024842816778e-16,0.34520329004232797,0.34520329004232797,0.0,83.7,0.3999999999999986,0.0,0.0,0.0,83.8,0.30000000000000426,0.0,0.0,0.0,False,False,False
166,3334599102,1751419161,2,gaussian_plus_delay,CombinedErrorSensor,0.65,0.2,0.1,0.05,True,True,True,True,goal_reached,0.1501820504519548,73.7,15.387113818702062,15.40415860611407,0.07653656808577207,0.18873190822455638,0.08487208467625075,0.038230583284702455,0.12147511028830335,0.04524785503161891,0.0475911535579738,0.18888084488094067,0.058120780738586834,0.0814614514112881,0.012369742648577596,6.311830324220656,6.311830324220656,0.0,8.156743232912976e-17,2.830524433501838e-16,0.3204906602545026,0.32049066025450273,0.0,73.7,0.0,0.0,0.0,0.0,73.7,0.0,0.0,0.0,0.0,False,False,False
167,2779470929,255465974,2,gaussian_plus_delay,CombinedErrorSensor,0.65,0.2,0.1,0.05,True,True,True,True,goal_reached,0.1427605847884337,62.800000000000004,13.658486717462084,13.646746313355063,0.07950519965939863,0.20529745295812327,0.08892983022105991,0.03477649610971692,0.10692435714532306,0.043522478957726374,0.04556095394845668,0.17703224084125335,0.05639142790324597,0.15281325548141453,0.13502138330352909,5.396934083560777,5.396934083560776,0.0,9.088125520770149e-17,2.5219801032797316e-16,0.28619045265751525,0.28619045265751525,0.0,62.800000000000004,0.0,0.0,0.0,0.0,62.800000000000004,0.0,0.0,0.0,0.0,False,False,False
168,4090243799,2284752968,2,gaussian_plus_delay,CombinedErrorSensor,0.65,0.2,0.1,0.05,True,True,True,True,goal_reached,0.14525322242414376,77.80000000000001,14.692259007888152,14.819141974637107,0.06933102269959182,0.157169567438297,0.07676463551515246,0.03245880336375756,0.12568529191411743,0.042829808941823734,0.04346338317367964,0.1731235587381855,0.05450885051166379,0.15772102386935713,0.06622280305338972,6.142742987062962,6.142742987062962,0.0,7.811167880495709e-17,2.498001805406602e-16,0.2977309840212894,0.2977309840212894,0.0,75.9,1.9000000000000057,0.0,0.0,0.0,75.89999999999999,1.90000000000002,0.0,0.0,0.0,False,False,False
169,3612385362,879771800,2,gaussian_plus_delay,CombinedErrorSensor,0.65,0.2,0.1,0.05,True,True,True,True,goal_reached,0.14141064029025882,75.3,14.861835328379517,14.932277608979799,0.07598437459682174,0.18628125051106714,0.08309594537884399,0.030667303698651643,0.081429748000051,0.03659117901852986,0.04314974891944312,0.18859640731289684,0.05303727086355189,0.1615575973192503,0.16981087866852718,6.528094030646134,6.528094030646133,0.0,7.907252737256259e-17,2.7755575615628914e-16,0.32106563757530626,0.32106563757530626,0.0,73.8,1.5,0.0,0.0,0.0,73.8,1.5,0.0,0.0,0.0,False,False,False
170,2584319147,1028574110,2,gaussian_plus_delay,CombinedErrorSensor,0.65,0.2,0.1,0.05,True,True,True,True,goal_reached,0.14607156958541634,76.10000000000001,14.910150809652109,14.833120910395452,0.07368504905320096,0.2667254560709928,0.08288609465126354,0.03398313752581384,0.10466956846124953,0.04089133729616446,0.04772040914026596,0.26660105173315163,0.05865265410578533,0.1270827104720964,0.10160283469436411,6.889583713845089,6.889583713845088,0.0,7.957437305166438e-17,2.8066088919804617e-16,0.3506364618511752,0.3506364618511752,0.0,63.60000000000001,12.499999999999996,0.0,0.0,0.0,63.2,12.9,0.0,0.0,0.0,False,False,False
171,436442763,675799786,2,gaussian_plus_delay,CombinedErrorSensor,0.65,0.2,0.1,0.05,True,True,True,True,goal_reached,0.15776571601161032,68.5,13.692834426451487,13.660446298663588,0.08299544562818684,0.21933721969020178,0.09093235388830881,0.039227613832233194,0.09636980686764561,0.0475243049616708,0.05393195016660687,0.2361125770026397,0.06694256288951213,0.1388436638882876,0.0973630920722362,5.613521892171331,5.613521892171331,0.0,8.641343623177478e-17,2.498001805406602e-16,0.42941495477517566,0.4294149547751756,0.0,68.5,0.0,0.0,0.0,0.0,68.5,0.0,0.0,0.0,0.0,False,False,False
172,3794097624,2065298060,2,gaussian_plus_delay,CombinedErrorSensor,0.65,0.2,0.1,0.05,True,True,True,True,goal_reached,0.14956874939086853,68.2,13.773212531495773,13.733937274152723,0.07671046608889745,0.1824147997346413,0.08454482728483399,0.03938853807249291,0.13651152461742394,0.048886930656323,0.04875596547621932,0.19056037417188298,0.06166623125774858,0.18293138026951264,0.14733277827528513,5.88922591403635,5.88922591403635,0.0,8.288843550350803e-17,2.7833528704240246e-16,0.36054639538122385,0.3605463953812238,0.0,63.0,5.2,0.0,0.0,0.0,62.8,5.3999999999999995,0.0,0.0,0.0,False,False,False
173,2911976809,774395539,2,gaussian_plus_delay,CombinedErrorSensor,0.65,0.2,0.1,0.05,True,True,True,True,goal_reached,0.15081326822607347,68.4,14.001591645731175,14.062785286536638,0.07767636501645457,0.20947179160842846,0.08590904634573115,0.030628632415637024,0.1050563221272322,0.03887396434995099,0.04433734003159137,0.15528458265277584,0.0567260312688074,0.1181645940295862,0.054047838560641354,5.648135693426209,5.648135693426209,0.0,8.455189378277936e-17,2.830524433501838e-16,0.3541586045619006,0.3541586045619006,0.0,68.4,0.0,0.0,0.0,0.0,68.30000000000001,0.09999999999999432,0.0,0.0,0.0,False,False,False
174,3199249514,3002494220,2,gaussian_plus_delay,CombinedErrorSensor,0.65,0.2,0.1,0.05,True,True,True,True,goal_reached,0.18281527153804106,59.800000000000004,12.870760838556485,12.894323439289733,0.08866671002501535,0.21510130469541347,0.09649310641901902,0.039168781627611504,0.12087273546786044,0.048514337469554844,0.048867837168426985,0.1670024365718086,0.06060786397840154,0.4775842652260298,0.4929317036771863,5.235238257474759,5.235238257474759,0.0,9.41827603724254e-17,2.897767167584095e-16,0.33142847803908143,0.33142847803908143,0.0,59.800000000000004,0.0,0.0,0.0,0.0,59.800000000000004,0.0,0.0,0.0,0.0,False,False,False
175,2681399514,1388369604,2,gaussian_plus_delay,CombinedErrorSensor,0.65,0.2,0.1,0.05,False,False,False,False,planning_failure,nan,nan,nan,nan,nan,nan,nan,nan,nan,nan,nan,nan,nan,nan,nan,nan,nan,nan,nan,nan,nan,nan,nan,,,,,,,,,,,,,
176,3029070720,845756978,2,gaussian_plus_delay,CombinedErrorSensor,0.65,0.2,0.1,0.05,True,True,True,True,goal_reached,0.11725753552863845,74.2,15.972994177765976,15.88894592459224,0.0779736224558086,0.34737121161587386,0.08674388441074792,0.03662345895369691,0.143489712718585,0.0481584281458027,0.05179955083958197,0.34681166586064877,0.06540554657843085,0.13456565607696958,0.05857348550813029,7.191577405865896,7.191577405865896,0.0,9.145850933638879e-17,2.7894008272968645e-16,0.28474088493933375,0.2847408849393338,0.0,74.2,0.0,0.0,0.0,0.0,74.2,0.0,0.0,0.0,0.0,False,False,False
177,3812837130,3191976705,2,gaussian_plus_delay,CombinedErrorSensor,0.65,0.2,0.1,0.05,True,True,True,True,goal_reached,0.08417309259052369,64.5,13.122747439168776,13.070197602492025,0.07395173966112957,0.2094524712650447,0.08111767686396976,0.030321875985802764,0.10737469941742252,0.03717642131119524,0.04074777931825987,0.16244515298515852,0.050988589091091975,0.13674040041328672,0.07714487416941661,5.242029156393645,5.242029156393645,0.0,8.841553660678462e-17,1.962615573354719e-16,0.3548380053451133,0.3548380053451132,0.0,64.5,0.0,0.0,0.0,0.0,64.5,0.0,0.0,0.0,0.0,False,False,False
178,323190429,1915161174,2,gaussian_plus_delay,CombinedErrorSensor,0.65,0.2,0.1,0.05,True,True,True,True,goal_reached,0.11711744928270969,76.0,16.254986273643354,16.1169639590373,0.07604566588334004,0.2290404477224339,0.08473903485342899,0.03477026974081693,0.10331088586690576,0.04239577664621778,0.04394050326787895,0.17243449717702283,0.0548171494150825,0.1579970276555247,0.1035836288650561,7.057216350145479,7.057216350145481,0.0,8.67564161692331e-17,2.779024842816778e-16,0.388733591177721,0.38873359117772105,0.0,76.0,0.0,0.0,0.0,0.0,76.0,0.0,0.0,0.0,0.0,False,False,False
179,1930477740,3376499275,2,gaussian_plus_delay,CombinedErrorSensor,0.65,0.2,0.1,0.05,True,True,True,True,goal_reached,0.1763134023341952,66.60000000000001,14.040126390857669,14.17972125494158,0.07295280351728893,0.20078800950352071,0.08105041504964842,0.028230033598334193,0.1023455473206414,0.03586285690964706,0.0404985738616305,0.1933206450301146,0.05283280052464665,0.10349722964765574,0.077611653756986,5.907830366003465,5.907830366003465,0.0,8.786462388477858e-17,2.897767167584095e-16,0.40008349801230125,0.4000834980123012,0.0,66.60000000000001,0.0,0.0,0.0,0.0,66.60000000000001,0.0,0.0,0.0,0.0,False,False,False
180,3664593863,1203705817,2,gaussian_plus_delay,CombinedErrorSensor,0.65,0.2,0.1,0.05,False,False,False,False,planning_failure,nan,nan,nan,nan,nan,nan,nan,nan,nan,nan,nan,nan,nan,nan,nan,nan,nan,nan,nan,nan,nan,nan,nan,,,,,,,,,,,,,
181,795718452,2131830739,2,gaussian_plus_delay,CombinedErrorSensor,0.65,0.2,0.1,0.05,True,True,True,True,goal_reached,0.15673723714856888,73.60000000000001,14.98844057228531,14.95648537735028,0.07670405721116287,0.2722320003110764,0.08444484251608775,0.03514819083857089,0.08751486097167217,0.04120140820857653,0.04292488348008424,0.27041827980575933,0.05396339490235933,0.1705430473454765,0.13843478092913492,6.582135236530731,6.58213523653073,0.0,8.059050853494644e-17,2.7894008272968645e-16,0.3699958370197453,0.3699958370197453,0.0,70.2,3.399999999999995,0.0,0.0,0.0,70.4,3.1999999999999957,0.0,0.0,0.0,False,False,False
182,2761085476,974724826,2,gaussian_plus_delay,CombinedErrorSensor,0.65,0.2,0.1,0.05,True,True,True,True,goal_reached,0.15736353466880948,77.30000000000001,15.380199539409718,15.458859577192769,0.07496576823723494,0.1924335812616166,0.08347843375875845,0.0351233967553483,0.11986410320870178,0.04389073556965826,0.04187528980641628,0.13945797094968412,0.05175266218726104,0.17427350406438152,0.14029042661980579,6.230327260968272,6.230327260968273,0.0,8.025807783219287e-17,2.830524433501838e-16,0.28688656208345076,0.28688656208345076,0.0,77.30000000000001,0.0,0.0,0.0,0.0,77.30000000000001,0.0,0.0,0.0,0.0,False,False,False
183,1532893928,1966218153,2,gaussian_plus_delay,CombinedErrorSensor,0.65,0.2,0.1,0.05,True,True,True,True,goal_reached,0.15283126962402793,66.3,13.251947615794762,13.246218677760439,0.07996669967719891,0.18988389682958556,0.08711651234252787,0.030467636293535723,0.09256200391188933,0.03871523131153534,0.042129070581861605,0.16789940391384708,0.05250282576559597,0.1187533292048112,0.09817346645435995,5.313215593040393,5.313215593040393,0.0,8.697783392487867e-17,2.7336071744532853e-16,0.28804531646689713,0.2880453164668972,0.0,65.69999999999999,0.6000000000000014,0.0,0.0,0.0,65.89999999999999,0.3999999999999986,0.0,0.0,0.0,False,False,False
184,1112156342,1573685486,2,gaussian_plus_delay,CombinedErrorSensor,0.65,0.2,0.1,0.05,True,True,True,True,goal_reached,0.11296237292236504,80.60000000000001,15.32553201550022,15.172108039692631,0.07427597190830486,0.18877587680752747,0.08260465082165235,0.032460327219131134,0.12524376827056483,0.04167217116874441,0.047526744563509686,0.19354565788883324,0.05931719668747908,0.1747739470244387,0.13422086299611322,6.424693015677992,6.424693015677992,0.0,7.983798834038743e-17,2.5018537765542007e-16,0.25660416124105456,0.2566041612410546,0.0,78.5,2.0999999999999996,0.0,0.0,0.0,78.60000000000001,2.0,0.0,0.0,0.0,False,False,False
185,1114021337,631108310,2,gaussian_plus_delay,CombinedErrorSensor,0.65,0.2,0.1,0.05,True,True,True,True,goal_reached,0.14320803842930507,61.7,13.060567360545765,13.075360627864343,0.08010568176993356,0.24132192291329502,0.089405120744224,0.029724107552391358,0.07186477700994784,0.03472028361179937,0.045066807829363544,0.1699498021048873,0.05557711280186248,0.1627482023736159,0.1528535336192058,5.52942388039736,5.52942388039736,0.0,9.173172349125245e-17,1.962615573354719e-16,0.481791062695615,0.481791062695615,0.0,61.7,0.0,0.0,0.0,0.0,61.7,0.0,0.0,0.0,0.0,False,False,False
186,1325414481,1605829894,2,gaussian_plus_delay,CombinedErrorSensor,0.65,0.2,0.1,0.05,False,False,False,False,planning_failure,nan,nan,nan,nan,nan,nan,nan,nan,nan,nan,nan,nan,nan,nan,nan,nan,nan,nan,nan,nan,nan,nan,nan,,,,,,,,,,,,,
187,176961545,636445662,2,gaussian_plus_delay,CombinedErrorSensor,0.65,0.2,0.1,0.05,True,True,True,True,goal_reached,0.10797083885548343,64.5,13.426664324486186,13.416432619997817,0.07954864780524899,0.19795779409987183,0.08712733486450976,0.028431789388834852,0.1102378143928326,0.039589427738053296,0.04729667242854491,0.18877052003788325,0.05990280483547677,0.1840125112657487,0.13465347585345344,5.588408472062925,5.588408472062925,0.0,8.377477022464387e-17,2.5589376332604516e-16,0.2545263436699308,0.25452634366993077,0.0,64.5,0.0,0.0,0.0,0.0,64.3,0.20000000000000284,0.0,0.0,0.0,False,False,False
188,1651782110,4107392115,2,gaussian_plus_delay,CombinedErrorSensor,0.65,0.2,0.1,0.05,False,False,False,False,planning_failure,nan,nan,nan,nan,nan,nan,nan,nan,nan,nan,nan,nan,nan,nan,nan,nan,nan,nan,nan,nan,nan,nan,nan,,,,,,,,,,,,,
189,1779023298,2158193279,2,gaussian_plus_delay,CombinedErrorSensor,0.65,0.2,0.1,0.05,True,True,True,True,goal_reached,0.24643990585719558,73.4,15.149624002569425,15.354682871184243,0.07640046638771836,0.1921576499029975,0.08409082915846022,0.03424726504741243,0.09925954011161035,0.04093301318510616,0.04572319448392048,0.2196514118042618,0.05780730327123558,0.13474344652671033,0.06377662370445064,6.637188859485432,6.637188859485432,0.0,8.212121917580321e-17,2.779024842816778e-16,0.33769038511728383,0.33769038511728383,0.0,72.0,1.4000000000000004,0.0,0.0,0.0,72.1,1.3000000000000007,0.0,0.0,0.0,False,False,False
190,4138237076,785607711,2,gaussian_plus_delay,CombinedErrorSensor,0.65,0.2,0.1,0.05,True,True,True,True,goal_reached,0.12188556633728634,87.60000000000001,18.043175008531563,18.046529000263284,0.07697112733639,0.20123397418180092,0.08522830419568496,0.026701903131174588,0.09183421191967737,0.03290880152515299,0.045549855100515096,0.18815303424889782,0.057266808941836604,0.12112352531374976,0.08015731892449285,7.711997623592457,7.711997623592458,0.0,7.879505455499021e-17,2.830524433501838e-16,0.315431953349105,0.315431953349105,0.0,85.9,1.6999999999999957,0.0,0.0,0.0,85.10000000000001,2.5,0.0,0.0,0.0,False,False,False
191,1190706895,3844410921,2,gaussian_plus_delay,CombinedErrorSensor,0.65,0.2,0.1,0.05,False,False,False,False,planning_failure,nan,nan,nan,nan,nan,nan,nan,nan,nan,nan,nan,nan,nan,nan,nan,nan,nan,nan,nan,nan,nan,nan,nan,,,,,,,,,,,,,
192,1376100548,2023100640,2,gaussian_plus_delay,CombinedErrorSensor,0.65,0.2,0.1,0.05,True,True,True,True,goal_reached,0.16039441710230914,72.4,15.357870289490796,15.301282883292581,0.08275836586266686,0.3570127026137432,0.09021297461082883,0.03514831951249841,0.12781909314513246,0.04438083594571631,0.04456809045130027,0.15643509515168116,0.05510223207323068,0.09641044811085102,0.06373063928717189,6.555353841461735,6.555353841461734,0.0,8.234814087203553e-17,2.830524433501838e-16,0.2574579777843759,0.2574579777843759,0.0,72.4,0.0,0.0,0.0,0.0,72.4,0.0,0.0,0.0,0.0,False,False,False
193,1014721197,1461180214,2,gaussian_plus_delay,CombinedErrorSensor,0.65,0.2,0.1,0.05,True,True,True,True,goal_reached,0.11933689348827767,74.3,14.76891702175481,14.663982391369855,0.08193639545746452,0.255547686155884,0.09042276271351753,0.035957473323412974,0.13659985424355928,0.04552551045093849,0.05073628978239042,0.2453200347262142,0.06261706714099183,0.16932621385863075,0.1287933076152017,6.518130999280448,6.518130999280449,0.0,7.918018910364075e-17,2.5324586304240974e-16,0.3293136381193646,0.32931363811936465,0.0,67.19999999999999,7.1000000000000085,0.0,0.0,0.0,67.2,7.099999999999994,0.0,0.0,0.0,False,False,False
194,1525762871,3126151894,2,gaussian_plus_delay,CombinedErrorSensor,0.65,0.2,0.1,0.05,True,True,True,True,goal_reached,0.09316555743797456,70.3,13.283878842497234,13.247910368410492,0.07155523835851663,0.16852027859692784,0.07895883346256446,0.031658455727466846,0.09191124836371709,0.03985124987227793,0.043856585842710266,0.1833403045710741,0.05412547033482567,0.11903109264364616,0.1291899633331246,5.676337506985346,5.676337506985346,0.0,8.077554740537335e-17,2.2887833992611187e-16,0.27221398338789643,0.27221398338789643,0.0,69.19999999999999,1.1000000000000085,0.0,0.0,0.0,69.0,1.2999999999999972,0.0,0.0,0.0,False,False,False
195,1260217734,1227112746,2,gaussian_plus_delay,CombinedErrorSensor,0.65,0.2,0.1,0.05,True,True,True,True,goal_reached,0.2125699765976855,71.10000000000001,14.718796120948213,14.770189981183925,0.07900859878030736,0.22672912079505833,0.08715725885401604,0.027805101435696703,0.07194327340425559,0.03397944738102141,0.04820095415043332,0.17529618953607767,0.059647190043304786,0.16454695973148253,0.07434532759750859,6.577765335108469,6.577765335108468,0.0,8.394048233873852e-17,2.776424787817943e-16,0.2687652463800908,0.26876524638009086,0.0,64.60000000000001,6.5,0.0,0.0,0.0,64.6,6.500000000000007,0.0,0.0,0.0,False,False,False
196,504774215,3149632713,2,gaussian_plus_delay,CombinedErrorSensor,0.65,0.2,0.1,0.05,True,True,True,True,goal_reached,0.17996765367637585,61.7,13.045744580021594,13.089543290556401,0.08175462147621297,0.2770189873707838,0.09031804108816373,0.029351061630092674,0.08566603402409445,0.03611664162400616,0.045642504836590415,0.27647925532035894,0.05751817624676314,0.1630756211279623,0.12581487448122755,5.2197189211569235,5.2197189211569235,0.0,9.037037117966223e-17,2.8576114088871287e-16,0.4602347879842075,0.4602347879842075,0.0,60.8,0.9000000000000004,0.0,0.0,0.0,60.3,1.4000000000000021,0.0,0.0,0.0,False,False,False
197,1106937606,493780939,2,gaussian_plus_delay,CombinedErrorSensor,0.65,0.2,0.1,0.05,True,True,True,True,goal_reached,0.11760514930025537,67.5,14.963340160356774,14.953263381568368,0.08069085047627267,0.18877880705569944,0.08758087548641547,0.04179020584220832,0.1301373922688823,0.052055002312187536,0.0478996981917252,0.20109721652487952,0.061505462137674695,0.18898749981229565,0.12797067761382055,6.280961056828714,6.280961056828714,0.0,8.793151909064051e-17,2.830524433501838e-16,0.3610841036001107,0.3610841036001107,0.0,67.2,0.29999999999999716,0.0,0.0,0.0,67.1,0.4000000000000057,0.0,0.0,0.0,False,False,False
198,3459676030,3110934484,2,gaussian_plus_delay,CombinedErrorSensor,0.65,0.2,0.1,0.05,True,True,True,True,goal_reached,0.11605931112508751,65.5,13.466583894255555,13.342594643458803,0.07465864485550594,0.17659134200760807,0.08294309606822049,0.03108586443499601,0.1192737359541923,0.04082491650440664,0.04427612211343034,0.18675406311569628,0.0551456382492196,0.17256861960628395,0.11471834429359973,5.423964229138274,5.423964229138274,0.0,8.26793351226923e-17,1.8670653977139892e-16,0.25429009376782985,0.25429009376782974,0.0,65.3,0.20000000000000284,0.0,0.0,0.0,65.5,0.0,0.0,0.0,0.0,False,False,False
199,1781291391,1335936830,2,gaussian_plus_delay,CombinedErrorSensor,0.65,0.2,0.1,0.05,True,True,True,True,goal_reached,0.12195513049341986,79.30000000000001,16.50556863024534,16.617182604734193,0.0775541224609962,0.24351758296544587,0.0855495867416248,0.03357018961535974,0.1161891794846344,0.04214826419812479,0.04231712648919881,0.24306468670957654,0.05177051502541666,0.14992796678376938,0.14305529555267785,7.178754092544249,7.178754092544249,0.0,8.623662026704597e-17,2.7757743935277205e-16,0.2969144103148616,0.29691441031486154,0.0,77.7,1.6000000000000085,0.0,0.0,0.0,77.80000000000001,1.5,0.0,0.0,0.0,False,False,False
200,3523129448,2826415160,2,gaussian_plus_delay,CombinedErrorSensor,0.65,0.2,0.1,0.05,True,True,True,True,goal_reached,0.0965433259968885,79.7,16.290663183247375,16.255544452326337,0.0797034875341006,0.19464543304557233,0.08707392830583885,0.037143750510310575,0.13228548734335646,0.04638881191787784,0.052090089490736985,0.2083751109762617,0.06400091355789725,0.15697908865727073,0.07979517921851649,7.013636261365038,7.013636261365038,0.0,8.255464172075106e-17,2.7894008272968645e-16,0.2890979298759291,0.28909792987592914,0.0,70.8,8.899999999999999,0.0,0.0,0.0,71.2,8.5,0.0,0.0,0.0,False,False,False
201,1124748912,2844255851,2,gaussian_plus_delay,CombinedErrorSensor,0.65,0.2,0.1,0.05,True,True,True,True,goal_reached,0.08894471194421959,67.8,14.069323994142028,13.913784350934923,0.0839678825180661,0.26028948539933533,0.09336480571192601,0.043045940286924544,0.14206003917733537,0.05464289413153644,0.05127615177294181,0.26028948539933533,0.06398202541874011,0.08679671470557174,0.08981593151947811,5.680067572918203,5.680067572918203,0.0,8.406488962036229e-17,2.7928509224031823e-16,0.24344668546214304,0.2434466854621432,0.0,60.4,7.399999999999999,0.0,0.0,0.0,60.8,7.0,0.0,0.0,0.0,False,False,False
202,1766979982,1842838237,2,gaussian_plus_delay,CombinedErrorSensor,0.65,0.2,0.1,0.05,True,True,True,True,goal_reached,0.17536512290819978,72.3,14.098751594107966,14.106522524708334,0.07345785612012748,0.15857523365341947,0.08026741376500031,0.03361726880426057,0.09080776622782628,0.042797768134099454,0.044771061360672,0.17691752527743917,0.056052021952520924,0.17624837471089336,0.11059288614901547,6.119112663473691,6.119112663473691,0.0,8.191987986020212e-17,2.7755575615628914e-16,0.293971926105419,0.293971926105419,0.0,71.39999999999999,0.9000000000000021,0.0,0.0,0.0,71.3,0.9999999999999964,0.0,0.0,0.0,False,False,False
203,1379070658,2045846455,2,gaussian_plus_delay,CombinedErrorSensor,0.65,0.2,0.1,0.05,True,True,True,True,goal_reached,0.1731778113017055,70.9,14.405369274173143,14.441932976327678,0.07776412978703774,0.19670857452670545,0.08556387842132573,0.03840550056270935,0.10841612341130326,0.046250695910124186,0.048719233099104135,0.18202775716463052,0.06125633983253159,0.18446097805516135,0.13447567677725927,6.011756916606328,6.011756916606329,0.0,8.015720538108118e-17,2.306595211858756e-16,0.34909681265835446,0.34909681265835446,0.0,68.9,2.0,0.0,0.0,0.0,69.1,1.8000000000000043,0.0,0.0,0.0,False,False,False
204,902837847,4223214188,2,gaussian_plus_delay,CombinedErrorSensor,0.65,0.2,0.1,0.05,True,True,True,True,goal_reached,0.1662899868263735,73.60000000000001,15.49146470603002,15.418799209155305,0.08047509035980187,0.20875515643404824,0.09006364902047197,0.03853566541662386,0.11976002928973273,0.04831865318497883,0.04934810660956134,0.20391532481684224,0.061722810918031445,0.14821070704316885,0.09144947228065577,6.830857300193747,6.830857300193747,0.0,8.407660760727817e-17,2.9893669801409083e-16,0.335996259632522,0.335996259632522,0.0,71.0,2.6000000000000014,0.0,0.0,0.0,70.9,2.700000000000003,0.0,0.0,0.0,False,False,False
205,2193816033,507685065,2,gaussian_plus_delay,CombinedErrorSensor,0.65,0.2,0.1,0.05,True,True,True,True,goal_reached,0.13142593256443774,63.800000000000004,13.138560739104985,13.126398906578396,0.08239190254008634,0.21020928383051865,0.09133946793215844,0.03258403716105435,0.11906126516932412,0.04217093607642353,0.048381646602580826,0.21274728025216233,0.06194731997096813,0.1270256806814539,0.0497571993561885,5.639310707165169,5.639310707165169,0.0,9.030746158362781e-17,2.7755575615628914e-16,0.31812778562851035,0.3181277856285104,0.0,63.60000000000001,0.19999999999999574,0.0,0.0,0.0,63.300000000000004,0.5,0.0,0.0,0.0,False,False,False
206,829894770,3799876144,2,gaussian_plus_delay,CombinedErrorSensor,0.65,0.2,0.1,0.05,True,True,True,True,goal_reached,0.05934608325620633,60.6,13.06109057187514,12.988905724842105,0.08377441015156913,0.2351694451459228,0.0919163568647394,0.03374212117964845,0.11921751195782856,0.04655708687394871,0.04751865830468506,0.234267177520994,0.05912244047616147,0.1646333569607184,0.11567200840254645,5.595903128316731,5.595903128316732,0.0,9.068729926153729e-17,2.7894008272968645e-16,0.38263480829419305,0.38263480829419305,0.0,60.5,0.10000000000000142,0.0,0.0,0.0,60.400000000000006,0.19999999999999574,0.0,0.0,0.0,False,False,False
207,4130689922,2896272208,2,gaussian_plus_delay,CombinedErrorSensor,0.65,0.2,0.1,0.05,True,True,True,True,goal_reached,0.1767882506833219,84.7,17.132433619936634,17.052515570462354,0.07754692390500945,0.22778326452345735,0.0866464671286603,0.035677027079991264,0.1144622904487953,0.04531703188071833,0.047483126017872065,0.17544134624005314,0.05917678724699315,0.1425073210079821,0.09770834834312063,8.072807526338833,8.072807526338835,0.0,8.141110391441899e-17,2.7833528704240246e-16,0.24636977615227884,0.24636977615227887,0.0,82.8,1.8999999999999986,0.0,0.0,0.0,81.7,2.999999999999993,0.0,0.0,0.0,False,False,False
208,2550648182,2877323974,2,gaussian_plus_delay,CombinedErrorSensor,0.65,0.2,0.1,0.05,True,True,True,True,goal_reached,0.12991510700918393,65.4,13.46086340100548,13.459365241422455,0.0784407446398761,0.18806878381999215,0.08755284853735226,0.025224856627848798,0.11025932441871329,0.03299885925674869,0.04099726154222134,0.18038496835959392,0.05224038008504182,0.1485753737411542,0.08564531281476166,5.633527665593428,5.633527665593428,0.0,8.53295672425853e-17,2.618455766672135e-16,0.3114651831289148,0.31146518312891475,0.0,62.2,3.1999999999999993,0.0,0.0,0.0,61.800000000000004,3.599999999999998,0.0,0.0,0.0,False,False,False
209,4014434589,2002339998,2,gaussian_plus_delay,CombinedErrorSensor,0.65,0.2,0.1,0.05,True,True,True,True,goal_reached,0.16378104938808818,75.0,15.042253468205764,14.943538539952707,0.07424049411462512,0.17837368874450996,0.08076297605291,0.033777465505949254,0.13725528063691975,0.04357783859607354,0.04718097893487731,0.19762601170485328,0.05962789283126302,0.16868587205612334,0.11579493119172746,6.530045046607897,6.530045046607897,0.0,8.051849181142443e-17,2.7755575615628914e-16,0.3874695691622554,0.38746956916225544,0.0,75.0,0.0,0.0,0.0,0.0,75.0,0.0,0.0,0.0,0.0,False,False,False
210,697825325,1529883739,2,gaussian_plus_delay,CombinedErrorSensor,0.65,0.2,0.1,0.05,False,False,False,False,planning_failure,nan,nan,nan,nan,nan,nan,nan,nan,nan,nan,nan,nan,nan,nan,nan,nan,nan,nan,nan,nan,nan,nan,nan,,,,,,,,,,,,,
211,2610880024,3515193591,2,gaussian_plus_delay,CombinedErrorSensor,0.65,0.2,0.1,0.05,True,True,True,True,goal_reached,0.13274761961901593,68.9,13.453679671742867,13.39829431183988,0.07461445930834545,0.1759954865670016,0.08197913902730032,0.03662492688469352,0.1511631278645241,0.04695214101746148,0.04867047811718924,0.17190373562999467,0.06060171948503316,0.11950752919738447,0.07174072080023544,5.705709099714236,5.705709099714237,0.0,7.998269723994949e-17,2.5589376332604516e-16,0.28188631094609,0.28188631094609,0.0,68.9,0.0,0.0,0.0,0.0,68.9,0.0,0.0,0.0,0.0,False,False,False
212,2765976715,3730418815,2,gaussian_plus_delay,CombinedErrorSensor,0.65,0.2,0.1,0.05,True,True,True,True,goal_reached,0.09262638322731216,64.9,13.047517523647873,12.959690571862367,0.07998073054723984,0.20609828237815028,0.08798316087426611,0.03541302411940415,0.14313040391098972,0.044026518014295746,0.04825013783054279,0.188541733315143,0.05959570774945066,0.1988801807247565,0.1413736179792899,5.790580855942932,5.790580855942933,0.0,8.960693531466708e-17,2.5133742693021536e-16,0.24448961549063197,0.24448961549063186,0.0,64.9,0.0,0.0,0.0,0.0,64.9,0.0,0.0,0.0,0.0,False,False,False
213,1522203079,4141194637,2,gaussian_plus_delay,CombinedErrorSensor,0.65,0.2,0.1,0.05,True,True,True,True,goal_reached,0.20231537602205266,66.4,13.307546871142419,13.33026559266788,0.07612194984654559,0.17348121736459604,0.08445317482199491,0.03221061481938615,0.09915724761142677,0.03875977812269501,0.04453712526457311,0.176219171502225,0.05588645315789875,0.08481182557547629,0.023326650560536955,5.643862574003856,5.643862574003856,0.0,8.538888177439544e-17,2.2887833992611187e-16,0.3656649167318006,0.3656649167318006,0.0,63.5,2.900000000000002,0.0,0.0,0.0,63.400000000000006,2.9999999999999947,0.0,0.0,0.0,False,False,False
214,844180384,4213348376,2,gaussian_plus_delay,CombinedErrorSensor,0.65,0.2,0.1,0.05,True,True,True,True,goal_reached,0.17662544168155858,93.80000000000001,18.1126146900571,17.973222277031127,0.07374537807301748,0.22084546787448076,0.08161058074415875,0.04686994762884008,0.16944682257202773,0.06001640425421008,0.05372017869188082,0.25929304140226395,0.06996278063314713,0.061588699133442164,0.0,8.179571621044389,8.179571621044389,0.0,7.646826675246599e-17,2.776424787817943e-16,0.2982844103320002,0.2982844103320002,0.0,82.39999999999999,11.400000000000011,0.0,0.0,0.0,83.60000000000001,10.199999999999996,0.0,0.0,0.0,False,False,False
215,2770669953,565027956,2,gaussian_plus_delay,CombinedErrorSensor,0.65,0.2,0.1,0.05,True,True,True,True,goal_reached,0.10733523355860404,72.60000000000001,13.751236585858358,13.70498229696073,0.07490860350258746,0.2016852748072486,0.08303073328312188,0.027906803149006492,0.10477021809295499,0.03567038172331843,0.04717017227768344,0.1924326003264145,0.059513026437819055,0.4669089991230333,0.4389752461616734,5.909288325087074,5.909288325087074,0.0,7.703727547759099e-17,2.7894008272968645e-16,0.24479441381701972,0.24479441381701977,0.0,72.60000000000001,0.0,0.0,0.0,0.0,72.60000000000001,0.0,0.0,0.0,0.0,False,False,False
216,752442399,2170143469,2,gaussian_plus_delay,CombinedErrorSensor,0.65,0.2,0.1,0.05,True,True,True,True,goal_reached,0.19964664183614098,71.7,13.973745468649778,13.99544247909519,0.07581143252961546,0.19111361525737725,0.08290130307332425,0.033941819128908014,0.09210729962747509,0.04063199082004596,0.04745955611654024,0.18554876090230965,0.05868974352877614,0.1328982663596068,0.09406394882199061,6.349798304916423,6.349798304916423,0.0,7.983859302583115e-17,2.779024842816778e-16,0.3338253987213179,0.3338253987213179,0.0,71.7,0.0,0.0,0.0,0.0,71.7,0.0,0.0,0.0,0.0,False,False,False
217,2836585270,2438147499,2,gaussian_plus_delay,CombinedErrorSensor,0.65,0.2,0.1,0.05,True,True,True,True,goal_reached,0.1381149231589937,66.2,14.143519182836645,14.21028434414931,0.0776544411253667,0.19975431193804996,0.08535707090561707,0.03858909227102141,0.12681488801841173,0.04830773104990872,0.04742288995980536,0.22832758501626332,0.06074327475060032,0.0645244986631764,0.07886969441736563,6.216438998048722,6.216438998048723,0.0,8.863513471935197e-17,2.8609792490763985e-16,0.36185724814743436,0.3618572481474345,0.0,66.2,0.0,0.0,0.0,0.0,66.2,0.0,0.0,0.0,0.0,False,False,False
218,1258152814,4150384163,2,gaussian_plus_delay,CombinedErrorSensor,0.65,0.2,0.1,0.05,True,True,True,True,goal_reached,0.0895314427870013,67.0,13.476933450491712,13.496712451705369,0.07715282924680572,0.24050469548928366,0.0867080907414665,0.02963974491190043,0.088625653760576,0.03662979870900344,0.041676877591784914,0.16382267230123257,0.051640173114389225,0.43966097296689594,0.36628838091076615,5.454187468562771,5.454187468562771,0.0,8.652686786520521e-17,2.7894008272968645e-16,0.3973969024720862,0.3973969024720863,0.0,62.699999999999996,4.3,0.0,0.0,0.0,63.3,3.7000000000000006,0.0,0.0,0.0,False,False,False
219,1025412693,1539643235,2,gaussian_plus_delay,CombinedErrorSensor,0.65,0.2,0.1,0.05,True,True,True,True,goal_reached,0.17438915667503146,63.6,13.330537602475271,13.35770240346671,0.07480618493596143,0.2004147490545586,0.08350654248443283,0.030858953851629446,0.09390081828801046,0.0384283096686735,0.04401220232251733,0.19917035141970643,0.05529448578009945,0.14722915468530215,0.09061747029866929,5.43720413729241,5.43720413729241,0.0,8.55477362205904e-17,2.7755575615628914e-16,0.3089128393805438,0.3089128393805438,0.0,62.1,1.5,0.0,0.0,0.0,61.8,1.8000000000000043,0.0,0.0,0.0,False,False,False
220,752715902,488982456,2,gaussian_plus_delay,CombinedErrorSensor,0.65,0.2,0.1,0.05,True,True,True,True,goal_reached,0.16411421385545774,85.10000000000001,17.305081489858317,17.26116821159539,0.08200078839917209,0.20852057507294436,0.08928029041591852,0.031623011892952656,0.0958911212117363,0.03867650836498376,0.04430360400216668,0.19136920497497756,0.05421685326764625,0.1799749907009689,0.11277634104489831,7.42466042031859,7.42466042031859,0.0,8.153035736273157e-17,2.779024842816778e-16,0.329639986910325,0.32963998691032514,0.0,82.80000000000001,2.299999999999997,0.0,0.0,0.0,82.50000000000001,2.5999999999999943,0.0,0.0,0.0,False,False,False
221,512319883,815337352,2,gaussian_plus_delay,CombinedErrorSensor,0.65,0.2,0.1,0.05,True,True,True,True,goal_reached,0.13673958230120034,67.10000000000001,13.740424360662931,13.651635646959244,0.07552646475836833,0.19304846456890884,0.08360742786362876,0.036193930843178394,0.10133598530016637,0.04502095964313717,0.04503532469814792,0.17821182498455831,0.05559105725352337,0.18466857915947155,0.12405251278944847,5.853517666438609,5.853517666438609,0.0,8.395758782500034e-17,2.7894008272968645e-16,0.2731869749973084,0.2731869749973083,0.0,67.10000000000001,0.0,0.0,0.0,0.0,67.10000000000001,0.0,0.0,0.0,0.0,False,False,False
222,4032067323,2635905015,2,gaussian_plus_delay,CombinedErrorSensor,0.65,0.2,0.1,0.05,True,True,True,True,goal_reached,0.09207289535001754,64.5,13.466251817964256,13.379496867179844,0.07889662483230765,0.2251388879438175,0.0873831039678828,0.039834960030412786,0.08992843186345531,0.04653884325071043,0.04839686907479994,0.17183967486290908,0.05969995636277059,0.2179165271027628,0.16700128762176628,6.03088368203661,6.0308836820366105,0.0,8.802664424113319e-17,2.498001805406602e-16,0.3412338028716266,0.3412338028716266,0.0,64.5,0.0,0.0,0.0,0.0,64.5,0.0,0.0,0.0,0.0,False,False,False
223,2154464537,4206247815,2,gaussian_plus_delay,CombinedErrorSensor,0.65,0.2,0.1,0.05,False,False,False,False,planning_failure,nan,nan,nan,nan,nan,nan,nan,nan,nan,nan,nan,nan,nan,nan,nan,nan,nan,nan,nan,nan,nan,nan,nan,,,,,,,,,,,,,
224,382400512,3995035099,2,gaussian_plus_delay,CombinedErrorSensor,0.65,0.2,0.1,0.05,True,True,True,True,goal_reached,0.06830004513500654,86.0,17.86883602653645,17.875953428321697,0.08107923827716186,0.2006206238818519,0.08858216590756557,0.044223955712900505,0.12492829265495306,0.05397586705776089,0.04752680269507999,0.16708991113416655,0.058600822384882754,0.15135178789072068,0.10448342199982452,7.399955645004894,7.399955645004895,0.0,8.451212821178094e-17,2.8066088919804617e-16,0.28141567687755553,0.28141567687755564,0.0,78.39999999999999,7.599999999999998,0.0,0.0,0.0,79.0,6.999999999999998,0.0,0.0,0.0,False,False,False
225,3055466972,3734794692,2,gaussian_plus_delay,CombinedErrorSensor,0.65,0.2,0.1,0.05,True,True,True,True,goal_reached,0.1532953999976587,64.9,13.092388242721892,13.098841314891363,0.07846416041018937,0.2120729882846298,0.08647255979694723,0.035046188122580556,0.12222879274788287,0.042273806472784795,0.04774080314446387,0.1868322176864573,0.060494060491036734,0.4905181531354969,0.42560430011688655,5.5544020388440245,5.554402038844024,0.0,8.441694006857991e-17,1.962615573354719e-16,0.30389271673246077,0.30389271673246077,0.0,64.2,0.7000000000000028,0.0,0.0,0.0,64.2,0.7000000000000002,0.0,0.0,0.0,False,False,False
226,3193199788,634261231,2,gaussian_plus_delay,CombinedErrorSensor,0.65,0.2,0.1,0.05,True,True,True,True,goal_reached,0.1633449584057486,74.10000000000001,14.070809365836556,14.162857105038581,0.06976202259013077,0.18201562653597717,0.07744712508085212,0.030638546633301594,0.10414605763179459,0.03905758891051754,0.044473366777517745,0.18860129055204608,0.0570483405269483,0.12930501877856015,0.109568805281074,6.144254976664341,6.1442549766643415,0.0,7.860424212855897e-17,2.797157557069881e-16,0.2960995863137613,0.2960995863137613,0.0,68.7,5.399999999999999,0.0,0.0,0.0,68.8,5.300000000000004,0.0,0.0,0.0,False,False,False
227,2535396865,501233337,2,gaussian_plus_delay,CombinedErrorSensor,0.65,0.2,0.1,0.05,True,True,True,True,goal_reached,0.17029041419143695,65.5,13.92742072557385,13.954527776631789,0.0800512301305534,0.21145074243108677,0.08875114760720243,0.0368651619101811,0.11886540889902068,0.04570108433760809,0.045679205017945056,0.1736291338996988,0.05750609033512443,0.19707934037152683,0.12209432189179026,5.638641802354717,5.638641802354718,0.0,8.629105429940203e-17,2.7894008272968645e-16,0.2630818516068148,0.2630818516068149,0.0,65.5,0.0,0.0,0.0,0.0,65.5,0.0,0.0,0.0,0.0,False,False,False
228,80660561,973294536,2,gaussian_plus_delay,CombinedErrorSensor,0.65,0.2,0.1,0.05,True,True,True,True,goal_reached,0.1396643947527547,63.5,13.314098340757038,13.286744230430434,0.07953459096166825,0.19510119483265626,0.0869985069358964,0.02764259551979523,0.0904834719356296,0.03507977827513257,0.0421144051543662,0.1682136121083866,0.05373859204979938,0.1710197662703377,0.1444393459231187,5.435409475149308,5.435409475149308,0.0,8.941651112458634e-17,2.5133742693021536e-16,0.25710391492631185,0.25710391492631185,0.0,60.8,2.7000000000000024,0.0,0.0,0.0,60.4,3.100000000000002,0.0,0.0,0.0,False,False,False
229,800819641,3241945518,2,gaussian_plus_delay,CombinedErrorSensor,0.65,0.2,0.1,0.05,True,True,True,True,goal_reached,0.17546453783137317,63.7,13.10443630050043,13.167858548544773,0.07828904698234557,0.2100130020203093,0.0869277466328297,0.027988313187053474,0.12649129207398643,0.03702669214339519,0.044210138793631365,0.1657583010425933,0.05437147456875086,0.061973374820467206,0.05793434787187213,5.421541424546841,5.421541424546841,0.0,8.636662807871562e-17,1.962615573354719e-16,0.2754810871714901,0.27548108717149006,0.0,63.7,0.0,0.0,0.0,0.0,63.7,0.0,0.0,0.0,0.0,False,False,False
230,2410070537,1887917039,2,gaussian_plus_delay,CombinedErrorSensor,0.65,0.2,0.1,0.05,True,True,True,True,goal_reached,0.1456640547370761,74.8,15.23732925755822,15.310756887408678,0.07403783632736183,0.20483508299727052,0.08153353786975126,0.029899690625521863,0.11949112232862902,0.039652947004984854,0.043678493300180754,0.18423937149676964,0.05482618263518856,0.13050887767137187,0.10296532525769746,6.905391361802296,6.905391361802296,0.0,8.12913704599976e-17,2.7894008272968645e-16,0.31928669471193677,0.31928669471193677,0.0,74.8,0.0,0.0,0.0,0.0,74.8,0.0,0.0,0.0,0.0,False,False,False
231,1574677147,1569186631,2,gaussian_plus_delay,CombinedErrorSensor,0.65,0.2,0.1,0.05,True,True,True,True,goal_reached,0.06217163186367387,63.1,13.224722030700768,13.04121839707117,0.08487710810841835,0.2239662725075098,0.0935154250722492,0.04218625914052129,0.14251243781643133,0.05250164864930538,0.05360975003062309,0.2480706851439142,0.0676355611525126,0.14097658084525902,0.08709898640412916,5.852281738535245,5.852281738535245,0.0,8.801290426433478e-17,2.8066088919804617e-16,0.4070470354685125,0.40704703546851256,0.0,59.599999999999994,3.5000000000000036,0.0,0.0,0.0,59.4,3.700000000000001,0.0,0.0,0.0,False,False,False
232,2426998121,1979405758,2,gaussian_plus_delay,CombinedErrorSensor,0.65,0.2,0.1,0.05,True,True,True,True,goal_reached,0.14670855068777383,64.4,13.993732039192807,14.041849662058084,0.08821068823821876,0.21048473484157196,0.09808388831572,0.03129698519375623,0.10240274420154752,0.039005987889808136,0.0461254990826346,0.1842710079733194,0.05859649928072329,0.14361067632041127,0.14452410098327606,5.9723024083119265,5.9723024083119265,0.0,9.050928075041378e-17,2.786162483075207e-16,0.419066385663986,0.41906638566398596,0.0,64.4,0.0,0.0,0.0,0.0,64.3,0.09999999999999964,0.0,0.0,0.0,False,False,False
233,4113121730,182882604,2,gaussian_plus_delay,CombinedErrorSensor,0.65,0.2,0.1,0.05,True,True,True,True,goal_reached,0.14469264137255505,67.10000000000001,13.134274155941254,13.21127805242146,0.0785433409361456,0.1990354512048332,0.08638582768508965,0.029818162870393378,0.10886214894028794,0.03890452938136433,0.04458957535093976,0.15044217497489595,0.05549279320807989,0.11557091834369855,0.0816818359888175,5.6025333866504194,5.6025333866504194,0.0,8.540036240131112e-17,2.2887833992611187e-16,0.3435761771741314,0.34357617717413136,0.0,67.10000000000001,0.0,0.0,0.0,0.0,66.7,0.3999999999999986,0.0,0.0,0.0,False,False,False
234,4132313933,1628314587,2,gaussian_plus_delay,CombinedErrorSensor,0.65,0.2,0.1,0.05,True,True,True,True,goal_reached,0.14138485632863546,73.60000000000001,13.846813255242829,13.820146930360954,0.07201357113150737,0.19208303983929292,0.08035106102362852,0.03935992571390866,0.11285939698786845,0.047749793926873056,0.05295095882407757,0.19189680897806494,0.06562513859718991,0.12222272504058515,0.09733965766259445,6.122390430908279,6.122390430908279,0.0,8.03570544731211e-17,2.7833528704240246e-16,0.2608522651625583,0.2608522651625582,0.0,71.5,2.0999999999999996,0.0,0.0,0.0,71.7,1.9000000000000004,0.0,0.0,0.0,False,False,False
235,4121474858,3718346006,2,gaussian_plus_delay,CombinedErrorSensor,0.65,0.2,0.1,0.05,True,True,True,True,goal_reached,0.2074225505156244,72.2,14.575275087865297,14.678794607725276,0.07783678005588736,0.20688631412388392,0.08573810883529517,0.0356644148727723,0.09739870414789564,0.042972432990468996,0.04285595464263592,0.16575405446418934,0.05352106316227093,0.11341911438373108,0.12341814168792217,6.6171217871037395,6.6171217871037395,0.0,8.431561390974804e-17,2.7809732887839817e-16,0.26448172876732945,0.2644817287673294,0.0,72.2,0.0,0.0,0.0,0.0,72.2,0.0,0.0,0.0,0.0,False,False,False
236,1749518471,4218670630,2,gaussian_plus_delay,CombinedErrorSensor,0.65,0.2,0.1,0.05,True,True,True,True,goal_reached,0.09527638315827147,62.0,12.920583665726378,12.98488205452668,0.07548729561995994,0.18952246532602096,0.08346239236898013,0.02769790690359243,0.08559845099239585,0.03421631317618436,0.03892735791770774,0.16463533244350514,0.04800076245901373,0.12217834630506211,0.08146511692171343,5.310707082803909,5.3107070828039085,0.0,9.311959465750331e-17,2.3263411494723067e-16,0.29979995516601116,0.29979995516601116,0.0,60.4,1.5999999999999996,0.0,0.0,0.0,60.099999999999994,1.9000000000000004,0.0,0.0,0.0,False,False,False
237,2050407800,812743304,2,gaussian_plus_delay,CombinedErrorSensor,0.65,0.2,0.1,0.05,True,True,True,True,goal_reached,0.19737880762708246,74.4,15.541036233762796,15.41625073858059,0.0806810765660705,0.2366242190395627,0.0888683233227648,0.041724760631732916,0.12931402293164512,0.05066181233673899,0.05426285974166399,0.22336952553573938,0.06760994886673256,0.14170259058688184,0.0746461626681354,6.7850667227889865,6.785066722788987,0.0,8.613358936985223e-17,2.7894008272968645e-16,0.36142126218559056,0.36142126218559056,0.0,66.30000000000001,8.099999999999994,0.0,0.0,0.0,65.80000000000003,8.599999999999987,0.0,0.0,0.0,False,False,False
238,2768454339,1065980605,2,gaussian_plus_delay,CombinedErrorSensor,0.65,0.2,0.1,0.05,True,True,True,True,goal_reached,0.13097601722034888,74.4,14.729246117122312,14.6379568811643,0.07638036264865716,0.19469029910363347,0.08466404597107816,0.038028788963547104,0.1273928511791895,0.04801732286188701,0.05056549691733433,0.18229806316879038,0.06421372830500162,0.3685714088008976,0.30354899714480055,6.387201341848045,6.387201341848045,0.0,7.973070636002401e-17,2.776424787817943e-16,0.3036118671303244,0.3036118671303244,0.0,74.3,0.10000000000000142,0.0,0.0,0.0,74.2,0.20000000000000284,0.0,0.0,0.0,False,False,False
239,3941405442,1484742440,2,gaussian_plus_delay,CombinedErrorSensor,0.65,0.2,0.1,0.05,False,False,False,False,planning_failure,nan,nan,nan,nan,nan,nan,nan,nan,nan,nan,nan,nan,nan,nan,nan,nan,nan,nan,nan,nan,nan,nan,nan,,,,,,,,,,,,,
240,3869716259,3573157605,2,gaussian_plus_delay,CombinedErrorSensor,0.65,0.2,0.1,0.05,True,True,True,True,goal_reached,0.13198799124333124,63.5,13.202069340944146,13.135856850000971,0.08241672035580937,0.18755577314300045,0.09015991828354815,0.03349207243619257,0.09261078977392347,0.03992258675523345,0.04743260547686555,0.1738501987965985,0.05809501259668563,0.20016895568203585,0.1695742223762462,5.642989375181379,5.642989375181379,0.0,8.917531518630992e-17,1.962615573354719e-16,0.2955008069769837,0.29550080697698367,0.0,63.4,0.10000000000000142,0.0,0.0,0.0,63.4,0.09999999999999964,0.0,0.0,0.0,False,False,False
241,766761893,701999192,2,gaussian_plus_delay,CombinedErrorSensor,0.65,0.2,0.1,0.05,True,True,True,True,goal_reached,0.12102681946073711,62.7,13.418230325448672,13.360835878066126,0.0819651634089608,0.2140447478350979,0.08972195665086403,0.03280644466953785,0.11753757738580284,0.041142090865761136,0.04329008299482972,0.17395258410481615,0.05401341904492371,0.47212578150468865,0.42509045715991617,5.433822773215956,5.433822773215956,0.0,8.84915539384875e-17,2.779024842816778e-16,0.40623011318457775,0.40623011318457775,0.0,62.7,0.0,0.0,0.0,0.0,62.7,0.0,0.0,0.0,0.0,False,False,False
242,3654324957,1543357433,2,gaussian_plus_delay,CombinedErrorSensor,0.65,0.2,0.1,0.05,True,True,True,True,goal_reached,0.20176986200378033,68.9,14.029559285524176,14.17849097736288,0.07766497024162192,0.20086568130594015,0.08669019574704633,0.026862885526333785,0.08762404671069333,0.03365081859768225,0.04212424565514519,0.14957461971153066,0.05169439454321042,0.13397210598819348,0.07637139347490857,5.895351894699221,5.895351894699222,0.0,8.373173465088562e-17,2.779024842816778e-16,0.2901277789306377,0.2901277789306377,0.0,67.10000000000001,1.7999999999999972,0.0,0.0,0.0,67.1,1.8000000000000114,0.0,0.0,0.0,False,False,False
243,3055384314,3837704628,2,gaussian_plus_delay,CombinedErrorSensor,0.65,0.2,0.1,0.05,True,True,True,True,goal_reached,0.1242392033851071,81.10000000000001,17.32111645005749,17.275009154375518,0.08439385064343283,0.19789574719262967,0.09120612682240127,0.03442708761427802,0.11715191276514765,0.04344949933563945,0.04570666047619675,0.20366618382149138,0.05712556186664483,0.19367335207249634,0.15625985621594143,7.427551522800316,7.427551522800317,0.0,8.608084202201187e-17,2.779024842816778e-16,0.2456681004620739,0.24566810046207402,0.0,74.4,6.700000000000003,0.0,0.0,0.0,74.2,6.900000000000006,0.0,0.0,0.0,False,False,False
244,1392087708,763274201,2,gaussian_plus_delay,CombinedErrorSensor,0.65,0.2,0.1,0.05,True,True,True,True,goal_reached,0.2311943747141831,79.7,15.665090951457392,15.756547573393876,0.07900694451378938,0.25045732355641476,0.0878646907630759,0.041274721269495364,0.12060511536568619,0.04967775822062623,0.050420610677651474,0.2504445727311094,0.06112322982737575,0.15142024557712291,0.10339132493031045,6.660386473313603,6.6603864733136025,0.0,7.712792854839758e-17,2.7894008272968645e-16,0.27940774752255965,0.27940774752255965,0.0,79.0,0.7000000000000028,0.0,0.0,0.0,79.4,0.29999999999999716,0.0,0.0,0.0,False,False,False
245,3206700546,809877950,2,gaussian_plus_delay,CombinedErrorSensor,0.65,0.2,0.1,0.05,True,True,True,True,goal_reached,0.16443081711046115,68.7,13.643982145582129,13.558149870734301,0.08314928535146686,0.23670778211665539,0.09108172887840724,0.042286109025894,0.12188791952238485,0.052218586093439746,0.04794927862434106,0.1860465850362618,0.0608119291294181,0.18957710960683452,0.17753533663104637,5.699591281499688,5.699591281499689,0.0,8.526228906788232e-17,2.7755575615628914e-16,0.2715863989985672,0.2715863989985673,0.0,68.5,0.1999999999999993,0.0,0.0,0.0,68.39999999999999,0.3000000000000007,0.0,0.0,0.0,False,False,False
246,3528407741,3617959806,2,gaussian_plus_delay,CombinedErrorSensor,0.65,0.2,0.1,0.05,True,True,True,True,goal_reached,0.08674567937525994,62.1,13.121856571341187,13.006859889575384,0.08448371757559481,0.23537256428804904,0.09259270385077456,0.03303165309849814,0.11215777581519998,0.04130267457480741,0.04761688448055853,0.22757366158775844,0.05994663235440154,0.2999200999139953,0.29087027816279926,5.551997877085428,5.551997877085428,0.0,9.059464356143939e-17,3.1031676915590914e-16,0.24087911749348917,0.24087911749348917,0.0,62.1,0.0,0.0,0.0,0.0,62.1,0.0,0.0,0.0,0.0,False,False,False
247,2475004145,54769133,2,gaussian_plus_delay,CombinedErrorSensor,0.65,0.2,0.1,0.05,True,True,True,True,goal_reached,0.18208849760668785,87.5,18.357290863170793,18.302116546267396,0.07758505132080053,0.21517854100529,0.08623739079628194,0.034767083544397955,0.16858734427178343,0.04451365746732284,0.04635813418122691,0.22128570978477244,0.05989243636084096,0.13723613377373003,0.08569548864514684,7.6497245230443225,7.649724523044322,0.0,8.665137209690988e-17,2.8066088919804617e-16,0.23654880900744396,0.236548809007444,0.0,85.7,1.79999999999999,0.0,0.0,0.0,85.8,1.7000000000000028,0.0,0.0,0.0,False,False,False
248,250102834,10777752,2,gaussian_plus_delay,CombinedErrorSensor,0.65,0.2,0.1,0.05,True,True,True,True,goal_reached,0.1387883682917544,62.900000000000006,13.596389203747055,13.514239941134269,0.07927239654792163,0.18335405526831874,0.08726132638593763,0.041432881030142726,0.11494325877854601,0.05311372731155221,0.05209754887636664,0.19898746810755968,0.06594167558157038,0.11451504573109902,0.0688056920829796,6.085798591426482,6.085798591426482,0.0,8.548950120654506e-17,2.7755575615628914e-16,0.23810684349393316,0.23810684349393313,0.0,62.900000000000006,0.0,0.0,0.0,0.0,62.900000000000006,0.0,0.0,0.0,0.0,False,False,False
249,1567656518,446596209,2,gaussian_plus_delay,CombinedErrorSensor,0.65,0.2,0.1,0.05,True,True,True,True,goal_reached,0.1812695705328608,66.9,13.293127111069229,13.356883257669457,0.07280099257179637,0.18308718380476108,0.08060989643249925,0.03138804064116605,0.11541719292962255,0.04130162484605106,0.040231727725103944,0.15298447153940392,0.05088699668175112,0.054855628912802365,0.06620445437022311,5.504449425094975,5.504449425094976,0.0,8.530883443648795e-17,2.7894008272968645e-16,0.2923810781744605,0.2923810781744605,0.0,66.5,0.40000000000000036,0.0,0.0,0.0,66.3,0.6000000000000014,0.0,0.0,0.0,False,False,False
250,1370524627,2884711889,2,gaussian_plus_delay,CombinedErrorSensor,0.65,0.2,0.1,0.05,True,True,True,True,goal_reached,0.1194833567024743,74.3,14.614935298391451,14.493460864516587,0.07556910115279297,0.22272134411099662,0.08460867859462733,0.034022647288423837,0.10077991182091767,0.04115583526252758,0.04485407807061898,0.21945325379230432,0.055413005056611196,0.178761022443733,0.10505655718536244,6.400424985671103,6.400424985671102,0.0,8.272769596949568e-17,2.7894008272968645e-16,0.3303514166790122,0.3303514166790122,0.0,73.8,0.5,0.0,0.0,0.0,74.3,0.0,0.0,0.0,0.0,False,False,False
251,3235678144,3559111741,2,gaussian_plus_delay,CombinedErrorSensor,0.65,0.2,0.1,0.05,True,True,True,True,goal_reached,0.13307745209245347,74.7,14.926810415963953,14.979637692289753,0.07838539048166962,0.2084150419785607,0.08616245752873748,0.032168299248386524,0.08327147624037326,0.03912384652443359,0.047700487178520594,0.15294528819475461,0.0583025934269009,0.15548358275602397,0.07142919217512027,6.433542303368616,6.4335423033686165,0.0,8.031230500817479e-17,2.779024842816778e-16,0.30201740478610123,0.30201740478610123,0.0,74.7,0.0,0.0,0.0,0.0,74.7,0.0,0.0,0.0,0.0,False,False,False
252,4069850,2347762154,2,gaussian_plus_delay,CombinedErrorSensor,0.65,0.2,0.1,0.05,True,True,True,True,goal_reached,0.10046146010841299,67.0,13.718058976460153,13.544530978833622,0.08243103682920286,0.18878763341864863,0.09051749179143703,0.041380395604983994,0.10760392262332807,0.050418596409209725,0.05461770585201071,0.1866001837598516,0.06749352441150885,0.22369638488078525,0.2231772757094568,6.465454981253296,6.465454981253297,0.0,8.513919794683809e-17,2.220446049250313e-16,0.2596845457619693,0.25968454576196937,0.0,67.0,0.0,0.0,0.0,0.0,67.0,0.0,0.0,0.0,0.0,False,False,False
253,971320180,4027294110,2,gaussian_plus_delay,CombinedErrorSensor,0.65,0.2,0.1,0.05,True,True,True,True,goal_reached,0.1412370695107536,70.8,14.79378241790975,14.813258907597586,0.07741399491297958,0.2347573946535863,0.08557681035746705,0.035760415192448956,0.1072552457690653,0.043839899739813726,0.048620305463226134,0.20449210055938666,0.0615428841067561,0.10048753244967343,0.09383701147644552,5.939639730988379,5.939639730988379,0.0,8.267894926541282e-17,2.779024842816778e-16,0.39278777603708337,0.3927877760370833,0.0,70.19999999999999,0.6000000000000014,0.0,0.0,0.0,70.19999999999999,0.6000000000000014,0.0,0.0,0.0,False,False,False
254,2099617389,1438848757,2,gaussian_plus_delay,CombinedErrorSensor,0.65,0.2,0.1,0.05,True,True,True,True,goal_reached,0.07090982043681152,75.0,16.044911529728516,15.880565843125867,0.08041742517745488,0.23208439015716897,0.08919156514442775,0.035528474634343644,0.13636827995815132,0.04640604252242432,0.046667689393266945,0.2070438523710912,0.059888216847506774,0.19155309777771112,0.13786100165754012,6.966550115400073,6.966550115400074,0.0,9.083554682598695e-17,2.8609792490763985e-16,0.3315899696881175,0.33158996968811744,0.0,73.19999999999999,1.8000000000000007,0.0,0.0,0.0,73.0,2.0,0.0,0.0,0.0,False,False,False
255,697894123,2229103892,2,gaussian_plus_delay,CombinedErrorSensor,0.65,0.2,0.1,0.05,True,True,True,True,goal_reached,0.13126405404179198,80.4,16.741437034160565,16.705032329484126,0.07738219001722887,0.22127514618349192,0.085835854324081,0.03203634728699242,0.11320888931050632,0.040889887138421205,0.04359612207855363,0.20189692103177492,0.05597440276685988,0.19099726493184477,0.08562832112745156,7.248148874268674,7.248148874268674,0.0,8.478600114372408e-17,2.7894008272968645e-16,0.26017588076384657,0.26017588076384657,0.0,70.9,9.499999999999996,0.0,0.0,0.0,70.69999999999999,9.70000000000001,0.0,0.0,0.0,False,False,False
256,2312331451,3874631184,2,gaussian_plus_delay,CombinedErrorSensor,0.65,0.2,0.1,0.05,True,True,True,True,goal_reached,0.1637938152425214,61.7,13.226363383894727,13.270933440555947,0.07795660664433597,0.19003640110248413,0.0855699781747318,0.028951303509455222,0.10246761291516908,0.035456783288701936,0.04598175046635479,0.2185102611798529,0.05741741327131874,0.14709472031805546,0.10628501711409459,5.22796958975301,5.227969589753009,0.0,8.798144982306287e-17,2.897767167584095e-16,0.31153383236667026,0.31153383236667026,0.0,61.7,0.0,0.0,0.0,0.0,61.7,0.0,0.0,0.0,0.0,False,False,False
257,915480018,4151120313,2,gaussian_plus_delay,CombinedErrorSensor,0.65,0.2,0.1,0.05,False,False,False,False,planning_failure,nan,nan,nan,nan,nan,nan,nan,nan,nan,nan,nan,nan,nan,nan,nan,nan,nan,nan,nan,nan,nan,nan,nan,,,,,,,,,,,,,
258,3229257819,646055159,2,gaussian_plus_delay,CombinedErrorSensor,0.65,0.2,0.1,0.05,True,True,True,True,goal_reached,0.15640798253248728,76.2,15.017283877925776,15.001164885457579,0.07322897174424596,0.19666674629697742,0.0809457427146839,0.030797387101741104,0.09162765623055602,0.03741972363360613,0.041676443340281914,0.20558909091151456,0.05283171191790523,0.13973849734093832,0.10043203958088856,6.307187414355131,6.307187414355132,0.0,8.460700759306075e-17,2.7755575615628914e-16,0.27284025793954253,0.2728402579395426,0.0,73.9,2.299999999999997,0.0,0.0,0.0,74.2,2.0,0.0,0.0,0.0,False,False,False
259,375716469,3308732160,2,gaussian_plus_delay,CombinedErrorSensor,0.65,0.2,0.1,0.05,True,True,True,True,goal_reached,0.13210054909118546,68.4,13.832001535336518,13.808015363051544,0.07490009845337058,0.165425460400196,0.08213752121317434,0.03603732895130714,0.12153617999036297,0.045218378521872486,0.04671802428315065,0.18657240976391462,0.05810835718269096,0.1782283890090913,0.16301294512368392,5.843729558038149,5.843729558038148,0.0,8.378404052593237e-17,2.777508439858666e-16,0.3591879816794043,0.3591879816794043,0.0,68.4,0.0,0.0,0.0,0.0,68.4,0.0,0.0,0.0,0.0,False,False,False
260,4187386334,184584446,2,gaussian_plus_delay,CombinedErrorSensor,0.65,0.2,0.1,0.05,False,False,False,False,planning_failure,nan,nan,nan,nan,nan,nan,nan,nan,nan,nan,nan,nan,nan,nan,nan,nan,nan,nan,nan,nan,nan,nan,nan,,,,,,,,,,,,,
261,2388139156,3812305768,2,gaussian_plus_delay,CombinedErrorSensor,0.65,0.2,0.1,0.05,True,True,True,True,goal_reached,0.17603237484280898,64.60000000000001,13.778632360886448,13.786087654625597,0.08308864599542325,0.18446170196755746,0.09037020412526027,0.03360997060987867,0.10658115313000557,0.042183765184604566,0.05254901711471861,0.1902829820069848,0.06415279248888899,0.11210899205485428,0.07205659986643856,5.996728231422786,5.996728231422786,0.0,8.7387892794003e-17,2.897767167584095e-16,0.3559667373426832,0.3559667373426832,0.0,64.60000000000001,0.0,0.0,0.0,0.0,64.60000000000001,0.0,0.0,0.0,0.0,False,False,False
262,453140449,4267112886,2,gaussian_plus_delay,CombinedErrorSensor,0.65,0.2,0.1,0.05,True,True,True,True,goal_reached,0.15769121261438293,68.4,14.284574107607964,14.227816075446237,0.08551555432845846,0.18852601689609022,0.09304273643417815,0.03716345494923686,0.10554642098920897,0.04712456105195115,0.05006964278359936,0.2029637562465918,0.06311397443073644,0.5306608717958046,0.4463888331650352,6.172670998455555,6.172670998455555,0.0,8.640780440062832e-17,2.5324586304240974e-16,0.2603760355824158,0.2603760355824158,0.0,68.2,0.20000000000000107,0.0,0.0,0.0,67.9,0.5,0.0,0.0,0.0,False,False,False
263,3455058573,1492825667,2,gaussian_plus_delay,CombinedErrorSensor,0.65,0.2,0.1,0.05,True,True,True,True,goal_reached,0.11867384507922557,68.5,13.426327681385235,13.315393502418189,0.07309280805074515,0.3156094002127864,0.082079568096777,0.03171220308352032,0.10406050614579489,0.04024508206460637,0.04746871913118624,0.3145945673863427,0.06191714464012834,0.17529092089890902,0.08963038038621732,6.037043820442716,6.037043820442715,0.0,8.600169060521492e-17,2.498001805406602e-16,0.2432060288635632,0.2432060288635632,0.0,68.19999999999999,0.30000000000000027,0.0,0.0,0.0,68.3,0.1999999999999993,0.0,0.0,0.0,False,False,False
264,1846112378,935440738,2,gaussian_plus_delay,CombinedErrorSensor,0.65,0.2,0.1,0.05,True,True,True,True,goal_reached,0.15642107582456616,64.8,13.59043840253512,13.634887393275417,0.08050420826192989,0.1788112649142673,0.08842045067113562,0.03204352196296801,0.12117972193801249,0.040695396110764524,0.042414999940195694,0.17218861416197473,0.05423267462817933,0.15438670698456303,0.09308431609860346,5.622023809195481,5.622023809195481,0.0,8.634300688692816e-17,2.5589376332604516e-16,0.3062251657645496,0.30622516576454956,0.0,63.49999999999999,1.3000000000000007,0.0,0.0,0.0,63.89999999999999,0.9000000000000057,0.0,0.0,0.0,False,False,False
265,4151916802,2328685090,2,gaussian_plus_delay,CombinedErrorSensor,0.65,0.2,0.1,0.05,True,True,True,True,goal_reached,0.119100391384607,68.2,14.025917519966159,14.090864917194061,0.07919917252211071,0.22488768882997523,0.08692713746893915,0.027829198041252546,0.10650581979640705,0.03588688338625154,0.04632901041808527,0.18979828903284268,0.059654523627497735,0.11655262080509494,0.06020171096715732,5.952841118325024,5.952841118325022,0.0,8.35150063209633e-17,2.830524433501838e-16,0.26316334824153337,0.2631633482415333,0.0,62.9,5.3,0.0,0.0,0.0,62.8,5.400000000000001,0.0,0.0,0.0,False,False,False
266,3502127710,2151495928,2,gaussian_plus_delay,CombinedErrorSensor,0.65,0.2,0.1,0.05,True,True,True,True,goal_reached,0.2076971075172952,69.0,13.802676218688521,13.7857608270855,0.07884792425800069,0.20600831437137673,0.08604457779959172,0.03838173643467106,0.10681361883662742,0.04776851971440236,0.04878764273804017,0.17243512822093296,0.06031661436627327,0.15098449583515824,0.12261358144827383,6.003941153000392,6.003941153000391,0.0,8.416388843224833e-17,3.1031676915590914e-16,0.38742154255152506,0.38742154255152506,0.0,61.699999999999996,7.300000000000004,0.0,0.0,0.0,62.099999999999994,6.900000000000006,0.0,0.0,0.0,False,False,False
267,3747001689,1587324755,2,gaussian_plus_delay,CombinedErrorSensor,0.65,0.2,0.1,0.05,True,True,True,True,goal_reached,0.16985864760724392,73.0,13.905413295164838,13.837909082624817,0.07169439202345312,0.22260690860443202,0.08011112301444345,0.0330929976754064,0.09777394142030255,0.04041595571428212,0.048848165754930756,0.20114458772817245,0.060616423981281156,0.23170233526692655,0.1522977862901955,5.888704600468458,5.888704600468459,0.0,7.882703237942569e-17,2.5589376332604516e-16,0.2886909432505141,0.2886909432505141,0.0,72.3,0.6999999999999993,0.0,0.0,0.0,72.69999999999999,0.3000000000000007,0.0,0.0,0.0,False,False,False
268,3931630109,482995397,2,gaussian_plus_delay,CombinedErrorSensor,0.65,0.2,0.1,0.05,True,True,True,True,goal_reached,0.08272136708723095,67.3,13.633815282169053,13.50041670752239,0.07933128454812649,0.19315966161041354,0.08673655093731747,0.03575884085191468,0.11753544770715924,0.04353198618269252,0.048783759237665605,0.182429090678726,0.06159970568599036,0.14277564468083537,0.1025290650483084,6.037226067314805,6.037226067314805,0.0,8.450700782006733e-17,2.5133742693021536e-16,0.3948011674656187,0.3948011674656187,0.0,67.19999999999999,0.09999999999999787,0.0,0.0,0.0,66.89999999999999,0.3999999999999986,0.0,0.0,0.0,False,False,False
269,3343084945,1155353691,2,gaussian_plus_delay,CombinedErrorSensor,0.65,0.2,0.1,0.05,True,True,True,True,goal_reached,0.1598260985676685,64.3,13.577910691888462,13.54983105898118,0.08135529581064073,0.24734263944869636,0.08955994687222682,0.036623741281506556,0.13810614082649336,0.0456314109457965,0.05262643936264341,0.24668207814462484,0.0670414948050908,0.30621910682697695,0.2883920653615298,5.9578996270072935,5.9578996270072935,0.0,8.580003898006603e-17,2.830524433501838e-16,0.35216676212384895,0.352166762123849,0.0,63.699999999999996,0.6000000000000014,0.0,0.0,0.0,63.4,0.8999999999999986,0.0,0.0,0.0,False,False,False
270,2308215660,3359604399,2,gaussian_plus_delay,CombinedErrorSensor,0.65,0.2,0.1,0.05,True,True,True,True,goal_reached,0.1352501758189208,61.900000000000006,13.230400739681487,13.267813769134172,0.0814171457873952,0.1815653959251688,0.08864752677740514,0.031446336439828665,0.09470828381055618,0.03766498191824244,0.04286858134965573,0.18072322929390605,0.05378298621963392,0.10975745455423322,0.09385719129676794,5.325757170410151,5.325757170410151,0.0,8.61047895137976e-17,2.8576114088871287e-16,0.38320486482292654,0.38320486482292654,0.0,61.900000000000006,0.0,0.0,0.0,0.0,61.900000000000006,0.0,0.0,0.0,0.0,False,False,False
271,716948047,2914218226,2,gaussian_plus_delay,CombinedErrorSensor,0.65,0.2,0.1,0.05,True,True,True,True,goal_reached,0.11694943866859978,75.2,15.33467175376991,15.221943167482424,0.07840530357790267,0.25352287484443997,0.08683906816042998,0.03106899091282323,0.10439942489262166,0.03990148984644055,0.04546725657489018,0.25319640324716197,0.0552440093037875,0.24564804577048607,0.19426487824270613,6.301760511656813,6.301760511656813,0.0,8.094613871838409e-17,2.7757743935277205e-16,0.26783591846218513,0.2678359184621851,0.0,75.2,0.0,0.0,0.0,0.0,75.2,0.0,0.0,0.0,0.0,False,False,False
272,3683843986,2185353725,2,gaussian_plus_delay,CombinedErrorSensor,0.65,0.2,0.1,0.05,True,True,True,True,goal_reached,0.2221506212209902,70.4,15.000783737354986,15.039262820021671,0.0846205453756128,0.2141956072367115,0.09395312466924474,0.031973936120810606,0.09409215233426081,0.038134103910357854,0.04663414373113609,0.1786627689974074,0.05798297910435192,0.20585440257428014,0.15660211496301793,6.162800078889461,6.162800078889463,0.0,8.39020647159946e-17,2.7833528704240246e-16,0.26682907832039665,0.2668290783203966,0.0,70.4,0.0,0.0,0.0,0.0,70.4,0.0,0.0,0.0,0.0,False,False,False
273,641729385,1443877831,2,gaussian_plus_delay,CombinedErrorSensor,0.65,0.2,0.1,0.05,True,True,True,True,goal_reached,0.08320058370900987,71.9,14.391469115752992,14.2248121218937,0.08270824073822397,0.23235476348330333,0.09223211061670623,0.03683086513843171,0.10200307186581754,0.04425305400452573,0.05029169925756698,0.18621764080652653,0.06191204789875241,0.17151100584524626,0.11012129562116568,5.842059293091459,5.842059293091459,0.0,8.20358960777877e-17,2.8066088919804617e-16,0.3101796474969596,0.3101796474969596,0.0,65.7,6.200000000000003,0.0,0.0,0.0,65.6,6.300000000000004,0.0,0.0,0.0,False,False,False
274,53817024,1444500207,2,gaussian_plus_delay,CombinedErrorSensor,0.65,0.2,0.1,0.05,True,True,True,True,goal_reached,0.08166490212210063,67.7,13.85287183935371,13.736080893452288,0.07835979669612823,0.1965422812153374,0.08642712920205269,0.034767016390906486,0.12099885784581811,0.04528839996608336,0.053571535418629274,0.17487983370848223,0.06573337228238192,0.09124712371623285,0.06827329599068512,5.726162717977838,5.726162717977837,0.0,8.496235170340377e-17,2.779024842816778e-16,0.3137190858115738,0.3137190858115738,0.0,66.2,1.5,0.0,0.0,0.0,66.0,1.7000000000000028,0.0,0.0,0.0,False,False,False
275,3940032784,3701184968,2,gaussian_plus_delay,CombinedErrorSensor,0.65,0.2,0.1,0.05,True,True,True,True,goal_reached,0.19160632644579886,66.5,13.389567135839929,13.40995831956715,0.08287639248360147,0.2044378258964845,0.09044970628590128,0.031450231919117846,0.13123023712520293,0.03928585362825603,0.045971443734465156,0.22910505372591078,0.05903534377260645,0.16764467859172463,0.15712003659674872,5.671530007445943,5.671530007445943,0.0,8.629245954624552e-17,2.7894008272968645e-16,0.3596236442545072,0.3596236442545072,0.0,64.7,1.7999999999999972,0.0,0.0,0.0,65.1,1.3999999999999986,0.0,0.0,0.0,False,False,False
276,4114063967,4248643499,2,gaussian_plus_delay,CombinedErrorSensor,0.65,0.2,0.1,0.05,True,True,True,True,goal_reached,0.099893788820382,67.7,13.478378446345566,13.386521432021132,0.0783422434190436,0.21305073438831856,0.08718016268302789,0.031073832499180075,0.09126635963417737,0.03767009715994885,0.041542920388870676,0.16165606094485044,0.05239523220717209,0.21933488298125034,0.1960972729264538,6.176555925654299,6.176555925654299,0.0,8.416880323927495e-17,1.7772239894833365e-16,0.25390002667018396,0.25390002667018396,0.0,67.7,0.0,0.0,0.0,0.0,67.7,0.0,0.0,0.0,0.0,False,False,False
277,2764423084,946444819,2,gaussian_plus_delay,CombinedErrorSensor,0.65,0.2,0.1,0.05,True,True,True,True,goal_reached,0.1714975025363644,71.9,14.65057796829593,14.646541991302287,0.07664287167196242,0.19012261691275756,0.08587033100771803,0.03605328756874321,0.1209724478026235,0.04482569984358058,0.04786414308911835,0.2143352164142378,0.060447611623442525,0.14506312534214044,0.09349360587169663,6.674971116156118,6.674971116156119,0.0,8.454445456172656e-17,2.897767167584095e-16,0.2660842870898995,0.2660842870898995,0.0,67.5,4.4,0.0,0.0,0.0,67.0,4.9,0.0,0.0,0.0,False,False,False
278,3095793555,2007649964,2,gaussian_plus_delay,CombinedErrorSensor,0.65,0.2,0.1,0.05,True,True,True,True,goal_reached,0.11163082579002451,62.800000000000004,13.327490187739642,13.298169445129078,0.08059652967110452,0.2070519165098826,0.08801184156359816,0.03463497108592437,0.09213656062320624,0.04307686804990621,0.04742798276598546,0.19190736799068286,0.05889396791263361,0.16320606009458172,0.14479691032302497,5.779386008550706,5.779386008550706,0.0,9.091237640643407e-17,3.1031676915590914e-16,0.3217373132650849,0.3217373132650849,0.0,62.800000000000004,0.0,0.0,0.0,0.0,62.60000000000001,0.19999999999999574,0.0,0.0,0.0,False,False,False
279,1232035917,1746799248,2,gaussian_plus_delay,CombinedErrorSensor,0.65,0.2,0.1,0.05,True,True,True,True,goal_reached,0.14059258360506413,65.0,13.450275572528449,13.475395113573148,0.08199546459788797,0.20910744476346438,0.09041469395489654,0.028126775099370446,0.08676827015822446,0.03582346618110524,0.041483733648882415,0.18317650800061702,0.05261560717769214,0.1559325364916037,0.1242799129263772,5.356732102544662,5.356732102544662,0.0,8.500935892016668e-17,2.2887833992611187e-16,0.24019821198082134,0.24019821198082134,0.0,65.0,0.0,0.0,0.0,0.0,65.0,0.0,0.0,0.0,0.0,False,False,False
280,229561739,1691000978,2,gaussian_plus_delay,CombinedErrorSensor,0.65,0.2,0.1,0.05,True,True,True,True,goal_reached,0.1669783092999933,75.5,14.87176845072002,14.854198403127391,0.07725306219125361,0.20742498029281173,0.08422647752273442,0.0309638190527636,0.09504235799052387,0.03859698599159261,0.04813212323952927,0.20712312556751894,0.06029701306745736,0.17575018123537073,0.09859769721827458,6.352880222869306,6.352880222869306,0.0,7.628136588972764e-17,2.779024842816778e-16,0.27889457091969055,0.27889457091969055,0.0,66.69999999999999,8.800000000000008,0.0,0.0,0.0,66.6,8.900000000000007,0.0,0.0,0.0,False,False,False
281,4056746478,1322814385,2,gaussian_plus_delay,CombinedErrorSensor,0.65,0.2,0.1,0.05,True,True,True,True,goal_reached,0.12181557386897757,63.900000000000006,13.915921828681565,13.915353736387043,0.08422347384759417,0.24602496901286117,0.09275414718565533,0.0349853848719998,0.09512721554189858,0.04272634453406567,0.04663549346931687,0.1969001941428301,0.057636299006281,0.155101174862746,0.09993207991369729,5.842547498253488,5.842547498253488,0.0,9.250030015143796e-17,2.8609792490763985e-16,0.22784507476300458,0.2278450747630047,0.0,63.900000000000006,0.0,0.0,0.0,0.0,63.900000000000006,0.0,0.0,0.0,0.0,False,False,False
282,1490637715,235682852,2,gaussian_plus_delay,CombinedErrorSensor,0.65,0.2,0.1,0.05,True,True,True,True,goal_reached,0.1686341884342418,70.9,14.104250045105298,14.108166394300154,0.08167406314440735,0.2088027382460391,0.09053990088663413,0.032763699954177404,0.11083370131406615,0.04357834634744928,0.04374491782899613,0.15906463986543729,0.05369776577472336,0.13688638492423363,0.08206302451388553,5.991358616147684,5.991358616147683,0.0,8.024874447320417e-17,2.779024842816778e-16,0.28315822165318255,0.2831582216531825,0.0,70.9,0.0,0.0,0.0,0.0,70.9,0.0,0.0,0.0,0.0,False,False,False
283,3172887330,1257601206,2,gaussian_plus_delay,CombinedErrorSensor,0.65,0.2,0.1,0.05,True,True,True,True,goal_reached,0.22811183649026548,83.0,16.95917309120361,17.044288693874947,0.07843951791267158,0.2520196678905591,0.08652345698083706,0.03984170581340911,0.16393897349921893,0.050512863033003785,0.04768682711068107,0.2340933737592314,0.059515003127891375,0.08755255372030678,0.0785086307135106,7.349819297807485,7.349819297807485,0.0,8.109879512649424e-17,2.237726045655905e-16,0.3297971705817594,0.3297971705817594,0.0,80.6,2.4000000000000057,0.0,0.0,0.0,80.90000000000002,2.099999999999987,0.0,0.0,0.0,False,False,False
284,4059518722,4054307301,2,gaussian_plus_delay,CombinedErrorSensor,0.65,0.2,0.1,0.05,True,True,True,True,goal_reached,0.19128315612695185,66.0,13.271676193387334,13.257429545326108,0.08195937023966435,0.2000404502111002,0.08986317276370874,0.03974146036232361,0.11353195155119133,0.04673184889013507,0.055239190482494566,0.1929531650224365,0.06813546003187299,0.18199437356203874,0.15643724081014135,5.536062439326827,5.536062439326827,0.0,8.702212101332523e-17,2.5133742693021536e-16,0.29287838501355795,0.2928783850135579,0.0,66.0,0.0,0.0,0.0,0.0,66.0,0.0,0.0,0.0,0.0,False,False,False
285,3789557191,1481771505,2,gaussian_plus_delay,CombinedErrorSensor,0.65,0.2,0.1,0.05,True,True,True,True,goal_reached,0.15826798421496627,65.7,13.227981809258303,13.278139138059744,0.07560101625876901,0.21933941135444235,0.08441675050039803,0.027858808388074523,0.09368564986014176,0.03552558156092449,0.046383127068497176,0.20813836072719516,0.057659910928919894,0.14648311271860326,0.12495950173445612,5.540272170650694,5.540272170650694,0.0,8.886354061609177e-17,2.9406505148178845e-16,0.24858047933677943,0.24858047933677946,0.0,65.7,0.0,0.0,0.0,0.0,65.7,0.0,0.0,0.0,0.0,False,False,False
286,3875003028,956792337,2,gaussian_plus_delay,CombinedErrorSensor,0.65,0.2,0.1,0.05,True,True,True,True,goal_reached,0.11916305747486394,69.60000000000001,13.8531201935333,13.805933455550955,0.07694403430783653,0.2371528355577731,0.08592312714386838,0.0421134656861158,0.11292481027165913,0.050885349345994604,0.051050441553209126,0.23674198424538093,0.06182709616316916,0.3984750081047035,0.3135958062431266,5.789776701625595,5.789776701625596,0.0,8.523040235500621e-17,2.5324586304240974e-16,0.25238297342674226,0.2523829734267423,0.0,63.70000000000001,5.899999999999999,0.0,0.0,0.0,63.70000000000001,5.899999999999999,0.0,0.0,0.0,False,False,False
287,3836413122,1604764411,2,gaussian_plus_delay,CombinedErrorSensor,0.65,0.2,0.1,0.05,True,True,True,True,goal_reached,0.11844322672227862,67.2,13.879429892410261,13.956286610776067,0.08242090005426575,0.22384415798824933,0.09203126067994746,0.031403505560834946,0.08645508669694804,0.03731856216679218,0.04280520436138061,0.2076386595653829,0.05360272392445924,0.15103972692191805,0.13678710236879657,5.802966248325468,5.802966248325468,0.0,8.981399632924471e-17,2.8609792490763985e-16,0.3865156345426021,0.3865156345426021,0.0,67.0,0.1999999999999993,0.0,0.0,0.0,66.6,0.5999999999999996,0.0,0.0,0.0,False,False,False
288,2184115418,276814588,2,gaussian_plus_delay,CombinedErrorSensor,0.65,0.2,0.1,0.05,True,True,True,True,goal_reached,0.07645170093860731,76.5,15.386940849028443,15.254551565421012,0.07840859809700215,0.19292526799475926,0.08618830783421515,0.027904383785903777,0.11525438224043505,0.03601465153683691,0.04400429076236209,0.18284963564190093,0.05601760893792677,0.1734585623687871,0.11761478737637343,7.188631479175136,7.188631479175136,0.0,8.39071193518407e-17,2.5589376332604516e-16,0.24479819869154362,0.24479819869154373,0.0,66.1,10.400000000000004,0.0,0.0,0.0,65.89999999999999,10.600000000000001,0.0,0.0,0.0,False,False,False
289,3267561147,1867115710,2,gaussian_plus_delay,CombinedErrorSensor,0.65,0.2,0.1,0.05,True,True,True,True,goal_reached,0.07485076861624039,74.8,14.767613961458707,14.674954858478564,0.07710350718161812,0.2563195249623422,0.08585710193172481,0.03465205868768083,0.09401202893647362,0.04301495333386021,0.04888887827399789,0.2541130601743752,0.059428562861322,0.12048987346296328,0.04825249902693324,6.438318096051319,6.438318096051319,0.0,8.029386255351464e-17,1.962615573354719e-16,0.3367687851839684,0.3367687851839684,0.0,71.3,3.4999999999999982,0.0,0.0,0.0,71.6,3.1999999999999975,0.0,0.0,0.0,False,False,False
290,1338960723,2020451545,2,gaussian_plus_delay,CombinedErrorSensor,0.65,0.2,0.1,0.05,True,True,True,True,goal_reached,0.09628385426857355,73.10000000000001,14.087125736923447,14.152632497732684,0.07712669944630646,0.19941682784241865,0.08484655118777669,0.032204748831639256,0.09385988716432221,0.03960471604989912,0.042972927196461515,0.159977807681765,0.05417871581561888,0.41056441841589647,0.37097153308813513,5.918997607857219,5.918997607857218,0.0,7.806803997167638e-17,2.779024842816778e-16,0.3902722068731953,0.3902722068731953,0.0,73.10000000000001,0.0,0.0,0.0,0.0,73.10000000000001,0.0,0.0,0.0,0.0,False,False,False
291,3105204066,3893728945,2,gaussian_plus_delay,CombinedErrorSensor,0.65,0.2,0.1,0.05,True,True,True,True,goal_reached,0.18401229602513128,74.8,16.032653075748428,16.15844250019676,0.07859581905311688,0.2001211135158611,0.08677467867093,0.02734191205368771,0.07651240029727635,0.03197431582804655,0.04033524196552349,0.15765956480090537,0.04994985296955262,0.18044685405942287,0.12670238130244993,6.537874564785889,6.537874564785889,0.0,8.7950120801107e-17,2.7809732887839817e-16,0.2875271957671528,0.2875271957671528,0.0,74.6,0.20000000000000284,0.0,0.0,0.0,73.39999999999999,1.4000000000000057,0.0,0.0,0.0,False,False,False
292,3217045316,3144965389,2,gaussian_plus_delay,CombinedErrorSensor,0.65,0.2,0.1,0.05,False,False,False,False,planning_failure,nan,nan,nan,nan,nan,nan,nan,nan,nan,nan,nan,nan,nan,nan,nan,nan,nan,nan,nan,nan,nan,nan,nan,,,,,,,,,,,,,
293,3129666222,2804183316,2,gaussian_plus_delay,CombinedErrorSensor,0.65,0.2,0.1,0.05,False,False,False,False,planning_failure,nan,nan,nan,nan,nan,nan,nan,nan,nan,nan,nan,nan,nan,nan,nan,nan,nan,nan,nan,nan,nan,nan,nan,,,,,,,,,,,,,
294,1628645893,3900630187,2,gaussian_plus_delay,CombinedErrorSensor,0.65,0.2,0.1,0.05,True,True,True,True,goal_reached,0.16965104815288867,63.0,13.557803713136616,13.606458227048908,0.07810917655947669,0.21745362747741923,0.08598101589426006,0.035728643655737434,0.12081076279334914,0.04736781821082503,0.04705252968227929,0.18069311166313717,0.060158365609785776,0.1957655000955244,0.14299407811918372,5.281918924057391,5.281918924057391,0.0,8.969491928221927e-17,2.779024842816778e-16,0.25067076189832566,0.2506707618983257,0.0,63.0,0.0,0.0,0.0,0.0,63.0,0.0,0.0,0.0,0.0,False,False,False
295,271103938,670980768,2,gaussian_plus_delay,CombinedErrorSensor,0.65,0.2,0.1,0.05,True,True,True,True,goal_reached,0.11086370189081755,79.4,16.409626963411267,16.348846782928177,0.08230110302269027,0.21967963971375062,0.09028438244505166,0.03609780744741618,0.10692581905910131,0.043832428557174105,0.04609857680524609,0.16880261606145835,0.05834871489555573,0.18196934796319844,0.10471114427689282,6.94914476158053,6.94914476158053,0.0,7.971681868285345e-17,2.7833528704240246e-16,0.29506949633897867,0.2950694963389787,0.0,75.6,3.8000000000000043,0.0,0.0,0.0,75.7,3.6999999999999957,0.0,0.0,0.0,False,False,False
296,930298321,3877237296,2,gaussian_plus_delay,CombinedErrorSensor,0.65,0.2,0.1,0.05,True,True,True,True,goal_reached,0.2148793010628359,66.4,13.30032152800647,13.431036051235091,0.07881432966050858,0.22654194977478026,0.08674960584370292,0.033470479102188345,0.10063689625945976,0.03940264316583221,0.042955521629646914,0.1908562056966288,0.0535606818630741,0.13065750730066888,0.12267812643031352,5.767813557627288,5.767813557627289,0.0,8.503632614983248e-17,2.482534153247273e-16,0.28939974803086416,0.28939974803086416,0.0,63.50000000000001,2.8999999999999986,0.0,0.0,0.0,63.5,2.9000000000000057,0.0,0.0,0.0,False,False,False
297,4247440162,64953539,2,gaussian_plus_delay,CombinedErrorSensor,0.65,0.2,0.1,0.05,True,True,True,True,goal_reached,0.1544219631980719,70.5,14.505610138809946,14.491459109360544,0.07561800876425026,0.2365811817676266,0.08434666849114067,0.0344187636345069,0.1029276301877553,0.04140898098541748,0.04432873790524916,0.18522439745100527,0.055522057602413716,0.08655170922403434,0.05013695239225075,6.455475784576482,6.455475784576482,0.0,8.532188998411943e-17,2.8177377798042847e-16,0.2895649020787016,0.2895649020787016,0.0,70.5,0.0,0.0,0.0,0.0,70.5,0.0,0.0,0.0,0.0,False,False,False
298,2355914593,3287357915,2,gaussian_plus_delay,CombinedErrorSensor,0.65,0.2,0.1,0.05,True,True,True,True,goal_reached,0.12923622543448643,73.2,14.606221553837482,14.709096610965807,0.0819844089218444,0.24105134789482033,0.0906291752999545,0.03121265514506812,0.09068674941116238,0.03948778186078653,0.04197307804684483,0.184841615031224,0.05177079508591863,0.10698113576080905,0.0797986510579396,6.342357786276081,6.342357786276081,0.0,8.051202342464729e-17,2.7809732887839817e-16,0.42166052488239664,0.4216605248823966,0.0,72.0,1.1999999999999993,0.0,0.0,0.0,71.39999999999999,1.8000000000000025,0.0,0.0,0.0,False,False,False
299,3155458668,3892778345,2,gaussian_plus_delay,CombinedErrorSensor,0.65,0.2,0.1,0.05,True,True,True,True,goal_reached,0.09767062574599013,69.0,14.45497393146409,14.399902630083695,0.0815215279072514,0.18250470544892272,0.0889800004171808,0.030743067483071505,0.09045139009685577,0.03743337933631254,0.04585455566550226,0.1770191420529718,0.05675876579452543,0.2478747893724553,0.2014473312229294,5.528248510884329,5.528248510884328,0.0,7.926259329289627e-17,2.7894008272968645e-16,0.2560900517055627,0.2560900517055627,0.0,69.0,0.0,0.0,0.0,0.0,69.0,0.0,0.0,0.0,0.0,False,False,False
300,261694751,3306138721,2,gaussian_plus_delay,CombinedErrorSensor,0.65,0.2,0.1,0.05,True,True,True,True,goal_reached,0.16577511824198643,69.0,13.672851883214332,13.702308471173717,0.07423264969434512,0.19959515598306216,0.08164439813084687,0.02687542757742783,0.09270629391816125,0.034558253229385286,0.04336693958809363,0.191417704722009,0.054229769976789084,0.1841589877792272,0.15217003440523721,5.644554769399967,5.644554769399968,0.0,8.097835910709422e-17,1.962615573354719e-16,0.344675281167412,0.344675281167412,0.0,69.0,0.0,0.0,0.0,0.0,69.0,0.0,0.0,0.0,0.0,False,False,False
301,3070443799,2229780676,2,gaussian_plus_delay,CombinedErrorSensor,0.65,0.2,0.1,0.05,False,False,False,False,planning_failure,nan,nan,nan,nan,nan,nan,nan,nan,nan,nan,nan,nan,nan,nan,nan,nan,nan,nan,nan,nan,nan,nan,nan,,,,,,,,,,,,,
302,4014468795,3330966323,2,gaussian_plus_delay,CombinedErrorSensor,0.65,0.2,0.1,0.05,True,True,True,True,goal_reached,0.16648996213197537,73.60000000000001,14.20366183113261,14.232794534966603,0.07891846264198159,0.236529232133355,0.08728891344202734,0.039705760577293914,0.11036793926000416,0.04643888398554587,0.047696168650467656,0.2359541698217728,0.05897366541335604,0.13457051963242975,0.1078599487982851,6.434618129881169,6.434618129881169,0.0,8.128275275768312e-17,2.776424787817943e-16,0.3017861128547378,0.3017861128547378,0.0,68.9,4.7,0.0,0.0,0.0,69.0,4.6000000000000005,0.0,0.0,0.0,False,False,False
303,2297809352,309975942,2,gaussian_plus_delay,CombinedErrorSensor,0.65,0.2,0.1,0.05,True,True,True,True,goal_reached,0.13081737359560744,65.5,13.174645557363764,13.1278796462491,0.08436017074585053,0.2286434006386186,0.09296103619955204,0.04044780965992322,0.16099380043919784,0.05146137315597253,0.053970183174972,0.22797438098522826,0.0666446515736235,0.1166796161099227,0.09269128096356892,5.684617951981365,5.684617951981365,0.0,8.738453538536736e-17,1.962615573354719e-16,0.23212530946376164,0.23212530946376161,0.0,65.5,0.0,0.0,0.0,0.0,65.5,0.0,0.0,0.0,0.0,False,False,False
304,1395041433,176894916,2,gaussian_plus_delay,CombinedErrorSensor,0.65,0.2,0.1,0.05,True,True,True,True,goal_reached,0.22130563434273948,69.7,14.370938747269605,14.483748987745242,0.08371517621365798,0.22357933797872057,0.09225181093128201,0.03814420897846147,0.12512403654446533,0.04936215179881597,0.04879508097040711,0.21795342294283665,0.06197058147417206,0.14232617381888177,0.11748690731508035,6.2371939845339135,6.2371939845339135,0.0,8.584813496950792e-17,2.776424787817943e-16,0.26467181969943593,0.2646718196994359,0.0,68.6,1.1000000000000085,0.0,0.0,0.0,68.9,0.7999999999999972,0.0,0.0,0.0,False,False,False
305,3864368792,234163914,2,gaussian_plus_delay,CombinedErrorSensor,0.65,0.2,0.1,0.05,True,True,True,True,goal_reached,0.10355469531686559,73.10000000000001,15.143907642982342,15.059390255015968,0.07946537052838788,0.2767651439507597,0.08890856743467757,0.03207529608490298,0.09542170881518408,0.039490783093422445,0.04159403778536861,0.2767651439507597,0.053633942906539236,0.25009862303682784,0.18850295609208195,6.447849791003982,6.447849791003982,0.0,8.462739310057628e-17,2.7894008272968645e-16,0.39852055450118296,0.39852055450118296,0.0,67.70000000000002,5.3999999999999915,0.0,0.0,0.0,67.3,5.800000000000004,0.0,0.0,0.0,False,False,False
306,3165692786,152022987,2,gaussian_plus_delay,CombinedErrorSensor,0.65,0.2,0.1,0.05,True,True,True,True,goal_reached,0.13857531870684242,66.60000000000001,14.307270800777232,14.275432048288213,0.08631107625986592,0.19678668555755757,0.09424468398848666,0.03041138030403909,0.08951347687067253,0.03666240840541952,0.04842145153842041,0.19756652434720376,0.060085058801060055,0.17321685547540383,0.17560254333949032,6.18323162865464,6.18323162865464,0.0,8.79161028765009e-17,2.9893669801409083e-16,0.29623969393079763,0.29623969393079763,0.0,66.60000000000001,0.0,0.0,0.0,0.0,66.60000000000001,0.0,0.0,0.0,0.0,False,False,False
307,2518834372,2627015822,2,gaussian_plus_delay,CombinedErrorSensor,0.65,0.2,0.1,0.05,True,True,True,True,goal_reached,0.14398707936894192,82.60000000000001,17.371596537233735,17.351755391459918,0.07557394969876519,0.2226143369831331,0.08407854467131842,0.02566554322022985,0.10414447313865623,0.03207012432396501,0.040312794319850236,0.17444837889941311,0.05062703837059568,0.18452320568176597,0.09356715845582649,7.360477815182751,7.360477815182753,0.0,8.553471407344611e-17,2.779024842816778e-16,0.2872334367731942,0.2872334367731942,0.0,82.4,0.1999999999999993,0.0,0.0,0.0,82.10000000000001,0.49999999999999645,0.0,0.0,0.0,False,False,False
308,1500926823,2702353126,2,gaussian_plus_delay,CombinedErrorSensor,0.65,0.2,0.1,0.05,True,True,True,True,goal_reached,0.14197504049036166,72.8,14.919991907141593,14.935301291548276,0.0773496510069743,0.28114858828295725,0.08459827211429695,0.03586101717807295,0.12294572355651513,0.04540759131630224,0.044446810112217745,0.28114858828295725,0.05556917436628147,0.12840937064644692,0.09948480930001505,6.161756678684305,6.161756678684305,0.0,8.33370843544773e-17,2.779024842816778e-16,0.28085007933571404,0.28085007933571404,0.0,72.6,0.19999999999999574,0.0,0.0,0.0,72.3,0.5,0.0,0.0,0.0,False,False,False
309,1478697371,1836739835,2,gaussian_plus_delay,CombinedErrorSensor,0.65,0.2,0.1,0.05,True,True,True,True,goal_reached,0.1462882013697197,66.3,13.027630801319258,13.060211431863303,0.0747238576029899,0.19345050185999696,0.08295042866180316,0.034130995069609045,0.1632850189356388,0.045273060113619736,0.04699805800647808,0.21517568393428513,0.05940358511543096,0.12181026756830055,0.09521309534618022,5.534344614067622,5.534344614067621,0.0,8.366456440421436e-17,2.779024842816778e-16,0.23651175805257751,0.2365117580525775,0.0,66.3,0.0,0.0,0.0,0.0,66.3,0.0,0.0,0.0,0.0,False,False,False
310,1997022228,3702656684,2,gaussian_plus_delay,CombinedErrorSensor,0.65,0.2,0.1,0.05,False,False,False,False,planning_failure,nan,nan,nan,nan,nan,nan,nan,nan,nan,nan,nan,nan,nan,nan,nan,nan,nan,nan,nan,nan,nan,nan,nan,,,,,,,,,,,,,
311,8808251,2699201123,2,gaussian_plus_delay,CombinedErrorSensor,0.65,0.2,0.1,0.05,True,True,True,True,goal_reached,0.10757608349583613,71.10000000000001,14.543785251146097,14.4364239705302,0.07775946840018812,0.1844525053783392,0.08641702600311392,0.042555598580959995,0.09074121482647483,0.04825278896576413,0.05041042004742599,0.17368143585487647,0.062244709439077575,0.12317776938002024,0.062162141441810384,6.86524649397243,6.86524649397243,0.0,8.450651271715718e-17,2.793066411846225e-16,0.3399948092416487,0.3399948092416487,0.0,67.30000000000001,3.799999999999997,0.0,0.0,0.0,67.3,3.800000000000008,0.0,0.0,0.0,False,False,False
312,2510452995,877120150,2,gaussian_plus_delay,CombinedErrorSensor,0.65,0.2,0.1,0.05,True,True,True,True,goal_reached,0.13055756839453422,66.0,13.406114736944842,13.41165034222107,0.07862659080933042,0.22863653458038413,0.0879736631743302,0.03992869741394344,0.10797197758001913,0.047461122296184766,0.045792540100543726,0.18579162210840236,0.05661891634141788,0.14581910179120453,0.14287748655811072,5.639177116774361,5.639177116774361,0.0,8.476793677998852e-17,2.8576114088871287e-16,0.2741223860111426,0.2741223860111425,0.0,65.2,0.7999999999999972,0.0,0.0,0.0,65.1,0.8999999999999986,0.0,0.0,0.0,False,False,False
313,3662182205,3029917006,2,gaussian_plus_delay,CombinedErrorSensor,0.65,0.2,0.1,0.05,True,True,True,True,goal_reached,0.23820827530100266,107.9,21.597181793993922,21.761132732255525,0.07193446719050853,0.19699041811141993,0.07961200515502354,0.030437447547384457,0.0942094904533155,0.03717725509830186,0.04282207597364206,0.19699041811141993,0.053644601094585236,0.13746381896767332,0.0947820352568622,9.543541203921702,9.543541203921704,0.0,8.442036192842988e-17,2.7894008272968645e-16,0.3219977633577104,0.3219977633577104,0.0,104.8,3.099999999999998,0.0,0.0,0.0,104.60000000000001,3.299999999999992,0.0,0.0,0.0,False,False,False
314,2529132381,1521881222,2,gaussian_plus_delay,CombinedErrorSensor,0.65,0.2,0.1,0.05,True,True,True,True,goal_reached,0.11029687060919016,74.0,15.508981195026843,15.34700025264416,0.08335811877784871,0.18262649064452385,0.09108203321299096,0.04092579053569098,0.1134869966136399,0.04904460519095087,0.05466006823967185,0.18084056125074582,0.06709609352057272,0.09474208411095908,0.0633389451962527,6.876259674168255,6.876259674168255,0.0,8.690368501464723e-17,2.797157557069881e-16,0.33486334699238185,0.3348633469923818,0.0,73.3,0.6999999999999993,0.0,0.0,0.0,73.19999999999999,0.8000000000000025,0.0,0.0,0.0,False,False,False
315,4244911519,1257395889,2,gaussian_plus_delay,CombinedErrorSensor,0.65,0.2,0.1,0.05,True,True,True,True,goal_reached,0.14248612939494495,59.300000000000004,12.75239792274157,12.788225099390857,0.08057131576730801,0.29538371757161763,0.08987681059466451,0.030571327260766012,0.08267844894093238,0.035931111666346154,0.04322986104413777,0.18906456907354097,0.05375703775238878,0.1706575334379374,0.08129853128878602,5.000461907301582,5.000461907301582,0.0,9.467355323820992e-17,2.3714374201337736e-16,0.310784353391624,0.310784353391624,0.0,59.300000000000004,0.0,0.0,0.0,0.0,59.300000000000004,0.0,0.0,0.0,0.0,False,False,False
316,1076928853,2642541720,2,gaussian_plus_delay,CombinedErrorSensor,0.65,0.2,0.1,0.05,True,True,True,True,goal_reached,0.13870296219827274,70.10000000000001,13.89988448709057,14.026142827622786,0.07931205117882345,0.196564777750233,0.08747477994120159,0.03559099665147318,0.10926674978359481,0.044720384116334604,0.048343762465583154,0.19907592916412362,0.060000967896771444,0.15212657685882933,0.05445953312474737,6.288182075145671,6.288182075145672,0.0,8.276540383502946e-17,2.7755575615628914e-16,0.2759362911422375,0.2759362911422375,0.0,64.4,5.699999999999999,0.0,0.0,0.0,64.3,5.800000000000001,0.0,0.0,0.0,False,False,False
317,3900580241,3253598588,2,gaussian_plus_delay,CombinedErrorSensor,0.65,0.2,0.1,0.05,True,True,True,True,goal_reached,0.12714037934831127,75.60000000000001,16.02540115004753,15.911335371557154,0.08316757820313542,0.26058702799042516,0.09094310422946143,0.03710839789498626,0.19927697477563955,0.05184135862714768,0.050672385805952715,0.26058702799042516,0.06760209085802332,0.155761960426404,0.12881339065949265,6.890204373548046,6.890204373548046,0.0,8.742864521954165e-17,2.830524433501838e-16,0.4442766998821521,0.4442766998821522,0.0,75.60000000000001,0.0,0.0,0.0,0.0,75.60000000000001,0.0,0.0,0.0,0.0,False,False,False
318,1443759745,4221436515,2,gaussian_plus_delay,CombinedErrorSensor,0.65,0.2,0.1,0.05,True,True,True,True,goal_reached,0.11200517779094682,67.10000000000001,13.957338145643163,13.93245381933185,0.08074206152719282,0.20796007508398093,0.08890478101537065,0.03004813311376233,0.08553963250547571,0.03828446367550795,0.04053668955007123,0.176728164233148,0.05050829487172192,0.2271009476475143,0.2235411488633486,5.840685426232932,5.840685426232932,0.0,8.490096161949348e-17,2.7757743935277205e-16,0.2335167234486392,0.23351672344863925,0.0,67.10000000000001,0.0,0.0,0.0,0.0,67.10000000000001,0.0,0.0,0.0,0.0,False,False,False
319,4114846692,1948432374,2,gaussian_plus_delay,CombinedErrorSensor,0.65,0.2,0.1,0.05,True,True,True,True,goal_reached,0.11840023236930143,71.5,14.36825373979864,14.346716381730992,0.07836849987584947,0.18959371838263742,0.085646116184099,0.03507989331869424,0.11560383005660045,0.044071511805851206,0.048655414948070595,0.17081229851778365,0.05993924863354296,0.14493759179406143,0.10390221120845489,6.168782910947401,6.168782910947401,0.0,8.037252561631463e-17,2.7755575615628914e-16,0.29690529889041983,0.29690529889041983,0.0,65.0,6.4999999999999964,0.0,0.0,0.0,65.19999999999999,6.300000000000004,0.0,0.0,0.0,False,False,False
320,1401556152,1596559168,2,gaussian_plus_delay,CombinedErrorSensor,0.65,0.2,0.1,0.05,True,True,True,True,goal_reached,0.14115991405282002,68.60000000000001,13.866313476353408,13.790041801160825,0.07746420651679425,0.19069284623376923,0.08534030596798722,0.04220566690896627,0.1273119888881936,0.05029531271555552,0.050941940613467115,0.20833579147872908,0.06336982761178836,0.15787903767344633,0.17392257647128773,5.705607863381218,5.705607863381218,0.0,8.664614315309733e-17,2.7894008272968645e-16,0.32842438467642304,0.328424384676423,0.0,59.0,9.600000000000003,0.0,0.0,0.0,58.50000000000001,10.100000000000001,0.0,0.0,0.0,False,False,False
321,3842624667,3668822796,2,gaussian_plus_delay,CombinedErrorSensor,0.65,0.2,0.1,0.05,True,True,True,True,goal_reached,0.12561668521408817,65.4,13.385717951405178,13.340850322382234,0.07643411618337871,0.20807418055943278,0.08461231310018447,0.02898414160300366,0.11121724102795294,0.038785854130521276,0.04436704992014538,0.16664123984274146,0.056594577082732946,0.1553455487179904,0.12369309669779728,5.714700491084614,5.714700491084614,0.0,8.302782855089662e-17,2.776424787817943e-16,0.38283165537132313,0.38283165537132324,0.0,65.4,0.0,0.0,0.0,0.0,65.4,0.0,0.0,0.0,0.0,False,False,False
322,1983609201,1852087215,2,gaussian_plus_delay,CombinedErrorSensor,0.65,0.2,0.1,0.05,True,True,True,True,goal_reached,0.05727996330002825,77.0,15.674706148355051,15.621270726346342,0.08350301135016891,0.19160936375919624,0.0905977301597622,0.03511404030939252,0.08967314516995234,0.04146218433952797,0.048265914385732904,0.1985250540487271,0.05937202525974035,0.23168308299765947,0.1545776925715255,6.410753299827157,6.4107532998271575,0.0,7.986858401366403e-17,2.779024842816778e-16,0.31189518180950454,0.31189518180950454,0.0,75.39999999999999,1.5999999999999996,0.0,0.0,0.0,74.2,2.7999999999999954,0.0,0.0,0.0,False,False,False
323,1265791630,93762455,2,gaussian_plus_delay,CombinedErrorSensor,0.65,0.2,0.1,0.05,True,True,True,True,goal_reached,0.1385943576638182,63.900000000000006,13.13870980261007,13.141130638151479,0.0804476561777037,0.1903262530371282,0.08815695814174847,0.03428151189208316,0.08945179267904162,0.04233050426449209,0.04735256232203224,0.1728406866809984,0.05821612656502706,0.1671389189327983,0.1426302449630117,5.439022105919401,5.439022105919401,0.0,8.864434019060921e-17,2.8066088919804617e-16,0.29812009626530417,0.2981200962653042,0.0,63.900000000000006,0.0,0.0,0.0,0.0,63.900000000000006,0.0,0.0,0.0,0.0,False,False,False
324,3546151447,4049281049,2,gaussian_plus_delay,CombinedErrorSensor,0.65,0.2,0.1,0.05,True,True,True,True,goal_reached,0.16804353739233663,72.5,14.8431078652786,14.761812379607653,0.07811905813353785,0.2021279644243475,0.08580676664482334,0.03709252319794272,0.09630803974061324,0.04484326562239588,0.047185395463800135,0.17128463974115582,0.059245863063437494,0.1178241911136734,0.08099703978705008,6.433261753381169,6.433261753381169,0.0,8.362142555073419e-17,2.779024842816778e-16,0.3127625531081337,0.3127625531081338,0.0,69.8,2.700000000000003,0.0,0.0,0.0,69.39999999999999,3.1000000000000085,0.0,0.0,0.0,False,False,False
325,525814137,3539809369,2,gaussian_plus_delay,CombinedErrorSensor,0.65,0.2,0.1,0.05,True,True,True,True,goal_reached,0.11056964431629222,67.0,14.131289738152555,14.034746225683913,0.07945533701615541,0.19885670957234983,0.08691974512747469,0.03241474858116825,0.09118893304046916,0.039777375240388796,0.04630467340352286,0.17910958939808985,0.05745730677400997,0.223653679685557,0.15392988726224147,5.952669609014244,5.952669609014244,0.0,8.879285355453979e-17,2.776424787817943e-16,0.2334899403459504,0.23348994034595036,0.0,64.8,2.1999999999999993,0.0,0.0,0.0,65.39999999999999,1.5999999999999979,0.0,0.0,0.0,False,False,False
326,2481991110,814435279,2,gaussian_plus_delay,CombinedErrorSensor,0.65,0.2,0.1,0.05,True,True,True,True,goal_reached,0.1341084441283632,72.4,14.223354578193256,14.149848183508091,0.0758185990798335,0.19658298890890044,0.08426206326761417,0.03453285149182967,0.12097514438657797,0.04568331371271444,0.0442864449786189,0.18811651108168664,0.05709675079294987,0.16230774232318967,0.12050645087733691,6.089251865729604,6.089251865729604,0.0,8.186353087816768e-17,2.7894008272968645e-16,0.39724820905552594,0.39724820905552594,0.0,72.4,0.0,0.0,0.0,0.0,72.4,0.0,0.0,0.0,0.0,False,False,False
327,3166319258,2915168923,2,gaussian_plus_delay,CombinedErrorSensor,0.65,0.2,0.1,0.05,True,True,True,True,goal_reached,0.10848271414137989,75.9,15.47009834372586,15.31191220907801,0.08350954022811082,0.20713222833671924,0.09201125327200901,0.030388460712339325,0.09269074518375088,0.0375942235832128,0.04450407948472461,0.1631970703504884,0.0547267323274922,0.07907808952802643,0.06902722823629492,6.853760075449681,6.8537600754496815,0.0,8.207836121838533e-17,2.779024842816778e-16,0.295521414700335,0.29552141470033494,0.0,74.10000000000001,1.7999999999999972,0.0,0.0,0.0,74.0,1.9000000000000021,0.0,0.0,0.0,False,False,False
328,4202554975,263124526,2,gaussian_plus_delay,CombinedErrorSensor,0.65,0.2,0.1,0.05,True,True,True,True,goal_reached,0.15076095661485808,57.400000000000006,12.7866560527731,12.863788662072118,0.08775079418925963,0.2017603841827882,0.09553933439214897,0.03740108256521697,0.1181364543657594,0.04616030411723681,0.04473637163820963,0.16837616183052165,0.05649362978221428,0.0975632405239104,0.1132518791621803,5.192686168584345,5.192686168584343,0.0,9.659251449728632e-17,2.498001805406602e-16,0.23721013222662257,0.23721013222662254,0.0,55.3,2.100000000000005,0.0,0.0,0.0,55.2,2.1999999999999993,0.0,0.0,0.0,False,False,False
329,1090630675,260126566,2,gaussian_plus_delay,CombinedErrorSensor,0.65,0.2,0.1,0.05,True,True,True,True,goal_reached,0.12419275160044792,71.7,14.5765797417467,14.475333142166521,0.07531719644044645,0.17848112179853712,0.08356522683343552,0.03516929624856128,0.11208444786251523,0.044528039853544345,0.04604739308728052,0.16896577063063256,0.0585463284568261,0.19886298410145584,0.13665787612612412,6.2766795584128285,6.2766795584128285,0.0,8.58002635991443e-17,2.7894008272968645e-16,0.3533645170249434,0.3533645170249434,0.0,63.500000000000014,8.199999999999989,0.0,0.0,0.0,63.8,7.9,0.0,0.0,0.0,False,False,False
330,805194769,1062113203,2,gaussian_plus_delay,CombinedErrorSensor,0.65,0.2,0.1,0.05,True,True,True,True,goal_reached,0.23623558649307,65.8,13.779346754450126,13.809130052501285,0.07802824424658655,0.19546007904954563,0.08477799441130118,0.0378247246268865,0.1117341666754217,0.04744216936870696,0.04435499775904084,0.165625626651586,0.056093393634750306,0.1741072252882719,0.13091988561406004,5.482702806928699,5.482702806928698,0.0,8.972576723544786e-17,2.7755575615628914e-16,0.33426565244527195,0.3342656524452719,0.0,65.8,0.0,0.0,0.0,0.0,65.8,0.0,0.0,0.0,0.0,False,False,False
331,151607691,3837345201,2,gaussian_plus_delay,CombinedErrorSensor,0.65,0.2,0.1,0.05,True,True,True,True,goal_reached,0.11968022326883086,68.0,14.9377029367663,14.87587599377176,0.08643249847739666,0.21631424534380542,0.0947297115919618,0.032904693708901325,0.11507861250578826,0.041309134276678316,0.043748835521571404,0.17308717845442861,0.05485768795171528,0.16171691878625233,0.10891043387399557,6.094496935719681,6.09449693571968,0.0,8.739595341319467e-17,2.8066088919804617e-16,0.2857458671979863,0.2857458671979862,0.0,66.0,2.0,0.0,0.0,0.0,65.80000000000001,2.1999999999999886,0.0,0.0,0.0,False,False,False
332,2177655872,698235934,2,gaussian_plus_delay,CombinedErrorSensor,0.65,0.2,0.1,0.05,True,True,True,True,goal_reached,0.08491926926902171,69.4,13.399506901805498,13.383041199417702,0.07730568123063884,0.22540520321130444,0.08514560485484034,0.03076758184480507,0.1272460168077942,0.03969209040731153,0.04773867123773609,0.18612838437113516,0.0590032136253927,0.1711611667774285,0.09149193164324708,5.387525178890381,5.387525178890381,0.0,7.980032188779202e-17,2.8609792490763985e-16,0.27985110966088533,0.2798511096608854,0.0,68.70000000000002,0.6999999999999886,0.0,0.0,0.0,68.5,0.9000000000000057,0.0,0.0,0.0,False,False,False
333,897873287,471136995,2,gaussian_plus_delay,CombinedErrorSensor,0.65,0.2,0.1,0.05,True,True,True,True,goal_reached,0.15251887706587103,76.80000000000001,15.593962296489897,15.613304599612405,0.07739685688443858,0.19756437748888694,0.08552471676180032,0.02827573771763801,0.11694406830893112,0.03575749402627039,0.04359011848306632,0.1783216362498081,0.05490949719645588,0.20379535351410505,0.08432342977641838,6.585383385912369,6.585383385912369,0.0,8.146474855970061e-17,2.779024842816778e-16,0.32030566344839567,0.32030566344839567,0.0,66.80000000000001,10.0,0.0,0.0,0.0,66.00000000000001,10.79999999999999,0.0,0.0,0.0,False,False,False
334,763514114,294386062,2,gaussian_plus_delay,CombinedErrorSensor,0.65,0.2,0.1,0.05,True,True,True,True,goal_reached,0.18921732352837614,68.10000000000001,14.91606632239231,15.057374117111793,0.07922270997467148,0.2309237610028808,0.087064739575463,0.032753793981954,0.09408309880469609,0.038538959823757976,0.04760471788250951,0.2427936727237938,0.05981563928122595,0.16245946236718117,0.10347606814148287,6.484896778656646,6.484896778656646,0.0,9.213414633402586e-17,2.779024842816778e-16,0.32265642346226775,0.32265642346226775,0.0,68.10000000000001,0.0,0.0,0.0,0.0,68.10000000000001,0.0,0.0,0.0,0.0,False,False,False
335,4175213812,861520140,2,gaussian_plus_delay,CombinedErrorSensor,0.65,0.2,0.1,0.05,False,False,False,False,planning_failure,nan,nan,nan,nan,nan,nan,nan,nan,nan,nan,nan,nan,nan,nan,nan,nan,nan,nan,nan,nan,nan,nan,nan,,,,,,,,,,,,,
336,2954388502,1276276491,2,gaussian_plus_delay,CombinedErrorSensor,0.65,0.2,0.1,0.05,True,True,True,True,goal_reached,0.13806505908823397,87.7,17.884491081958572,17.80409331665242,0.08187707781451735,0.22841612783189882,0.08950656777038143,0.03304741293111767,0.12428340031748975,0.04301905421160703,0.0442142089701933,0.18609150691930942,0.05587312416098404,0.17439158655134024,0.09311829141388284,7.7471247386702995,7.7471247386703,0.0,8.353091441386174e-17,2.8066088919804617e-16,0.26214063883761657,0.2621406388376166,0.0,80.39999999999999,7.300000000000001,0.0,0.0,0.0,79.89999999999999,7.800000000000001,0.0,0.0,0.0,False,False,False
337,2235943386,2895981783,2,gaussian_plus_delay,CombinedErrorSensor,0.65,0.2,0.1,0.05,False,False,False,False,planning_failure,nan,nan,nan,nan,nan,nan,nan,nan,nan,nan,nan,nan,nan,nan,nan,nan,nan,nan,nan,nan,nan,nan,nan,,,,,,,,,,,,,
338,3470333287,392077091,2,gaussian_plus_delay,CombinedErrorSensor,0.65,0.2,0.1,0.05,True,True,True,True,goal_reached,0.14849301978913126,69.4,13.925303860111532,14.041400181333694,0.07775767042020712,0.2294947547895704,0.08732743582361631,0.034956799174632756,0.11229621979361795,0.044287193711702075,0.04172857641127767,0.2292642291136225,0.05146440313688882,0.12857233950473237,0.10899827531492434,5.795719232861481,5.795719232861481,0.0,8.354281784864594e-17,2.8066088919804617e-16,0.24105870682686506,0.24105870682686512,0.0,65.8,3.600000000000004,0.0,0.0,0.0,64.89999999999999,4.500000000000005,0.0,0.0,0.0,False,False,False
339,229694451,761326547,2,gaussian_plus_delay,CombinedErrorSensor,0.65,0.2,0.1,0.05,True,True,True,True,goal_reached,0.15333636261365777,66.4,13.419966241043465,13.31870909780476,0.0768531959867853,0.19987908317342706,0.08485224410851133,0.036839577214439395,0.11269296590428761,0.04489155701345097,0.04602602823170472,0.20429216186961716,0.05712456938478824,0.24725232297415492,0.12301078877615654,5.450669153069885,5.450669153069885,0.0,8.446222388266194e-17,2.2247786310271853e-16,0.23304502610128236,0.23304502610128236,0.0,66.2,0.20000000000000018,0.0,0.0,0.0,66.1,0.2999999999999998,0.0,0.0,0.0,False,False,False
340,3389984200,584043030,2,gaussian_plus_delay,CombinedErrorSensor,0.65,0.2,0.1,0.05,True,True,True,True,goal_reached,0.09764120306403203,62.5,13.22815541950591,13.15677407279861,0.08535183444963641,0.21558158348866446,0.09418333259939152,0.03277339614250027,0.1347441581060979,0.0443729274304202,0.046322951456828194,0.20140264092044968,0.06030066435084171,0.17532294498003573,0.1512244671596129,5.951700736579035,5.951700736579035,0.0,9.052529707854311e-17,2.633125101432526e-16,0.45194690125260717,0.45194690125260717,0.0,62.5,0.0,0.0,0.0,0.0,62.5,0.0,0.0,0.0,0.0,False,False,False
341,2259846060,1430329713,2,gaussian_plus_delay,CombinedErrorSensor,0.65,0.2,0.1,0.05,True,True,True,True,goal_reached,0.0700876583849249,67.7,13.424614171325548,13.346462964303276,0.08157286649371709,0.2353493707745466,0.08869727520793197,0.03197561716124781,0.14707264101203404,0.04116349271018634,0.04669684207360763,0.1884537548780665,0.0587270635305601,0.07870081690182527,0.06053453627911824,5.579945730707506,5.579945730707506,0.0,8.337705944554407e-17,1.962615573354719e-16,0.21456535460162898,0.214565354601629,0.0,67.7,0.0,0.0,0.0,0.0,67.5,0.20000000000000284,0.0,0.0,0.0,False,False,False
342,1100808599,3351678227,2,gaussian_plus_delay,CombinedErrorSensor,0.65,0.2,0.1,0.05,True,True,True,True,goal_reached,0.1293482375136443,82.2,16.66674497524322,16.62388861576076,0.07592809422010494,0.20829826232141468,0.08373202101605393,0.028843915977732726,0.10507455646236535,0.03755198413960421,0.04446673448960526,0.15910768197431743,0.05581295284140557,0.10223464028174477,0.05431715049061585,7.647054215313856,7.647054215313856,0.0,8.11965765802061e-17,2.779024842816778e-16,0.25538657033088913,0.2553865703308891,0.0,72.1,10.099999999999998,0.0,0.0,0.0,72.5,9.700000000000003,0.0,0.0,0.0,False,False,False
343,2810020882,1743223712,2,gaussian_plus_delay,CombinedErrorSensor,0.65,0.2,0.1,0.05,True,True,True,True,goal_reached,0.12363572723425473,79.0,16.103249680260845,16.174575775491977,0.08274335105837365,0.19202990898224348,0.09025277418430033,0.0409695458201748,0.11106594977110602,0.04846039361760126,0.047265845805645634,0.20610928288296027,0.05935022618119051,0.1389651504676982,0.043890717117039735,7.103122983115817,7.103122983115817,0.0,7.973536459591577e-17,2.797157557069881e-16,0.2617990927010893,0.2617990927010893,0.0,77.1,1.9000000000000004,0.0,0.0,0.0,77.0,1.9999999999999996,0.0,0.0,0.0,False,False,False
344,1838110112,3276323680,2,gaussian_plus_delay,CombinedErrorSensor,0.65,0.2,0.1,0.05,True,True,True,True,goal_reached,0.10733868102286331,66.2,13.216884425660796,13.193658866183553,0.07681066238860455,0.22617075776027556,0.08482106320648222,0.029561555187925404,0.12150614547442991,0.03795620526789963,0.04123700903602524,0.1649571591031016,0.0519722495415482,0.1251284460584939,0.09454038203527454,5.454826471402962,5.454826471402962,0.0,8.316863376623137e-17,2.5133742693021536e-16,0.23682384158207972,0.2368238415820798,0.0,66.2,0.0,0.0,0.0,0.0,66.2,0.0,0.0,0.0,0.0,False,False,False
345,731381694,614159404,2,gaussian_plus_delay,CombinedErrorSensor,0.65,0.2,0.1,0.05,True,True,True,True,goal_reached,0.19336025987267633,68.3,13.5650735569345,13.62283600082931,0.07005425224989695,0.268577965029524,0.07886552039038477,0.03184898108630743,0.11804233831001465,0.04262468285781693,0.04752059484270219,0.20275715390832966,0.05872977579571902,0.13957312966021448,0.042295972923950924,5.682952589731023,5.682952589731024,0.0,8.032940659514819e-17,2.7894008272968645e-16,0.24883443074691602,0.24883443074691614,0.0,68.3,0.0,0.0,0.0,0.0,68.3,0.0,0.0,0.0,0.0,False,False,False
346,1019929013,2368979340,2,gaussian_plus_delay,CombinedErrorSensor,0.65,0.2,0.1,0.05,True,True,True,True,goal_reached,0.14556500716457774,66.2,13.383147453605499,13.435383632256142,0.08564118091128388,0.21361236920276605,0.09291767204385497,0.03188350362227858,0.10135335866612016,0.039047571882187236,0.04698961266942153,0.16350061812466835,0.057943708721592026,0.16573179351181705,0.10428796856341896,5.43859177227763,5.43859177227763,0.0,8.368634799956314e-17,2.830524433501838e-16,0.28483350596433593,0.28483350596433593,0.0,61.6,4.6000000000000005,0.0,0.0,0.0,61.5,4.699999999999999,0.0,0.0,0.0,False,False,False
347,1630963745,1016495745,2,gaussian_plus_delay,CombinedErrorSensor,0.65,0.2,0.1,0.05,True,True,True,True,goal_reached,0.12629568877881123,77.4,15.986457827812085,15.870771945389821,0.07979142346737424,0.1933007631396702,0.08810561260857232,0.032651628068139794,0.13131603622199065,0.0429102255409695,0.04754588024278755,0.20828445852891542,0.06104517844905571,0.09612025905318347,0.032005524076986626,7.126246941663059,7.126246941663059,0.0,8.527547381614157e-17,2.7894008272968645e-16,0.3206533006432686,0.3206533006432686,0.0,73.5,3.9000000000000083,0.0,0.0,0.0,73.00000000000001,4.399999999999994,0.0,0.0,0.0,False,False,False
348,1598967659,144808118,2,gaussian_plus_delay,CombinedErrorSensor,0.65,0.2,0.1,0.05,True,True,True,True,goal_reached,0.12654215285410236,80.0,15.770816943472676,15.646986503234167,0.07638064260160121,0.20861500170227745,0.0852689172523468,0.03113506492034327,0.10204664406456665,0.037937879761555444,0.043218019195100786,0.17935301877254764,0.05429526248409129,0.21565108273121283,0.16114444279223333,6.875079439857185,6.875079439857186,0.0,8.262086345170301e-17,2.7894008272968645e-16,0.38821232168096154,0.38821232168096154,0.0,79.1,0.9000000000000057,0.0,0.0,0.0,77.8,2.200000000000003,0.0,0.0,0.0,False,False,False
349,2574130385,485301375,2,gaussian_plus_delay,CombinedErrorSensor,0.65,0.2,0.1,0.05,True,True,True,True,goal_reached,0.11768221554037021,71.3,14.347544079685044,14.290965124817335,0.08230017344169935,0.2234254574307414,0.09109456776382271,0.035621663482092836,0.10770400822189856,0.042708839468505656,0.04726387491416237,0.18499170745826204,0.05913134920356817,0.09618314421446092,0.09574315989462735,6.314667351447361,6.314667351447361,0.0,8.549532102518461e-17,2.498001805406602e-16,0.28534442820568373,0.28534442820568373,0.0,67.1,4.199999999999996,0.0,0.0,0.0,66.89999999999999,4.400000000000006,0.0,0.0,0.0,False,False,False
350,2436862538,653863678,2,gaussian_plus_delay,CombinedErrorSensor,0.65,0.2,0.1,0.05,True,True,True,True,goal_reached,0.15604817797628906,63.900000000000006,13.164862391210159,13.21251754433663,0.08249560344844312,0.2064293398084813,0.08981103586998873,0.031101446481544857,0.08523026582291485,0.03812691910485842,0.04423925607204528,0.18316871084085262,0.054837376580756,0.24170596275969072,0.16773855470703,5.734324529632767,5.734324529632767,0.0,8.695111788459524e-17,2.779024842816778e-16,0.45997030799669897,0.45997030799669897,0.0,63.900000000000006,0.0,0.0,0.0,0.0,63.900000000000006,0.0,0.0,0.0,0.0,False,False,False
351,3095716540,1916771770,2,gaussian_plus_delay,CombinedErrorSensor,0.65,0.2,0.1,0.05,False,False,False,False,planning_failure,nan,nan,nan,nan,nan,nan,nan,nan,nan,nan,nan,nan,nan,nan,nan,nan,nan,nan,nan,nan,nan,nan,nan,,,,,,,,,,,,,
352,2576106544,2838034749,2,gaussian_plus_delay,CombinedErrorSensor,0.65,0.2,0.1,0.05,True,True,True,True,goal_reached,0.09786236141975684,69.10000000000001,14.051545646974581,13.910468644071596,0.07806963331464227,0.21245922579649773,0.08704767653617862,0.03339741087929201,0.13375763253029332,0.04253931762750693,0.04956865915903282,0.19374484322348842,0.061851733692098704,0.10331179556170053,0.10569045100721784,6.438015559577844,6.438015559577844,0.0,8.258272259042458e-17,2.779024842816778e-16,0.302570163732664,0.30257016373266404,0.0,69.10000000000001,0.0,0.0,0.0,0.0,69.0,0.10000000000000142,0.0,0.0,0.0,False,False,False
353,1685133821,2163483778,2,gaussian_plus_delay,CombinedErrorSensor,0.65,0.2,0.1,0.05,True,True,True,True,goal_reached,0.1285896998625729,82.5,16.46116072724523,16.528410811413558,0.07932538944675997,0.2507032869332659,0.08699960663498238,0.0375615618202189,0.12676371481851748,0.04596893288748831,0.04696065849550308,0.2333804727277312,0.05824840801091166,0.09430518451769851,0.02738134160668051,7.092572092731476,7.092572092731476,0.0,8.129458340504372e-17,2.779024842816778e-16,0.3078793054760308,0.3078793054760309,0.0,79.5,3.0,0.0,0.0,0.0,79.39999999999999,3.099999999999999,0.0,0.0,0.0,False,False,False
354,377070815,2836130717,2,gaussian_plus_delay,CombinedErrorSensor,0.65,0.2,0.1,0.05,True,True,True,True,goal_reached,0.1305519815691041,71.2,14.971233721276874,14.962479512397877,0.07559154883985739,0.1997727870723898,0.08356910706375134,0.028910427238067575,0.09708680034165622,0.037466955175233914,0.04815989520050307,0.1857006800010519,0.060069367064344945,0.16610168947670478,0.1333155859066587,6.5189708031013645,6.5189708031013645,0.0,8.673369815072311e-17,2.7894008272968645e-16,0.29263708285442536,0.29263708285442536,0.0,65.89999999999999,5.300000000000001,0.0,0.0,0.0,65.5,5.700000000000003,0.0,0.0,0.0,False,False,False
355,1676031673,2356379600,2,gaussian_plus_delay,CombinedErrorSensor,0.65,0.2,0.1,0.05,True,True,True,True,goal_reached,0.1111181488727038,95.0,19.45953110629715,19.38656758760893,0.07342261560175793,0.18682148971032292,0.08189432806982001,0.032086908042648424,0.12695616314110447,0.041987852090079894,0.04580535732007917,0.1769449755044734,0.05811728499137289,0.3854323986854034,0.352889212203705,8.23868332602213,8.23868332602213,0.0,8.270414960474307e-17,2.779024842816778e-16,0.33575978071315254,0.3357597807131525,0.0,94.3,0.699999999999994,0.0,0.0,0.0,94.0,0.9999999999999964,0.0,0.0,0.0,False,False,False
356,1362685604,2558954947,2,gaussian_plus_delay,CombinedErrorSensor,0.65,0.2,0.1,0.05,False,False,False,False,planning_failure,nan,nan,nan,nan,nan,nan,nan,nan,nan,nan,nan,nan,nan,nan,nan,nan,nan,nan,nan,nan,nan,nan,nan,,,,,,,,,,,,,
357,2583425228,2520709038,2,gaussian_plus_delay,CombinedErrorSensor,0.65,0.2,0.1,0.05,True,True,True,True,goal_reached,0.19331995956940654,68.10000000000001,14.295704028421905,14.284401593314099,0.08460779772566272,0.22160577609614274,0.09323655346500921,0.031084061086571156,0.12192802055178031,0.041177521530528054,0.04989183092010985,0.18699256689957267,0.062401573884500024,0.10376960466378836,0.028840391345119613,5.883923999302163,5.883923999302163,0.0,8.865986675681462e-17,2.2215299868541707e-16,0.3078112701196305,0.3078112701196305,0.0,68.10000000000001,0.0,0.0,0.0,0.0,68.10000000000001,0.0,0.0,0.0,0.0,False,False,False
358,2098428785,2023430440,2,gaussian_plus_delay,CombinedErrorSensor,0.65,0.2,0.1,0.05,True,True,True,True,goal_reached,0.1341213961423714,70.3,13.654242765972871,13.5649714502314,0.07949850372665579,0.17865874951891755,0.08640313925057544,0.0470203483897326,0.11713692306543325,0.05477913853592082,0.05774877363940718,0.18409523015784368,0.07051957308880205,0.15375316382500132,0.0944644783892679,6.244384401017827,6.244384401017828,0.0,8.134306070149802e-17,1.962615573354719e-16,0.4258628459284071,0.4258628459284072,0.0,67.89999999999999,2.3999999999999986,0.0,0.0,0.0,67.99999999999999,2.299999999999999,0.0,0.0,0.0,False,False,False
359,101576323,3201341764,2,gaussian_plus_delay,CombinedErrorSensor,0.65,0.2,0.1,0.05,True,True,True,True,goal_reached,0.15370436571336826,69.3,13.97274974071616,14.005046452259553,0.07559427922646972,0.18625406634392982,0.08301279109233756,0.0388465585761693,0.10471718812585663,0.04688946312183945,0.05196738562844148,0.17670960851713408,0.06297447001814897,0.11284182579446007,0.10489790539941901,5.900490623859145,5.900490623859145,0.0,8.239939290244283e-17,2.830524433501838e-16,0.3163916599581439,0.3163916599581439,0.0,69.3,0.0,0.0,0.0,0.0,69.3,0.0,0.0,0.0,0.0,False,False,False
360,573381417,519949555,2,gaussian_plus_delay,CombinedErrorSensor,0.65,0.2,0.1,0.05,True,True,True,True,goal_reached,0.13273841384008256,66.2,13.663245905945539,13.734439995757963,0.08150340121300567,0.179590396915402,0.08885262009987423,0.03227150797955871,0.09284384189728813,0.03838889662090228,0.04594568778696031,0.18174888833103706,0.057207538307559494,0.10044859184454645,0.08142432593156496,5.8458570550125355,5.8458570550125355,0.0,8.596426102884744e-17,2.2591401799415137e-16,0.31880576306133607,0.31880576306133607,0.0,65.2,1.0,0.0,0.0,0.0,64.6,1.6000000000000014,0.0,0.0,0.0,False,False,False
361,1236351334,3142182448,2,gaussian_plus_delay,CombinedErrorSensor,0.65,0.2,0.1,0.05,True,True,True,True,goal_reached,0.13304878785794094,62.300000000000004,13.433094311979422,13.435907562728842,0.08250089213632548,0.2890239312305927,0.0914757919466345,0.0340797087695824,0.1600035977398376,0.047671116420727404,0.05108680092675346,0.2890239312305927,0.06620219721489065,0.16327937144720145,0.09698043583358995,5.364752668194347,5.364752668194346,0.0,9.11923235413178e-17,2.7755575615628914e-16,0.32369109360073806,0.32369109360073806,0.0,57.300000000000004,5.0,0.0,0.0,0.0,57.0,5.300000000000001,0.0,0.0,0.0,False,False,False
362,63961417,2180460835,2,gaussian_plus_delay,CombinedErrorSensor,0.65,0.2,0.1,0.05,True,True,True,True,goal_reached,0.19650507322379046,78.10000000000001,15.748849067758652,15.73162180995484,0.07537272837338772,0.2135148813917102,0.08397538770072292,0.04314569555479743,0.15934899258896262,0.05440740406844836,0.05304349926490669,0.20382626358663547,0.06684021949637182,0.09932279112909667,0.03210495050078388,7.075457069217157,7.075457069217157,0.0,8.44584647863928e-17,2.830524433501838e-16,0.32770216015575565,0.32770216015575565,0.0,74.80000000000001,3.299999999999997,0.0,0.0,0.0,74.8,3.3000000000000025,0.0,0.0,0.0,False,False,False
363,2327535258,2332584592,2,gaussian_plus_delay,CombinedErrorSensor,0.65,0.2,0.1,0.05,True,True,True,True,goal_reached,0.18353215783514082,71.2,14.810436582804755,14.9105295492367,0.0756709311814668,0.18379070367290784,0.08298580101120549,0.02887321023818662,0.0919262386124231,0.03570702769859887,0.043256280224360594,0.152575004710537,0.053631838335246304,0.17085259669462433,0.17697652030169483,6.4251381428068255,6.425138142806826,0.0,8.312078519807535e-17,2.779024842816778e-16,0.3010835998617639,0.3010835998617639,0.0,71.2,0.0,0.0,0.0,0.0,71.2,0.0,0.0,0.0,0.0,False,False,False
364,3304647400,2364466265,2,gaussian_plus_delay,CombinedErrorSensor,0.65,0.2,0.1,0.05,True,True,True,True,goal_reached,0.1301893583268403,60.7,13.089307744629545,13.045273354134526,0.08348996241690605,0.20704404931075857,0.09118713554142527,0.03450623837068403,0.1371419398497599,0.04568033788507572,0.048661008426486664,0.17497483971731034,0.059310812297245,0.1891338805662531,0.0991595706162334,5.8044506388247665,5.8044506388247665,0.0,8.761244403900196e-17,2.2887833992611187e-16,0.3853551942597947,0.3853551942597947,0.0,57.0,3.6999999999999975,0.0,0.0,0.0,57.2,3.5,0.0,0.0,0.0,False,False,False
365,2933610517,1293969616,2,gaussian_plus_delay,CombinedErrorSensor,0.65,0.2,0.1,0.05,True,True,True,True,goal_reached,0.08593112679311801,71.4,13.935512304839609,13.938297120340225,0.07803867366315997,0.2124752572911482,0.08622076555374206,0.03397857904417002,0.11547174338053703,0.04185623225534827,0.04627987118549663,0.18183968096805053,0.058434619257689766,0.08296009637009741,0.07608330984734439,5.875619173578227,5.875619173578228,0.0,8.245211848602772e-17,2.776424787817943e-16,0.30140438535150726,0.30140438535150726,0.0,70.7,0.6999999999999957,0.0,0.0,0.0,69.9,1.5,0.0,0.0,0.0,False,False,False
366,2011425080,2499175835,2,gaussian_plus_delay,CombinedErrorSensor,0.65,0.2,0.1,0.05,True,True,True,True,goal_reached,0.11992635555861064,70.3,14.565303125974634,14.580190061396202,0.08574869398114898,0.22841328171239791,0.09512390749449118,0.029873925585226512,0.15469210677149756,0.039627209994251365,0.04319367249871852,0.20896254814082685,0.05508964162272443,0.14916200134042273,0.1147573078177429,5.906366610617097,5.906366610617097,0.0,8.616673649320765e-17,2.8609792490763985e-16,0.2855082456116165,0.28550824561161636,0.0,69.69999999999999,0.6000000000000014,0.0,0.0,0.0,69.69999999999999,0.5999999999999979,0.0,0.0,0.0,False,False,False
367,3444746836,3000099893,2,gaussian_plus_delay,CombinedErrorSensor,0.65,0.2,0.1,0.05,True,True,True,True,goal_reached,0.12997210329722222,66.0,13.335619437499773,13.372923074520727,0.0877520015880252,0.3466649023996852,0.09636828023968773,0.030821660718686042,0.10663944016532127,0.03933401164477365,0.04493178909953564,0.18512423347304535,0.05753094540444197,0.1591200990637173,0.07959913902581944,5.387598397459144,5.387598397459144,0.0,8.182316493042659e-17,1.962615573354719e-16,0.27276299295409123,0.27276299295409123,0.0,64.5,1.5,0.0,0.0,0.0,64.5,1.5,0.0,0.0,0.0,False,False,False
368,3197083060,1875886390,2,gaussian_plus_delay,CombinedErrorSensor,0.65,0.2,0.1,0.05,True,True,True,True,goal_reached,0.16206737176642,61.900000000000006,12.821300509842139,12.862715495362997,0.08464270370640142,0.24537876696945984,0.0941461320728688,0.03250685021741336,0.10231952371137228,0.04156852162223421,0.04650966156447834,0.24537876696945984,0.05905516392316285,0.16154413739744505,0.10805171476237375,5.487150184978484,5.487150184978484,0.0,8.802427301329657e-17,2.7336071744532853e-16,0.2735852249136314,0.2735852249136314,0.0,61.900000000000006,0.0,0.0,0.0,0.0,61.900000000000006,0.0,0.0,0.0,0.0,False,False,False
369,1703573391,4141906095,2,gaussian_plus_delay,CombinedErrorSensor,0.65,0.2,0.1,0.05,True,True,True,True,goal_reached,0.02919081566753827,68.3,13.407211904053106,13.259212710213339,0.07766112306748767,0.19281260093373945,0.08620279993633906,0.03804155956427175,0.12141490007325291,0.046237599813697655,0.04799217993547635,0.2367226235646144,0.06101795939475688,0.10556304699782186,0.05212619854380112,5.8581664591752105,5.8581664591752105,0.0,8.786200185598585e-17,2.2247786310271853e-16,0.3631486569226339,0.3631486569226339,0.0,60.599999999999994,7.700000000000003,0.0,0.0,0.0,60.4,7.899999999999995,0.0,0.0,0.0,False,False,False
370,4240319741,880666480,2,gaussian_plus_delay,CombinedErrorSensor,0.65,0.2,0.1,0.05,False,False,False,False,planning_failure,nan,nan,nan,nan,nan,nan,nan,nan,nan,nan,nan,nan,nan,nan,nan,nan,nan,nan,nan,nan,nan,nan,nan,,,,,,,,,,,,,
371,830787861,3668575417,2,gaussian_plus_delay,CombinedErrorSensor,0.65,0.2,0.1,0.05,True,True,True,True,goal_reached,0.15816146881357612,72.60000000000001,15.393908044944979,15.302726317163808,0.08102368445717294,0.288056023631631,0.09024485286402635,0.03388089656673333,0.11645270208138436,0.043324139582731416,0.05047221793274107,0.176559646735209,0.06349109309776552,0.14066445480370607,0.05692235057710692,6.60045421838857,6.60045421838857,0.0,8.61433861058826e-17,3.1031676915590914e-16,0.4059250777376899,0.40592507773768977,0.0,70.9,1.700000000000001,0.0,0.0,0.0,71.10000000000001,1.5,0.0,0.0,0.0,False,False,False
372,3072657155,1241217907,2,gaussian_plus_delay,CombinedErrorSensor,0.65,0.2,0.1,0.05,True,True,True,True,goal_reached,0.19509433310796676,82.0,15.538153702321564,15.391644130634628,0.077092666480395,0.1858024133679593,0.08445955812080273,0.039231674530052524,0.11465536000020649,0.05004599246427831,0.05116780675267734,0.22042791802025824,0.06554093165127436,0.18801146305665545,0.14420780109670028,6.724526049669074,6.724526049669075,0.0,7.929124791328855e-17,2.779024842816778e-16,0.3150565753357439,0.31505657533574394,0.0,78.9,3.0999999999999943,0.0,0.0,0.0,78.5,3.5,0.0,0.0,0.0,False,False,False
373,157659641,2151582790,2,gaussian_plus_delay,CombinedErrorSensor,0.65,0.2,0.1,0.05,False,False,False,False,planning_failure,nan,nan,nan,nan,nan,nan,nan,nan,nan,nan,nan,nan,nan,nan,nan,nan,nan,nan,nan,nan,nan,nan,nan,,,,,,,,,,,,,
374,1980307858,4207273182,2,gaussian_plus_delay,CombinedErrorSensor,0.65,0.2,0.1,0.05,True,True,True,True,goal_reached,0.11331254063657471,70.9,15.014706167505485,14.965015362438695,0.07645521654726253,0.19262024214324133,0.0851728439825564,0.027075405680869673,0.08159831307727367,0.03486204366200839,0.04389040038951574,0.1496974013382827,0.05457953657706265,0.2300869205741857,0.17952145777932207,6.027472504764507,6.027472504764507,0.0,8.517268822823909e-17,2.779024842816778e-16,0.3830117145349923,0.3830117145349922,0.0,70.9,0.0,0.0,0.0,0.0,70.9,0.0,0.0,0.0,0.0,False,False,False
375,2569596517,1337955276,2,gaussian_plus_delay,CombinedErrorSensor,0.65,0.2,0.1,0.05,True,True,True,True,goal_reached,0.17242448910187844,63.900000000000006,13.41196071524995,13.491319593538018,0.08107837909937189,0.20472910210212514,0.08872385356849492,0.028343689666264292,0.07506131156577604,0.034313057157394196,0.04342633737004187,0.17906946699329876,0.054865733242797,0.17965508899836227,0.14725993586264208,5.369076427603957,5.369076427603957,0.0,8.878728595752504e-17,2.7833528704240246e-16,0.31663891086882195,0.31663891086882195,0.0,63.400000000000006,0.5,0.0,0.0,0.0,63.300000000000004,0.5999999999999996,0.0,0.0,0.0,False,False,False
376,801353321,3573266896,2,gaussian_plus_delay,CombinedErrorSensor,0.65,0.2,0.1,0.05,True,True,True,True,goal_reached,0.11236162292839046,64.7,13.474077629495422,13.370344727750021,0.0789091275897842,0.32304932052055607,0.08838850254761615,0.03148308607198701,0.10276179969211563,0.039442565896552546,0.04722223846438026,0.32207067553537044,0.06083003664201503,0.3252475040730504,0.28533459867006417,5.540918623981552,5.540918623981552,0.0,8.675121365537684e-17,2.7833528704240246e-16,0.43140967501027533,0.43140967501027533,0.0,64.7,0.0,0.0,0.0,0.0,64.7,0.0,0.0,0.0,0.0,False,False,False
377,1281658130,1819150923,2,gaussian_plus_delay,CombinedErrorSensor,0.65,0.2,0.1,0.05,True,True,True,True,goal_reached,0.0973741920143512,67.4,13.11208879175991,13.060667155026666,0.0814997392906405,0.19634637107763775,0.08976513917866195,0.03091879189506459,0.08983757606893135,0.03654252166041552,0.04384611121256989,0.1749068298908996,0.05420818450117826,0.0801926663759157,0.05708293233150652,5.796549389464044,5.796549389464044,0.0,8.315734522858829e-17,2.9893669801409083e-16,0.26833625576961173,0.2683362557696116,0.0,67.4,0.0,0.0,0.0,0.0,67.4,0.0,0.0,0.0,0.0,False,False,False
378,2145417192,196741682,2,gaussian_plus_delay,CombinedErrorSensor,0.65,0.2,0.1,0.05,True,True,True,True,goal_reached,0.14667035656330435,69.0,14.418189074764662,14.365182621737864,0.08274774901441144,0.19391105152119834,0.0901676403596093,0.032871660764068736,0.10322405542059544,0.041735235004250804,0.044269943581192246,0.18539340780887503,0.05502201963405649,0.18271950594090652,0.1062695081097584,6.2995330765863535,6.299533076586353,0.0,8.476012790955835e-17,2.830524433501838e-16,0.3731829286830614,0.3731829286830614,0.0,62.9,6.1,0.0,0.0,0.0,63.4,5.600000000000003,0.0,0.0,0.0,False,False,False
379,162770764,2517905783,2,gaussian_plus_delay,CombinedErrorSensor,0.65,0.2,0.1,0.05,True,True,True,True,goal_reached,0.09638343604147702,65.3,13.912704425283751,13.878504509921695,0.07720618453237314,0.23609493615991123,0.08518702798443847,0.03221367754608064,0.10347236387589764,0.03867928564181189,0.047905869592285155,0.23544100178710906,0.059377259707513994,0.18686724306762714,0.1299544630717211,5.5908290455077445,5.5908290455077445,0.0,8.440143960410892e-17,2.7336071744532853e-16,0.49925643529555835,0.4992564352955584,0.0,60.699999999999996,4.600000000000001,0.0,0.0,0.0,60.4,4.899999999999999,0.0,0.0,0.0,False,False,False
380,3590034308,3616669174,2,gaussian_plus_delay,CombinedErrorSensor,0.65,0.2,0.1,0.05,True,True,True,True,goal_reached,0.06263954207730815,81.9,17.048328425913265,17.07849362826768,0.08466132730551938,0.24760935317636426,0.09354280876737014,0.02692627683020587,0.09427838384759912,0.034186506405787756,0.03960841174343154,0.22712385365021243,0.05097173633915754,0.14811761973345372,0.08994298516733866,7.619198078843214,7.619198078843214,0.0,8.352765079071508e-17,2.779024842816778e-16,0.2846858433078791,0.2846858433078791,0.0,77.8,4.100000000000001,0.0,0.0,0.0,78.3,3.599999999999998,0.0,0.0,0.0,False,False,False
381,2539382802,3553283520,2,gaussian_plus_delay,CombinedErrorSensor,0.65,0.2,0.1,0.05,True,True,True,True,goal_reached,0.08441701293466682,72.0,14.881981853460594,14.839969129060353,0.07586717579656779,0.21074193439857344,0.08532458017432014,0.02373550526874471,0.09105901841147639,0.030280402373691156,0.03614929686475506,0.2049897420463143,0.04736257290718859,0.18297548407621347,0.10164123627534132,6.106896196826806,6.106896196826807,0.0,8.269016102945558e-17,2.776424787817943e-16,0.23980889785213738,0.23980889785213744,0.0,67.19999999999999,4.800000000000001,0.0,0.0,0.0,67.1,4.9,0.0,0.0,0.0,False,False,False
382,1982957362,1878632133,2,gaussian_plus_delay,CombinedErrorSensor,0.65,0.2,0.1,0.05,False,False,False,False,planning_failure,nan,nan,nan,nan,nan,nan,nan,nan,nan,nan,nan,nan,nan,nan,nan,nan,nan,nan,nan,nan,nan,nan,nan,,,,,,,,,,,,,
383,167986647,1158930486,2,gaussian_plus_delay,CombinedErrorSensor,0.65,0.2,0.1,0.05,True,True,True,True,goal_reached,0.12687152777231517,71.2,14.87360155689484,14.855243472868743,0.0773008534430216,0.19922016409511187,0.08449210807261537,0.04323438151636978,0.14763287644383186,0.05287200479337843,0.04646514406642058,0.1837729818387665,0.059923269727683796,0.12711045394401776,0.10247951675431098,6.446520891872278,6.446520891872278,0.0,8.570393949338524e-17,2.8066088919804617e-16,0.4857237961775549,0.4857237961775549,0.0,69.10000000000001,2.0999999999999943,0.0,0.0,0.0,69.7,1.5,0.0,0.0,0.0,False,False,False
384,1835590301,968835980,2,gaussian_plus_delay,CombinedErrorSensor,0.65,0.2,0.1,0.05,True,True,True,True,goal_reached,0.17361504359358784,110.10000000000001,22.69017400644259,22.531575534693587,0.08089189116284046,0.20654327398130712,0.09000175714737994,0.03833639868911493,0.1146013095987995,0.046221733158782564,0.04906299250476783,0.19973153666529325,0.06069443664803746,0.14806618399417812,0.09902915862626167,9.977149905685842,9.977149905685842,0.0,8.198860047610302e-17,2.8066088919804617e-16,0.4391632691359473,0.4391632691359474,0.0,106.7,3.4000000000000057,0.0,0.0,0.0,106.9,3.200000000000003,0.0,0.0,0.0,False,False,False
385,381046993,3729855211,2,gaussian_plus_delay,CombinedErrorSensor,0.65,0.2,0.1,0.05,True,True,True,True,goal_reached,0.19081694548300712,72.9,14.46150122615526,14.39146460941102,0.07868598869235044,0.21368239202763054,0.08660019752544387,0.036144828270349885,0.12427112255639952,0.04564291214183011,0.051368902646240416,0.21632811138097202,0.06465220838203829,0.2362345577971618,0.15845161374405864,6.090826864836282,6.090826864836283,0.0,7.953821926398137e-17,2.2887833992611187e-16,0.28664744998696223,0.2866474499869622,0.0,72.3,0.6000000000000014,0.0,0.0,0.0,71.3,1.5999999999999996,0.0,0.0,0.0,False,False,False
386,1640121633,2425369201,2,gaussian_plus_delay,CombinedErrorSensor,0.65,0.2,0.1,0.05,True,True,True,True,goal_reached,0.14645429846595942,68.9,14.216993181393736,14.182481123270524,0.07322053264972371,0.18295352095488307,0.08119230805284326,0.02771592788924211,0.11420318076872728,0.03703088072548301,0.04439723573183806,0.18856982339915734,0.055447235118534596,0.1712916658996153,0.16356624020031696,6.041576128714768,6.041576128714768,0.0,8.095685177143245e-17,2.779024842816778e-16,0.2620317941737505,0.2620317941737505,0.0,68.9,0.0,0.0,0.0,0.0,68.9,0.0,0.0,0.0,0.0,False,False,False
387,2681951609,244179877,2,gaussian_plus_delay,CombinedErrorSensor,0.65,0.2,0.1,0.05,True,True,True,True,goal_reached,0.16783914516576318,75.0,15.057177982219379,15.062166542068594,0.0760709276939732,0.20439532330406604,0.08381061024358719,0.03998923914882688,0.12165042079045385,0.04942697795568767,0.04942933696309999,0.21599794578176745,0.06117602850042403,0.14287894719364597,0.05794204671503112,6.819863514470233,6.8198635144702315,0.0,8.542724079443065e-17,2.8576114088871287e-16,0.4033808609906673,0.4033808609906673,0.0,57.599999999999994,17.400000000000006,0.0,0.0,0.0,57.5,17.5,0.0,0.0,0.0,False,False,False
388,1209594724,1105627878,2,gaussian_plus_delay,CombinedErrorSensor,0.65,0.2,0.1,0.05,True,True,True,True,goal_reached,0.19558771692695195,65.2,13.284339303993765,13.394283247325392,0.07934046318733165,0.20916992917617286,0.08820437464695681,0.03745159544245246,0.10243202046763572,0.04557416832411396,0.04700964579377822,0.19217198915741898,0.05856598360534971,0.12408366018830722,0.11449095919082357,5.434722958281201,5.434722958281201,0.0,8.463616577510848e-17,2.897767167584095e-16,0.2699565324839354,0.2699565324839354,0.0,65.2,0.0,0.0,0.0,0.0,65.2,0.0,0.0,0.0,0.0,False,False,False
389,470721726,970358315,2,gaussian_plus_delay,CombinedErrorSensor,0.65,0.2,0.1,0.05,True,True,True,True,goal_reached,0.1178454811978128,69.60000000000001,13.731870186878126,13.789686761066346,0.07362290910328906,0.21277368231896432,0.08265658792696831,0.03490667509185436,0.12738608698375148,0.04497030658802742,0.04431459309147659,0.1942450468171173,0.05677220659786363,0.15752901417991658,0.11605692604696971,5.833159864280081,5.833159864280081,0.0,7.99605709167042e-17,2.5133742693021536e-16,0.27726209159966597,0.27726209159966597,0.0,64.5,5.1,0.0,0.0,0.0,64.8,4.800000000000001,0.0,0.0,0.0,False,False,False
390,67846621,1218254757,2,gaussian_plus_delay,CombinedErrorSensor,0.65,0.2,0.1,0.05,True,True,True,True,goal_reached,0.10174476931075084,73.3,15.895129616203732,15.915206778056909,0.08624102655262586,0.24527890183596138,0.09514345395337247,0.028438347582958864,0.10276774621247864,0.035770688600238326,0.04516762549990776,0.2011188458930422,0.05601566894964902,0.16294821483083485,0.13870843035541197,6.613944417366342,6.613944417366342,0.0,8.934302608921408e-17,2.8609792490763985e-16,0.2735088019913133,0.2735088019913133,0.0,71.79999999999998,1.5000000000000009,0.0,0.0,0.0,71.6,1.700000000000001,0.0,0.0,0.0,False,False,False
391,3412605371,608249195,2,gaussian_plus_delay,CombinedErrorSensor,0.65,0.2,0.1,0.05,True,True,True,True,goal_reached,0.0959082852931138,67.10000000000001,14.102227334610234,13.967539297725832,0.07926824016694833,0.21868024866823463,0.08692889973425445,0.038470666612372126,0.13189031053383113,0.046769693944836904,0.04657247293741852,0.20274120407824747,0.05904551573934185,0.16931251632658625,0.08018899979185878,6.039618944661237,6.039618944661237,0.0,8.65199026348239e-17,2.776424787817943e-16,0.3433196869838773,0.34331968698387744,0.0,67.10000000000001,0.0,0.0,0.0,0.0,67.10000000000001,0.0,0.0,0.0,0.0,False,False,False
392,1321953011,4213641362,2,gaussian_plus_delay,CombinedErrorSensor,0.65,0.2,0.1,0.05,True,True,True,True,goal_reached,0.16603661667107894,72.10000000000001,14.69583850439792,14.813877064709345,0.07539314769782579,0.1947966191539774,0.08432033330767673,0.03433283784767814,0.10953259659026582,0.04178863174956626,0.045902922096312214,0.2152022224013166,0.05918911138756195,0.26381986878894603,0.22549141780327941,6.268926214870319,6.268926214870319,0.0,8.25694745931527e-17,2.779024842816778e-16,0.34690538149648786,0.34690538149648786,0.0,67.2,4.9,0.0,0.0,0.0,66.6,5.500000000000003,0.0,0.0,0.0,False,False,False
393,872354663,2461054940,2,gaussian_plus_delay,CombinedErrorSensor,0.65,0.2,0.1,0.05,True,True,True,True,goal_reached,0.1459519484231697,60.800000000000004,12.954857514653149,12.937429191368103,0.08457480811621042,0.19257049680945412,0.0924015667601571,0.03144359521492297,0.13589357264553348,0.04326511617031557,0.0537130246524176,0.1864923726802549,0.06634814192173347,0.19314723869723194,0.09834943261855589,5.7008608658335564,5.7008608658335564,0.0,8.908274996635165e-17,2.5589376332604516e-16,0.27055762399067285,0.27055762399067285,0.0,60.800000000000004,0.0,0.0,0.0,0.0,60.800000000000004,0.0,0.0,0.0,0.0,False,False,False
394,1373533898,2386604706,2,gaussian_plus_delay,CombinedErrorSensor,0.65,0.2,0.1,0.05,True,True,True,True,goal_reached,0.15461703523620393,70.4,14.145623190373154,14.138243152771205,0.07409135164466774,0.22931709165598785,0.08365069633812415,0.03380380334887834,0.1056526383619022,0.04230323802796921,0.04714926289115747,0.19234448738741514,0.060604327228372924,0.1626186756023351,0.09181693586890738,6.065926405842954,6.065926405842954,0.0,8.889481276434937e-17,2.779024842816778e-16,0.3186823344251175,0.31868233442511745,0.0,70.4,0.0,0.0,0.0,0.0,70.2,0.1999999999999993,0.0,0.0,0.0,False,False,False
395,2532253106,2816233351,2,gaussian_plus_delay,CombinedErrorSensor,0.65,0.2,0.1,0.05,True,True,True,True,goal_reached,0.12008812352890372,61.2,13.114378416621372,13.071819230488154,0.08045674889237392,0.19583860630879255,0.08876790571071472,0.03624796601553844,0.10946082905629399,0.04412016002107115,0.04963365762423798,0.2089068871628263,0.06257315994473349,0.1477945885506557,0.07531933737593699,5.7614382438561496,5.761438243856149,0.0,9.046875272972332e-17,2.830524433501838e-16,0.2747150100935629,0.27471501009356286,0.0,54.400000000000006,6.799999999999995,0.0,0.0,0.0,53.2,7.999999999999998,0.0,0.0,0.0,False,False,False
396,3273084152,2467234986,2,gaussian_plus_delay,CombinedErrorSensor,0.65,0.2,0.1,0.05,True,True,True,True,goal_reached,0.14564498758553154,74.9,14.659986406505162,14.503097998553798,0.07691886130079167,0.25675105004378407,0.08498121496810172,0.04416970739050388,0.13248047850859399,0.05455360422587512,0.05349862847324522,0.25675105004378407,0.06672760128186495,0.22427662475766597,0.17108982442033832,6.235623174372257,6.235623174372259,0.0,7.853954359455041e-17,2.7755575615628914e-16,0.32777060919639417,0.3277706091963942,0.0,74.9,0.0,0.0,0.0,0.0,74.9,0.0,0.0,0.0,0.0,False,False,False
397,1043526963,2208891233,2,gaussian_plus_delay,CombinedErrorSensor,0.65,0.2,0.1,0.05,True,True,True,True,goal_reached,0.13363827549498428,77.7,16.336308781639012,16.490364543909816,0.08241566471393404,0.391475900756098,0.09154185071392841,0.03698853743745469,0.12894994701629658,0.046125060333340406,0.04889387927566327,0.20527416411165858,0.061264140532133374,0.07358781683033054,0.04285000156382779,6.626282171644039,6.626282171644037,0.0,8.950214577280769e-17,2.797157557069881e-16,0.362344420616702,0.36234442061670197,0.0,75.9,1.7999999999999972,0.0,0.0,0.0,75.7,2.0,0.0,0.0,0.0,False,False,False
398,41399160,3984272595,2,gaussian_plus_delay,CombinedErrorSensor,0.65,0.2,0.1,0.05,True,True,True,True,goal_reached,0.1519927128944724,73.9,14.102890972095235,14.13799612533406,0.06877042759327627,0.19363335768964804,0.07625113822109063,0.03639477388483441,0.11426167271719519,0.04439506540801687,0.050922563691425136,0.16799982755443502,0.06218417745472108,0.16785655258645396,0.07990340185132361,6.189679916991607,6.189679916991608,0.0,7.989657041405847e-17,2.2887833992611187e-16,0.24811164676252917,0.24811164676252914,0.0,72.0,1.9000000000000004,0.0,0.0,0.0,72.29999999999998,1.6000000000000103,0.0,0.0,0.0,False,False,False
399,2201137154,3104227786,2,gaussian_plus_delay,CombinedErrorSensor,0.65,0.2,0.1,0.05,True,True,True,True,goal_reached,0.14739213121440964,70.4,14.801726575276366,14.852835671921175,0.08446936878351456,0.18965821653879597,0.09204394883092248,0.02916187238322139,0.09324946803568608,0.03861339682798731,0.040864747577936796,0.14684795275711124,0.05019132205200213,0.15105222536841686,0.12414057911322662,6.212552484603188,6.212552484603189,0.0,8.496759710334745e-17,2.7928509224031823e-16,0.32796328020719623,0.32796328020719623,0.0,70.3,0.10000000000000142,0.0,0.0,0.0,69.7,0.6999999999999975,0.0,0.0,0.0,False,False,False
400,2366020441,2010926479,2,gaussian_plus_delay,CombinedErrorSensor,0.65,0.2,0.1,0.05,True,True,True,True,goal_reached,0.13630917463534536,70.3,14.837684584253022,14.908543723657269,0.08028321866584402,0.18188938682054417,0.08652175565057288,0.033497513840864954,0.13398933058606843,0.04486063117307631,0.047121486174866,0.21704040709693784,0.05978740577768796,0.11601066941393157,0.03295959290306216,6.357246884966969,6.357246884966968,0.0,8.59126281946028e-17,2.830524433501838e-16,0.283770414077938,0.28377041407793807,0.0,69.49999999999999,0.8000000000000007,0.0,0.0,0.0,69.49999999999999,0.8000000000000007,0.0,0.0,0.0,False,False,False
401,1535119728,1565580028,2,gaussian_plus_delay,CombinedErrorSensor,0.65,0.2,0.1,0.05,True,True,True,True,goal_reached,0.15166630155001573,69.5,13.482917540182939,13.476762888012807,0.07330998797208549,0.19666021613459847,0.08169719397340854,0.03607882841759351,0.09622657794571254,0.04395888816579336,0.04560799557237169,0.16164367134502108,0.05673726837356369,0.11288326917906286,0.06449667575397418,5.753987024900567,5.753987024900569,0.0,8.241829198892996e-17,1.962615573354719e-16,0.2507481776472432,0.2507481776472432,0.0,69.5,0.0,0.0,0.0,0.0,69.5,0.0,0.0,0.0,0.0,False,False,False
402,955248925,1124633429,2,gaussian_plus_delay,CombinedErrorSensor,0.65,0.2,0.1,0.05,True,True,True,True,goal_reached,0.14448335554764966,60.1,12.773764459271938,12.852833076444455,0.07933279864846929,0.2518306653345504,0.08901538170898841,0.02942873175619704,0.08322013549422512,0.03567197814606582,0.04092264506453787,0.2480065582534206,0.051943193319565525,0.12394653626892845,0.07580545688845135,5.398851227813576,5.3988512278135765,0.0,9.088000649610592e-17,2.498001805406602e-16,0.2872189635318125,0.2872189635318124,0.0,58.8,1.3000000000000043,0.0,0.0,0.0,58.49999999999999,1.6000000000000085,0.0,0.0,0.0,False,False,False
403,3485541319,3483450660,2,gaussian_plus_delay,CombinedErrorSensor,0.65,0.2,0.1,0.05,True,True,True,True,goal_reached,0.14352589625639237,88.4,17.722634513194976,17.54052997379072,0.0790933859352223,0.21081610951224516,0.08808217919745803,0.03557579870909407,0.09598871952910315,0.042971485704870735,0.046167438702451415,0.1747974006196804,0.05663260891425534,0.19170110502062482,0.12389136930534317,7.868260746325919,7.868260746325918,0.0,8.23599592522198e-17,2.7894008272968645e-16,0.24374784953978063,0.24374784953978063,0.0,74.4,13.999999999999993,0.0,0.0,0.0,74.3,14.100000000000003,0.0,0.0,0.0,False,False,False
404,3184790339,631315687,2,gaussian_plus_delay,CombinedErrorSensor,0.65,0.2,0.1,0.05,True,True,True,True,goal_reached,0.14954305842417973,62.5,13.267496553276844,13.24652748885768,0.0830059186572309,0.2464105337118772,0.09191504713568618,0.03518754002191497,0.10994809263532958,0.04491975672688486,0.051109958891300135,0.18208341180275306,0.0629016837220223,0.1475217592205686,0.10363023877446569,5.572651958739717,5.572651958739717,0.0,8.962702594648682e-17,2.7894008272968645e-16,0.29524434080279605,0.2952443408027961,0.0,62.0,0.5,0.0,0.0,0.0,61.6,0.8999999999999986,0.0,0.0,0.0,False,False,False
405,3285429448,1207168295,2,gaussian_plus_delay,CombinedErrorSensor,0.65,0.2,0.1,0.05,True,True,True,True,goal_reached,0.14408978360898564,69.9,14.069788938759089,14.145738583377032,0.07628128530074037,0.20515211906551897,0.08369832052858298,0.038304562473620886,0.12083604038288906,0.04707422410137549,0.04328987873282953,0.18520605274440138,0.05535426426580642,0.15121003209226103,0.09503521335073858,5.971338428899882,5.971338428899882,0.0,8.4430304067381e-17,2.797157557069881e-16,0.3193676861592054,0.31936768615920536,0.0,69.9,0.0,0.0,0.0,0.0,69.9,0.0,0.0,0.0,0.0,False,False,False
406,1711414769,768036703,2,gaussian_plus_delay,CombinedErrorSensor,0.65,0.2,0.1,0.05,True,True,True,True,goal_reached,0.15646699679714196,64.0,13.64646059255725,13.636979445529656,0.08520856630833132,0.19168255401176815,0.09322608740416258,0.031247758811630742,0.116413012849792,0.03889772887147082,0.049060750542438636,0.2120328249848189,0.06211332334327691,0.1406730007760493,0.05593049072526327,5.727948385447263,5.727948385447263,0.0,9.003395438385787e-17,2.8066088919804617e-16,0.35977718988977925,0.35977718988977925,0.0,62.6,1.3999999999999986,0.0,0.0,0.0,62.5,1.5,0.0,0.0,0.0,False,False,False
407,739438903,1521726463,2,gaussian_plus_delay,CombinedErrorSensor,0.65,0.2,0.1,0.05,True,True,True,True,goal_reached,0.1088574848669956,77.10000000000001,15.529564470875043,15.447782529221255,0.0771185875047223,0.19092418667821023,0.0859557757949753,0.03663664261641711,0.16908420248277892,0.05036296781038795,0.04754581050237354,0.23088173392699793,0.062053555943711855,0.3300479777802662,0.3050785854637462,6.782493127511126,6.782493127511126,0.0,7.821147733994627e-17,2.776424787817943e-16,0.3767383971992872,0.3767383971992872,0.0,72.00000000000001,5.099999999999994,0.0,0.0,0.0,72.10000000000001,5.0,0.0,0.0,0.0,False,False,False
408,1071255186,4062200957,2,gaussian_plus_delay,CombinedErrorSensor,0.65,0.2,0.1,0.05,True,True,True,True,goal_reached,0.13765526390648145,75.60000000000001,15.618363565098353,15.599081224923452,0.07741576999088755,0.20421559195757338,0.08546491607470527,0.02943520105301344,0.09264287327778907,0.03530300973321945,0.04480949182168604,0.18236339469413898,0.055491461989087165,0.1776881507408461,0.1432457404920794,6.388518944258761,6.388518944258761,0.0,8.105209906598872e-17,2.7894008272968645e-16,0.23123327170815217,0.23123327170815228,0.0,70.8,4.799999999999999,0.0,0.0,0.0,70.9,4.7,0.0,0.0,0.0,False,False,False
409,2658645016,3539954061,2,gaussian_plus_delay,CombinedErrorSensor,0.65,0.2,0.1,0.05,True,True,True,True,goal_reached,0.0948637547723292,63.900000000000006,13.32381171098299,13.293780244623603,0.07123921144282142,0.18784347161689238,0.07922872625369422,0.027999641722843343,0.08616855966798127,0.03451954274100394,0.043731381780800035,0.17072756728118307,0.05492804565679312,0.15716666777321603,0.07978877856772494,5.3184389964790215,5.318438996479021,0.0,8.75974397964615e-17,2.0014830212433605e-16,0.2939908424754639,0.2939908424754639,0.0,63.5,0.3999999999999999,0.0,0.0,0.0,63.800000000000004,0.10000000000000009,0.0,0.0,0.0,False,False,False
410,1637467688,2950014254,2,gaussian_plus_delay,CombinedErrorSensor,0.65,0.2,0.1,0.05,True,True,True,True,goal_reached,0.18655362617207188,81.5,16.555521827200188,16.55789717773675,0.07574129721744263,0.1943200000738058,0.083405407901192,0.031610316388066294,0.10968865310447207,0.04127332371819433,0.04935574327452021,0.18233096195788923,0.06088418221468669,0.4300802908409174,0.3570162286675469,7.45715750360103,7.45715750360103,0.0,7.92819612190647e-17,2.7894008272968645e-16,0.2594942143830514,0.2594942143830516,0.0,81.4,0.09999999999999432,0.0,0.0,0.0,80.89999999999999,0.6000000000000014,0.0,0.0,0.0,False,False,False
411,3012103856,3939154953,2,gaussian_plus_delay,CombinedErrorSensor,0.65,0.2,0.1,0.05,True,True,True,True,goal_reached,0.13990660063253293,64.9,13.1969083229085,13.24773707121697,0.07259428370180292,0.2012790414883446,0.08025323807540027,0.027031398746579904,0.07192459554766302,0.03255829822781341,0.0386874868011754,0.14888737572764876,0.04854285143891546,0.17379394836730355,0.14629333864172933,5.682351135978312,5.682351135978312,0.0,8.421555798066745e-17,1.7772239894833365e-16,0.2657233166887178,0.2657233166887178,0.0,64.39999999999999,0.5000000000000036,0.0,0.0,0.0,64.3,0.5999999999999996,0.0,0.0,0.0,False,False,False
412,1061496009,4126919586,2,gaussian_plus_delay,CombinedErrorSensor,0.65,0.2,0.1,0.05,True,True,True,True,goal_reached,0.16045778490492718,63.400000000000006,12.784222742683808,12.825915091953675,0.08211428195631065,0.2860055220632091,0.09037189652136997,0.03133080534665216,0.0802208754257389,0.03807535713386372,0.04654526113845283,0.18578365337317743,0.05795895871083737,0.12931677227306787,0.08982939337938042,5.6022837209948975,5.6022837209948975,0.0,8.947295093238021e-17,1.962615573354719e-16,0.29165775003163313,0.29165775003163313,0.0,61.800000000000004,1.5999999999999996,0.0,0.0,0.0,61.300000000000004,2.1,0.0,0.0,0.0,False,False,False
413,149354069,3266337438,2,gaussian_plus_delay,CombinedErrorSensor,0.65,0.2,0.1,0.05,True,True,True,True,goal_reached,0.1408528301834502,75.3,14.533375421409996,14.531489842998345,0.0772187300286615,0.21107056189356918,0.08534424118064142,0.03675815185726625,0.12969594198699944,0.04793292477290119,0.04734624523959664,0.18135692847264043,0.058709619688339855,0.2924415909787413,0.24554804810622777,5.862312213601069,5.8623122136010695,0.0,7.8679172085129e-17,2.220462989844635e-16,0.22609522970162138,0.22609522970162152,0.0,70.3,5.0,0.0,0.0,0.0,70.1,5.200000000000001,0.0,0.0,0.0,False,False,False
414,4081168298,314093331,2,gaussian_plus_delay,CombinedErrorSensor,0.65,0.2,0.1,0.05,True,True,True,True,goal_reached,0.17347573655311851,66.4,14.369530841526544,14.312004157945184,0.08116546656134248,0.22003893698942653,0.09000664214770138,0.029580875562990987,0.11286084782041887,0.039730166522784834,0.047200296441893094,0.17799894013061973,0.060053822563215724,0.1666240077208758,0.14819784603957864,6.134518298065452,6.134518298065453,0.0,8.681302204709061e-17,2.7894008272968645e-16,0.44806524541745535,0.44806524541745546,0.0,62.50000000000001,3.8999999999999986,0.0,0.0,0.0,62.9,3.5000000000000018,0.0,0.0,0.0,False,False,False
415,292210110,1564487867,2,gaussian_plus_delay,CombinedErrorSensor,0.65,0.2,0.1,0.05,True,True,True,True,goal_reached,0.11844570972301091,66.60000000000001,14.016474138461664,14.027762034467777,0.0839273603827653,0.20646414608600547,0.0915252707201441,0.026787935698575658,0.09208915081337388,0.03382492202462529,0.042159066039324546,0.14151634810541402,0.05153487423912785,0.18144645837643358,0.12369327407039012,5.348541618842435,5.348541618842436,0.0,8.847908646745883e-17,2.7821092520891435e-16,0.32786621499765123,0.3278662149976512,0.0,65.10000000000001,1.5,0.0,0.0,0.0,65.3,1.2999999999999998,0.0,0.0,0.0,False,False,False
416,471779139,902910705,2,gaussian_plus_delay,CombinedErrorSensor,0.65,0.2,0.1,0.05,True,True,True,True,goal_reached,0.10996043180881121,65.3,13.867831255402198,13.903167174347637,0.08138908941860694,0.2024191153973098,0.08925048817725185,0.022695334984490306,0.07554466181580655,0.028527660149101262,0.03958647351704563,0.1698859551752828,0.04975669657529135,0.18053431631209801,0.10421624078162268,5.368421719949862,5.368421719949862,0.0,8.749819580820205e-17,2.7757743935277205e-16,0.4493276204922057,0.4493276204922057,0.0,65.3,0.0,0.0,0.0,0.0,65.3,0.0,0.0,0.0,0.0,False,False,False
417,1257730118,169908158,2,gaussian_plus_delay,CombinedErrorSensor,0.65,0.2,0.1,0.05,True,True,True,True,goal_reached,0.08641578681531635,64.5,13.678106401960694,13.55525427061896,0.08130512706758204,0.1837109886548804,0.08927513365916169,0.035888436097015156,0.12459799100164383,0.04741327016613903,0.04672799562073733,0.23415270752337233,0.06060574289774878,0.10040886401035881,0.08606469446350284,5.937398983955893,5.937398983955893,0.0,8.99207023179781e-17,2.8609792490763985e-16,0.24581767438963525,0.24581767438963523,0.0,62.9,1.6000000000000014,0.0,0.0,0.0,63.099999999999994,1.4000000000000057,0.0,0.0,0.0,False,False,False
418,1055095300,2099702196,2,gaussian_plus_delay,CombinedErrorSensor,0.65,0.2,0.1,0.05,True,True,True,True,goal_reached,0.15816578915598253,59.800000000000004,13.183707865567534,13.255738846476635,0.082950514073788,0.2227467529944292,0.09198067078273126,0.028412203306099604,0.07775352810630316,0.03532421280337576,0.04266049989386512,0.17274186129672137,0.05296852684847064,0.16796143025014948,0.10589514851180759,5.160146620646646,5.160146620646646,0.0,9.032040705241253e-17,2.830524433501838e-16,0.2330075346590188,0.23300753465901872,0.0,59.5,0.29999999999999893,0.0,0.0,0.0,59.6,0.20000000000000107,0.0,0.0,0.0,False,False,False
419,2411947258,1651693406,2,gaussian_plus_delay,CombinedErrorSensor,0.65,0.2,0.1,0.05,True,True,True,True,goal_reached,0.205151025518563,63.300000000000004,13.700286459413208,13.884019288048915,0.07936526865107713,0.2105678115506138,0.08704962549650935,0.029512681985752992,0.09554225122974347,0.03686077359582073,0.043159039277808425,0.1907479678369729,0.05606669852762999,0.3863157974816749,0.3239685865636103,5.321212202929039,5.32121220292904,0.0,8.945401899120081e-17,2.776424787817943e-16,0.48068946755147196,0.48068946755147185,0.0,63.300000000000004,0.0,0.0,0.0,0.0,63.300000000000004,0.0,0.0,0.0,0.0,False,False,False
420,2914634240,2192700923,2,gaussian_plus_delay,CombinedErrorSensor,0.65,0.2,0.1,0.05,True,True,True,True,goal_reached,0.2106293576407161,71.5,15.013988884739254,14.979451878687223,0.0781241709288428,0.23477267814950434,0.08741290401140434,0.03481822751462537,0.15512347456133285,0.04448577619497493,0.0466210305975909,0.1936892345908903,0.05949754863041281,0.12623148553386707,0.06154502164161252,6.685760029823133,6.685760029823134,0.0,8.5526385510422e-17,2.830524433501838e-16,0.4556023040653347,0.45560230406533464,0.0,66.5,5.0,0.0,0.0,0.0,66.6,4.899999999999999,0.0,0.0,0.0,False,False,False
421,3582409163,1846612564,2,gaussian_plus_delay,CombinedErrorSensor,0.65,0.2,0.1,0.05,True,True,True,True,goal_reached,0.10869620832077931,66.4,13.931326162649594,13.850471942750502,0.07445548307527296,0.2008931055572798,0.08280197956725456,0.03710140096337679,0.13893634569524663,0.0470376504817522,0.0452808705456507,0.1720155597711665,0.05719241709320704,0.15286753617472676,0.12228384689296246,5.842384662883269,5.842384662883269,0.0,8.559942913515359e-17,2.4980620381344523e-16,0.3197250004878675,0.3197250004878675,0.0,66.4,0.0,0.0,0.0,0.0,66.4,0.0,0.0,0.0,0.0,False,False,False
422,4008422370,2004689862,2,gaussian_plus_delay,CombinedErrorSensor,0.65,0.2,0.1,0.05,True,True,True,True,goal_reached,0.1202415343398251,74.5,14.379757733279499,14.254467875309937,0.08064199339563596,0.20025572523358284,0.08773444725481812,0.03955196615117063,0.13721035585997776,0.04993658532993952,0.052746596232552255,0.20186238983481034,0.06536526483186171,0.1015922637340932,0.06929981802801213,6.076710516301922,6.076710516301922,0.0,8.070936212143389e-17,2.897767167584095e-16,0.42615288798746764,0.42615288798746764,0.0,73.69999999999999,0.8000000000000043,0.0,0.0,0.0,73.3,1.1999999999999957,0.0,0.0,0.0,False,False,False
423,2882814493,1061927593,2,gaussian_plus_delay,CombinedErrorSensor,0.65,0.2,0.1,0.05,True,True,True,True,goal_reached,0.11334030782143964,64.0,13.156065113015867,13.154007106054447,0.08139521236195783,0.18464523714112682,0.08825190473127185,0.028174448469553796,0.0915209823478719,0.03509045546391739,0.04251679745796823,0.19705176656670773,0.053096400843458263,0.09267123013928744,0.06475380122697327,5.457278881315075,5.457278881315075,0.0,8.685343496868201e-17,2.237726045655905e-16,0.3750635349945152,0.37506353499451517,0.0,64.0,0.0,0.0,0.0,0.0,64.0,0.0,0.0,0.0,0.0,False,False,False
424,3680502530,1923750527,2,gaussian_plus_delay,CombinedErrorSensor,0.65,0.2,0.1,0.05,True,True,True,True,goal_reached,0.14321574130347958,75.3,16.32769487729609,16.303503552337933,0.08201093972367184,0.22752427065626446,0.09075696736474596,0.02830663328558998,0.11655902742482743,0.03563838717546911,0.04268291354432331,0.17926337271463752,0.05446899809276674,0.1872817875779967,0.12990475284817585,6.842927848367022,6.842927848367022,0.0,8.363225623990978e-17,2.7833528704240246e-16,0.33269952134403863,0.3326995213440388,0.0,73.0,2.299999999999997,0.0,0.0,0.0,73.19999999999999,2.1000000000000085,0.0,0.0,0.0,False,False,False
425,2946213435,2839389369,2,gaussian_plus_delay,CombinedErrorSensor,0.65,0.2,0.1,0.05,True,True,True,True,goal_reached,0.15234013214626724,62.0,12.974020250786737,12.958634657502824,0.07744570266595323,0.20640539710231867,0.08637287784285856,0.039508940261992594,0.11434339129700626,0.04625745842604858,0.04966739654926006,0.15681565558450886,0.06130676141246084,0.09884009078870103,0.06473303489569426,5.99656752022354,5.99656752022354,0.0,8.659155210009566e-17,2.5589376332604516e-16,0.32775126476455096,0.32775126476455096,0.0,60.8,1.2000000000000028,0.0,0.0,0.0,60.7,1.2999999999999972,0.0,0.0,0.0,False,False,False
426,2667510470,1232235575,2,gaussian_plus_delay,CombinedErrorSensor,0.65,0.2,0.1,0.05,True,True,True,True,goal_reached,0.19753020985542447,66.9,13.348063496333006,13.366329440789618,0.07392339350367001,0.17386169688612532,0.08137798468571722,0.034940070990948494,0.09986708583882038,0.04343320896695486,0.04652001044318167,0.19347126261257971,0.05870921916870413,0.1348010306049281,0.10175679700102173,6.068446965621403,6.068446965621403,0.0,8.351403776328622e-17,2.7336071744532853e-16,0.27690997466709627,0.27690997466709627,0.0,65.3,1.6000000000000085,0.0,0.0,0.0,64.9,2.0,0.0,0.0,0.0,False,False,False
427,2775479302,3129694536,2,gaussian_plus_delay,CombinedErrorSensor,0.65,0.2,0.1,0.05,False,False,False,False,planning_failure,nan,nan,nan,nan,nan,nan,nan,nan,nan,nan,nan,nan,nan,nan,nan,nan,nan,nan,nan,nan,nan,nan,nan,,,,,,,,,,,,,
428,583548122,2742868653,2,gaussian_plus_delay,CombinedErrorSensor,0.65,0.2,0.1,0.05,True,True,True,True,goal_reached,0.13239282787389534,78.2,15.107113658471688,15.030440103608665,0.07464594666339289,0.22179981868051127,0.08357525828480679,0.030093067225332965,0.08408643637308226,0.03707047133171373,0.04483601935253804,0.22101417183943742,0.0555343861259233,0.17424630015344053,0.12988824266230736,6.518635928266672,6.518635928266672,0.0,7.631062744671814e-17,2.779024842816778e-16,0.26339119355182616,0.26339119355182633,0.0,78.2,0.0,0.0,0.0,0.0,78.2,0.0,0.0,0.0,0.0,False,False,False
429,395063575,893168507,2,gaussian_plus_delay,CombinedErrorSensor,0.65,0.2,0.1,0.05,True,True,True,True,goal_reached,0.20280287706779876,64.5,13.58527678557117,13.696613050715962,0.0800260475689917,0.21591362497848857,0.08750209269023197,0.02805932934949978,0.12028028315109564,0.03761133582616973,0.0430930670071209,0.24290267846099456,0.05719697375822012,0.15976574707250923,0.11776371522343572,5.246769027354208,5.246769027354208,0.0,8.697497609213875e-17,2.220446049250313e-16,0.30810858339943653,0.3081085833994365,0.0,64.5,0.0,0.0,0.0,0.0,64.5,0.0,0.0,0.0,0.0,False,False,False
430,3316604475,3569072220,2,gaussian_plus_delay,CombinedErrorSensor,0.65,0.2,0.1,0.05,True,True,True,True,goal_reached,0.1254971284649238,68.9,14.167303745017415,14.158023020267285,0.07822989190049957,0.19006545146473602,0.08662487013549348,0.02855696458831586,0.09569272852327904,0.03680951882751689,0.04007003853716029,0.1880954217531876,0.05103744376696776,0.2550070309375777,0.21077006703178322,5.73029083073096,5.730290830730959,0.0,8.21138384322687e-17,2.7755575615628914e-16,0.5500213643848982,0.5500213643848982,0.0,63.400000000000006,5.5,0.0,0.0,0.0,63.0,5.900000000000006,0.0,0.0,0.0,False,False,False
431,2622342899,1742826588,2,gaussian_plus_delay,CombinedErrorSensor,0.65,0.2,0.1,0.05,True,True,True,True,goal_reached,0.17052740122401053,61.7,13.251912494998281,13.21961398356014,0.08423763622054631,0.20204189633278877,0.09269782690404664,0.0371228535044106,0.11791407976445463,0.047452447925326095,0.050185844661192434,0.20715754419149032,0.06385372919807013,0.15439832275619053,0.10703835983203691,5.558576799386145,5.558576799386146,0.0,8.830869859130267e-17,2.8066088919804617e-16,0.36354607397889244,0.36354607397889244,0.0,61.7,0.0,0.0,0.0,0.0,61.7,0.0,0.0,0.0,0.0,False,False,False
432,3286438300,234230365,2,gaussian_plus_delay,CombinedErrorSensor,0.65,0.2,0.1,0.05,True,True,True,True,goal_reached,0.106980132618584,66.7,13.827547028146348,13.850659853865388,0.08137630509649033,0.20041312918129506,0.08831910698432813,0.024334555543488616,0.074261818714474,0.02983849544359866,0.040608861911577594,0.14779408057372365,0.050465352889599795,0.15714358922268773,0.08980515275407737,5.335780532770508,5.335780532770508,0.0,7.943103465767607e-17,2.7894008272968645e-16,0.22851026542365133,0.22851026542365144,0.0,66.7,0.0,0.0,0.0,0.0,66.7,0.0,0.0,0.0,0.0,False,False,False
433,2750417563,1262226921,2,gaussian_plus_delay,CombinedErrorSensor,0.65,0.2,0.1,0.05,True,True,True,True,goal_reached,0.15072338762899806,73.4,14.96024823528453,14.844105998038058,0.08073512561856552,0.19973956825155573,0.08973860719813351,0.03607917176066499,0.12477778136785711,0.04528023761948499,0.05186200136062966,0.20527508698110253,0.0650002532314185,0.1721325339583359,0.09483955429928415,6.869691206920653,6.8696912069206535,0.0,8.661602135430627e-17,2.7894008272968645e-16,0.3063015314121907,0.30630153141219074,0.0,71.6,1.8000000000000043,0.0,0.0,0.0,71.6,1.8000000000000043,0.0,0.0,0.0,False,False,False
434,4219808666,4170911108,2,gaussian_plus_delay,CombinedErrorSensor,0.65,0.2,0.1,0.05,True,True,True,True,goal_reached,0.1154097376913472,75.3,14.47393785328762,14.396780975486644,0.07713217055644137,0.23334448075676065,0.08528212890469376,0.03361012189669318,0.12283528356724177,0.04164009215187963,0.048183866444981384,0.23305405536441795,0.06110672222906369,0.12145867920964742,0.06236937228686745,6.132173841650742,6.132173841650742,0.0,7.938418012340649e-17,2.7894008272968645e-16,0.25209562975401745,0.25209562975401756,0.0,72.39999999999999,2.900000000000002,0.0,0.0,0.0,72.49999999999999,2.8000000000000007,0.0,0.0,0.0,False,False,False
435,2996272099,2135640333,2,gaussian_plus_delay,CombinedErrorSensor,0.65,0.2,0.1,0.05,False,False,False,False,planning_failure,nan,nan,nan,nan,nan,nan,nan,nan,nan,nan,nan,nan,nan,nan,nan,nan,nan,nan,nan,nan,nan,nan,nan,,,,,,,,,,,,,
436,2404354633,3116284140,2,gaussian_plus_delay,CombinedErrorSensor,0.65,0.2,0.1,0.05,True,True,True,True,goal_reached,0.024985978004380512,67.9,13.804256951007716,13.708473516592594,0.08058313893488062,0.1799860113058983,0.0880731535586861,0.03319006621970777,0.11716893769367338,0.041193600356727846,0.04636181925284172,0.1951216011177008,0.0591463563564303,0.17369360960794458,0.13324108447182995,5.889158182881848,5.889158182881848,0.0,8.504511177719268e-17,2.8576114088871287e-16,0.3548477128481475,0.3548477128481475,0.0,67.9,0.0,0.0,0.0,0.0,67.9,0.0,0.0,0.0,0.0,False,False,False
437,1785047775,2412942496,2,gaussian_plus_delay,CombinedErrorSensor,0.65,0.2,0.1,0.05,False,False,False,False,planning_failure,nan,nan,nan,nan,nan,nan,nan,nan,nan,nan,nan,nan,nan,nan,nan,nan,nan,nan,nan,nan,nan,nan,nan,,,,,,,,,,,,,
438,1137720147,103076549,2,gaussian_plus_delay,CombinedErrorSensor,0.65,0.2,0.1,0.05,True,True,True,True,goal_reached,0.2088553179192783,60.7,13.290329852867451,13.390097378321641,0.07553369776273282,0.24824089509302602,0.08336182703948866,0.029221376083792484,0.10365122431022958,0.036550529980181684,0.04357789040992691,0.16410825998547554,0.05564656384807931,0.14075464330020462,0.09783728459656338,5.511501474885022,5.511501474885022,0.0,9.226780819960613e-17,2.498965354837e-16,0.3107209437253808,0.3107209437253808,0.0,55.50000000000001,5.199999999999996,0.0,0.0,0.0,55.7,5.0,0.0,0.0,0.0,False,False,False
439,4162669629,1339972080,2,gaussian_plus_delay,CombinedErrorSensor,0.65,0.2,0.1,0.05,True,True,True,True,goal_reached,0.1644188077224162,80.2,17.184530726633454,17.379881654163952,0.07783582772940482,0.20191131245795355,0.08510620668148283,0.03381658329560913,0.09039730586029826,0.041795196803076654,0.04472063533481482,0.17436411999998125,0.055320747808651836,0.16079248667654422,0.1015028325244522,7.558449970472771,7.558449970472772,0.0,8.525651649426954e-17,2.8609792490763985e-16,0.30605248899371196,0.306052488993712,0.0,80.2,0.0,0.0,0.0,0.0,80.2,0.0,0.0,0.0,0.0,False,False,False
440,4238156698,1041179357,2,gaussian_plus_delay,CombinedErrorSensor,0.65,0.2,0.1,0.05,True,True,True,True,goal_reached,0.15362567779015152,70.2,14.378670096613032,14.435496233754645,0.07491364171220082,0.21256200193685407,0.08317691708700548,0.030701423867683028,0.10158700447136663,0.03789386794000224,0.04261494352704781,0.17098651589875524,0.05326984942201264,0.14211896627042503,0.10036041773678761,6.23482734264374,6.23482734264374,0.0,8.091805594140584e-17,2.7894008272968645e-16,0.2983871235283091,0.2983871235283091,0.0,70.2,0.0,0.0,0.0,0.0,70.2,0.0,0.0,0.0,0.0,False,False,False
441,2321526583,4105025827,2,gaussian_plus_delay,CombinedErrorSensor,0.65,0.2,0.1,0.05,True,True,True,True,goal_reached,0.15521006559376113,70.4,15.063024095645485,15.021835040488003,0.08333696241482497,0.2034028592882848,0.0910636686690813,0.03396745405362577,0.10159085539572592,0.042101592618793496,0.04638674486921691,0.1697556611247243,0.058715343812358475,0.17591810469027358,0.12564004867559012,6.314026911492304,6.314026911492304,0.0,8.454547846778618e-17,2.7894008272968645e-16,0.3136257582011448,0.31362575820114474,0.0,65.8,4.599999999999998,0.0,0.0,0.0,65.5,4.900000000000002,0.0,0.0,0.0,False,False,False
442,2806551846,2921142390,2,gaussian_plus_delay,CombinedErrorSensor,0.65,0.2,0.1,0.05,True,True,True,True,goal_reached,0.09266782737619074,67.60000000000001,14.167379179678992,14.035626882411453,0.07869097438568454,0.18802959264197353,0.08699503155138727,0.034696480926495896,0.11737584061684474,0.04453997545357623,0.047158323588697704,0.19673474447406816,0.05857544210870796,0.15239114168158352,0.10161137075499038,5.952977549821441,5.952977549821441,0.0,8.439041130830061e-17,2.779024842816778e-16,0.31069061653734187,0.3106906165373418,0.0,67.60000000000001,0.0,0.0,0.0,0.0,67.60000000000001,0.0,0.0,0.0,0.0,False,False,False
443,530442452,3520819212,2,gaussian_plus_delay,CombinedErrorSensor,0.65,0.2,0.1,0.05,True,True,True,True,goal_reached,0.07468691263484666,70.7,14.09235175132007,14.148957857472508,0.07819529455891606,0.21191571896050812,0.08647359664747879,0.03713338615626588,0.0998382174909503,0.04442907647040581,0.050088858154299136,0.19137767170664874,0.06234770701736029,0.11230882611753151,0.04216540803226237,6.348718361192933,6.348718361192933,0.0,8.098849235134081e-17,2.830524433501838e-16,0.28607953241629136,0.28607953241629136,0.0,69.2,1.5,0.0,0.0,0.0,69.4,1.2999999999999972,0.0,0.0,0.0,False,False,False
444,1845962377,664921687,2,gaussian_plus_delay,CombinedErrorSensor,0.65,0.2,0.1,0.05,True,True,True,True,goal_reached,0.1932094100543256,71.7,14.6492257468066,14.712599750638084,0.07516151979453041,0.1883501245971038,0.08306665426837295,0.028371916224424823,0.10743321947553852,0.03607098393537684,0.04354376289589739,0.1588033936477391,0.053534770360946816,0.1862065190438541,0.1580208226984052,6.156415778789562,6.156415778789563,0.0,8.368145410301956e-17,2.5133742693021536e-16,0.3025771898948782,0.3025771898948783,0.0,66.5,5.199999999999996,0.0,0.0,0.0,66.4,5.299999999999997,0.0,0.0,0.0,False,False,False
445,127337084,683216640,2,gaussian_plus_delay,CombinedErrorSensor,0.65,0.2,0.1,0.05,True,True,True,True,goal_reached,0.12641131461796024,68.8,13.998201274321396,13.961305184313938,0.07828174007433615,0.20095682398218884,0.08609581891128405,0.030357684114280255,0.09684175019384873,0.03840798667269264,0.04636305919986508,0.16178359420027374,0.056825911761052054,0.17340165389032092,0.14457049637238423,5.627420150416409,5.627420150416409,0.0,7.956225553964243e-17,2.5133742693021536e-16,0.3027107473062992,0.3027107473062992,0.0,68.5,0.29999999999999716,0.0,0.0,0.0,68.3,0.5,0.0,0.0,0.0,False,False,False
446,2775364023,2422759464,2,gaussian_plus_delay,CombinedErrorSensor,0.65,0.2,0.1,0.05,True,True,True,True,goal_reached,0.1723260593967649,73.5,15.22615537511199,15.223936657346107,0.07783619593994116,0.2125933164539364,0.085318848608547,0.039892941617299005,0.12257226021041973,0.048649535769828015,0.04835722883172479,0.1691092585225791,0.05860429633386357,0.1321389897788059,0.10271192210417368,6.24219253980729,6.24219253980729,0.0,7.991838741485824e-17,2.7755575615628914e-16,0.2844650073210371,0.2844650073210371,0.0,73.5,0.0,0.0,0.0,0.0,73.5,0.0,0.0,0.0,0.0,False,False,False
447,769208838,2108056196,2,gaussian_plus_delay,CombinedErrorSensor,0.65,0.2,0.1,0.05,True,True,True,True,goal_reached,0.1296362597605959,69.10000000000001,13.215026112969133,13.264258353557997,0.07827488309855726,0.21856894981704234,0.08776087614941269,0.03989988194028728,0.10422553092460114,0.04883351921323633,0.04957047395530361,0.21463063766435458,0.060754177105546155,0.3107738920288218,0.273116009138743,5.457091066893849,5.457091066893849,0.0,8.30544924990842e-17,1.8670653977139892e-16,0.2615993275506448,0.2615993275506448,0.0,69.00000000000001,0.09999999999999432,0.0,0.0,0.0,68.80000000000001,0.29999999999999716,0.0,0.0,0.0,False,False,False
448,3043459404,2731378376,2,gaussian_plus_delay,CombinedErrorSensor,0.65,0.2,0.1,0.05,True,True,True,True,goal_reached,0.14617602526251397,75.9,16.51987294656867,16.478071302052854,0.08306571524800357,0.2260190463632342,0.09079222646390256,0.03169944985390117,0.10670279498426805,0.03887473086195103,0.04959029059688838,0.1948828596043076,0.062294748745187936,0.21964566778051636,0.15777493627617822,7.099368727634987,7.099368727634987,0.0,9.047803024006517e-17,2.8609792490763985e-16,0.2563744331723278,0.25637443317232783,0.0,75.9,0.0,0.0,0.0,0.0,75.9,0.0,0.0,0.0,0.0,False,False,False
449,4010961629,3768035838,2,gaussian_plus_delay,CombinedErrorSensor,0.65,0.2,0.1,0.05,True,True,True,True,goal_reached,0.16928437549378,70.2,14.081272707259892,14.03474824567697,0.07807184688378968,0.18051590929395864,0.08590218607120606,0.036431803030916324,0.10897759755354222,0.0458346465979345,0.05205259818147846,0.1871266459908667,0.06449556484025669,0.10419108918100381,0.04718245674208488,6.195816087231004,6.1958160872310035,0.0,8.393611250164851e-17,2.797157557069881e-16,0.3590461306747762,0.35904613067477625,0.0,64.1,6.099999999999998,0.0,0.0,0.0,64.19999999999999,6.0000000000000036,0.0,0.0,0.0,False,False,False
450,1928687484,2584878143,2,gaussian_plus_delay,CombinedErrorSensor,0.65,0.2,0.1,0.05,False,False,False,False,planning_failure,nan,nan,nan,nan,nan,nan,nan,nan,nan,nan,nan,nan,nan,nan,nan,nan,nan,nan,nan,nan,nan,nan,nan,,,,,,,,,,,,,
451,4152053962,3199768913,2,gaussian_plus_delay,CombinedErrorSensor,0.65,0.2,0.1,0.05,True,True,True,True,goal_reached,0.08769409170142513,68.8,13.89853157824294,13.8428072553712,0.07550472221613604,0.1928786833949547,0.08232616096883105,0.03172886693069474,0.1404487858744552,0.04383691902368857,0.04504830667427565,0.22637287359385758,0.058452761619321544,0.1204903750261011,0.015276364056621021,6.102796992406794,6.102796992406794,0.0,8.606275560126047e-17,2.779024842816778e-16,0.3626317963749178,0.3626317963749178,0.0,62.39999999999999,6.400000000000002,0.0,0.0,0.0,62.9,5.899999999999994,0.0,0.0,0.0,False,False,False
452,4168572242,1705565391,2,gaussian_plus_delay,CombinedErrorSensor,0.65,0.2,0.1,0.05,True,True,True,True,goal_reached,0.192617124150079,88.60000000000001,17.544698071099152,17.53360465996083,0.07935781934773342,0.22780359280205484,0.08735216267107525,0.03889264045834757,0.14115222921467646,0.049671498213589176,0.049099631341058804,0.24623699432984392,0.060987461187111174,0.10731287358690637,0.05257853527501734,7.9066603091629,7.906660309162901,0.0,8.506452948881905e-17,2.8066088919804617e-16,0.26823310165142367,0.2682331016514236,0.0,87.30000000000001,1.2999999999999972,0.0,0.0,0.0,86.9,1.7000000000000028,0.0,0.0,0.0,False,False,False
453,139743901,2440869414,2,gaussian_plus_delay,CombinedErrorSensor,0.65,0.2,0.1,0.05,True,True,True,True,goal_reached,0.2141717373748196,68.9,13.445816053231464,13.37594380542943,0.08067870516517137,0.19699490598721525,0.08791939701484508,0.047795323332065126,0.1055070710488556,0.05498383404779704,0.05454505892770117,0.19475462808459484,0.06717168783129224,0.2528127071679368,0.15057388589460774,6.194869409292826,6.194869409292826,0.0,7.915930493419051e-17,2.2887833992611187e-16,0.3843856347660036,0.38438563476600374,0.0,68.60000000000001,0.29999999999999716,0.0,0.0,0.0,68.7,0.19999999999999574,0.0,0.0,0.0,False,False,False
454,535639341,2753489956,2,gaussian_plus_delay,CombinedErrorSensor,0.65,0.2,0.1,0.05,True,True,True,True,goal_reached,0.04267385914405136,71.8,14.543369953836834,14.39948491931562,0.07853535984936949,0.34827768373587004,0.08759061877531371,0.033176255669993916,0.08830380350459244,0.03974488472937553,0.04796809125930702,0.34827768373587004,0.059862537125043525,0.12516827129487254,0.10642995602072432,6.47235187806127,6.47235187806127,0.0,8.639599326324175e-17,2.8609792490763985e-16,0.3014804178014085,0.30148041780140844,0.0,69.3,2.5,0.0,0.0,0.0,68.9,2.8999999999999915,0.0,0.0,0.0,False,False,False
455,1358971682,2777370745,2,gaussian_plus_delay,CombinedErrorSensor,0.65,0.2,0.1,0.05,True,True,True,True,goal_reached,0.15106514065794344,67.9,13.660217333210692,13.743801877497104,0.07910670823151254,0.21761276826209155,0.08789779157915507,0.03381431043540931,0.13423602896567244,0.04411975921206864,0.046474126688968914,0.17618519943534772,0.05803497583617982,0.1342582296674439,0.08995962925835421,5.909468191320469,5.909468191320469,0.0,8.324054759363215e-17,2.777508439858666e-16,0.24702364667673782,0.24702364667673785,0.0,63.300000000000004,4.6,0.0,0.0,0.0,63.5,4.4,0.0,0.0,0.0,False,False,False
456,2249758613,3075958973,2,gaussian_plus_delay,CombinedErrorSensor,0.65,0.2,0.1,0.05,True,True,True,True,goal_reached,0.1772019676431696,65.5,13.572574412975278,13.551772256958477,0.07897371086538978,0.21227057757638587,0.08728090738812072,0.028861179135066306,0.12112955476511442,0.03803661857792439,0.050149434572087113,0.17102082522290335,0.06094303369388726,0.2443976726890802,0.21641456444923496,6.049239386492553,6.0492393864925535,0.0,8.268507269676665e-17,2.779024842816778e-16,0.3312296328154666,0.3312296328154666,0.0,61.99999999999999,3.5000000000000018,0.0,0.0,0.0,61.199999999999996,4.300000000000004,0.0,0.0,0.0,False,False,False
457,3234002399,399691633,2,gaussian_plus_delay,CombinedErrorSensor,0.65,0.2,0.1,0.05,True,True,True,True,goal_reached,0.14159269989128662,65.2,13.298533612544986,13.310020001512132,0.07755651250419035,0.20910908697754796,0.08585076421247476,0.03194828318999924,0.13618319752620187,0.040854009968085386,0.04659421431746013,0.18414864995796298,0.05878375443955552,0.13370145833493063,0.0853914380337394,5.9189945639415456,5.9189945639415456,0.0,8.436244217900368e-17,2.897767167584095e-16,0.23523861023389853,0.23523861023389864,0.0,65.2,0.0,0.0,0.0,0.0,65.2,0.0,0.0,0.0,0.0,False,False,False
458,2203017644,679757135,2,gaussian_plus_delay,CombinedErrorSensor,0.65,0.2,0.1,0.05,True,True,True,True,goal_reached,0.1823190177516337,69.7,14.059066911045056,13.966880514930745,0.07801477717078863,0.23588004409994798,0.08610218020126388,0.037822601388887385,0.11739492654963467,0.04660858798181612,0.05375660431398572,0.21746022254163047,0.06613286452348863,0.4187739795314602,0.34487570526028755,5.9775628479334895,5.9775628479334895,0.0,8.236445857138643e-17,1.962615573354719e-16,0.26391123713298165,0.26391123713298165,0.0,69.7,0.0,0.0,0.0,0.0,69.7,0.0,0.0,0.0,0.0,False,False,False
459,506516199,1391648510,2,gaussian_plus_delay,CombinedErrorSensor,0.65,0.2,0.1,0.05,True,True,True,True,goal_reached,0.11787084318637381,73.5,15.979253627558277,15.970469838305664,0.08234797343117997,0.20556585535265817,0.09040614495799375,0.030056462477289884,0.12384708668023103,0.04010975024199565,0.0452351837006964,0.2276567540811832,0.05723903960591704,0.18025815907620404,0.11940541726980491,6.638717276495106,6.638717276495105,0.0,8.499016788077173e-17,2.786162483075207e-16,0.28305387014798794,0.28305387014798794,0.0,73.5,0.0,0.0,0.0,0.0,73.5,0.0,0.0,0.0,0.0,False,False,False
460,3148336134,4052583908,2,gaussian_plus_delay,CombinedErrorSensor,0.65,0.2,0.1,0.05,True,True,True,True,goal_reached,0.14772138303626534,62.7,13.27633665884498,13.26512801672084,0.07969037732557807,0.23036849552036623,0.08796456232567132,0.03813002681435669,0.134418823895715,0.04938256141767706,0.04770042375101156,0.19048894187743198,0.060350945353429934,0.4134592099832979,0.38041444693849336,5.511288902464587,5.511288902464587,0.0,8.664086419200969e-17,2.779024842816778e-16,0.34300906321695906,0.34300906321695906,0.0,62.7,0.0,0.0,0.0,0.0,62.7,0.0,0.0,0.0,0.0,False,False,False
461,2541265752,4115274506,2,gaussian_plus_delay,CombinedErrorSensor,0.65,0.2,0.1,0.05,False,False,False,False,planning_failure,nan,nan,nan,nan,nan,nan,nan,nan,nan,nan,nan,nan,nan,nan,nan,nan,nan,nan,nan,nan,nan,nan,nan,,,,,,,,,,,,,
462,1485890029,2960204149,2,gaussian_plus_delay,CombinedErrorSensor,0.65,0.2,0.1,0.05,True,True,True,True,goal_reached,0.09245003778379084,79.60000000000001,15.215045471998309,14.805058716610391,0.07272377496944346,0.20016528974030864,0.08077541103505242,0.04267546371092681,0.14232745917921227,0.05158903208390324,0.050784653125739605,0.19909084199341995,0.06349381416015551,0.18521874593026322,0.1062964384979237,6.590213265582417,6.590213265582417,0.0,7.661030358362074e-17,2.498001805406602e-16,0.41486994192880206,0.4148699419288021,0.0,69.3,10.300000000000017,0.0,0.0,0.0,70.60000000000001,9.0,0.0,0.0,0.0,False,False,False
463,301383822,2172981111,2,gaussian_plus_delay,CombinedErrorSensor,0.65,0.2,0.1,0.05,True,True,True,True,goal_reached,0.19155811342673887,70.3,14.269362595394883,14.353031936537091,0.0792093169488439,0.1901324338858351,0.08659845725590393,0.02864661022175693,0.10147832504060794,0.036105685004013365,0.04280463654767943,0.1708684057101042,0.05257566987163412,0.16144175773698236,0.1246644300042744,5.991862575013494,5.991862575013494,0.0,8.030896517458516e-17,2.7336071744532853e-16,0.321682132372246,0.321682132372246,0.0,70.3,0.0,0.0,0.0,0.0,70.3,0.0,0.0,0.0,0.0,False,False,False
464,2308831160,1833916880,2,gaussian_plus_delay,CombinedErrorSensor,0.65,0.2,0.1,0.05,True,True,True,True,goal_reached,0.13499317314310588,67.4,13.586809329632857,13.598028841576136,0.07530704517438636,0.20946931010674358,0.08450960015049958,0.04833017713403369,0.13293380848151495,0.06026612034363847,0.05329680569344391,0.20749374578117352,0.06574577962216226,0.08345311369011899,0.044941693514094785,5.842921530896856,5.842921530896855,0.0,8.230624189158239e-17,2.592584715281538e-16,0.49302825645635145,0.49302825645635145,0.0,64.9,2.5,0.0,0.0,0.0,64.0,3.3999999999999986,0.0,0.0,0.0,False,False,False
465,3560128294,3313768472,2,gaussian_plus_delay,CombinedErrorSensor,0.65,0.2,0.1,0.05,False,False,False,False,planning_failure,nan,nan,nan,nan,nan,nan,nan,nan,nan,nan,nan,nan,nan,nan,nan,nan,nan,nan,nan,nan,nan,nan,nan,,,,,,,,,,,,,
466,776986923,4124742154,2,gaussian_plus_delay,CombinedErrorSensor,0.65,0.2,0.1,0.05,True,True,True,True,goal_reached,0.14060739842388795,72.3,15.067036772911777,15.078529157119956,0.07907527801703988,0.24701450575671743,0.08697989906312567,0.032565345488899416,0.09592396163979168,0.039850969377472484,0.04190310953161832,0.22471184383312612,0.051549720860443536,0.14988130582549275,0.1291017799757125,6.171005764753586,6.171005764753586,0.0,8.075035673817578e-17,2.786162483075207e-16,0.24469531861528065,0.24469531861528068,0.0,72.3,0.0,0.0,0.0,0.0,72.3,0.0,0.0,0.0,0.0,False,False,False
467,2850336734,11142806,2,gaussian_plus_delay,CombinedErrorSensor,0.65,0.2,0.1,0.05,True,True,True,True,goal_reached,0.11251386261769358,67.8,13.706201586946136,13.64239060022155,0.081286937261959,0.18285694621864235,0.08944091401226371,0.028331404616299297,0.1035153530864934,0.03638309348493476,0.04169702786893753,0.14784854535861547,0.05143429922140802,0.14819021734179152,0.08612197358197804,5.930707087587871,5.93070708758787,0.0,8.340631014797757e-17,2.7755575615628914e-16,0.2777690469942586,0.27776904699425853,0.0,67.39999999999999,0.4000000000000057,0.0,0.0,0.0,67.6,0.20000000000000284,0.0,0.0,0.0,False,False,False
468,506447374,1862155830,2,gaussian_plus_delay,CombinedErrorSensor,0.65,0.2,0.1,0.05,True,True,True,True,goal_reached,0.10370064500142459,70.60000000000001,14.38721320243918,14.417552289465485,0.07777788149894567,0.21821131657435786,0.0866415101434214,0.03220919181880986,0.1245435562941134,0.0406718178814316,0.04363991426553463,0.17235596894734612,0.05575904424800418,0.14380537606290128,0.12678444119496657,6.332757034818472,6.3327570348184725,0.0,8.411998112436741e-17,2.9893669801409083e-16,0.39163172535459634,0.39163172535459645,0.0,70.60000000000001,0.0,0.0,0.0,0.0,70.60000000000001,0.0,0.0,0.0,0.0,False,False,False
469,38382694,611277468,2,gaussian_plus_delay,CombinedErrorSensor,0.65,0.2,0.1,0.05,True,True,True,True,goal_reached,0.12724624792307937,67.3,13.371225472777457,13.332308871380153,0.0782441151594459,0.1863528147838925,0.08567109349791106,0.030924855735311566,0.10373497925362161,0.03892493268476958,0.04771169988734923,0.17217099811333,0.05831649873111031,0.10787201779202636,0.132606444075064,5.810825519254761,5.810825519254761,0.0,8.05645690688267e-17,2.7894008272968645e-16,0.23243400539514336,0.23243400539514347,0.0,67.3,0.0,0.0,0.0,0.0,67.3,0.0,0.0,0.0,0.0,False,False,False
470,1614957771,2769797369,2,gaussian_plus_delay,CombinedErrorSensor,0.65,0.2,0.1,0.05,True,True,True,True,goal_reached,0.09005822731315272,77.2,15.926591157233215,15.942426905853702,0.07608768640874741,0.19664425173296257,0.08498967210820549,0.04109336912634097,0.17735783747700656,0.05270076342070819,0.049387215235823206,0.2106564170137748,0.06360229920284549,0.17931040163365988,0.13219907698749367,6.766933731073956,6.766933731073957,0.0,8.412922120952229e-17,2.7894008272968645e-16,0.4869293159692426,0.48692931596924266,0.0,71.1,6.099999999999998,0.0,0.0,0.0,70.19999999999999,7.0000000000000036,0.0,0.0,0.0,False,False,False
471,1947553387,2982980601,2,gaussian_plus_delay,CombinedErrorSensor,0.65,0.2,0.1,0.05,True,True,True,True,goal_reached,0.1201104600757212,62.2,13.109504635910227,13.020113158218148,0.08073462181271791,0.2896160003117672,0.08861151365005386,0.04234197968958613,0.1359472189076369,0.05152348989865925,0.05121549602449336,0.2891896066989544,0.0636942295200997,0.19889182166196584,0.1493511092736579,5.668251967747982,5.668251967747983,0.0,8.81487778696354e-17,2.779024842816778e-16,0.25297264573763245,0.25297264573763245,0.0,62.2,0.0,0.0,0.0,0.0,62.2,0.0,0.0,0.0,0.0,False,False,False
472,1889259062,1512499680,2,gaussian_plus_delay,CombinedErrorSensor,0.65,0.2,0.1,0.05,True,True,True,True,goal_reached,0.09593742511733094,77.10000000000001,15.46319637759985,15.549183418697293,0.07405258037593976,0.19572523043918047,0.08267504090772877,0.03115597047338246,0.1269089356522083,0.03947671798078633,0.045857902219961375,0.176990212533106,0.056968256810931775,0.1284881650323374,0.09296176691400578,6.787316270639856,6.787316270639857,0.0,7.8279566207089e-17,2.7894008272968645e-16,0.2976441422955542,0.2976441422955542,0.0,70.7,6.400000000000002,0.0,0.0,0.0,70.0,7.1,0.0,0.0,0.0,False,False,False
473,3323850896,2015045576,2,gaussian_plus_delay,CombinedErrorSensor,0.65,0.2,0.1,0.05,True,True,True,True,goal_reached,0.22389795257929634,65.2,13.473396114016927,13.483000417236749,0.08198120048660358,0.21413937399151042,0.09004401290211164,0.029022433769738346,0.1349762932304568,0.03770216462570109,0.0440315321262052,0.15631858307059576,0.055059362121668926,0.17424895860601639,0.1600718262282008,5.623912212905511,5.623912212905511,0.0,8.867751911825503e-17,2.830524433501838e-16,0.2937737790594219,0.2937737790594219,0.0,65.0,0.19999999999999574,0.0,0.0,0.0,64.7,0.4999999999999929,0.0,0.0,0.0,False,False,False
474,301557636,2102269319,2,gaussian_plus_delay,CombinedErrorSensor,0.65,0.2,0.1,0.05,True,True,True,True,goal_reached,0.11836594743513447,69.7,13.881932895772145,13.83334446636013,0.07421240365479663,0.1799088515239207,0.08221013175461346,0.02584530717752593,0.09767092012461638,0.0337342701705848,0.04316904560822134,0.1650930463379835,0.053213948690153015,0.1705268855632543,0.13700823106138937,5.459029536903587,5.459029536903586,0.0,8.285146495693998e-17,2.776424787817943e-16,0.2573669858768326,0.25736698587683265,0.0,69.7,0.0,0.0,0.0,0.0,69.7,0.0,0.0,0.0,0.0,False,False,False
475,2131969918,99288110,2,gaussian_plus_delay,CombinedErrorSensor,0.65,0.2,0.1,0.05,True,True,True,True,goal_reached,0.12234407185135365,65.0,13.256526124170335,13.247591533482582,0.07323073465921597,0.20849253348382263,0.08108762484715067,0.03263554061400117,0.09181977474447045,0.04018725933643196,0.04703166307793632,0.16726068989154846,0.057973441372073775,0.1113168856854914,0.04511879069976388,5.791755521597604,5.7917555215976035,0.0,8.646707172634274e-17,2.2887833992611187e-16,0.28207992189227205,0.28207992189227205,0.0,63.2,1.7999999999999972,0.0,0.0,0.0,62.599999999999994,2.4000000000000057,0.0,0.0,0.0,False,False,False
476,447607539,1053281374,2,gaussian_plus_delay,CombinedErrorSensor,0.65,0.2,0.1,0.05,True,True,True,True,goal_reached,0.1102996703664047,63.300000000000004,12.912370073569942,12.83087512830586,0.0772937302637569,0.21823940266842712,0.08574186937453666,0.03501614544644736,0.12637208271249664,0.04504136289588924,0.04899859780619141,0.21333162879833203,0.062170985373374496,0.14320629939534543,0.06122832454773495,5.486881815091644,5.486881815091644,0.0,9.00243196190133e-17,2.9893669801409083e-16,0.39646580036428614,0.39646580036428614,0.0,63.300000000000004,0.0,0.0,0.0,0.0,63.300000000000004,0.0,0.0,0.0,0.0,False,False,False
477,2621228370,2580436250,2,gaussian_plus_delay,CombinedErrorSensor,0.65,0.2,0.1,0.05,True,True,True,True,goal_reached,0.14720483003220053,74.60000000000001,15.687193657480293,15.639954835270224,0.0836605688162541,0.18771383324818927,0.09203715395317336,0.032049401286497775,0.11982407050822098,0.040993765354555685,0.04624746389544798,0.18438051796225557,0.0583009915188573,0.18027879650228132,0.1529400055745099,6.745520118463226,6.745520118463226,0.0,8.648156074188411e-17,2.7833528704240246e-16,0.2634518761484537,0.26345187614845383,0.0,74.60000000000001,0.0,0.0,0.0,0.0,74.60000000000001,0.0,0.0,0.0,0.0,False,False,False
478,2875798271,4241047379,2,gaussian_plus_delay,CombinedErrorSensor,0.65,0.2,0.1,0.05,False,False,False,False,planning_failure,nan,nan,nan,nan,nan,nan,nan,nan,nan,nan,nan,nan,nan,nan,nan,nan,nan,nan,nan,nan,nan,nan,nan,,,,,,,,,,,,,
479,97946494,3150012955,2,gaussian_plus_delay,CombinedErrorSensor,0.65,0.2,0.1,0.05,True,True,True,True,goal_reached,0.11490346106720782,71.4,14.444209822319344,14.288774542451284,0.07918454421685156,0.1838877836110237,0.08638491419634749,0.036406957125198404,0.11149363778933778,0.04398123243011137,0.04498959640388146,0.19236530866918355,0.05722548643708269,0.45904436096407863,0.38814977946323675,6.394458274590978,6.3944582745909795,0.0,8.265620451442852e-17,2.8066088919804617e-16,0.2798317236211252,0.2798317236211252,0.0,71.4,0.0,0.0,0.0,0.0,71.4,0.0,0.0,0.0,0.0,False,False,False
480,2941189654,1656477099,2,gaussian_plus_delay,CombinedErrorSensor,0.65,0.2,0.1,0.05,True,True,True,True,goal_reached,0.08606226201636766,68.8,14.089423212211301,14.043394241321641,0.07899716696172183,0.21863430530877492,0.08726455951429368,0.02665641244219589,0.09454005145611422,0.032958472590423955,0.04225462707710629,0.14000948983728703,0.05198301568751571,0.20569134313029128,0.185736257370678,5.745108748377998,5.745108748377998,0.0,8.076042869463313e-17,1.942890293094024e-16,0.2683069207361636,0.2683069207361636,0.0,63.89999999999999,4.8999999999999995,0.0,0.0,0.0,63.8,5.0,0.0,0.0,0.0,False,False,False
481,1120920137,1371190207,2,gaussian_plus_delay,CombinedErrorSensor,0.65,0.2,0.1,0.05,True,True,True,True,goal_reached,0.10233857717914291,64.3,13.352083896816318,13.283588461063617,0.084113813157651,0.21387658857964378,0.09290610202556747,0.03193839456138643,0.09641684137448328,0.03950330232924196,0.04898002322047114,0.19871057273374493,0.060324324064897884,0.1607539365415214,0.10026751536267631,5.261873514750693,5.261873514750693,0.0,8.728268288901424e-17,2.7894008272968645e-16,0.35336080678935555,0.35336080678935566,0.0,64.3,0.0,0.0,0.0,0.0,64.3,0.0,0.0,0.0,0.0,False,False,False
482,1441686073,3249876181,2,gaussian_plus_delay,CombinedErrorSensor,0.65,0.2,0.1,0.05,True,True,True,True,goal_reached,0.13184670346490474,69.10000000000001,14.330991087499825,14.277741518597749,0.07857755907639832,0.19845995839512642,0.08744676832899138,0.031983769167521055,0.12293512537128169,0.04380624544660166,0.04119218802543705,0.1758885596512089,0.05306960361119456,0.1596415083098552,0.14470266578709653,5.934269561488099,5.934269561488099,0.0,8.208126498595544e-17,2.7894008272968645e-16,0.26454267372233875,0.2645426737223387,0.0,67.2,1.8999999999999968,0.0,0.0,0.0,68.0,1.1000000000000005,0.0,0.0,0.0,False,False,False
483,1404618197,1265139002,2,gaussian_plus_delay,CombinedErrorSensor,0.65,0.2,0.1,0.05,True,True,True,True,goal_reached,0.19244740825382217,69.8,13.992914609789066,14.031073245557806,0.07605694208218272,0.25533524396395524,0.0850767529769428,0.037354905668244974,0.08053146570661544,0.0438264491457393,0.05004409384940824,0.25533524396395524,0.06145022676030744,0.2377970394416053,0.19667535550084117,6.299805053067535,6.299805053067535,0.0,8.03214634799484e-17,2.776424787817943e-16,0.3246126759391297,0.3246126759391297,0.0,69.49999999999999,0.3000000000000007,0.0,0.0,0.0,69.3,0.4999999999999982,0.0,0.0,0.0,False,False,False
484,1244476722,2560154243,2,gaussian_plus_delay,CombinedErrorSensor,0.65,0.2,0.1,0.05,True,True,True,True,goal_reached,0.15140181372247288,69.8,14.29072398734155,14.345063897610917,0.07395577688390864,0.190554142777703,0.08174711668560995,0.027306946552448873,0.08408784580401968,0.03309653451447342,0.044700082044254366,0.18625583867270964,0.05476429561801452,0.10398764902943107,0.051445345088366956,6.188684461141136,6.188684461141136,0.0,8.434623682033252e-17,2.498965354837e-16,0.33075420951662937,0.33075420951662937,0.0,63.29999999999999,6.500000000000007,0.0,0.0,0.0,63.1,6.699999999999996,0.0,0.0,0.0,False,False,False
485,3564904496,3242463166,2,gaussian_plus_delay,CombinedErrorSensor,0.65,0.2,0.1,0.05,True,True,True,True,goal_reached,0.12642107440782518,68.7,14.666588479777001,14.793251042413331,0.07902697742921796,0.21221679259355375,0.08812272298017433,0.030140239141122956,0.10650911735775712,0.03685390938859907,0.042387434153110755,0.1402761502698998,0.051741792875230244,0.13321918641656527,0.08878731403639646,6.161964878220591,6.1619648782205925,0.0,8.284936267485316e-17,2.7894008272968645e-16,0.23968064844143566,0.2396806484414357,0.0,67.2,1.5,0.0,0.0,0.0,67.1,1.6000000000000005,0.0,0.0,0.0,False,False,False
486,844619944,1080847503,2,gaussian_plus_delay,CombinedErrorSensor,0.65,0.2,0.1,0.05,True,True,True,True,goal_reached,0.07196759100380094,70.60000000000001,14.997800677755336,14.89927061984796,0.08042415119131704,0.2202554352166796,0.08931094044843992,0.031069637631067307,0.1047869582857831,0.039308487635058766,0.04228263540302952,0.1616664074427253,0.05320690076477623,0.18260539044281204,0.16673477376546017,6.285941796985769,6.285941796985769,0.0,8.209341985005919e-17,2.776424787817943e-16,0.34451239042067444,0.34451239042067444,0.0,66.5,4.100000000000001,0.0,0.0,0.0,66.7,3.8999999999999986,0.0,0.0,0.0,False,False,False
487,2665329952,3776639358,2,gaussian_plus_delay,CombinedErrorSensor,0.65,0.2,0.1,0.05,True,True,True,True,goal_reached,0.11588326794515605,73.4,15.248116576181864,15.183657102091942,0.07825291966247735,0.23073832898947153,0.08813037772005945,0.03662604979052301,0.11249551238426339,0.04588624051498436,0.05112649182006146,0.18715596230318737,0.06429267840718064,0.15522566388759737,0.044996818227641115,6.664217096665386,6.664217096665386,0.0,7.971083793363795e-17,2.7894008272968645e-16,0.258713979572537,0.258713979572537,0.0,73.4,0.0,0.0,0.0,0.0,73.2,0.20000000000000284,0.0,0.0,0.0,False,False,False
488,206684354,2480945970,2,gaussian_plus_delay,CombinedErrorSensor,0.65,0.2,0.1,0.05,True,True,True,True,goal_reached,0.10158941514072035,69.3,14.25822170583733,14.18900133256719,0.07909078673227816,0.19646643011924156,0.08717985390473956,0.031298372639283284,0.11431864072415004,0.03908962743710961,0.04587410207680669,0.20022227113092103,0.058104444267967896,0.16694257434514168,0.10695118853113358,5.770980117171287,5.770980117171288,0.0,8.912162385508275e-17,2.8066088919804617e-16,0.2542909592676868,0.2542909592676868,0.0,69.19999999999999,0.10000000000000142,0.0,0.0,0.0,69.19999999999999,0.09999999999999787,0.0,0.0,0.0,False,False,False
489,230487301,332724478,2,gaussian_plus_delay,CombinedErrorSensor,0.65,0.2,0.1,0.05,True,True,True,True,goal_reached,0.09031872847892873,66.2,13.211771892710999,13.115226478379096,0.08095289916615749,0.20718723718045068,0.08823829208791564,0.03552532330046226,0.0998651797889219,0.04480072203859243,0.04820665606995268,0.20176140075315502,0.06075860266603126,0.16706717795976597,0.07237048766485445,5.547215998501965,5.547215998501965,0.0,8.5945435912429e-17,2.2247786310271853e-16,0.29208147201988655,0.29208147201988655,0.0,66.2,0.0,0.0,0.0,0.0,66.2,0.0,0.0,0.0,0.0,False,False,False
490,2649271792,2500886733,2,gaussian_plus_delay,CombinedErrorSensor,0.65,0.2,0.1,0.05,True,True,True,True,goal_reached,0.14789260812899313,71.7,15.33645134147953,15.286704341049898,0.08352905532899987,0.25814071040229347,0.09320944760750184,0.03721762520252585,0.08919361088102938,0.043984096357466015,0.04729927412074542,0.19462375358040435,0.05783571473503331,0.19389475729893577,0.10464738255397925,6.5368582149537975,6.5368582149537975,0.0,8.498749870950224e-17,2.779024842816778e-16,0.30213428090855476,0.30213428090855476,0.0,71.4,0.29999999999999716,0.0,0.0,0.0,71.7,0.0,0.0,0.0,0.0,False,False,False
491,1901333916,3597879735,2,gaussian_plus_delay,CombinedErrorSensor,0.65,0.2,0.1,0.05,True,True,True,True,goal_reached,0.1072893984602611,63.7,13.429857637786535,13.3980018116655,0.07452248246392937,0.17460095808222317,0.08268498869749107,0.03209899367854955,0.0954552803388362,0.04023967335781471,0.047226465758161966,0.1615446611357621,0.058167089340816554,0.5059101501510828,0.4731793923696192,5.613404126326573,5.613404126326573,0.0,8.567924280494396e-17,1.962615573354719e-16,0.29756507497638907,0.2975650749763891,0.0,63.6,0.10000000000000142,0.0,0.0,0.0,63.300000000000004,0.3999999999999986,0.0,0.0,0.0,False,False,False
492,731024186,1289400343,2,gaussian_plus_delay,CombinedErrorSensor,0.65,0.2,0.1,0.05,True,True,True,True,goal_reached,0.13487002196783984,68.0,13.989840306791002,13.97681524964933,0.07302599464925033,0.17855747967662025,0.08072345232080959,0.032271615081782286,0.10914209857364493,0.039914327297715026,0.04535332751915794,0.1669265313058035,0.05614248588285915,0.17786646688820404,0.1109719000290017,6.15633818048989,6.1563381804898905,0.0,8.420070022990596e-17,2.509779795990378e-16,0.3931194951613328,0.3931194951613328,0.0,66.19999999999999,1.8000000000000007,0.0,0.0,0.0,66.0,2.0,0.0,0.0,0.0,False,False,False
493,602705326,1652745490,2,gaussian_plus_delay,CombinedErrorSensor,0.65,0.2,0.1,0.05,True,True,True,True,goal_reached,0.16174899481880492,70.7,15.142669550483964,15.116970340808157,0.08430864934112885,0.22273688993117202,0.0920303063543827,0.04617353717090181,0.12264602663486847,0.052539077339732884,0.05364671473316972,0.20757013942372057,0.06730399755938148,0.12116126707162392,0.11246343107439424,6.456724529341617,6.456724529341617,0.0,8.24596226275064e-17,2.8449465006019636e-16,0.31519890698817776,0.31519890698817776,0.0,70.7,0.0,0.0,0.0,0.0,70.7,0.0,0.0,0.0,0.0,False,False,False
494,1847664839,2928025270,2,gaussian_plus_delay,CombinedErrorSensor,0.65,0.2,0.1,0.05,True,True,True,True,goal_reached,0.1401058074335845,68.2,14.084534363419593,13.984454172833294,0.07769130067692626,0.19852472725602027,0.08634805564945362,0.035454619657841926,0.11273239144854447,0.045134599293709825,0.05154712807483564,0.18135475633350195,0.06285740998024308,0.1250807610254377,0.08630220134450817,6.059293532859011,6.0592935328590105,0.0,8.718323407645092e-17,2.7755575615628914e-16,0.4290084805705846,0.4290084805705847,0.0,68.2,0.0,0.0,0.0,0.0,68.2,0.0,0.0,0.0,0.0,False,False,False
495,4098558235,3215272856,2,gaussian_plus_delay,CombinedErrorSensor,0.65,0.2,0.1,0.05,True,True,True,True,goal_reached,0.14616645079565643,81.0,16.88609434896827,16.888145773336966,0.08106711825445521,0.2266152506266526,0.08928143632017141,0.030165351187409817,0.09350745092368463,0.038577234695206915,0.0449616226671748,0.20054315258083136,0.056743929722925184,0.13540004784360707,0.08633850461277084,6.9497749990613755,6.9497749990613755,0.0,8.630486044501256e-17,2.7894008272968645e-16,0.3401826637329723,0.34018266373297235,0.0,81.0,0.0,0.0,0.0,0.0,81.0,0.0,0.0,0.0,0.0,False,False,False
496,2717390137,1350678647,2,gaussian_plus_delay,CombinedErrorSensor,0.65,0.2,0.1,0.05,True,True,True,True,goal_reached,0.1798294901445206,82.9,17.408191840106923,17.32662647717314,0.07998395421221459,0.20492349966355,0.08941548486721204,0.033543552141101475,0.1181430295075114,0.04168924885297857,0.04248962083730705,0.17119309755588508,0.05390159105686989,0.18385150364120367,0.12364516871667082,7.304109475266985,7.304109475266985,0.0,8.453152122808804e-17,3.0436364816617974e-16,0.3710334948625401,0.3710334948625401,0.0,79.20000000000002,3.6999999999999886,0.0,0.0,0.0,79.7,3.200000000000003,0.0,0.0,0.0,False,False,False
497,640233742,749597644,2,gaussian_plus_delay,CombinedErrorSensor,0.65,0.2,0.1,0.05,True,True,True,True,goal_reached,0.14217044718075536,62.800000000000004,13.74302778715497,13.761161644053859,0.0788706523824402,0.17612083850665025,0.08634090986418914,0.02995024103623498,0.11374770508210294,0.03769523169251816,0.044380098633445574,0.16738171331189716,0.05490488822535924,0.18564008203021837,0.10059769734424862,5.741693108610571,5.741693108610571,0.0,8.975902969196392e-17,2.776424787817943e-16,0.3606835871409709,0.3606835871409709,0.0,62.800000000000004,0.0,0.0,0.0,0.0,62.800000000000004,0.0,0.0,0.0,0.0,False,False,False
498,2648700291,2637678906,2,gaussian_plus_delay,CombinedErrorSensor,0.65,0.2,0.1,0.05,True,True,True,True,goal_reached,0.15418186326000902,69.8,14.815901600691577,14.74574009704064,0.08154978596893167,0.22760987163947807,0.09043649147133757,0.032245011976848974,0.1502796453431767,0.04099986895026284,0.047828732316610285,0.22725626744216687,0.06169427099142558,0.14924785037092794,0.1104866915290001,6.283903293421492,6.283903293421491,0.0,8.970176162889619e-17,2.7894008272968645e-16,0.24748471315471562,0.2474847131547156,0.0,68.39999999999999,1.4000000000000004,0.0,0.0,0.0,68.8,1.0,0.0,0.0,0.0,False,False,False
499,3219993521,3284632546,2,gaussian_plus_delay,CombinedErrorSensor,0.65,0.2,0.1,0.05,True,True,True,True,goal_reached,0.11290501651161591,68.0,13.561000201337203,13.541109866662305,0.06844596774488017,0.22124776930003365,0.07671294956589848,0.03326748523084443,0.0899052619102109,0.040208126815877175,0.0468092164167203,0.22124776930003365,0.058371996682209715,0.13778975774918378,0.07626422970932545,5.696226101377557,5.696226101377558,0.0,8.449955744971455e-17,2.779024842816778e-16,0.23845744033748476,0.23845744033748467,0.0,61.8,6.200000000000003,0.0,0.0,0.0,61.699999999999996,6.300000000000004,0.0,0.0,0.0,False,False,False
