trial,environment_seed,sensor_seed,sensor_scenario,sensor_scenario_name,sensor_model,free_probability,occupied_probability,disallowed_probability,restricted_probability,planning_success,onboard_completion,true_goal_reached,true_mission_success,termination_state,final_true_distance,completion_time,actual_path_length,planned_path_length,mean_estimation_error,max_estimation_error,rmse_estimation_error,mean_true_cross_track_error,max_true_cross_track_error,rmse_true_cross_track_error,mean_estimated_cross_track_error,max_estimated_cross_track_error,rmse_estimated_cross_track_error,minimum_true_clearance,minimum_estimated_clearance,commanded_control_effort,applied_control_effort,control_saturation_fraction,mean_control_saturation_error,max_control_saturation_error,max_commanded_acceleration,max_applied_acceleration,measurement_dropout_fraction,true_free_time,true_occupied_time,true_disallowed_time,true_restricted_time,true_out_of_bounds_time,estimated_free_time,estimated_occupied_time,estimated_disallowed_time,estimated_restricted_time,estimated_out_of_bounds_time,restricted_violation,disallowed_violation,out_of_bounds_violation
0,2730937650,2972426433,1,gaussian_plus_offset,CombinedErrorSensor,0.65,0.2,0.1,0.05,True,True,False,False,false_completion,0.4722698081895754,73.8,14.724477700762929,14.454892214981566,0.3681366174145924,0.509357006153355,0.37035328466808043,0.303804788006149,0.4250285279568254,0.3173899535226531,0.04731362142227296,0.40506178663164216,0.07402074179846434,0.0,0.13828047649953454,5.603375244386527,5.603375244386527,0.0,7.982471929792345e-17,2.7833528704240246e-16,0.23926544108169792,0.239265441081698,0.0,69.89999999999999,0.0,0.0,3.8999999999999986,0.0,73.8,0.0,0.0,0.0,0.0,True,False,False
1,725595369,1766001812,1,gaussian_plus_offset,CombinedErrorSensor,0.65,0.2,0.1,0.05,True,True,True,False,safety_violation,0.22558989360003726,72.5,14.233241687210924,14.18806012461787,0.3636586353321489,0.48855147231287677,0.3658157936532584,0.311667929143833,0.43416048412548197,0.3187741177903289,0.04873994851011443,0.41938732954505414,0.0741241702602018,0.0,0.07694357030450973,5.645296337006789,5.645296337006789,0.0,8.044152156779378e-17,2.779024842816778e-16,0.26916322102365364,0.2691632210236537,0.0,56.59999999999999,4.000000000000007,7.499999999999994,4.400000000000006,0.0,72.5,0.0,0.0,0.0,0.0,True,True,False
2,696368142,856203148,1,gaussian_plus_offset,CombinedErrorSensor,0.65,0.2,0.1,0.05,True,True,False,False,false_completion,0.3839457626492692,64.9,13.113333249156343,12.835580577877149,0.3677053800836409,0.49382412292674543,0.37057513621334515,0.3522575608424514,0.4319869262778658,0.3588828185249059,0.05387724965811638,0.3967489461891577,0.07721194393650496,0.18350225276671542,0.09855776766887447,5.289290313817346,5.289290313817346,0.0,8.899891982543836e-17,1.962615573354719e-16,0.2703371168714311,0.27033711687143097,0.0,61.800000000000004,3.1000000000000014,0.0,0.0,0.0,64.9,0.0,0.0,0.0,0.0,False,False,False
3,707573593,2121814943,1,gaussian_plus_offset,CombinedErrorSensor,0.65,0.2,0.1,0.05,True,True,True,False,safety_violation,0.2588127571992073,71.3,14.246115697065909,13.975985827963239,0.3657909567138297,0.5096281575465744,0.3680990505828431,0.30897700091448416,0.4114757174391404,0.31568229433319345,0.053608375255206196,0.40866834113549505,0.07647874735416603,0.0,0.12582915350988388,5.568856331235052,5.568856331235052,0.0,8.258176744768112e-17,2.5219801032797316e-16,0.3826093929594018,0.3826093929594018,0.0,62.300000000000004,6.699999999999996,2.299999999999997,0.0,0.0,65.8,5.5,0.0,0.0,0.0,False,True,False
4,1443673076,4002826033,1,gaussian_plus_offset,CombinedErrorSensor,0.65,0.2,0.1,0.05,True,True,False,False,false_completion,0.32417400031463656,75.0,15.418548285966686,15.333738415326255,0.35865133100721397,0.48668368934625134,0.36117515426661817,0.27963684757067997,0.41487621039767886,0.29271278543252227,0.05273632888434537,0.38898760090355183,0.07317961487430169,0.0,0.13737039369915038,6.163755060555057,6.163755060555058,0.0,8.147518887848214e-17,2.8066088919804617e-16,0.2526892261257587,0.2526892261257587,0.0,62.4,10.600000000000001,2.0,0.0,0.0,73.8,1.1999999999999957,0.0,0.0,0.0,False,True,False
5,1283743613,2132980747,1,gaussian_plus_offset,CombinedErrorSensor,0.65,0.2,0.1,0.05,True,True,False,False,false_completion,0.419903983466905,71.3,13.89846940554039,13.845509908924008,0.3663882734110453,0.5229417762088497,0.36881077293206865,0.3220267806548218,0.48189649522327094,0.3303779577250387,0.05272720759543098,0.3633307994614196,0.07424440701614177,0.0,0.16729862983993726,5.657889644805744,5.657889644805744,0.0,7.976862358847115e-17,2.5133742693021536e-16,0.39919382074798154,0.39919382074798154,0.0,62.9,4.6,1.3999999999999986,2.3999999999999986,0.0,71.3,0.0,0.0,0.0,0.0,True,True,False
6,2118442539,3858050010,1,gaussian_plus_offset,CombinedErrorSensor,0.65,0.2,0.1,0.05,True,True,False,False,false_completion,0.3049119312494269,76.5,15.474605934935358,15.480072929749646,0.3623062082910324,0.49620785995427663,0.3645055034656924,0.2745899222394955,0.40001850991767,0.2897844197429856,0.04967948741580423,0.31201634238612314,0.06879745503278761,0.0,0.13906111199794635,5.781114183862089,5.781114183862089,0.0,8.128452335981139e-17,2.779024842816778e-16,0.28226058136216864,0.28226058136216864,0.0,63.699999999999996,12.199999999999994,0.0,0.6000000000000085,0.0,75.59999999999998,0.9000000000000128,0.0,0.0,0.0,True,False,False
7,1122514226,3692069387,1,gaussian_plus_offset,CombinedErrorSensor,0.65,0.2,0.1,0.05,True,True,False,False,false_completion,0.3275886725332073,68.60000000000001,14.26826786564764,14.29819271388575,0.36312619699347165,0.483343759906855,0.36597082667839315,0.30333994221471544,0.4317205304668163,0.32034862043334483,0.05837174493694835,0.3962518015673242,0.0782650498033372,0.0,0.07110417033539494,5.891404985705691,5.89140498570569,0.0,8.856176798153897e-17,2.5018537765542007e-16,0.26984144904069024,0.26984144904069024,0.0,51.10000000000001,14.600000000000005,2.3000000000000007,0.5999999999999943,0.0,61.2,7.400000000000002,0.0,0.0,0.0,True,True,False
8,2945440137,252367688,1,gaussian_plus_offset,CombinedErrorSensor,0.65,0.2,0.1,0.05,True,True,False,False,false_completion,0.4425610255947356,75.2,14.910336419370656,14.679742900388355,0.3583635067431905,0.4903889845492658,0.3607088054907062,0.2876834569572711,0.4205247918917913,0.30006133811822144,0.05168568949148292,0.43018799929106255,0.07505136112768303,0.0,0.10359272037979848,6.118256705356593,6.118256705356592,0.0,7.950149572956687e-17,2.2215299868541707e-16,0.32028081057250735,0.3202808105725073,0.0,73.6,0.0,0.0,1.6000000000000014,0.0,74.9,0.29999999999999716,0.0,0.0,0.0,True,False,False
9,278029302,3907757283,1,gaussian_plus_offset,CombinedErrorSensor,0.65,0.2,0.1,0.05,True,True,True,False,safety_violation,0.2831607985299971,69.10000000000001,14.256257683826458,14.10187113209799,0.3635350475502916,0.5163918988270605,0.3657265981947824,0.31435733117741343,0.42233569967759815,0.32349622518731685,0.0538924739621509,0.5163918988270605,0.08241944969704601,0.0,0.0906034776104132,5.553946002725292,5.553946002725292,0.0,8.610005679593799e-17,2.8177377798042847e-16,0.39522281879183413,0.39522281879183413,0.0,58.6,8.200000000000003,2.3000000000000043,0.0,0.0,69.10000000000001,0.0,0.0,0.0,0.0,False,True,False
10,3616197823,2935630276,1,gaussian_plus_offset,CombinedErrorSensor,0.65,0.2,0.1,0.05,True,True,True,False,safety_violation,0.15818081616309373,67.10000000000001,13.882481044188587,14.041210033374572,0.3600045873818678,0.4924671815784235,0.36266068711290816,0.30009075885612724,0.4258257251963502,0.30795764744153287,0.053902725156971136,0.4450092772184143,0.07848024860167761,0.0,0.0,5.36358424840301,5.3635842484030105,0.0,8.577723966275281e-17,2.776424787817943e-16,0.45506379108169104,0.4550637910816911,0.0,57.90000000000001,4.6,4.599999999999996,0.0,0.0,67.0,0.0,0.10000000000000142,0.0,0.0,False,True,False
11,1745707571,4237896947,1,gaussian_plus_offset,CombinedErrorSensor,0.65,0.2,0.1,0.05,True,True,False,False,false_completion,0.3353665166345916,70.10000000000001,13.971325623004333,13.79375447390864,0.36414354523960596,0.5253026596090156,0.3662825061691722,0.32010009427973984,0.43784125582303246,0.32795289512847714,0.05314141749881093,0.5253026596090156,0.07457674626573271,0.34435827983771045,0.1038886797196145,5.32623762456028,5.32623762456028,0.0,8.196582594510431e-17,2.612012026770126e-16,0.3014821334248437,0.3014821334248437,0.0,64.5,5.600000000000001,0.0,0.0,0.0,70.10000000000001,0.0,0.0,0.0,0.0,False,False,False
12,2210454256,3908414215,1,gaussian_plus_offset,CombinedErrorSensor,0.65,0.2,0.1,0.05,True,True,True,False,safety_violation,0.24579926845343983,88.4,17.270619783720022,17.111446185678226,0.36450443171856906,0.4914165508675773,0.3671430019324421,0.2701018681798627,0.4355781713292169,0.29018569529859184,0.05456281091880456,0.4801437687766182,0.07501606084263669,0.0,0.05908540019875286,6.959869555078655,6.9598695550786545,0.0,7.895434333452942e-17,2.498001805406602e-16,0.2904313779671767,0.2904313779671767,0.0,74.2,2.1999999999999957,4.299999999999998,7.699999999999999,0.0,86.9,1.4999999999999964,0.0,0.0,0.0,True,True,False
13,2511590377,3203569087,1,gaussian_plus_offset,CombinedErrorSensor,0.65,0.2,0.1,0.05,False,False,False,False,planning_failure,nan,nan,nan,nan,nan,nan,nan,nan,nan,nan,nan,nan,nan,nan,nan,nan,nan,nan,nan,nan,nan,nan,nan,,,,,,,,,,,,,
14,2274882830,1406550982,1,gaussian_plus_offset,CombinedErrorSensor,0.65,0.2,0.1,0.05,True,True,False,False,false_completion,0.32945183718567667,71.8,14.421312140259472,14.352066650916205,0.36672283251319027,0.5086259491462602,0.3688735645735077,0.3147744115247955,0.413389430143052,0.320859214664842,0.050042905392367165,0.4810421437363195,0.07627103658991027,0.0,0.12963266418986746,5.749744630703779,5.749744630703778,0.0,8.107156029997858e-17,2.2247786310271853e-16,0.26868155836596286,0.2686815583659628,0.0,60.099999999999994,5.5,6.199999999999999,0.0,0.0,70.6,1.1999999999999957,0.0,0.0,0.0,False,True,False
15,1306523764,2141035876,1,gaussian_plus_offset,CombinedErrorSensor,0.65,0.2,0.1,0.05,True,True,True,False,safety_violation,0.23725941544259355,69.4,13.907444848911375,13.899657054491193,0.3594277747779368,0.5402068515585128,0.3616199607204412,0.3013453230619657,0.3875277424718332,0.30739827647131546,0.04746654559702743,0.5387142129490536,0.06990508919296584,0.0,0.012795864837004803,5.591630772319285,5.591630772319286,0.0,8.271293473899962e-17,2.5018537765542007e-16,0.30294899341350284,0.30294899341350284,0.0,56.70000000000001,11.099999999999994,0.0,1.5999999999999996,0.0,67.2,2.200000000000003,0.0,0.0,0.0,True,False,False
16,1010042146,3658271060,1,gaussian_plus_offset,CombinedErrorSensor,0.65,0.2,0.1,0.05,True,True,False,False,false_completion,0.44038807613827,74.8,14.506920358848344,14.44750680147757,0.35606676389657627,0.4755105823245735,0.35828335275903817,0.3000440527485051,0.47396453764538493,0.3090531376795942,0.04638919763455425,0.4073235747081084,0.06912538452330255,0.032543054090430165,0.2121394196453315,6.02669939741757,6.026699397417571,0.0,7.990474960638012e-17,2.498965354837e-16,0.2892581336780098,0.2892581336780098,0.0,70.69999999999999,4.099999999999998,0.0,0.0,0.0,74.6,0.1999999999999993,0.0,0.0,0.0,False,False,False
17,2786688297,2335196008,1,gaussian_plus_offset,CombinedErrorSensor,0.65,0.2,0.1,0.05,True,True,False,False,false_completion,0.3156686126129227,83.60000000000001,17.43824524805271,17.42815837391544,0.35855847818542547,0.5316728537290001,0.36068182690501116,0.23088457969339216,0.39861226120914856,0.2481977270243282,0.0512754876935018,0.5309850090629247,0.07266516969668436,0.0,0.11187529179278322,6.684660736452887,6.684660736452887,0.0,8.230786365385078e-17,2.498965354837e-16,0.2911185431649944,0.2911185431649944,0.0,76.9,0.0,1.3000000000000043,5.399999999999999,0.0,83.60000000000001,0.0,0.0,0.0,0.0,True,True,False
18,3018799164,2492545633,1,gaussian_plus_offset,CombinedErrorSensor,0.65,0.2,0.1,0.05,False,False,False,False,planning_failure,nan,nan,nan,nan,nan,nan,nan,nan,nan,nan,nan,nan,nan,nan,nan,nan,nan,nan,nan,nan,nan,nan,nan,,,,,,,,,,,,,
19,102116917,2305910465,1,gaussian_plus_offset,CombinedErrorSensor,0.65,0.2,0.1,0.05,True,True,True,False,safety_violation,0.27326015178719903,78.4,15.159884609649998,15.069904982644191,0.3600899383104848,0.5787848839693025,0.3625142271820752,0.29313826826180595,0.428370729374827,0.30293542116251027,0.0489417538226169,0.5787848839693025,0.07078926653913795,0.0,0.07861430909887472,6.180854035714294,6.180854035714294,0.0,7.864641480055942e-17,2.8449465006019636e-16,0.3200090130665007,0.3200090130665007,0.0,61.80000000000002,11.999999999999986,4.600000000000001,0.0,0.0,76.1,2.3000000000000007,0.0,0.0,0.0,False,True,False
20,3818948148,4038365003,1,gaussian_plus_offset,CombinedErrorSensor,0.65,0.2,0.1,0.05,True,True,False,False,false_completion,0.48578545619126445,76.60000000000001,15.540910575380323,15.53475537394618,0.360462731363891,0.47372482992454845,0.3625755440620375,0.27836405926721103,0.4150158322121634,0.292554763691059,0.048704177150951086,0.38142792933311426,0.07123355152679918,0.0,0.10057708758310804,6.433102762780018,6.433102762780018,0.0,8.600875337180334e-17,2.779024842816778e-16,0.30048145378323454,0.30048145378323454,0.0,63.000000000000014,12.599999999999994,1.0,0.0,0.0,72.0,4.600000000000001,0.0,0.0,0.0,False,True,False
21,1630693696,702805332,1,gaussian_plus_offset,CombinedErrorSensor,0.65,0.2,0.1,0.05,True,True,False,False,false_completion,0.5010498798783525,70.2,13.791946049533653,13.96383903277059,0.3680302309792415,0.48698985587226845,0.3702667381467949,0.33028043396359563,0.4301523001423907,0.3363802261403175,0.05222931461551295,0.3459895172411116,0.07161216188167052,0.2168120879473321,0.19449047074837197,5.41898025838951,5.41898025838951,0.0,7.922280878885704e-17,1.8670653977139892e-16,0.3578435127052057,0.35784351270520565,0.0,61.6,8.599999999999996,0.0,0.0,0.0,70.0,0.20000000000000107,0.0,0.0,0.0,False,False,False
22,3668936892,1048787770,1,gaussian_plus_offset,CombinedErrorSensor,0.65,0.2,0.1,0.05,True,True,False,False,false_completion,0.31456232369921766,80.60000000000001,16.321075707166464,16.18835733924556,0.36239577494836045,0.4837342320945225,0.3646678110269236,0.27447902675342806,0.39322267727695315,0.28870232671623125,0.04946845373620295,0.40742460510379375,0.0706538651480155,0.1634481476067292,0.12355737061906069,7.065311176060597,7.065311176060597,0.0,7.784081576828045e-17,2.776424787817943e-16,0.3018779003443224,0.3018779003443225,0.0,63.80000000000002,16.79999999999999,0.0,0.0,0.0,73.40000000000002,7.199999999999989,0.0,0.0,0.0,False,False,False
23,3826687389,3806095897,1,gaussian_plus_offset,CombinedErrorSensor,0.65,0.2,0.1,0.05,True,True,False,False,false_completion,0.36931911241420334,73.0,14.362132929065622,14.111939694775828,0.36078594210588516,0.4944485674327775,0.3635585320943072,0.3209310851251212,0.40878926894764317,0.328114053504495,0.05317897812878428,0.4533543609259974,0.0733150916236749,0.0,0.07382121486590298,5.741180994564773,5.741180994564772,0.0,8.035462531504728e-17,2.220446049250313e-16,0.37850427687634874,0.37850427687634863,0.0,63.7,8.699999999999996,0.0,0.6000000000000014,0.0,72.5,0.5,0.0,0.0,0.0,True,False,False
24,173106281,2255675188,1,gaussian_plus_offset,CombinedErrorSensor,0.65,0.2,0.1,0.05,False,False,False,False,planning_failure,nan,nan,nan,nan,nan,nan,nan,nan,nan,nan,nan,nan,nan,nan,nan,nan,nan,nan,nan,nan,nan,nan,nan,,,,,,,,,,,,,
25,1785024439,1397878296,1,gaussian_plus_offset,CombinedErrorSensor,0.65,0.2,0.1,0.05,True,True,False,False,false_completion,0.3847641884647967,61.400000000000006,13.03857415456339,12.984916865703093,0.3693148044485329,0.4849227801997498,0.37162077723003406,0.34364626607030263,0.42498289655834165,0.35012831546045425,0.04905908161145217,0.36312768335748513,0.07168602199370963,0.2639125312817274,0.21847413775379332,4.864701175211983,4.864701175211984,0.0,9.279371920507496e-17,1.7772239894833365e-16,0.4058745042909567,0.4058745042909567,0.0,51.300000000000004,10.099999999999998,0.0,0.0,0.0,60.400000000000006,1.0,0.0,0.0,0.0,False,False,False
26,417408578,3621816617,1,gaussian_plus_offset,CombinedErrorSensor,0.65,0.2,0.1,0.05,True,True,False,False,false_completion,0.4918560704582241,73.4,14.078861771315303,14.030958523617288,0.3645883133593821,0.48046808184070194,0.3666257598757867,0.3187397784522091,0.4435763933969445,0.3256789779692904,0.055580714926503696,0.3205319689321394,0.07396271227514785,0.0,0.08363876506214218,6.059974431263078,6.059974431263078,0.0,7.994165457833766e-17,2.830524433501838e-16,0.33533986762343654,0.33533986762343654,0.0,61.300000000000004,11.100000000000001,0.0,1.0,0.0,73.4,0.0,0.0,0.0,0.0,True,False,False
27,3501454577,3222647000,1,gaussian_plus_offset,CombinedErrorSensor,0.65,0.2,0.1,0.05,True,True,True,True,goal_reached,0.24285306969491438,73.4,14.351600201863103,14.31390757960287,0.36149254503729433,0.485430039879024,0.3639129583123496,0.289751516229064,0.4249857212841015,0.2977127306705294,0.04852386585534008,0.4086262238535681,0.07109108322375791,0.10599967303039026,0.10560981301241235,5.7234087107158995,5.7234087107158995,0.0,7.926989138224475e-17,2.2247786310271853e-16,0.3344812114413894,0.3344812114413893,0.0,63.0,10.400000000000002,0.0,0.0,0.0,73.1,0.3000000000000007,0.0,0.0,0.0,False,False,False
28,2671864052,1579004851,1,gaussian_plus_offset,CombinedErrorSensor,0.65,0.2,0.1,0.05,True,True,True,False,safety_violation,0.1689479252815271,71.8,14.151916998307385,14.22146749133639,0.3646971585671132,0.4746669860443529,0.3668565712087207,0.31569514776784596,0.4304010597834913,0.3260151016369513,0.05099946692556385,0.43689099931945996,0.0742455302584826,0.0,0.10775075333107216,5.414090596026011,5.414090596026011,0.0,8.295564132728705e-17,2.2301825219878386e-16,0.206521863407828,0.206521863407828,0.0,60.99999999999999,5.0,1.9000000000000004,3.9000000000000035,0.0,69.5,2.299999999999997,0.0,0.0,0.0,True,True,False
29,3674706989,3306811554,1,gaussian_plus_offset,CombinedErrorSensor,0.65,0.2,0.1,0.05,True,True,True,False,safety_violation,0.2827954477330451,82.5,16.32631120708697,16.108721854566653,0.36442767558834105,0.4867427203213835,0.3664230438513561,0.2793136157798705,0.397573162558305,0.29109822179109224,0.04917901654248095,0.40035813394798936,0.07313982329085487,0.0,0.1518228750970313,6.551789080737297,6.551789080737297,0.0,7.855459560159026e-17,2.776424787817943e-16,0.23223134786069502,0.23223134786069502,0.0,65.8,13.899999999999999,1.1999999999999993,1.6000000000000014,0.0,82.1,0.4000000000000057,0.0,0.0,0.0,True,True,False
30,3431604673,467454945,1,gaussian_plus_offset,CombinedErrorSensor,0.65,0.2,0.1,0.05,True,True,False,False,false_completion,0.3858022853711007,68.2,13.211107799443253,13.076476182686914,0.36569341351810863,0.4877728244372258,0.3677350408146682,0.3382966109268789,0.4341236548924238,0.34560927510091516,0.048709763340835835,0.35252028834655674,0.07109646110562097,0.20966879392615845,0.2123858681922357,5.243349750341265,5.243349750341265,0.0,8.638593945228547e-17,1.962615573354719e-16,0.25510995519375435,0.25510995519375435,0.0,61.7,6.4999999999999964,0.0,0.0,0.0,68.2,0.0,0.0,0.0,0.0,False,False,False
31,2772736690,475943986,1,gaussian_plus_offset,CombinedErrorSensor,0.65,0.2,0.1,0.05,True,True,True,False,safety_violation,0.22321843632502636,83.80000000000001,16.122506487583397,16.22636236568617,0.3616986777588004,0.4941510526388589,0.36390048619453613,0.25982188285739494,0.4273052153617073,0.2763512163260664,0.051509912200045575,0.41257849977354205,0.07582420687079255,0.0,0.09539754933923374,6.8518306936489335,6.8518306936489335,0.0,8.058879360783554e-17,2.7757743935277205e-16,0.36009599207070414,0.36009599207070414,0.0,52.199999999999996,27.500000000000014,4.100000000000001,0.0,0.0,75.2,8.599999999999996,0.0,0.0,0.0,False,True,False
32,34757296,3305648994,1,gaussian_plus_offset,CombinedErrorSensor,0.65,0.2,0.1,0.05,True,True,True,False,safety_violation,0.1686256525833872,77.80000000000001,15.131729558433225,15.205261390424752,0.36144545305264614,0.5198063374666875,0.36349407804877015,0.2928336641024015,0.3994864901497995,0.29954222455427076,0.049676830690024674,0.4675054055822303,0.07179679784535696,0.0,0.05689526729103944,6.212491024677653,6.212491024677653,0.0,7.447731183421765e-17,2.779024842816778e-16,0.25204991278846783,0.25204991278846783,0.0,63.30000000000001,6.8999999999999995,7.599999999999994,0.0,0.0,77.60000000000001,0.1999999999999993,0.0,0.0,0.0,False,True,False
33,2257902095,2132756255,1,gaussian_plus_offset,CombinedErrorSensor,0.65,0.2,0.1,0.05,True,True,True,False,safety_violation,0.22442050444792497,82.30000000000001,16.013872232701758,15.83915422536744,0.36028666596277287,0.479197737844811,0.36255858882340863,0.28470819511148704,0.41946324413900415,0.29252294086514713,0.04995288057426152,0.3946375729652407,0.07203878338118393,0.0,0.09775405916940709,6.56378775513482,6.56378775513482,0.0,7.60429550561475e-17,2.779024842816778e-16,0.3097225205244212,0.3097225205244212,0.0,65.5,9.700000000000003,4.800000000000001,2.3000000000000007,0.0,74.0,8.3,0.0,0.0,0.0,True,True,False
34,1990091749,1553859126,1,gaussian_plus_offset,CombinedErrorSensor,0.65,0.2,0.1,0.05,True,True,False,False,false_completion,0.5459861754779277,82.60000000000001,16.19341600898825,16.043512163472563,0.36466421214957845,0.4913978124575969,0.3669787556193312,0.28891996107574985,0.4560926708024746,0.296388499118992,0.0503858008093305,0.4673002046250727,0.07154259129976562,0.0,0.12415251379307629,6.631486276682844,6.631486276682845,0.0,7.770440045175847e-17,2.779024842816778e-16,0.3365178388057292,0.33651783880572916,0.0,62.49999999999999,18.200000000000014,1.5000000000000004,0.3999999999999986,0.0,77.30000000000001,5.299999999999997,0.0,0.0,0.0,True,True,False
35,688663972,1741335336,1,gaussian_plus_offset,CombinedErrorSensor,0.65,0.2,0.1,0.05,True,True,True,False,safety_violation,0.27230793007247917,74.4,14.664880482088435,14.497929398860107,0.36046898085002854,0.6247631446922659,0.3629322741758338,0.2845494120358662,0.3779164932121458,0.29336549159238356,0.05159513443060144,0.6247631446922659,0.07942152576095063,0.0,0.010048647009564746,5.676509375852264,5.676509375852265,0.0,7.682714920414283e-17,2.776424787817943e-16,0.31341403118638306,0.31341403118638306,0.0,56.4,11.900000000000006,1.1000000000000014,5.0,0.0,72.4,1.9999999999999982,0.0,0.0,0.0,True,True,False
36,248667807,2779221576,1,gaussian_plus_offset,CombinedErrorSensor,0.65,0.2,0.1,0.05,True,True,True,False,safety_violation,0.26084225626793395,75.9,14.630194299444124,14.39724933927625,0.36540205255987007,0.4997974372541371,0.3677051788969202,0.29581543069338184,0.4030583546057424,0.30300231470400124,0.04964326837310762,0.4293228733469836,0.07634231639989233,0.0,0.1343662962639226,5.658125102255644,5.658125102255644,0.0,7.720761177550745e-17,1.7772239894833365e-16,0.35714857667251815,0.35714857667251815,0.0,64.8,8.5,2.6000000000000014,0.0,0.0,75.9,0.0,0.0,0.0,0.0,False,True,False
37,3831690327,406686172,1,gaussian_plus_offset,CombinedErrorSensor,0.65,0.2,0.1,0.05,True,True,False,False,false_completion,0.40615713257507674,84.0,17.014569709227356,16.59948279152174,0.36916093791932375,0.6205207070123582,0.3716029628130013,0.2692402070966075,0.43982897062704407,0.2856053702285421,0.053442203040787464,0.6198168351975257,0.07842654221673262,0.0,0.027502473129666027,6.9874796295866615,6.9874796295866615,0.0,7.564044827472054e-17,2.2221394694025363e-16,0.3776152465246912,0.3776152465246912,0.0,75.7,5.599999999999994,0.0,2.700000000000003,0.0,83.6,0.399999999999995,0.0,0.0,0.0,True,False,False
38,3292381605,3853507458,1,gaussian_plus_offset,CombinedErrorSensor,0.65,0.2,0.1,0.05,True,True,True,True,goal_reached,0.2441492063928922,71.2,13.778125908499835,13.556277141521099,0.37092076804924,0.6159231405196756,0.3733031429604109,0.3387825100465522,0.4190188287139776,0.34386083555748875,0.048815368049194695,0.6159231405196756,0.07482547400900315,0.34382708959388175,0.0,5.506684663260648,5.506684663260648,0.0,8.55301922885736e-17,2.498001805406602e-16,0.2717412376667944,0.27174123766679437,0.0,62.4,8.800000000000004,0.0,0.0,0.0,71.2,0.0,0.0,0.0,0.0,False,False,False
39,2677946230,1366849576,1,gaussian_plus_offset,CombinedErrorSensor,0.65,0.2,0.1,0.05,True,True,False,False,false_completion,0.32103388688406637,67.5,13.701100803146467,13.670414520754132,0.3627410816946134,0.5187759869356332,0.36571702505997444,0.33062260706632535,0.46300062770984374,0.33928184457413607,0.05253768095318879,0.5181967328035143,0.07729226573518723,0.0,0.14891612535330223,5.447345984941851,5.447345984941851,0.0,8.529822875905752e-17,2.5133742693021536e-16,0.22791531280390578,0.22791531280390578,0.0,58.1,6.8000000000000025,2.5999999999999943,0.0,0.0,66.0,1.5,0.0,0.0,0.0,False,True,False
40,3465243617,2315462378,1,gaussian_plus_offset,CombinedErrorSensor,0.65,0.2,0.1,0.05,True,True,True,False,safety_violation,0.24099182233411454,75.3,14.773101035600304,14.575855982264368,0.37014787271046806,0.4681469565214979,0.3719668376631742,0.3236746351580126,0.45028505477712705,0.3333206989830998,0.04964197808858996,0.37966632831721614,0.06852484895487486,0.0,0.07743077545684847,5.810484642021339,5.81048464202134,0.0,8.02018796571149e-17,2.7755575615628914e-16,0.3330472127392945,0.3330472127392946,0.0,66.69999999999999,4.200000000000003,4.399999999999999,0.0,0.0,73.69999999999999,1.5999999999999996,0.0,0.0,0.0,False,True,False
41,2277377269,4090432965,1,gaussian_plus_offset,CombinedErrorSensor,0.65,0.2,0.1,0.05,True,True,False,False,false_completion,0.4433625944588142,81.60000000000001,17.3488443390789,17.023272470856263,0.36211713844507404,0.5016540746145914,0.3646045963720135,0.24984618289235414,0.4530237378578339,0.2706447778014216,0.056085571751674355,0.38981794187239494,0.07479592109881118,0.0,0.053907757364158794,6.450178725560141,6.450178725560141,0.0,8.108200552157972e-17,2.7755575615628914e-16,0.2831828095958933,0.28318280959589326,0.0,68.9,10.200000000000003,2.5,0.0,0.0,78.7,2.899999999999995,0.0,0.0,0.0,False,True,False
42,4173135836,1061777408,1,gaussian_plus_offset,CombinedErrorSensor,0.65,0.2,0.1,0.05,True,True,False,False,false_completion,0.512745829371636,81.80000000000001,16.147828226884105,15.985618836298341,0.36077739712700063,0.5029818450094123,0.3630641230620682,0.2759265048813102,0.4310614717925589,0.28988104923442776,0.051100270476249654,0.5029818450094123,0.07291756511217046,0.0,0.11734808462674652,6.804568282269416,6.804568282269416,0.0,7.969698905168736e-17,2.779024842816778e-16,0.2717598474507295,0.27175984745072956,0.0,66.2,12.600000000000009,1.6000000000000014,1.3999999999999986,0.0,78.10000000000001,3.7000000000000064,0.0,0.0,0.0,True,True,False
43,1315936761,1898025599,1,gaussian_plus_offset,CombinedErrorSensor,0.65,0.2,0.1,0.05,True,True,True,False,safety_violation,0.27106485611770337,69.0,13.2432608360103,13.123085893377983,0.35808464012014934,0.558509788481004,0.3601487224314858,0.32302489587252153,0.40577061246581436,0.329595793923204,0.047923791646824,0.5579160035641751,0.0718503523092333,0.0,0.11340611037256844,5.294879500858024,5.294879500858023,0.0,8.386691585344698e-17,1.7772239894833365e-16,0.2638245696915362,0.26382456969153617,0.0,61.400000000000006,1.6000000000000014,3.6999999999999957,2.299999999999997,0.0,69.0,0.0,0.0,0.0,0.0,True,True,False
44,476705537,3455327742,1,gaussian_plus_offset,CombinedErrorSensor,0.65,0.2,0.1,0.05,True,True,False,False,false_completion,0.3422606853626495,85.7,16.47823935722747,16.363285689674875,0.36176093227206246,0.4887682972707199,0.36442745535955606,0.265779077698452,0.3938049116841012,0.2819410233724313,0.04631889823411177,0.43030146282947823,0.0688692456581725,0.0,0.11111900303571008,6.622082424169108,6.622082424169108,0.0,7.590096151550733e-17,2.7894008272968645e-16,0.30346731679780165,0.30346731679780165,0.0,69.99999999999999,14.200000000000006,1.5,0.0,0.0,84.4,1.29999999999999,0.0,0.0,0.0,False,True,False
45,2193159741,4146204961,1,gaussian_plus_offset,CombinedErrorSensor,0.65,0.2,0.1,0.05,True,True,False,False,false_completion,0.4573962334654627,76.60000000000001,14.04592090589288,13.78997689693724,0.3613699173379044,0.49233890928388574,0.36365502794320226,0.332632333696496,0.4511342333679063,0.340317357183285,0.051958224737164424,0.4615068656457322,0.07314597440522914,0.0,0.11860771230767979,5.689246291822467,5.689246291822467,0.0,7.599861068370913e-17,1.7772239894833365e-16,0.5333669980491359,0.5333669980491359,0.0,67.5,5.700000000000003,3.400000000000002,0.0,0.0,74.70000000000002,1.8999999999999915,0.0,0.0,0.0,False,True,False
46,3193969877,1580823276,1,gaussian_plus_offset,CombinedErrorSensor,0.65,0.2,0.1,0.05,True,True,True,False,safety_violation,0.24259052523211594,81.30000000000001,16.740905848853064,16.50915893035879,0.3613101765256154,0.5219295217101722,0.363659288932908,0.25727536068423845,0.41629753606971576,0.2723821945397627,0.05257911884669146,0.5219295217101722,0.07899812270228328,0.0,0.1245987347020775,6.497148429365415,6.497148429365415,0.0,8.24151776029367e-17,2.7833528704240246e-16,0.2913481627867401,0.29134816278674,0.0,72.30000000000001,3.6999999999999993,3.3999999999999915,1.9000000000000004,0.0,78.4,2.8999999999999986,0.0,0.0,0.0,True,True,False
47,2977401754,3603991116,1,gaussian_plus_offset,CombinedErrorSensor,0.65,0.2,0.1,0.05,True,True,True,False,safety_violation,0.26763449540703405,78.4,15.639081061655613,15.711237766357758,0.3617891722401965,0.46877372923902855,0.36396277329741145,0.27870713405137515,0.4166408441082755,0.29125018906561734,0.05081549862636081,0.36808709093903375,0.07358782192965015,0.0,0.10157638165656291,6.356558269533874,6.356558269533874,0.0,8.137659729732942e-17,2.7757743935277205e-16,0.2447633729495286,0.24476337294952868,0.0,61.8,8.399999999999999,5.800000000000004,2.4000000000000057,0.0,76.4,1.999999999999993,0.0,0.0,0.0,True,True,False
48,96550472,615466156,1,gaussian_plus_offset,CombinedErrorSensor,0.65,0.2,0.1,0.05,True,True,False,False,false_completion,0.4569336362141385,65.9,13.483107817312867,13.556989025696764,0.36875861647338304,0.5036004873869878,0.3712123111706052,0.3398235025255161,0.41089684662619214,0.3444105705941744,0.048481606069009,0.45194102523720514,0.06820567491273817,0.0,0.056421231518187065,5.399957797382645,5.399957797382645,0.0,8.837163483447843e-17,2.7755575615628914e-16,0.5434170582051292,0.5434170582051293,0.0,58.800000000000004,2.3999999999999986,0.0,4.700000000000003,0.0,65.9,0.0,0.0,0.0,0.0,True,False,False
49,1777529677,4251989012,1,gaussian_plus_offset,CombinedErrorSensor,0.65,0.2,0.1,0.05,True,True,False,False,false_completion,0.4918249599150706,75.9,15.968159283478297,15.858911505110303,0.3630833159513928,0.5008345778111377,0.36547566988771346,0.2856571555307504,0.4008953545382834,0.29337075195771484,0.05001373136040057,0.33143677055816967,0.06793422079686659,0.0,0.16011373569563414,6.184476552114649,6.18447655211465,0.0,7.940254612940272e-17,2.7833528704240246e-16,0.3940163964747388,0.3940163964747388,0.0,74.2,0.0,1.6999999999999993,0.0,0.0,73.4,2.5,0.0,0.0,0.0,False,True,False
50,3863705637,2665314677,1,gaussian_plus_offset,CombinedErrorSensor,0.65,0.2,0.1,0.05,True,True,False,False,false_completion,0.43440559086173886,65.10000000000001,13.327615351323367,13.066678025253246,0.3592052298786124,0.6144782346029448,0.36173124848944627,0.3435195014036713,0.42874652413826203,0.35065043458546097,0.04911116636214541,0.6135793680797603,0.07784892989273592,0.1784729093982378,0.06605776214894449,5.247392124262348,5.247392124262349,0.0,8.816551750181321e-17,1.962615573354719e-16,0.464825337989526,0.464825337989526,0.0,61.50000000000001,3.6000000000000014,0.0,0.0,0.0,64.60000000000001,0.5,0.0,0.0,0.0,False,False,False
51,4005499836,353644800,1,gaussian_plus_offset,CombinedErrorSensor,0.65,0.2,0.1,0.05,True,True,False,False,false_completion,0.3641143911228258,63.6,12.9579771867403,12.844006571885457,0.3694187668741219,0.4954992920881095,0.37158665268675556,0.33926233422463287,0.40258558378020576,0.3441105630045261,0.04529726383161912,0.4855409566655371,0.06916156839434787,0.0,0.15530384345455678,4.855224437165916,4.855224437165916,0.0,8.997661629646814e-17,2.2591401799415137e-16,0.3016891066786148,0.3016891066786148,0.0,61.5,0.0,0.0,2.1000000000000014,0.0,63.6,0.0,0.0,0.0,0.0,True,False,False
52,891226929,3904815875,1,gaussian_plus_offset,CombinedErrorSensor,0.65,0.2,0.1,0.05,True,True,True,False,safety_violation,0.27853239008925823,69.10000000000001,13.74088733310516,13.809080382915246,0.3592527992774869,0.4593254615856161,0.36168404504635665,0.31900068020043565,0.4374995214440187,0.3250472598689855,0.05247846327440881,0.42023270946664165,0.07687594570834824,0.0,0.09122583435597385,5.322039102191248,5.322039102191248,0.0,7.947915477273734e-17,1.8670653977139892e-16,0.4081459683610717,0.4081459683610717,0.0,56.00000000000001,6.4,1.5,5.199999999999998,0.0,68.10000000000001,1.0,0.0,0.0,0.0,True,True,False
53,2197124845,2770081290,1,gaussian_plus_offset,CombinedErrorSensor,0.65,0.2,0.1,0.05,True,True,False,False,false_completion,0.47994848597200257,79.5,15.347442532257247,14.951218435556825,0.3640110682655569,0.5102250001303958,0.36625743323854376,0.30573383887157485,0.4502250109485843,0.3227319925408279,0.05722163285823552,0.40072967527490944,0.08416336219011167,0.0,0.07947069262853831,6.185579636389138,6.1855796363891375,0.0,8.250626554868405e-17,2.776424787817943e-16,0.2689046818527503,0.2689046818527504,0.0,63.400000000000006,12.999999999999996,0.0,3.099999999999998,0.0,75.89999999999999,3.600000000000005,0.0,0.0,0.0,True,False,False
54,4033668095,794826118,1,gaussian_plus_offset,CombinedErrorSensor,0.65,0.2,0.1,0.05,True,True,True,True,goal_reached,0.2053465294800499,87.9,18.464491055491553,18.27043447087648,0.3725559744815813,0.5287894964501441,0.37462630636815863,0.25699565482323505,0.4077243587273182,0.27059952602027687,0.047347822591667324,0.5275936545519609,0.06807392202622745,0.0462956729062617,0.025018480516742617,7.224198232820509,7.22419823282051,0.0,8.446523442258804e-17,2.7755575615628914e-16,0.33760382051553556,0.33760382051553556,0.0,80.7,7.200000000000003,0.0,0.0,0.0,87.50000000000001,0.3999999999999915,0.0,0.0,0.0,False,False,False
55,2805449324,2103271234,1,gaussian_plus_offset,CombinedErrorSensor,0.65,0.2,0.1,0.05,True,True,True,False,safety_violation,0.28280276800547627,67.10000000000001,13.220077913532212,13.172160644955955,0.36045152906923683,0.4994060803425771,0.36309914880444105,0.3274279844542274,0.4694237404465376,0.33561248431467094,0.057201802691891866,0.3487124803804377,0.07788257490578362,0.0,0.08722124035348769,5.356488641899432,5.356488641899432,0.0,8.557350806919817e-17,1.962615573354719e-16,0.2940956820408318,0.2940956820408318,0.0,55.3,7.500000000000006,3.3000000000000043,1.0,0.0,66.4,0.7000000000000011,0.0,0.0,0.0,True,True,False
56,3382419591,112816621,1,gaussian_plus_offset,CombinedErrorSensor,0.65,0.2,0.1,0.05,True,True,False,False,false_completion,0.4618261533816211,75.9,15.448419304016266,15.11126690932932,0.3604571535494194,0.47959082688508725,0.3624902253259377,0.30346677817264234,0.46980346540094525,0.3159012144372919,0.0548351624487548,0.46600141521700056,0.08154510621807075,0.0,0.03947720714735329,6.191527220243776,6.191527220243776,0.0,7.856001753519444e-17,2.830524433501838e-16,0.3125875600382408,0.31258756003824073,0.0,61.90000000000001,11.299999999999997,2.6999999999999957,0.0,0.0,73.7,2.200000000000003,0.0,0.0,0.0,False,True,False
57,3238864453,1737177286,1,gaussian_plus_offset,CombinedErrorSensor,0.65,0.2,0.1,0.05,True,True,False,False,false_completion,0.3686934005414716,72.7,14.901097361285332,14.710773529519802,0.3601316642397277,0.5071516775044752,0.36273524120192635,0.29710620152353256,0.4326522245697743,0.30661731774973794,0.05189330601506,0.4151951304674134,0.0737437519452382,0.0,0.13047360200397828,5.755233965969972,5.755233965969972,0.0,8.325349611871543e-17,2.779024842816778e-16,0.2687090974405944,0.26870909744059446,0.0,64.7,7.0,0.0,1.0,0.0,72.1,0.6000000000000014,0.0,0.0,0.0,True,False,False
58,765708987,849004654,1,gaussian_plus_offset,CombinedErrorSensor,0.65,0.2,0.1,0.05,True,True,False,False,false_completion,0.4759636705533271,77.30000000000001,15.192673532323429,15.174970372963122,0.3595673040268709,0.5556224127729189,0.3619965675144497,0.3017985852315432,0.4417541858538811,0.3155503467104486,0.052431587563420076,0.5556224127729189,0.07383834457016301,0.2228544976636453,0.08324085723619139,6.352937961987438,6.35293796198744,0.0,8.022209615005176e-17,2.779024842816778e-16,0.27430971023706086,0.2743097102370609,0.0,58.500000000000014,18.799999999999997,0.0,0.0,0.0,74.9,2.4000000000000057,0.0,0.0,0.0,False,False,False
59,3948529331,1523910091,1,gaussian_plus_offset,CombinedErrorSensor,0.65,0.2,0.1,0.05,False,False,False,False,planning_failure,nan,nan,nan,nan,nan,nan,nan,nan,nan,nan,nan,nan,nan,nan,nan,nan,nan,nan,nan,nan,nan,nan,nan,,,,,,,,,,,,,
60,581552647,1295379497,1,gaussian_plus_offset,CombinedErrorSensor,0.65,0.2,0.1,0.05,True,True,False,False,false_completion,0.366885027140479,91.10000000000001,17.922761599216983,17.654056520141058,0.36460719591371915,0.4774455650271707,0.36683595536263897,0.2402487926850166,0.47051807577469595,0.26584137752492804,0.05068426839566813,0.4471252309729801,0.07218944265052521,0.0,0.09359530849908974,6.748547629369913,6.748547629369913,0.0,7.892159127929877e-17,2.7757743935277205e-16,0.3064507994258775,0.3064507994258775,0.0,65.0,16.599999999999994,4.200000000000003,5.300000000000004,0.0,90.9,0.20000000000000284,0.0,0.0,0.0,True,True,False
61,106579484,4042782794,1,gaussian_plus_offset,CombinedErrorSensor,0.65,0.2,0.1,0.05,True,True,False,False,false_completion,0.47179461059740585,68.9,14.207822360822853,14.010662299509333,0.35808537777410215,0.46002141598411045,0.3601028483892364,0.30369857931864097,0.41393394003534073,0.3151768628562343,0.04705345059400205,0.36191561822769774,0.06988236640595702,0.24569851612008797,0.19364123397096997,5.472139939728768,5.472139939728768,0.0,8.396740065140963e-17,2.776424787817943e-16,0.23228691957747752,0.23228691957747752,0.0,64.8,4.100000000000001,0.0,0.0,0.0,68.9,0.0,0.0,0.0,0.0,False,False,False
62,4075693272,1439449350,1,gaussian_plus_offset,CombinedErrorSensor,0.65,0.2,0.1,0.05,True,True,False,False,false_completion,0.3853522250237571,62.5,12.968560695059848,12.818376618407356,0.3642953841508521,0.5424324569063407,0.36682431065184834,0.33200672643517865,0.42285145372781996,0.33708502745136276,0.04879792357994176,0.35099253608323666,0.07169815936611357,0.0,0.10714589551150198,5.323874795568017,5.323874795568017,0.0,9.157003839438864e-17,2.7755575615628914e-16,0.3198642490475149,0.3198642490475149,0.0,53.4,8.199999999999996,0.9000000000000004,0.0,0.0,61.6,0.8999999999999986,0.0,0.0,0.0,False,True,False
63,4067301700,2913743672,1,gaussian_plus_offset,CombinedErrorSensor,0.65,0.2,0.1,0.05,True,True,False,False,false_completion,0.43347384492723573,71.3,13.81948884961376,13.69255011416258,0.35428951243933815,0.4633409775527142,0.3565736236844046,0.3095716254879353,0.4046840075492868,0.31621733593466334,0.052543020465203934,0.4457379416961387,0.07737822191281728,0.0,0.05991561313404709,5.751902894008683,5.751902894008684,0.0,7.805602038672744e-17,1.7772239894833365e-16,0.2366065479157588,0.2366065479157588,0.0,64.7,3.0999999999999943,3.5000000000000018,0.0,0.0,71.3,0.0,0.0,0.0,0.0,False,True,False
64,408409058,2783164376,1,gaussian_plus_offset,CombinedErrorSensor,0.65,0.2,0.1,0.05,True,True,False,False,false_completion,0.3996681049401616,64.8,13.217234970774339,13.187005726782258,0.3609730689321148,0.4823691064425966,0.3634212168595671,0.33332064763753827,0.4045616726708086,0.33870800509904125,0.04828217160784147,0.36055341970643673,0.06908502576136755,0.0,0.10417438150061904,5.449164152005201,5.449164152005201,0.0,8.57430901645565e-17,1.962615573354719e-16,0.30026474430889577,0.30026474430889577,0.0,57.19999999999999,2.200000000000003,3.1000000000000014,2.3000000000000007,0.0,62.5,2.299999999999997,0.0,0.0,0.0,True,True,False
65,4054606464,2684696174,1,gaussian_plus_offset,CombinedErrorSensor,0.65,0.2,0.1,0.05,True,True,False,False,false_completion,0.4920604047703768,70.4,14.021259615808571,13.91013874870581,0.36537590795080993,0.48095066651895474,0.36733905506395714,0.3221113533675279,0.43314741542250584,0.327558225571193,0.04826791829295665,0.33749976564528394,0.06689281512026675,0.14149241549029234,0.21250023435471604,5.388490142803954,5.388490142803954,0.0,8.23659766743728e-17,2.779024842816778e-16,0.3089205946838666,0.3089205946838666,0.0,59.4,11.000000000000004,0.0,0.0,0.0,69.9,0.5,0.0,0.0,0.0,False,False,False
66,3584757783,812451508,1,gaussian_plus_offset,CombinedErrorSensor,0.65,0.2,0.1,0.05,True,True,False,False,false_completion,0.331153028274926,71.4,14.026556253143768,13.799104854570611,0.3559969961238755,0.47590021910376523,0.3583601705530538,0.30852371275444085,0.401319170118456,0.31532115510998177,0.043955516785261564,0.42934726848486554,0.07016011407650796,0.0,0.11713424676671824,5.500414595811356,5.500414595811356,0.0,8.018891036861745e-17,2.237726045655905e-16,0.3397705624113951,0.339770562411395,0.0,67.5,2.399999999999995,1.5,0.0,0.0,71.4,0.0,0.0,0.0,0.0,False,True,False
67,2242817554,3855248184,1,gaussian_plus_offset,CombinedErrorSensor,0.65,0.2,0.1,0.05,True,True,True,False,safety_violation,0.2687331590343239,75.7,15.095583805838647,14.983308196635617,0.37203836916323807,0.47433733000202494,0.3739971213324717,0.2995798832316471,0.42006585964075893,0.30929225457091397,0.048628390584676766,0.42972501846954503,0.07044176538020164,0.0,0.10687685094486578,6.023049536737016,6.023049536737016,0.0,8.039157031842142e-17,2.7894008272968645e-16,0.37451242483153613,0.37451242483153613,0.0,49.8,11.7,14.200000000000005,0.0,0.0,63.099999999999994,12.600000000000003,0.0,0.0,0.0,False,True,False
68,3870536607,2054617115,1,gaussian_plus_offset,CombinedErrorSensor,0.65,0.2,0.1,0.05,True,True,False,False,false_completion,0.4103744862952523,91.7,17.437900650851383,17.59314835776028,0.3596945691735155,0.49229328290465074,0.3623986404558446,0.23365025562929137,0.41330492999929064,0.2616573386776759,0.045397670597552314,0.27403761225483614,0.061695617219922116,0.0,0.04645726135995773,7.006628871611781,7.006628871611781,0.0,7.426757061684003e-17,2.7894008272968645e-16,0.26292388570349523,0.26292388570349523,0.0,79.39999999999999,5.700000000000003,3.5,3.099999999999998,0.0,90.50000000000001,1.1999999999999886,0.0,0.0,0.0,True,True,False
69,1473522219,4028730749,1,gaussian_plus_offset,CombinedErrorSensor,0.65,0.2,0.1,0.05,True,True,False,False,false_completion,0.3648327471182113,71.2,13.811569266861998,13.635326972871313,0.3657367977064969,0.4902764201700624,0.3676967899264566,0.3196175697702944,0.422100270028537,0.32712282257337894,0.051228414122578954,0.37021935276822127,0.0760023259014595,0.0,0.08977224943731799,5.575359101688925,5.575359101688925,0.0,7.828829917330472e-17,2.830524433501838e-16,0.28131036054521324,0.28131036054521324,0.0,59.699999999999996,7.5000000000000036,2.0,2.0,0.0,71.1,0.10000000000000142,0.0,0.0,0.0,True,True,False
70,865400509,2297404356,1,gaussian_plus_offset,CombinedErrorSensor,0.65,0.2,0.1,0.05,True,True,True,False,safety_violation,0.23079925914135058,66.9,13.828399466584465,13.703833814098969,0.3680222152626583,0.5265193182228111,0.3705513851592381,0.3010719615787322,0.4166473187802703,0.30876470110985177,0.060277651277566895,0.49593557834956453,0.08058011401700857,0.0,0.05406442165043547,5.903304115958019,5.903304115958019,0.0,8.932403918797291e-17,2.7894008272968645e-16,0.37587389857282866,0.37587389857282866,0.0,57.300000000000004,7.299999999999995,2.3000000000000043,0.0,0.0,66.7,0.1999999999999993,0.0,0.0,0.0,False,True,False
71,1033281415,2164047885,1,gaussian_plus_offset,CombinedErrorSensor,0.65,0.2,0.1,0.05,True,True,True,False,safety_violation,0.29456244522483604,79.4,16.208408634542135,16.22484740770011,0.36168058987603063,0.4857134865486948,0.3642948419200054,0.27492811065918943,0.38265367435051445,0.28220781186133126,0.04918847407723131,0.35810486798238333,0.06917759421598448,0.0,0.062319739883262226,6.128645533627221,6.128645533627221,0.0,7.718548644678171e-17,2.779024842816778e-16,0.3167622797371585,0.3167622797371585,0.0,62.800000000000004,8.9,4.599999999999998,3.1000000000000014,0.0,73.5,5.8999999999999995,0.0,0.0,0.0,True,True,False
72,600023430,990868258,1,gaussian_plus_offset,CombinedErrorSensor,0.65,0.2,0.1,0.05,True,True,False,False,false_completion,0.4250513308516058,71.0,13.848912291813757,13.84624783671449,0.36785864241839733,0.5067436241147155,0.37034541020725026,0.333150724520502,0.46010317708084286,0.3410341248481617,0.053840674813973796,0.3692762386781157,0.0723500765864627,0.0,0.0635559202254603,5.498357476860038,5.498357476860038,0.0,8.119121904144997e-17,1.7772239894833365e-16,0.3688176524636451,0.3688176524636452,0.0,61.4,3.8000000000000043,3.4999999999999964,2.3,0.0,69.8,1.2000000000000028,0.0,0.0,0.0,True,True,False
73,4212648003,1745885839,1,gaussian_plus_offset,CombinedErrorSensor,0.65,0.2,0.1,0.05,True,True,False,False,false_completion,0.5013560591248,65.5,13.403692674980057,13.196270702155047,0.36639029004834295,0.4780823448263346,0.3688215870227543,0.3346992516970405,0.45319334800429695,0.34250379903224565,0.05058031804434193,0.42202196583820406,0.07676377197123097,0.0,0.08054321665794993,5.250820069227574,5.250820069227574,0.0,8.539367261114386e-17,2.5133742693021536e-16,0.29295285521362807,0.292952855213628,0.0,61.5,2.0,2.0,0.0,0.0,65.5,0.0,0.0,0.0,0.0,False,True,False
74,3471671828,204828556,1,gaussian_plus_offset,CombinedErrorSensor,0.65,0.2,0.1,0.05,True,True,False,False,false_completion,0.4641798707690802,68.9,13.646700401204907,13.398100825588008,0.363512167476301,0.4811529839059184,0.36587581769109384,0.32582802577347786,0.4207083066619344,0.33110687337001804,0.04938151531095682,0.39269812929394265,0.07591306262007656,0.0,0.14232076367446334,5.514094153209702,5.514094153209703,0.0,8.75708117734847e-17,2.498965354837e-16,0.3523293575658769,0.35232935756587686,0.0,64.6,2.6000000000000014,1.7000000000000028,0.0,0.0,68.9,0.0,0.0,0.0,0.0,False,True,False
75,565181289,3805150019,1,gaussian_plus_offset,CombinedErrorSensor,0.65,0.2,0.1,0.05,True,True,True,False,safety_violation,0.20592511174934533,68.9,13.50730440622215,13.499651398158973,0.36791597876294685,0.5355997086737638,0.37032492331550015,0.32730457422157,0.44441819768901714,0.33490001862100305,0.054646403603440113,0.4174292332632626,0.07377148103967517,0.0,0.120617222942324,5.261230588068747,5.261230588068747,0.0,8.473597660535817e-17,1.8670653977139892e-16,0.3187298648657444,0.31872986486574434,0.0,50.00000000000001,14.399999999999999,2.8999999999999986,1.6000000000000014,0.0,67.7,1.2000000000000028,0.0,0.0,0.0,True,True,False
76,493419000,2342670495,1,gaussian_plus_offset,CombinedErrorSensor,0.65,0.2,0.1,0.05,True,True,False,False,false_completion,0.43639448210112464,71.2,13.956157082289888,13.787639354823126,0.35931414882711366,0.46657091407836515,0.36153342482753764,0.3171072998338444,0.4006706202632842,0.3228165865920957,0.047097683459118245,0.4018810347787645,0.06980988966726553,0.0,0.12519059171911623,5.416622073003053,5.416622073003053,0.0,8.227623073265864e-17,2.779024842816778e-16,0.32938603526747773,0.32938603526747773,0.0,60.000000000000014,10.599999999999987,0.5999999999999996,0.0,0.0,60.599999999999994,10.600000000000009,0.0,0.0,0.0,False,True,False
77,2523805071,2573858176,1,gaussian_plus_offset,CombinedErrorSensor,0.65,0.2,0.1,0.05,True,True,True,True,goal_reached,0.26207942978340004,84.60000000000001,17.158139591160918,16.977207591867344,0.36151293475934393,0.4810370906813,0.3634747230825985,0.24757504205408606,0.36670686310296907,0.2561736894086354,0.042744220053546174,0.3695358270660227,0.06388267989092845,0.3103165732707023,0.1110141567133569,6.361922775302788,6.361922775302788,0.0,7.650591057544014e-17,2.797157557069881e-16,0.33485601709666163,0.33485601709666163,0.0,67.4,17.200000000000003,0.0,0.0,0.0,84.60000000000001,0.0,0.0,0.0,0.0,False,False,False
78,45677837,1364071988,1,gaussian_plus_offset,CombinedErrorSensor,0.65,0.2,0.1,0.05,True,True,True,False,safety_violation,0.204053369636297,77.7,14.740549640920563,14.560166396954905,0.3606874991496591,0.49419011018227976,0.3628608290304971,0.29510127198937397,0.4118152356970946,0.3036184433649251,0.05252051453574461,0.3684491501619563,0.07335116837532653,0.0,0.12809666555427895,5.796307426640639,5.79630742664064,0.0,7.69257763128972e-17,2.5133742693021536e-16,0.27241908676978466,0.27241908676978466,0.0,72.1,0.3999999999999986,0.0,5.200000000000003,0.0,77.7,0.0,0.0,0.0,0.0,True,False,False
79,2369212922,1884941461,1,gaussian_plus_offset,CombinedErrorSensor,0.65,0.2,0.1,0.05,True,True,True,False,safety_violation,0.29665554390671767,62.6,13.073684411116634,12.809550113848358,0.36745964127331715,0.4966030726131378,0.3697682974628973,0.3649847791240551,0.4545522779975199,0.3725308253826601,0.06078750299501302,0.4812324073125005,0.08611117006819842,0.0,0.07005781440028759,5.119569483143314,5.119569483143315,0.0,9.549154180047436e-17,2.7894008272968645e-16,0.275121744234206,0.27512174423420604,0.0,61.2,0.0,0.0,1.3999999999999986,0.0,62.6,0.0,0.0,0.0,0.0,True,False,False
80,4013271687,1413058190,1,gaussian_plus_offset,CombinedErrorSensor,0.65,0.2,0.1,0.05,True,True,False,False,false_completion,0.37934197190195934,86.7,17.8368581131341,17.637940709573318,0.36379224346559474,0.4938385098565314,0.36597699899735736,0.24886624726635068,0.42137143546956335,0.2805063702598331,0.04943285065126354,0.3999296670237582,0.07343201593079857,0.0,0.1294298713109633,7.351102044750566,7.351102044750566,0.0,8.46093799664517e-17,2.7755575615628914e-16,0.259826404314892,0.259826404314892,0.0,73.69999999999999,10.2,1.2000000000000028,1.6000000000000014,0.0,84.2,2.5,0.0,0.0,0.0,True,True,False
81,463264661,1517162635,1,gaussian_plus_offset,CombinedErrorSensor,0.65,0.2,0.1,0.05,False,False,False,False,planning_failure,nan,nan,nan,nan,nan,nan,nan,nan,nan,nan,nan,nan,nan,nan,nan,nan,nan,nan,nan,nan,nan,nan,nan,,,,,,,,,,,,,
82,2864355002,146698999,1,gaussian_plus_offset,CombinedErrorSensor,0.65,0.2,0.1,0.05,True,True,False,False,false_completion,0.4256865578983333,78.9,15.593301768668976,15.422148076891489,0.3610555892885591,0.49746877037355186,0.36371341416424535,0.28544496378936596,0.3805868591259025,0.29270726925755736,0.05657119258730435,0.3395992532408768,0.07614329988659763,0.0,0.11330280648154023,6.07858601817925,6.07858601817925,0.0,8.437040421971767e-17,2.779024842816778e-16,0.31669524293210555,0.3166952429321057,0.0,70.4,2.6000000000000014,5.899999999999999,0.0,0.0,76.6,2.3000000000000043,0.0,0.0,0.0,False,True,False
83,2988069353,815718213,1,gaussian_plus_offset,CombinedErrorSensor,0.65,0.2,0.1,0.05,True,True,False,False,false_completion,0.48790011309093173,67.10000000000001,13.460425447104491,13.316694613064472,0.3671869505663963,0.4832102588199113,0.36952442341657327,0.33423522834402225,0.4340588858316369,0.33945760610304837,0.04595757386466465,0.3797789839882594,0.07115349392167905,0.0,0.09374182639783663,5.256482664627132,5.256482664627132,0.0,8.159665660586651e-17,2.7755575615628914e-16,0.3162406953964875,0.3162406953964875,0.0,60.50000000000001,4.900000000000002,0.0,1.6999999999999957,0.0,67.10000000000001,0.0,0.0,0.0,0.0,True,False,False
84,232323784,3866835605,1,gaussian_plus_offset,CombinedErrorSensor,0.65,0.2,0.1,0.05,True,True,True,False,safety_violation,0.19336144188533086,69.10000000000001,14.105951962548279,14.145014427064732,0.3597622559007158,0.5075428885760034,0.3623319838254294,0.2975518541756694,0.4559385354583013,0.30834644670816147,0.052113494137031806,0.45773594099085874,0.07792697490160903,0.0,0.057953362859699986,5.697287112330331,5.697287112330331,0.0,8.671145413812557e-17,2.776424787817943e-16,0.3088898459313954,0.3088898459313954,0.0,60.7,2.9,0.0,5.5,0.0,68.4,0.7000000000000002,0.0,0.0,0.0,True,False,False
85,2062693019,1463358873,1,gaussian_plus_offset,CombinedErrorSensor,0.65,0.2,0.1,0.05,True,True,False,False,false_completion,0.3264908317779638,73.60000000000001,14.831683407899519,15.023182538306214,0.36217437954449827,0.4864978042025858,0.36494370765772394,0.29155958133195087,0.43925229723682413,0.3091017057217341,0.047566986845675,0.3274789555512778,0.06515158339789305,0.17828373995396668,0.08806979166464142,5.996671272147003,5.996671272147003,0.0,8.036907455395297e-17,2.5018537765542007e-16,0.3136973559592193,0.3136973559592193,0.0,62.80000000000001,10.799999999999997,0.0,0.0,0.0,73.60000000000001,0.0,0.0,0.0,0.0,False,False,False
86,2696811765,677721415,1,gaussian_plus_offset,CombinedErrorSensor,0.65,0.2,0.1,0.05,True,True,False,False,false_completion,0.45867110312802534,78.2,15.862487108918875,15.591234552412937,0.3653992856296006,0.4997466268694028,0.36766444856883546,0.2852937044986267,0.43050944096953253,0.29813919655005294,0.05024887072440831,0.4376522438858883,0.07085390274342199,0.13054968321540095,0.07304637060372612,6.509569895829531,6.509569895829531,0.0,8.659976257819282e-17,2.786162483075207e-16,0.47638086986095235,0.47638086986095235,0.0,67.89999999999999,10.3,0.0,0.0,0.0,75.8,2.4000000000000057,0.0,0.0,0.0,False,False,False
87,2431573722,4128245809,1,gaussian_plus_offset,CombinedErrorSensor,0.65,0.2,0.1,0.05,True,True,False,False,false_completion,0.4959457223010161,76.9,15.354420601782913,15.415705060348422,0.364016990908237,0.47549674182997165,0.36606680615387166,0.2853745655359793,0.4252258657440928,0.2980797977456836,0.04792624325292547,0.3355056757405768,0.06531598759159729,0.0,0.1082418880446598,6.409857104926045,6.409857104926045,0.0,7.990321357669248e-17,2.7809732887839817e-16,0.3489730137886254,0.3489730137886254,0.0,66.9,8.59999999999999,1.3999999999999986,0.0,0.0,74.9,2.0,0.0,0.0,0.0,False,True,False
88,288904282,1334095557,1,gaussian_plus_offset,CombinedErrorSensor,0.65,0.2,0.1,0.05,True,True,False,False,false_completion,0.4160493420255468,72.60000000000001,13.507952120502692,13.436783614632725,0.3690404472504651,0.5616409428109091,0.3715742871767348,0.32700036422013057,0.43452519061938505,0.3337846673902494,0.051633348331496944,0.4912992192852645,0.07855248158497957,0.0,0.11014859461685711,5.609570093348896,5.609570093348896,0.0,7.904132217793146e-17,1.7772239894833365e-16,0.2760545717574765,0.2760545717574765,0.0,61.00000000000001,9.900000000000002,0.0,1.7000000000000002,0.0,70.60000000000001,2.0,0.0,0.0,0.0,True,False,False
89,2448428947,1044006471,1,gaussian_plus_offset,CombinedErrorSensor,0.65,0.2,0.1,0.05,False,False,False,False,planning_failure,nan,nan,nan,nan,nan,nan,nan,nan,nan,nan,nan,nan,nan,nan,nan,nan,nan,nan,nan,nan,nan,nan,nan,,,,,,,,,,,,,
90,3814120060,3172955040,1,gaussian_plus_offset,CombinedErrorSensor,0.65,0.2,0.1,0.05,True,True,False,False,false_completion,0.4468949474012104,76.4,14.92756957637556,14.73870634403929,0.3582898791089203,0.47548347987650696,0.36048163861003574,0.2956380397764476,0.40937891408471655,0.3085517348594437,0.04926822469242987,0.47175930760419016,0.07538206783912814,0.0,0.08588252874148972,6.050427762850744,6.050427762850744,0.0,8.209217955727163e-17,2.220446049250313e-16,0.23087739743169683,0.23087739743169694,0.0,62.900000000000006,10.699999999999996,2.8,0.0,0.0,73.3,3.0999999999999996,0.0,0.0,0.0,False,True,False
91,2701641550,3221346186,1,gaussian_plus_offset,CombinedErrorSensor,0.65,0.2,0.1,0.05,True,True,False,False,false_completion,0.33406949747586356,78.5,16.38808954823677,16.227412520385947,0.3609185020160846,0.4898331079931093,0.36305904908324316,0.2701040952627376,0.42138832863066483,0.28335563839712957,0.05167554487847425,0.4446504914390816,0.0709043720205488,0.07556834739947171,0.10534950856091843,6.6051081822892055,6.6051081822892055,0.0,8.287312086539133e-17,2.779024842816778e-16,0.3470915146698456,0.3470915146698456,0.0,61.999999999999986,16.50000000000001,0.0,0.0,0.0,73.4,5.099999999999994,0.0,0.0,0.0,False,False,False
92,1467073285,944703461,1,gaussian_plus_offset,CombinedErrorSensor,0.65,0.2,0.1,0.05,True,True,True,False,safety_violation,0.22928358329291548,67.2,14.123510174473203,14.257050344922432,0.3639531775696217,0.4878793888690206,0.3660367432632838,0.3172673785036965,0.4469924211871937,0.32501568486955384,0.045230375525066306,0.3550168640147779,0.06405790411629847,0.0,0.14561536928309696,5.696476440480455,5.696476440480455,0.0,8.50764878875152e-17,2.776424787817943e-16,0.3730812858259348,0.3730812858259348,0.0,56.7,8.6,0.0,1.8999999999999986,0.0,67.0,0.20000000000000284,0.0,0.0,0.0,True,False,False
93,169941178,1456512961,1,gaussian_plus_offset,CombinedErrorSensor,0.65,0.2,0.1,0.05,True,True,False,False,false_completion,0.32193898012729083,67.4,13.070160493381522,12.980656642879222,0.36289118413599186,0.48125522995782394,0.36526799036423296,0.33279470079751,0.44169890423768177,0.33942404272367116,0.05340951405487642,0.40806898686768517,0.07427737339680368,0.0,0.09410052569601716,5.181173772879986,5.181173772879986,0.0,8.578089192523881e-17,1.962615573354719e-16,0.24214906661172172,0.2421490666117217,0.0,56.4,7.0,4.000000000000007,0.0,0.0,65.3,2.0999999999999996,0.0,0.0,0.0,False,True,False
94,2253011611,405432984,1,gaussian_plus_offset,CombinedErrorSensor,0.65,0.2,0.1,0.05,True,True,False,False,false_completion,0.4362735653706465,81.9,16.503838231150635,16.462791178128928,0.3616699183278484,0.488801102875482,0.3638472246008942,0.2698056781699165,0.40706048623597985,0.2877080206062013,0.05246736872327861,0.47865387107707746,0.075671026111741,0.0878341917729118,0.1233657004019919,6.130103417881356,6.130103417881356,0.0,8.133671530030942e-17,2.797157557069881e-16,0.27208695584836123,0.2720869558483612,0.0,67.5,14.399999999999997,0.0,0.0,0.0,79.2,2.699999999999992,0.0,0.0,0.0,False,False,False
95,4089296776,1361720255,1,gaussian_plus_offset,CombinedErrorSensor,0.65,0.2,0.1,0.05,True,True,False,False,false_completion,0.47986396197795067,75.2,15.80466721131543,15.711525403929658,0.36569002689381386,0.5002515356082816,0.36817532379933265,0.2914212279408059,0.40447008887711233,0.3036499570296763,0.047960794904884314,0.3826811374591088,0.06685893411030694,0.0,0.11284017033785634,6.1583849351376365,6.1583849351376365,0.0,8.556722062312044e-17,2.7833528704240246e-16,0.3203310850600701,0.3203310850600701,0.0,65.69999999999999,0.0,9.500000000000004,0.0,0.0,75.2,0.0,0.0,0.0,0.0,False,True,False
96,4024072039,3290223108,1,gaussian_plus_offset,CombinedErrorSensor,0.65,0.2,0.1,0.05,True,True,False,False,false_completion,0.5106187468263857,68.10000000000001,13.661468823304919,13.693095294430385,0.36621175761173097,0.5800534264709232,0.36838232352344324,0.30668143736319325,0.4483849227147406,0.3139654562834189,0.04906736753917587,0.5707772888341457,0.07380941408208332,0.0,0.08221199367273059,5.291646048041812,5.291646048041812,0.0,8.63811894885742e-17,1.962615573354719e-16,0.26400798598180847,0.2640079859818085,0.0,55.60000000000001,9.299999999999997,0.0,3.200000000000001,0.0,62.300000000000004,5.800000000000001,0.0,0.0,0.0,True,False,False
97,4120847382,1005880465,1,gaussian_plus_offset,CombinedErrorSensor,0.65,0.2,0.1,0.05,True,True,False,False,false_completion,0.44273230572545097,69.7,13.550180361492076,13.37263259066347,0.357380562178201,0.5226057001815094,0.3595100696060348,0.31887475505182117,0.41558641368738075,0.3273680803827314,0.052940351554228465,0.5226057001815094,0.07503936982043623,0.0,0.09665998541045041,5.352895838617407,5.352895838617407,0.0,8.375950953392841e-17,1.962615573354719e-16,0.22606397648895604,0.22606397648895604,0.0,60.10000000000001,9.499999999999995,0.0,0.09999999999999432,0.0,68.2,1.5,0.0,0.0,0.0,True,False,False
98,3675887853,1206917796,1,gaussian_plus_offset,CombinedErrorSensor,0.65,0.2,0.1,0.05,True,True,False,False,false_completion,0.465420855487038,73.60000000000001,14.838458991926895,14.816033545162263,0.36399155827734875,0.546152783209672,0.3663080437455833,0.29071448164361696,0.3981438623738473,0.2991531738676493,0.04664725925466937,0.4992934045501421,0.07014323345924754,0.0,0.05070659544985791,6.102789473750557,6.102789473750557,0.0,8.150100783945064e-17,2.830524433501838e-16,0.33282090027525213,0.33282090027525213,0.0,59.70000000000001,8.199999999999996,3.8000000000000007,1.8999999999999986,0.0,67.9,5.700000000000003,0.0,0.0,0.0,True,True,False
99,279667856,3140931407,1,gaussian_plus_offset,CombinedErrorSensor,0.65,0.2,0.1,0.05,True,True,False,False,false_completion,0.45237558554318263,66.9,13.551767579502638,13.324543534291855,0.35478758537193494,0.48106051045006337,0.35726063295683597,0.3290702362803922,0.45087208083211533,0.33799193313249565,0.05861315134195413,0.37471967906998777,0.08255418502271011,0.0,0.019924942588940953,5.652526701429722,5.652526701429722,0.0,8.422343503880547e-17,1.8670653977139892e-16,0.24686830433072368,0.24686830433072368,0.0,56.30000000000002,5.599999999999994,3.1999999999999993,1.7999999999999972,0.0,66.8,0.10000000000000142,0.0,0.0,0.0,True,True,False
100,540232124,440410583,1,gaussian_plus_offset,CombinedErrorSensor,0.65,0.2,0.1,0.05,False,False,False,False,planning_failure,nan,nan,nan,nan,nan,nan,nan,nan,nan,nan,nan,nan,nan,nan,nan,nan,nan,nan,nan,nan,nan,nan,nan,,,,,,,,,,,,,
101,3396719581,2568424225,1,gaussian_plus_offset,CombinedErrorSensor,0.65,0.2,0.1,0.05,True,True,False,False,false_completion,0.36691894004950193,74.10000000000001,14.574701904242694,14.251142023692957,0.36184019232783077,0.5407337124720384,0.3643323050559289,0.3051642189379091,0.4448602801234974,0.3144631151851263,0.05372811432091515,0.5407337124720384,0.08178120485931563,0.0,0.11696155829928069,5.639850913108647,5.639850913108647,0.0,7.646408903737552e-17,2.2247786310271853e-16,0.39887080764556865,0.3988708076455687,0.0,66.0,5.0000000000000036,3.1000000000000014,0.0,0.0,74.10000000000001,0.0,0.0,0.0,0.0,False,True,False
102,4254502148,4115934492,1,gaussian_plus_offset,CombinedErrorSensor,0.65,0.2,0.1,0.05,False,False,False,False,planning_failure,nan,nan,nan,nan,nan,nan,nan,nan,nan,nan,nan,nan,nan,nan,nan,nan,nan,nan,nan,nan,nan,nan,nan,,,,,,,,,,,,,
103,52029571,1451775251,1,gaussian_plus_offset,CombinedErrorSensor,0.65,0.2,0.1,0.05,True,True,False,False,false_completion,0.45669699367215594,63.300000000000004,13.209156296777383,13.039707325417293,0.36320430412414656,0.508613719909863,0.3658685934955768,0.33863006100536885,0.44843246740736725,0.34698069914234314,0.05156747490158824,0.4395752805395471,0.07826467004003276,0.2424553979773556,0.10460146674077217,5.384762488647552,5.384762488647553,0.0,9.028792223889562e-17,1.7772239894833365e-16,0.3563919850043535,0.3563919850043535,0.0,57.800000000000004,5.5,0.0,0.0,0.0,62.9,0.40000000000000036,0.0,0.0,0.0,False,False,False
104,2150617837,3318149514,1,gaussian_plus_offset,CombinedErrorSensor,0.65,0.2,0.1,0.05,False,False,False,False,planning_failure,nan,nan,nan,nan,nan,nan,nan,nan,nan,nan,nan,nan,nan,nan,nan,nan,nan,nan,nan,nan,nan,nan,nan,,,,,,,,,,,,,
105,1920392900,1186325760,1,gaussian_plus_offset,CombinedErrorSensor,0.65,0.2,0.1,0.05,True,True,False,False,false_completion,0.3836936097462323,70.5,14.054154584552272,13.870143291862115,0.3655938671613881,0.5167307767294222,0.3677028071143107,0.3122964963251797,0.41519611048354976,0.32197948979859103,0.049941617685284156,0.5153550006245432,0.07643711147478864,0.0,0.035094779379255495,5.560070065148358,5.560070065148357,0.0,8.23382863925192e-17,1.962615573354719e-16,0.328440268849978,0.328440268849978,0.0,63.4,0.0,7.099999999999998,0.0,0.0,70.5,0.0,0.0,0.0,0.0,False,True,False
106,3782786491,3318578905,1,gaussian_plus_offset,CombinedErrorSensor,0.65,0.2,0.1,0.05,True,True,False,False,false_completion,0.4389305036249489,97.7,19.015722672408923,19.06729382584731,0.36397867011526225,0.49591836680248086,0.3661108255939217,0.24617419414590413,0.4308968860267677,0.2743956404380917,0.04544422210609113,0.38874935035972874,0.06426995997662024,0.0,0.12153867372520111,7.5648974454629965,7.5648974454629965,0.0,8.251280277488452e-17,2.7894008272968645e-16,0.2949163236607603,0.29491632366076026,0.0,73.30000000000001,20.09999999999999,0.0,4.299999999999997,0.0,96.69999999999999,1.000000000000007,0.0,0.0,0.0,True,False,False
107,1852949863,3905180727,1,gaussian_plus_offset,CombinedErrorSensor,0.65,0.2,0.1,0.05,True,True,False,False,false_completion,0.40655213542340035,60.0,12.9262221987912,12.98297627349098,0.3617512826434684,0.4917363680027777,0.36401866695468077,0.34116035507675985,0.42456964291109206,0.3472936864568379,0.04587024554775183,0.391594946705955,0.07087531579168277,0.0,0.10170429612827073,5.105215454154536,5.105215454154536,0.0,9.147928366601115e-17,2.7894008272968645e-16,0.3768535066139288,0.37685350661392875,0.0,53.8,3.0000000000000036,3.2,0.0,0.0,58.199999999999996,1.8000000000000007,0.0,0.0,0.0,False,True,False
108,4292450816,2371327617,1,gaussian_plus_offset,CombinedErrorSensor,0.65,0.2,0.1,0.05,True,True,True,False,safety_violation,0.2792090493616181,71.10000000000001,14.075401802768752,14.126482364289728,0.3604944489541807,0.47469005278657594,0.3629143695742679,0.30785618700326356,0.4349162347586705,0.3170967267486047,0.04827620839361578,0.29824216512904367,0.06694227644954716,0.0,0.11340698707766736,5.482855620528195,5.482855620528195,0.0,8.283308291983771e-17,2.797157557069881e-16,0.33073314445233704,0.33073314445233704,0.0,59.80000000000001,9.799999999999995,0.0,1.5,0.0,66.60000000000001,4.499999999999989,0.0,0.0,0.0,True,False,False
109,4267953794,845914130,1,gaussian_plus_offset,CombinedErrorSensor,0.65,0.2,0.1,0.05,True,True,False,False,false_completion,0.3126020185155913,71.4,14.076642706398484,13.983985346720244,0.36044860663937583,0.4777857162223249,0.3628194196239466,0.31528154554451554,0.4566237157589465,0.32371012408892585,0.05590176740801787,0.4760530632801679,0.0790507830339065,0.0,0.11748079643832825,6.0108035581881625,6.0108035581881625,0.0,8.233960328169093e-17,2.776424787817943e-16,0.2947617444978405,0.2947617444978405,0.0,58.6,5.999999999999998,6.800000000000001,0.0,0.0,64.4,7.0,0.0,0.0,0.0,False,True,False
110,1963136374,3650030472,1,gaussian_plus_offset,CombinedErrorSensor,0.65,0.2,0.1,0.05,True,True,True,False,safety_violation,0.255369561607027,70.60000000000001,14.044830891774087,13.992355391233788,0.3672614261589732,0.4988626939117501,0.369354318509891,0.33300521599526034,0.4481131289644715,0.34281977636171185,0.049334134240089256,0.353240706493094,0.07068243150861558,0.0,0.09293641278658803,5.221088825407285,5.221088825407285,0.0,8.163482495053037e-17,2.7833528704240246e-16,0.2238004945357392,0.22380049453573916,0.0,63.300000000000004,5.2000000000000055,2.0999999999999943,0.0,0.0,70.60000000000001,0.0,0.0,0.0,0.0,False,True,False
111,212347388,3906612652,1,gaussian_plus_offset,CombinedErrorSensor,0.65,0.2,0.1,0.05,True,True,False,False,false_completion,0.31442745558388996,71.8,13.745757496082309,13.481097350535608,0.3654838769093794,0.4892681709080436,0.36804850913333864,0.3321007262611884,0.4471089598801796,0.33991856643716156,0.05226758259958449,0.44610008452048433,0.0781393072810769,0.0,0.10381087451864444,5.128540449539271,5.128540449539271,0.0,8.231236537506762e-17,1.962615573354719e-16,0.23181949544783714,0.23181949544783714,0.0,66.89999999999999,0.0,0.0,4.900000000000002,0.0,71.8,0.0,0.0,0.0,0.0,True,False,False
112,2133831415,1351782111,1,gaussian_plus_offset,CombinedErrorSensor,0.65,0.2,0.1,0.05,True,True,True,False,safety_violation,0.29547516001201385,71.7,13.777244593960852,13.66748811505712,0.36336629501390205,0.5016870185128189,0.36550015937437785,0.314303208874412,0.40295089920505234,0.3203130244410729,0.048218694230914426,0.4900985836351828,0.07130502746084348,0.0,0.07890495155970689,5.751712999113923,5.7517129991139235,0.0,7.967554068419955e-17,1.962615573354719e-16,0.5002596327152282,0.5002596327152282,0.0,61.199999999999996,9.000000000000004,1.5,0.0,0.0,71.7,0.0,0.0,0.0,0.0,False,True,False
113,2416155944,1610198770,1,gaussian_plus_offset,CombinedErrorSensor,0.65,0.2,0.1,0.05,True,True,False,False,false_completion,0.48036938698157483,83.0,16.711452530433547,16.577535728694823,0.3612713560889962,0.46958985799481623,0.36344013202086906,0.26302809782855935,0.4085319746399151,0.2728642053586678,0.045595176176321514,0.44850916221742004,0.06524071703380566,0.0,0.13122308072203379,6.446717195231441,6.446717195231442,0.0,7.951372207221977e-17,2.7755575615628914e-16,0.3330099831050684,0.3330099831050684,0.0,65.30000000000001,14.099999999999994,0.0,3.5999999999999943,0.0,82.7,0.29999999999999716,0.0,0.0,0.0,True,False,False
114,1031285833,497434967,1,gaussian_plus_offset,CombinedErrorSensor,0.65,0.2,0.1,0.05,True,True,False,False,false_completion,0.32799132416786025,68.0,13.27110948932349,13.112993385992597,0.36485808564973454,0.48120947805153685,0.3673326251864599,0.32341511663771294,0.4185490788898393,0.3292594124689491,0.056451343363391644,0.39760331745489574,0.07536811859446714,0.0,0.1448440806542051,5.593308844794336,5.593308844794336,0.0,8.547455491030775e-17,1.7772239894833365e-16,0.3366300170201941,0.3366300170201941,0.0,57.2,7.8,2.999999999999993,0.0,0.0,68.0,0.0,0.0,0.0,0.0,False,True,False
115,1491554370,1807222696,1,gaussian_plus_offset,CombinedErrorSensor,0.65,0.2,0.1,0.05,True,True,True,False,safety_violation,0.20946420363386428,74.0,14.492630476180308,14.543839183296573,0.35813479469666326,0.4971462562022292,0.3605715013514572,0.2932830714380133,0.38156098337749916,0.30131465809887586,0.0470667975915143,0.3828100123456538,0.06653908069138982,0.0,0.15191596457163586,5.75855991417038,5.75855991417038,0.0,8.055642970259075e-17,2.5066604164831255e-16,0.2437082331789244,0.24370823317892426,0.0,65.0,6.899999999999999,0.40000000000000213,1.6999999999999993,0.0,72.5,1.5000000000000018,0.0,0.0,0.0,True,True,False
116,2111179620,4259083263,1,gaussian_plus_offset,CombinedErrorSensor,0.65,0.2,0.1,0.05,True,True,False,False,false_completion,0.4497134860865322,78.30000000000001,15.90030559935139,15.710209563364499,0.3681993485673191,0.4854631956516189,0.3701947548815774,0.282865482585373,0.41653023754553264,0.295636885773402,0.04873560838263092,0.4370173135202217,0.07099387218822452,0.0,0.07727580084898453,6.203576649300654,6.203576649300654,0.0,8.001869297586154e-17,2.7894008272968645e-16,0.31657834306974325,0.31657834306974325,0.0,57.70000000000001,19.400000000000002,0.0,1.1999999999999993,0.0,70.7,7.6,0.0,0.0,0.0,True,False,False
117,3067009748,4125571272,1,gaussian_plus_offset,CombinedErrorSensor,0.65,0.2,0.1,0.05,True,True,False,False,false_completion,0.4247775443421251,70.9,13.833329857204333,13.603822448650888,0.3661769440858298,0.5262022203124409,0.3683411355456585,0.32596708877066993,0.45243661096817683,0.3332073066110261,0.051786368151174295,0.5258409250054438,0.07710585336969511,0.0,0.049363516292819334,5.774783368279779,5.774783368279779,0.0,7.795064401917927e-17,2.7755575615628914e-16,0.4074942976865442,0.4074942976865442,0.0,67.6,0.0,3.3000000000000007,0.0,0.0,68.0,2.8999999999999986,0.0,0.0,0.0,False,True,False
118,1383855522,3437330170,1,gaussian_plus_offset,CombinedErrorSensor,0.65,0.2,0.1,0.05,False,False,False,False,planning_failure,nan,nan,nan,nan,nan,nan,nan,nan,nan,nan,nan,nan,nan,nan,nan,nan,nan,nan,nan,nan,nan,nan,nan,,,,,,,,,,,,,
119,1826956592,3051676881,1,gaussian_plus_offset,CombinedErrorSensor,0.65,0.2,0.1,0.05,True,True,True,False,safety_violation,0.2608998103435818,66.3,13.283039555341547,13.269360601224458,0.36496916471474683,0.5163376713696581,0.36716120798579155,0.3269211805259987,0.4498164464147288,0.3331652614013653,0.047521811816376616,0.42825225805382633,0.07373038891269756,0.0,0.11556108845293805,5.175954074609811,5.175954074609811,0.0,8.475332868462429e-17,1.962615573354719e-16,0.3268833615085342,0.32688336150853414,0.0,55.49999999999999,9.9,0.9000000000000004,0.0,0.0,61.39999999999999,4.9,0.0,0.0,0.0,False,True,False
120,688581709,34371585,1,gaussian_plus_offset,CombinedErrorSensor,0.65,0.2,0.1,0.05,True,True,False,False,false_completion,0.4696563333437277,69.5,13.983219758141296,13.860366735070237,0.35832746423428885,0.45610430980868427,0.360574617803067,0.31129454511232607,0.42066117052316715,0.31877462869875983,0.0480619971343503,0.35616437602660705,0.06784173525969296,0.0,0.11601354798029138,5.572614439442084,5.572614439442086,0.0,8.267573649435941e-17,1.962615573354719e-16,0.46966811778665757,0.46966811778665757,0.0,67.89999999999999,0.0,1.5999999999999996,0.0,0.0,69.5,0.0,0.0,0.0,0.0,False,True,False
121,3855786694,2553437302,1,gaussian_plus_offset,CombinedErrorSensor,0.65,0.2,0.1,0.05,True,True,True,False,safety_violation,0.21921058159969173,68.10000000000001,13.816501517898779,13.65387461070031,0.361515581315621,0.4597047090951397,0.3636871702601999,0.30873140208226985,0.42572254886111494,0.3167291408298763,0.05068732556939755,0.4327669861738454,0.07599516328848777,0.0,0.10749462024852915,5.328428208011575,5.328428208011574,0.0,8.591623767952931e-17,2.2247786310271853e-16,0.21668774928156923,0.2166877492815693,0.0,63.9,0.0,4.20000000000001,0.0,0.0,68.10000000000001,0.0,0.0,0.0,0.0,False,True,False
122,4279156192,1134888897,1,gaussian_plus_offset,CombinedErrorSensor,0.65,0.2,0.1,0.05,True,True,False,False,false_completion,0.4534015227024998,68.5,14.109579649461757,13.888451242031596,0.36648268009400703,0.544217437126654,0.3691804735977146,0.30665517309896934,0.44875009403338395,0.32417704295108896,0.05312036413577678,0.5427609462430852,0.07936692669286666,0.0,0.06881282501609218,5.592581173664826,5.592581173664825,0.0,8.642658572986522e-17,1.7772239894833365e-16,0.29192848678078676,0.29192848678078676,0.0,59.5,6.9,2.099999999999998,0.0,0.0,66.8,1.700000000000001,0.0,0.0,0.0,False,True,False
123,126927254,984246979,1,gaussian_plus_offset,CombinedErrorSensor,0.65,0.2,0.1,0.05,True,True,False,False,false_completion,0.4439042728110274,84.4,17.16649549388035,16.925884870866323,0.36430517081583014,0.5148640586511395,0.3665918848439615,0.26034768205460035,0.42932857448040346,0.2713195908232456,0.0475384413643903,0.35781084049685596,0.06959614704970174,0.19989722112155306,0.22931112346050536,6.635587163676938,6.635587163676938,0.0,7.946098375177117e-17,2.776424787817943e-16,0.25969048937557976,0.25969048937557987,0.0,70.9,13.5,0.0,0.0,0.0,84.2,0.20000000000000284,0.0,0.0,0.0,False,False,False
124,2258222714,325666615,1,gaussian_plus_offset,CombinedErrorSensor,0.65,0.2,0.1,0.05,True,True,False,False,false_completion,0.4422641625909063,87.4,16.658351696702425,16.958641274556772,0.3591494899522084,0.4856450171144238,0.36166106194642905,0.2456803075652598,0.39333655186391736,0.2694490156001306,0.047652649879021715,0.40076406114093177,0.06587447786538564,0.0,0.08753528466313867,6.596145657165489,6.59614565716549,0.0,7.700332944596903e-17,2.7755575615628914e-16,0.29553311684134353,0.29553311684134353,0.0,78.0,6.6,2.799999999999997,0.0,0.0,87.4,0.0,0.0,0.0,0.0,False,True,False
125,2983517800,828412743,1,gaussian_plus_offset,CombinedErrorSensor,0.65,0.2,0.1,0.05,True,True,False,False,false_completion,0.3675442517107351,62.800000000000004,13.054513500461303,12.9122798807634,0.3681927417408947,0.4876656987575136,0.3702582191728904,0.34848671749343474,0.42846528235537373,0.3550462535323299,0.05165851401384625,0.4327183259994375,0.07622336398496242,0.0,0.06579941536313472,4.915438767952992,4.915438767952993,0.0,9.15632796582964e-17,2.5476231888929306e-16,0.38407532308961867,0.38407532308961867,0.0,59.1,1.8000000000000007,1.9000000000000004,0.0,0.0,62.800000000000004,0.0,0.0,0.0,0.0,False,True,False
126,1251051613,3961295683,1,gaussian_plus_offset,CombinedErrorSensor,0.65,0.2,0.1,0.05,True,True,False,False,false_completion,0.3721601759121577,80.5,15.834262492532844,15.897035290617225,0.3627995606690149,0.49050176264645257,0.3650654900121805,0.27416875665529433,0.449281142464754,0.28331219538191776,0.050904802355359345,0.44380152695406894,0.07202727424446276,0.0,0.11658217853329766,6.4636160372688405,6.4636160372688405,0.0,7.764094440016358e-17,2.779024842816778e-16,0.3035605035947673,0.3035605035947674,0.0,65.19999999999999,9.499999999999998,5.800000000000006,0.0,0.0,73.3,7.199999999999999,0.0,0.0,0.0,False,True,False
127,2952988485,3026545368,1,gaussian_plus_offset,CombinedErrorSensor,0.65,0.2,0.1,0.05,True,True,True,False,safety_violation,0.2604942493271108,81.60000000000001,15.856511396625354,15.74412966715383,0.36010547922797775,0.4782300503015469,0.3623045177849603,0.28161662651374425,0.42016701284623326,0.2954295729841846,0.045555392551103635,0.36408237800443305,0.06658555149224749,0.0,0.07998337840842866,6.42996330782403,6.42996330782403,0.0,7.798634644511388e-17,2.7833528704240246e-16,0.23250498433987313,0.23250498433987327,0.0,69.8,5.800000000000004,6.0000000000000036,0.0,0.0,79.0,2.599999999999998,0.0,0.0,0.0,False,True,False
128,293623351,4173873018,1,gaussian_plus_offset,CombinedErrorSensor,0.65,0.2,0.1,0.05,True,True,False,False,false_completion,0.4105822781159082,73.9,13.892983222403846,13.70152094412827,0.36091534494815597,0.4659681397824189,0.36299495299044043,0.31102941565222575,0.41627069272132344,0.3168137949576171,0.045017251101201035,0.3770765004595582,0.07092970785222147,0.16956871870988058,0.22518632338066025,5.407816723754983,5.407816723754983,0.0,7.885505431044054e-17,1.7772239894833365e-16,0.22308552195985756,0.22308552195985762,0.0,65.5,8.400000000000002,0.0,0.0,0.0,73.5,0.40000000000000036,0.0,0.0,0.0,False,False,False
129,1511299177,2073675167,1,gaussian_plus_offset,CombinedErrorSensor,0.65,0.2,0.1,0.05,False,False,False,False,planning_failure,nan,nan,nan,nan,nan,nan,nan,nan,nan,nan,nan,nan,nan,nan,nan,nan,nan,nan,nan,nan,nan,nan,nan,,,,,,,,,,,,,
130,751479923,1103311033,1,gaussian_plus_offset,CombinedErrorSensor,0.65,0.2,0.1,0.05,True,True,False,False,false_completion,0.46555155372924867,74.7,15.371637036124433,15.281063240836678,0.37032630753473234,0.5116238464124532,0.37260934890245767,0.2924314404862233,0.4372753154849054,0.30226475429617244,0.049698268895994144,0.4444884345724518,0.0755938130266405,0.0,0.12036383953489238,6.304933312106142,6.304933312106141,0.0,8.176488254074788e-17,2.779024842816778e-16,0.2492753343878864,0.2492753343878865,0.0,61.4,11.000000000000002,2.299999999999997,0.0,0.0,71.4,3.299999999999997,0.0,0.0,0.0,False,True,False
131,1991012891,3792124852,1,gaussian_plus_offset,CombinedErrorSensor,0.65,0.2,0.1,0.05,True,True,False,False,false_completion,0.3742358415218092,73.4,13.92700973294612,13.687868029276153,0.36377076229402616,0.5110931111417422,0.36604511217517655,0.32559736963410096,0.4274385179224903,0.3331681050945483,0.050521983935659556,0.5108101565735248,0.07701767864824902,0.0,0.06272848297241182,5.335344105216778,5.335344105216778,0.0,7.743658477674884e-17,1.962615573354719e-16,0.23366618771152517,0.23366618771152514,0.0,68.89999999999999,1.9000000000000004,2.3000000000000043,0.29999999999999716,0.0,73.4,0.0,0.0,0.0,0.0,True,True,False
132,2860860257,1656021677,1,gaussian_plus_offset,CombinedErrorSensor,0.65,0.2,0.1,0.05,True,True,True,True,goal_reached,0.2004585839879566,65.7,13.48528333237088,13.402286216285825,0.3640007721491898,0.47508219051110845,0.36652275038266274,0.3139166328644197,0.4236787545116614,0.32289244502741166,0.05426240561893672,0.344650311374547,0.07493158026348778,0.35962049340908386,0.2872421225189045,5.130145984480102,5.130145984480101,0.0,8.693437417991517e-17,1.8670653977139892e-16,0.21522042560512047,0.2152204256051203,0.0,61.6,4.100000000000001,0.0,0.0,0.0,65.7,0.0,0.0,0.0,0.0,False,False,False
133,3150799191,2735906809,1,gaussian_plus_offset,CombinedErrorSensor,0.65,0.2,0.1,0.05,True,True,False,False,false_completion,0.3126823143739703,77.60000000000001,15.329299230342867,15.325161788581338,0.36974372940802364,0.515848707974322,0.37207427633310114,0.29874963138700505,0.4569884641253609,0.3090461031757523,0.052342782543344506,0.352446213969808,0.06902056825684516,0.3054699588761647,0.19755378603019197,6.529482471717133,6.529482471717133,0.0,7.636000434497437e-17,3.065703529144609e-16,0.3376343687722567,0.3376343687722567,0.0,68.9,8.7,0.0,0.0,0.0,77.60000000000001,0.0,0.0,0.0,0.0,False,False,False
134,2520119097,2511480234,1,gaussian_plus_offset,CombinedErrorSensor,0.65,0.2,0.1,0.05,True,True,True,False,safety_violation,0.2514272469444084,64.5,13.556916721027397,13.549045549502388,0.36475718251943556,0.4745705389452201,0.3672307164107864,0.33282135729016965,0.42284029574700843,0.3392302980337199,0.04656043289014927,0.3831101649663211,0.0708257423953058,0.0,0.12168095945786321,5.172357181799544,5.172357181799544,0.0,8.730465035067375e-17,2.8449465006019636e-16,0.32438123976617855,0.3243812397661786,0.0,53.099999999999994,7.000000000000005,3.0,1.3999999999999986,0.0,62.800000000000004,1.6999999999999957,0.0,0.0,0.0,True,True,False
135,992731555,3548265620,1,gaussian_plus_offset,CombinedErrorSensor,0.65,0.2,0.1,0.05,True,True,False,False,false_completion,0.43008042313703765,68.8,13.451329155960249,13.256780503266269,0.3629569198118339,0.4839192423713317,0.36529665046862403,0.3286986637802074,0.407603347545389,0.33292564107829964,0.04641098107844,0.44034239153620025,0.06939859648274745,0.22015835111724336,0.1391385405495562,5.248790091707109,5.248790091707109,0.0,8.763182112903191e-17,2.776424787817943e-16,0.3452262300742003,0.3452262300742003,0.0,57.69999999999998,11.100000000000012,0.0,0.0,0.0,64.39999999999999,4.399999999999999,0.0,0.0,0.0,False,False,False
136,1778656040,1032768909,1,gaussian_plus_offset,CombinedErrorSensor,0.65,0.2,0.1,0.05,True,True,True,False,safety_violation,0.2621675061002597,67.10000000000001,13.617373690037628,13.581012157603697,0.36058455313817145,0.49663533636744017,0.3629987102154476,0.30671040324877064,0.4164108757997598,0.3128690482076218,0.05106115349611399,0.3129689364277826,0.07051356410148224,0.0,0.037919789645414426,5.49512734352982,5.49512734352982,0.0,8.498435893795182e-17,2.779024842816778e-16,0.36280353296186596,0.36280353296186596,0.0,57.70000000000001,7.099999999999998,2.299999999999997,0.0,0.0,67.10000000000001,0.0,0.0,0.0,0.0,False,True,False
137,558936973,2014098144,1,gaussian_plus_offset,CombinedErrorSensor,0.65,0.2,0.1,0.05,True,True,False,False,false_completion,0.5055710123358002,72.3,13.884326726941042,13.742132870528456,0.3609728823368242,0.49611190406548394,0.3632002340438209,0.32569479863565554,0.4445621258678851,0.33185733522712263,0.051105287252098654,0.3487507835236259,0.07593582074479549,0.1897339111686005,0.15461766869234242,5.571642711745612,5.571642711745612,0.0,7.854601304367309e-17,2.5018537765542007e-16,0.252304430274272,0.25230443027427196,0.0,61.599999999999994,10.699999999999998,0.0,0.0,0.0,71.8,0.5,0.0,0.0,0.0,False,False,False
138,617682228,3068230679,1,gaussian_plus_offset,CombinedErrorSensor,0.65,0.2,0.1,0.05,True,True,False,False,false_completion,0.3103778711080839,69.7,14.024922454908461,13.7733059671422,0.36115196088969553,0.4991106089469259,0.36320384169130565,0.3101356889848662,0.4131280847391097,0.3198121314945843,0.05115922146720057,0.3759756991784961,0.0741053128903929,0.0,0.09457205812212315,5.416597832080074,5.416597832080074,0.0,8.024141820919993e-17,2.5133742693021536e-16,0.2619441897985585,0.26194418979855855,0.0,60.30000000000001,5.899999999999999,0.0,3.499999999999993,0.0,69.7,0.0,0.0,0.0,0.0,True,False,False
139,4061457540,273083801,1,gaussian_plus_offset,CombinedErrorSensor,0.65,0.2,0.1,0.05,True,True,False,False,false_completion,0.4735876734250166,78.10000000000001,15.384330985036028,15.263254440977624,0.3662367087583683,0.4800242417418082,0.36847461399322656,0.27737325097279647,0.4039978616109739,0.28820636678830386,0.04922085582997928,0.4590484121744996,0.07561663604081321,0.15651552973940674,0.055942688787083306,6.089058516814377,6.089058516814377,0.0,7.842454081351929e-17,2.7894008272968645e-16,0.29492185422577033,0.29492185422577033,0.0,71.8,6.3000000000000025,0.0,0.0,0.0,77.3,0.7999999999999989,0.0,0.0,0.0,False,False,False
140,36204085,428051633,1,gaussian_plus_offset,CombinedErrorSensor,0.65,0.2,0.1,0.05,True,True,False,False,false_completion,0.4047199812949784,70.7,13.887499419062681,13.629612926529587,0.3607951660773915,0.48487910115535504,0.3634918201124734,0.2967948490472473,0.4394708441456128,0.309271962977556,0.05381782616198957,0.43543299076717246,0.07687091646583272,0.0,0.12344554773762885,5.595758405642831,5.595758405642832,0.0,8.293217781149788e-17,1.962615573354719e-16,0.3722769117882542,0.3722769117882542,0.0,58.1,9.199999999999996,1.9000000000000021,1.5,0.0,65.1,5.600000000000001,0.0,0.0,0.0,True,True,False
141,1511048123,3403416606,1,gaussian_plus_offset,CombinedErrorSensor,0.65,0.2,0.1,0.05,True,True,False,False,false_completion,0.30462081386423784,72.10000000000001,13.751486983180392,13.512401474242434,0.3651129534902472,0.4717602948070221,0.36764411214990883,0.3299400696354653,0.4492857115821792,0.33741465811027493,0.0526425704575587,0.4648624602592406,0.07753528999506265,0.0,0.06936916185502351,5.499228635195045,5.499228635195045,0.0,7.834001249132292e-17,1.7772239894833365e-16,0.23640072518475105,0.23640072518475105,0.0,64.60000000000001,3.1000000000000014,1.8000000000000043,2.5999999999999943,0.0,72.10000000000001,0.0,0.0,0.0,0.0,True,True,False
142,3562023227,3854600966,1,gaussian_plus_offset,CombinedErrorSensor,0.65,0.2,0.1,0.05,True,True,True,False,safety_violation,0.24579947854057593,76.5,15.233988862526706,15.118731396248105,0.37140047430337325,0.4873186417497462,0.3736685579393036,0.2996838695750015,0.44668708078069413,0.30885757638648154,0.05347016359570412,0.41340576930908096,0.07702754359702534,0.0,0.08531849211396647,5.925760109444917,5.9257601094449175,0.0,7.980564418617399e-17,2.7894008272968645e-16,0.29632622913760864,0.29632622913760864,0.0,61.099999999999994,13.000000000000004,2.3999999999999986,0.0,0.0,70.8,5.6999999999999975,0.0,0.0,0.0,False,True,False
143,4243938459,758232080,1,gaussian_plus_offset,CombinedErrorSensor,0.65,0.2,0.1,0.05,True,True,False,False,false_completion,0.40160577794071234,68.3,13.34490169959223,13.248863817612602,0.36070770640742317,0.47796181554530137,0.36282001097763794,0.32474784852980443,0.42849418883665225,0.3312154265847912,0.0426233317779509,0.3704338808541857,0.06152198152278585,0.2724027737702741,0.17956611914581427,5.71041807577765,5.71041807577765,0.0,8.488472103570309e-17,1.7772239894833365e-16,0.37358138370085137,0.37358138370085137,0.0,58.69999999999999,9.600000000000001,0.0,0.0,0.0,68.3,0.0,0.0,0.0,0.0,False,False,False
144,3590091208,2608530522,1,gaussian_plus_offset,CombinedErrorSensor,0.65,0.2,0.1,0.05,True,True,False,False,false_completion,0.4211076749306675,68.3,13.431699288155462,13.156800407552138,0.36896022928326133,0.48253995607995204,0.3712744239699146,0.3412652418618175,0.4188850081968292,0.3466736711017243,0.05243885265253734,0.4054960603082455,0.07726670972658112,0.0,0.19283472963125675,5.406355170149286,5.406355170149286,0.0,8.412783890120751e-17,1.7772239894833365e-16,0.2284454664595051,0.22844546645950506,0.0,56.09999999999999,10.400000000000006,0.6000000000000014,1.1999999999999993,0.0,68.1,0.20000000000000284,0.0,0.0,0.0,True,True,False
145,1561310123,3203553205,1,gaussian_plus_offset,CombinedErrorSensor,0.65,0.2,0.1,0.05,True,True,False,False,false_completion,0.48254357133446674,69.60000000000001,13.66752098563088,13.501858744543139,0.3601062242647481,0.48855582519674945,0.36217840903011833,0.327050188074642,0.40059683516440847,0.33184618619891193,0.05037716339375908,0.39771812821057845,0.07148231214754718,0.10597312568004291,0.21527004545049833,5.70570534881356,5.705705348813561,0.0,8.352478255735421e-17,2.7894008272968645e-16,0.26543772058000836,0.26543772058000853,0.0,61.50000000000001,8.100000000000001,0.0,0.0,0.0,68.9,0.6999999999999957,0.0,0.0,0.0,False,False,False
146,4272674245,4092905196,1,gaussian_plus_offset,CombinedErrorSensor,0.65,0.2,0.1,0.05,True,True,True,False,safety_violation,0.24788693564095865,76.60000000000001,14.660326428976198,14.626177285308074,0.3628423230029636,0.47853444686484076,0.36516996210428365,0.29705194498245957,0.43800520561102063,0.3079609041662145,0.05130355475250465,0.4474193297861779,0.07660256596086379,0.0,0.11187994163426186,6.055903168520757,6.055903168520757,0.0,7.724372137755591e-17,2.7755575615628914e-16,0.2887356168284251,0.2887356168284251,0.0,58.40000000000001,12.799999999999997,5.399999999999999,0.0,0.0,69.6,7.000000000000009,0.0,0.0,0.0,False,True,False
147,3804410766,43637163,1,gaussian_plus_offset,CombinedErrorSensor,0.65,0.2,0.1,0.05,True,True,False,False,false_completion,0.4202694992508875,74.2,14.931613436086911,14.981931443119555,0.3659310269501393,0.5102833582624103,0.36840860658215535,0.27797796378259265,0.39875692657770906,0.2919411772309183,0.04930954070266739,0.35837462484404825,0.0679295586628311,0.0,0.1427255964716089,5.942770485903209,5.942770485903209,0.0,8.274304161435895e-17,2.8609792490763985e-16,0.37115096299718386,0.37115096299718386,0.0,69.1,2.0,0.0,3.1000000000000014,0.0,74.2,0.0,0.0,0.0,0.0,True,False,False
148,2942001979,3949632329,1,gaussian_plus_offset,CombinedErrorSensor,0.65,0.2,0.1,0.05,True,True,True,False,safety_violation,0.24298933596865796,70.0,13.947248954462946,13.737689014914249,0.3594258913698535,0.47606919309578877,0.3617035640163051,0.3132880485532298,0.43421107307647816,0.32428918112423105,0.05023915421832422,0.4638343476397821,0.07542253289629441,0.0,0.12609298158817564,5.449860443442658,5.449860443442658,0.0,8.355930097651309e-17,2.5133742693021536e-16,0.3156633062412626,0.3156633062412626,0.0,65.4,0.7999999999999972,1.5,2.299999999999997,0.0,68.39999999999999,1.5999999999999996,0.0,0.0,0.0,True,True,False
149,2622422237,3948635486,1,gaussian_plus_offset,CombinedErrorSensor,0.65,0.2,0.1,0.05,True,True,False,False,false_completion,0.4526333076410635,77.80000000000001,15.428041545398486,15.329894026864505,0.3587592853552864,0.5494557415754903,0.36130834185429844,0.274280796549562,0.4377356898309853,0.29141858566068496,0.05258256637175843,0.5497854645895123,0.07875814595646598,0.0,0.00026719209002913635,6.404339420998589,6.404339420998591,0.0,8.176534513820946e-17,2.7911803151355483e-16,0.2600211347037519,0.260021134703752,0.0,71.00000000000001,4.699999999999996,0.0,2.099999999999998,0.0,77.30000000000001,0.49999999999999645,0.0,0.0,0.0,True,False,False
150,4292375466,970091554,1,gaussian_plus_offset,CombinedErrorSensor,0.65,0.2,0.1,0.05,True,True,True,False,safety_violation,0.2555681673725408,69.60000000000001,13.902549077201787,13.68933261415397,0.35575726574031924,0.4888039105536111,0.3582184091325268,0.30245827295424116,0.4375725560792383,0.3118804713113271,0.05629145992473396,0.3561546402413061,0.07988234645767248,0.0,0.12152780172981885,5.520098037275369,5.52009803727537,0.0,8.351151035626387e-17,2.777508439858666e-16,0.30294745365272274,0.30294745365272274,0.0,60.80000000000001,7.0,0.0,1.7999999999999972,0.0,69.60000000000001,0.0,0.0,0.0,0.0,True,False,False
151,2339108289,80255215,1,gaussian_plus_offset,CombinedErrorSensor,0.65,0.2,0.1,0.05,True,True,True,False,safety_violation,0.2986934268820295,65.2,13.357539740387153,13.149067255084676,0.36337794360085507,0.48909392411254343,0.3655510509794715,0.3416740877409626,0.44963207183160436,0.34715408791666186,0.04972647379810631,0.4145735729208346,0.07463284749107175,0.0,0.10186302804416146,5.230901766350221,5.23090176635022,0.0,8.955877826918527e-17,2.7755575615628914e-16,0.2711718471940887,0.2711718471940887,0.0,56.6,6.699999999999999,1.8999999999999986,0.0,0.0,63.4,1.8000000000000043,0.0,0.0,0.0,False,True,False
152,2242091718,2669274835,1,gaussian_plus_offset,CombinedErrorSensor,0.65,0.2,0.1,0.05,True,True,False,False,false_completion,0.3664402016052208,63.7,13.213589470972925,13.131734143244287,0.3587266513030829,0.5655604010028387,0.3609514745852599,0.33165275966840396,0.4466762773104719,0.34087122311523005,0.05439115462082937,0.5654958812434934,0.08144732098503688,0.0,0.049801899066453714,5.302507503759294,5.302507503759294,0.0,9.234221971757841e-17,2.897767167584095e-16,0.4443014236013105,0.4443014236013105,0.0,56.4,4.100000000000001,2.299999999999997,0.9000000000000004,0.0,58.10000000000001,5.599999999999994,0.0,0.0,0.0,True,True,False
153,3577544150,221483861,1,gaussian_plus_offset,CombinedErrorSensor,0.65,0.2,0.1,0.05,True,True,True,False,safety_violation,0.1998989895635651,82.7,15.487051696922386,15.175521467341971,0.3637957925775056,0.5155370410671849,0.36638904836021846,0.2976565210214582,0.4126073880463058,0.30798733839830655,0.046762166625431666,0.5077259001208876,0.06909237927498761,0.0,0.06944725324291545,6.326781605180585,6.326781605180585,0.0,7.40940785185719e-17,2.7833528704240246e-16,0.22850181732446678,0.2285018173244668,0.0,76.1,0.0,3.799999999999997,2.8000000000000043,0.0,82.7,0.0,0.0,0.0,0.0,True,True,False
154,667072100,1207010422,1,gaussian_plus_offset,CombinedErrorSensor,0.65,0.2,0.1,0.05,True,True,False,False,false_completion,0.30555204533308045,72.60000000000001,14.161209317101935,14.245359295411898,0.36678526271212225,0.47740403421142336,0.369104325929048,0.3147277517458622,0.43188178078344996,0.32274222973445055,0.057487160163354714,0.40940896787456404,0.0806091368511492,0.0,0.06998055103693801,5.512814826815115,5.512814826815115,0.0,7.915889378991604e-17,2.776424787817943e-16,0.32981389769142094,0.329813897691421,0.0,62.4,5.0,5.20000000000001,0.0,0.0,67.30000000000001,5.299999999999997,0.0,0.0,0.0,False,True,False
155,4209979507,961869777,1,gaussian_plus_offset,CombinedErrorSensor,0.65,0.2,0.1,0.05,True,True,False,False,false_completion,0.3502449493093253,79.2,16.70986027741169,16.638512704150116,0.3622602238095164,0.5041955870289399,0.364739805461628,0.2589923972219595,0.38436079333175505,0.27306707434594296,0.055962951295200784,0.47047610718469146,0.07836556816180953,0.31828983386238363,0.10337529519042557,6.470895544458718,6.470895544458718,0.0,8.206179925096164e-17,2.779024842816778e-16,0.2885470947598421,0.2885470947598421,0.0,62.50000000000001,16.699999999999992,0.0,0.0,0.0,78.5,0.6999999999999957,0.0,0.0,0.0,False,False,False
156,3915324021,814030660,1,gaussian_plus_offset,CombinedErrorSensor,0.65,0.2,0.1,0.05,False,False,False,False,planning_failure,nan,nan,nan,nan,nan,nan,nan,nan,nan,nan,nan,nan,nan,nan,nan,nan,nan,nan,nan,nan,nan,nan,nan,,,,,,,,,,,,,
157,2248235921,1154256923,1,gaussian_plus_offset,CombinedErrorSensor,0.65,0.2,0.1,0.05,True,True,True,False,safety_violation,0.288786485389785,65.0,13.321159318611706,13.232672357227917,0.3693643013849682,0.4839510497175519,0.3714074632312341,0.338508238150855,0.4278674804587449,0.3438508063364,0.047951044948291575,0.3801612388250085,0.0715378915556834,0.0,0.10582729598195066,5.207757158580529,5.20775715858053,0.0,8.560557803591244e-17,1.962615573354719e-16,0.3259170964509182,0.3259170964509182,0.0,56.800000000000004,2.5,1.3000000000000007,4.399999999999994,0.0,62.900000000000006,2.0999999999999943,0.0,0.0,0.0,True,True,False
158,2344631310,2304365659,1,gaussian_plus_offset,CombinedErrorSensor,0.65,0.2,0.1,0.05,True,True,False,False,false_completion,0.3214255188276627,72.7,14.475361338706279,14.222955072674987,0.35937734968926305,0.4908169588587087,0.36158214919496917,0.3082792967268827,0.4471259138026169,0.3191847033271586,0.05095524836599817,0.35435537937590905,0.0714688090045334,0.26563242831403855,0.05622989508063305,5.7189862292641624,5.718986229264162,0.0,8.161902361946758e-17,2.7894008272968645e-16,0.3538588544539467,0.3538588544539467,0.0,56.00000000000001,16.699999999999992,0.0,0.0,0.0,68.80000000000001,3.8999999999999915,0.0,0.0,0.0,False,False,False
159,2077221000,2239487451,1,gaussian_plus_offset,CombinedErrorSensor,0.65,0.2,0.1,0.05,True,True,False,False,false_completion,0.4090997980103923,71.8,14.07213399646159,13.813493109956209,0.37019400005479147,0.5879936404606841,0.3724933537758103,0.31972687135653616,0.43676667181196815,0.32633964365033563,0.05077102281674104,0.5726523078277566,0.07762396831887493,0.16085802560527185,0.09516925907774094,5.295623486127269,5.295623486127269,0.0,7.92421202765312e-17,2.776424787817943e-16,0.29318885348787177,0.2931888534878718,0.0,68.8,3.0,0.0,0.0,0.0,71.8,0.0,0.0,0.0,0.0,False,False,False
160,4171941414,934373081,1,gaussian_plus_offset,CombinedErrorSensor,0.65,0.2,0.1,0.05,True,True,True,False,safety_violation,0.2502083276422825,78.10000000000001,14.89235129221464,14.755457298140332,0.36958113715785057,0.48026834603644303,0.3718052539568296,0.29622848555749137,0.452731810194751,0.3059430355194495,0.05711958118203659,0.4349796673367731,0.08054810638393803,0.0,0.07906135859980534,6.2774879143693525,6.277487914369354,0.0,7.231757314339519e-17,2.779024842816778e-16,0.26795591113729367,0.2679559111372936,0.0,68.0,0.0,4.3,5.800000000000011,0.0,78.10000000000001,0.0,0.0,0.0,0.0,True,True,False
161,1729366613,1692179550,1,gaussian_plus_offset,CombinedErrorSensor,0.65,0.2,0.1,0.05,True,True,False,False,false_completion,0.3679226236124759,75.8,15.8103843408588,15.580991426010675,0.36639379077819473,0.51356237961345,0.3688641162562223,0.29338721570251214,0.42478765308362215,0.30171957777832276,0.04824633683391643,0.44318228381133673,0.07236828438551228,0.0,0.11803488795048978,6.108574518054782,6.108574518054782,0.0,7.930382878926541e-17,2.779024842816778e-16,0.4596269343263819,0.4596269343263819,0.0,66.19999999999999,9.0,0.6000000000000014,0.0,0.0,74.7,1.0999999999999943,0.0,0.0,0.0,False,True,False
162,67660197,2588837785,1,gaussian_plus_offset,CombinedErrorSensor,0.65,0.2,0.1,0.05,True,True,False,False,false_completion,0.32240099103410863,82.30000000000001,15.574044561607868,15.568825736314098,0.36720419391664766,0.5595394651427058,0.36929938667450446,0.29384133483447267,0.426887740192577,0.30342588839893225,0.05529724205702354,0.5595394651427058,0.07794528946483589,0.01978406816157829,0.02055633854710294,6.397544024495114,6.397544024495115,0.0,7.77127377240788e-17,2.5018537765542007e-16,0.2523301254938219,0.2523301254938219,0.0,51.90000000000001,30.399999999999995,0.0,0.0,0.0,72.30000000000001,9.999999999999993,0.0,0.0,0.0,False,False,False
163,3647637070,2498199066,1,gaussian_plus_offset,CombinedErrorSensor,0.65,0.2,0.1,0.05,True,True,False,False,false_completion,0.4576651845330317,70.7,13.906282492860377,13.825109207233313,0.36534206162344673,0.4854448413713669,0.36767339478455424,0.3202765907586621,0.44743737660509086,0.32660345630751636,0.04791571535780953,0.31416243896099183,0.06618716267936471,0.0,0.10209143976267386,5.833230908121273,5.833230908121273,0.0,8.057272009705384e-17,1.7772239894833365e-16,0.277203729343095,0.277203729343095,0.0,60.3,5.0,3.5000000000000036,1.8999999999999986,0.0,69.1,1.6000000000000032,0.0,0.0,0.0,True,True,False
164,1097764499,438665298,1,gaussian_plus_offset,CombinedErrorSensor,0.65,0.2,0.1,0.05,True,True,False,False,false_completion,0.34246035360429833,67.8,13.008161733357893,12.972047369787594,0.3610278881271497,0.48104954660089433,0.36328355632269155,0.3359566233464289,0.47618467222967903,0.3438939886141637,0.05797411994761645,0.457070902991346,0.08303526101721138,0.0,0.10688591327601968,5.051565853742062,5.051565853742062,0.0,8.24443587557512e-17,1.962615573354719e-16,0.22542042489522673,0.22542042489522685,0.0,62.19999999999999,2.9000000000000057,2.6999999999999993,0.0,0.0,67.8,0.0,0.0,0.0,0.0,False,True,False
165,2415939641,2972775906,1,gaussian_plus_offset,CombinedErrorSensor,0.65,0.2,0.1,0.05,True,True,False,False,false_completion,0.49104035077520547,88.10000000000001,16.60319523957382,16.49439226015005,0.36114780139047303,0.4940036091251171,0.3633084925193298,0.275714080434741,0.4024086762293255,0.28939238829816416,0.04700954048002099,0.4940036091251171,0.06972143609842514,0.10117518933475012,0.11031408003675289,6.396978069903984,6.396978069903984,0.0,7.289391008471635e-17,2.779024842816778e-16,0.4522116874354668,0.45221168743546686,0.0,75.4,12.700000000000003,0.0,0.0,0.0,86.60000000000001,1.5,0.0,0.0,0.0,False,False,False
166,3334599102,1751419161,1,gaussian_plus_offset,CombinedErrorSensor,0.65,0.2,0.1,0.05,True,True,True,False,safety_violation,0.25276125061723714,78.30000000000001,15.54854344366518,15.40415860611407,0.36252805947618255,0.47923085228646045,0.36476878920651457,0.28175097732728205,0.375324337387475,0.2895483738545191,0.049650363710714504,0.4317810736126041,0.07176295823795412,0.0,0.14083566216815857,6.165745919418191,6.1657459194181925,0.0,7.8066827893398e-17,2.7894008272968645e-16,0.28622692516879855,0.2862269251687986,0.0,66.60000000000001,10.899999999999997,0.8000000000000043,0.0,0.0,78.30000000000001,0.0,0.0,0.0,0.0,False,True,False
167,2779470929,255465974,1,gaussian_plus_offset,CombinedErrorSensor,0.65,0.2,0.1,0.05,True,True,False,False,false_completion,0.37144898105556456,65.0,13.71605946719179,13.646746313355063,0.36655127232213686,0.48890577434186433,0.36861085875919086,0.32233815015917816,0.4088248258866298,0.32777133131856667,0.046026600306189804,0.38417340392953825,0.06595065590750808,0.0,0.10593689744975045,5.244479658200938,5.244479658200938,0.0,8.466030057345758e-17,2.8609792490763985e-16,0.39421425387256526,0.39421425387256526,0.0,59.50000000000001,0.0,5.499999999999993,0.0,0.0,65.0,0.0,0.0,0.0,0.0,False,True,False
168,4090243799,2284752968,1,gaussian_plus_offset,CombinedErrorSensor,0.65,0.2,0.1,0.05,True,True,False,False,false_completion,0.3216996092838999,82.60000000000001,14.982565865999671,14.819141974637107,0.3580284635474827,0.47062463098383706,0.35989358976619223,0.2918382264971866,0.4237267928749258,0.30038234685577436,0.05053505669776006,0.3703114106361665,0.0726110213445307,0.0,0.15049675259820475,5.980301069963121,5.980301069963122,0.0,7.66826770166438e-17,2.776424787817943e-16,0.2854209259793221,0.2854209259793221,0.0,74.5,6.200000000000003,1.8999999999999986,0.0,0.0,81.1,1.5000000000000142,0.0,0.0,0.0,False,True,False
169,3612385362,879771800,1,gaussian_plus_offset,CombinedErrorSensor,0.65,0.2,0.1,0.05,True,True,False,False,false_completion,0.3654290094941869,81.4,15.107889328029945,14.932277608979799,0.3636157244903805,0.503132481701228,0.3657615320222407,0.29281233051428224,0.4013812333669589,0.3022969738972397,0.048856236174087624,0.3712855208140303,0.07109269358950474,0.0,0.10311738378474276,6.058375349934279,6.058375349934279,0.0,7.824606629329934e-17,2.7894008272968645e-16,0.2288604593203703,0.2288604593203702,0.0,69.39999999999999,9.20000000000001,2.8000000000000007,0.0,0.0,79.1,2.3000000000000007,0.0,0.0,0.0,False,True,False
170,2584319147,1028574110,1,gaussian_plus_offset,CombinedErrorSensor,0.65,0.2,0.1,0.05,True,True,True,False,safety_violation,0.25494347052025856,78.10000000000001,14.99078934869807,14.833120910395452,0.36786911106655107,0.5358257405480713,0.3701886857688552,0.2945541331365864,0.42762604556703393,0.303319831909554,0.0517906348970845,0.5341397013797554,0.078347859902558,0.0,0.03177799677548852,5.82982992872989,5.82982992872989,0.0,7.891876227765218e-17,1.962615573354719e-16,0.2710640398715528,0.2710640398715528,0.0,59.4,17.900000000000006,0.7999999999999972,0.0,0.0,66.10000000000001,12.0,0.0,0.0,0.0,False,True,False
171,436442763,675799786,1,gaussian_plus_offset,CombinedErrorSensor,0.65,0.2,0.1,0.05,True,True,False,False,false_completion,0.5246401404006905,70.2,13.801068204114047,13.660446298663588,0.36814472957841665,0.5704733644390272,0.37038758975143543,0.333450064881661,0.43622490706625167,0.34123810696002066,0.05724557773862142,0.5693670438378641,0.08379535210333902,0.0,0.038635436583856125,5.3288287298556885,5.3288287298556885,0.0,8.084499828729637e-17,2.2215299868541707e-16,0.3224860205963397,0.32248602059633963,0.0,66.3,0.5,0.0,3.400000000000002,0.0,70.2,0.0,0.0,0.0,0.0,True,False,False
172,3794097624,2065298060,1,gaussian_plus_offset,CombinedErrorSensor,0.65,0.2,0.1,0.05,True,True,False,False,false_completion,0.4814302863481957,70.5,14.015004818658399,13.733937274152723,0.36195858045785756,0.466288067035201,0.3644894434450381,0.3217243382825455,0.43908884467439496,0.32882309261145615,0.0501195116680205,0.43736958315440383,0.07411583588175512,0.0,0.07328220500592808,5.54690590187479,5.546905901874791,0.0,8.20975284726039e-17,1.962615573354719e-16,0.3330476027512417,0.3330476027512417,0.0,61.1,8.700000000000001,0.0,0.6999999999999957,0.0,65.69999999999999,4.8,0.0,0.0,0.0,True,False,False
173,2911976809,774395539,1,gaussian_plus_offset,CombinedErrorSensor,0.65,0.2,0.1,0.05,True,True,False,False,false_completion,0.3059233167432152,68.4,13.914831137194362,14.062785286536638,0.3653469219637262,0.4894558371472523,0.36775091292076967,0.319671043299438,0.4649917076323655,0.3267419730859174,0.04868534031953319,0.3676413923457988,0.06774041106818621,0.0,0.06446031785520273,5.336264074412478,5.336264074412478,0.0,7.987226055755604e-17,2.776424787817943e-16,0.37019607168542024,0.37019607168542024,0.0,59.2,8.7,0.5,0.0,0.0,68.4,0.0,0.0,0.0,0.0,False,True,False
174,3199249514,3002494220,1,gaussian_plus_offset,CombinedErrorSensor,0.65,0.2,0.1,0.05,True,True,False,False,false_completion,0.41260446067134426,62.0,13.026454784891005,12.894323439289733,0.36766356577523,0.4943451231047444,0.37013435317112087,0.34799816218403046,0.44705752652743735,0.3554354282456189,0.05483480667411166,0.4538601937641403,0.07965185802314499,0.2474731606980214,0.19817940301012998,4.99352802324832,4.993528023248319,0.0,9.084638417817163e-17,2.592584715281538e-16,0.30418843778354543,0.3041884377835455,0.0,59.6,2.3999999999999986,0.0,0.0,0.0,62.0,0.0,0.0,0.0,0.0,False,False,False
175,2681399514,1388369604,1,gaussian_plus_offset,CombinedErrorSensor,0.65,0.2,0.1,0.05,False,False,False,False,planning_failure,nan,nan,nan,nan,nan,nan,nan,nan,nan,nan,nan,nan,nan,nan,nan,nan,nan,nan,nan,nan,nan,nan,nan,,,,,,,,,,,,,
176,3029070720,845756978,1,gaussian_plus_offset,CombinedErrorSensor,0.65,0.2,0.1,0.05,True,True,False,False,false_completion,0.42061428276771046,74.2,16.01794443688703,15.88894592459224,0.3634130505810559,0.5203799661238429,0.3658705452886052,0.29479150570033136,0.5083072192886003,0.30778846030982643,0.054283260592677365,0.5203799661238429,0.07481684796308684,0.0,0.07261111977509103,6.512032055593718,6.512032055593718,0.0,8.778090623215485e-17,2.7894008272968645e-16,0.3769537778441552,0.3769537778441552,0.0,64.89999999999999,2.3000000000000007,7.000000000000007,0.0,0.0,74.2,0.0,0.0,0.0,0.0,False,True,False
177,3812837130,3191976705,1,gaussian_plus_offset,CombinedErrorSensor,0.65,0.2,0.1,0.05,True,True,False,False,false_completion,0.3244574827896196,65.9,13.212967398011143,13.070197602492025,0.36698444224155014,0.4655046549282209,0.36903997321595494,0.3336306131838625,0.43354165540551376,0.3394511441172217,0.044730043324189867,0.45825273680719997,0.06564127477598358,0.0,0.11711682901649362,5.228396001906509,5.228396001906509,0.0,8.85749838696766e-17,2.651347637902923e-16,0.3617736201869368,0.3617736201869368,0.0,59.800000000000004,4.5,1.6000000000000014,0.0,0.0,65.9,0.0,0.0,0.0,0.0,False,True,False
178,323190429,1915161174,1,gaussian_plus_offset,CombinedErrorSensor,0.65,0.2,0.1,0.05,True,True,False,False,false_completion,0.5289135031877188,80.5,16.191597291561852,16.1169639590373,0.3592323787812314,0.4749414837830038,0.36105058293222747,0.2801872966420021,0.41756702253652433,0.29912810313202914,0.04853813260153641,0.4521687066176008,0.07219003996631558,0.0,0.09999284093725443,6.758140900505192,6.758140900505192,0.0,7.920389468919495e-17,2.779024842816778e-16,0.38394480964560274,0.38394480964560274,0.0,74.8,3.5999999999999996,0.0,2.1000000000000014,0.0,80.5,0.0,0.0,0.0,0.0,True,False,False
179,1930477740,3376499275,1,gaussian_plus_offset,CombinedErrorSensor,0.65,0.2,0.1,0.05,True,True,True,False,safety_violation,0.22640624850742513,70.10000000000001,14.273872159984178,14.17972125494158,0.36015177743429383,0.47639664976632917,0.3620349422197685,0.30950132136890784,0.4467539810884031,0.32002219978031793,0.049879762595723,0.4384941721955114,0.07593972761686554,0.0,0.06238203164483119,5.487363259894462,5.487363259894462,0.0,8.163180731870035e-17,2.830524433501838e-16,0.3128788548263367,0.3128788548263367,0.0,62.199999999999996,2.1000000000000014,1.9000000000000004,3.9000000000000057,0.0,70.10000000000001,0.0,0.0,0.0,0.0,True,True,False
180,3664593863,1203705817,1,gaussian_plus_offset,CombinedErrorSensor,0.65,0.2,0.1,0.05,False,False,False,False,planning_failure,nan,nan,nan,nan,nan,nan,nan,nan,nan,nan,nan,nan,nan,nan,nan,nan,nan,nan,nan,nan,nan,nan,nan,,,,,,,,,,,,,
181,795718452,2131830739,1,gaussian_plus_offset,CombinedErrorSensor,0.65,0.2,0.1,0.05,True,True,False,False,false_completion,0.30664660451627246,78.30000000000001,15.08233475202045,14.95648537735028,0.3651398389292486,0.4732667156544633,0.3673574378333931,0.3004546591761665,0.4273825504001715,0.31892087707995487,0.049267254924997776,0.35487287171597837,0.07006223380858637,0.0,0.08340149071890668,6.176002343728024,6.176002343728024,0.0,7.735621593377828e-17,2.7894008272968645e-16,0.24019749516374644,0.24019749516374647,0.0,65.4,8.100000000000016,1.7999999999999972,3.0,0.0,75.7,2.600000000000003,0.0,0.0,0.0,True,True,False
182,2761085476,974724826,1,gaussian_plus_offset,CombinedErrorSensor,0.65,0.2,0.1,0.05,True,True,False,False,false_completion,0.4212187092872053,79.4,15.61482471948035,15.458859577192769,0.3597287507600564,0.4891269817788703,0.36242619533506665,0.27472068931861165,0.41686586213046567,0.2931562012201856,0.04825449922604195,0.43193388752947043,0.06857241015886849,0.0,0.11783175018214517,5.782988643277559,5.782988643277559,0.0,7.356448780384051e-17,2.7755575615628914e-16,0.23069255982645107,0.2306925598264511,0.0,70.8,3.9000000000000057,1.3000000000000007,3.3999999999999986,0.0,79.4,0.0,0.0,0.0,0.0,True,True,False
183,1532893928,1966218153,1,gaussian_plus_offset,CombinedErrorSensor,0.65,0.2,0.1,0.05,True,True,False,False,false_completion,0.4408279634206967,67.7,13.416620634930482,13.246218677760439,0.3643443928960794,0.4843182762684022,0.3662020591877504,0.33008495825647416,0.44544538542660633,0.3376606552096063,0.04888208463821847,0.38202243710782974,0.07145661480408785,0.23416643660422842,0.07765515926345873,5.114941585473325,5.114941585473325,0.0,8.449416941586126e-17,1.962615573354719e-16,0.24898854752611646,0.24898854752611646,0.0,59.1,8.600000000000003,0.0,0.0,0.0,66.6,1.0999999999999979,0.0,0.0,0.0,False,False,False
184,1112156342,1573685486,1,gaussian_plus_offset,CombinedErrorSensor,0.65,0.2,0.1,0.05,True,True,False,False,false_completion,0.5511063992373024,81.4,15.32089319152825,15.172108039692631,0.3563539171067916,0.48318927556840613,0.3588081045157632,0.289602985194173,0.4384531558022931,0.3058298748935598,0.05004982748630733,0.48157268169365386,0.0743783990581247,0.0,0.0873381846514901,6.123353089659152,6.123353089659151,0.0,7.686996387963387e-17,1.6939998869943826e-16,0.3360570661895369,0.3360570661895369,0.0,74.7,2.1999999999999993,4.500000000000002,0.0,0.0,79.3,2.0999999999999996,0.0,0.0,0.0,False,True,False
185,1114021337,631108310,1,gaussian_plus_offset,CombinedErrorSensor,0.65,0.2,0.1,0.05,True,True,False,False,false_completion,0.3789472432489667,63.900000000000006,13.226389547243345,13.075360627864343,0.36242225602080097,0.492420248621097,0.36472984792272384,0.3287637432240789,0.40687928210421764,0.33344370248141664,0.05069896267593349,0.49165730627636345,0.07653380060415425,0.0,0.14257759532223993,5.390091196551541,5.390091196551541,0.0,8.843138673455055e-17,1.962615573354719e-16,0.3843754439300017,0.3843754439300017,0.0,60.6,0.0,0.0,3.3000000000000043,0.0,63.900000000000006,0.0,0.0,0.0,0.0,True,False,False
186,1325414481,1605829894,1,gaussian_plus_offset,CombinedErrorSensor,0.65,0.2,0.1,0.05,False,False,False,False,planning_failure,nan,nan,nan,nan,nan,nan,nan,nan,nan,nan,nan,nan,nan,nan,nan,nan,nan,nan,nan,nan,nan,nan,nan,,,,,,,,,,,,,
187,176961545,636445662,1,gaussian_plus_offset,CombinedErrorSensor,0.65,0.2,0.1,0.05,True,True,True,True,goal_reached,0.2200616208224202,68.0,13.655672085291236,13.416432619997817,0.35973494701762765,0.5167109964026706,0.3622012086803329,0.32786035776659045,0.42906451070871326,0.3343210270089802,0.05259649687198441,0.4061915598713362,0.07310846492101793,0.308373581092372,0.1441441737974009,5.704576397504702,5.704576397504702,0.0,8.665861986768407e-17,2.7894008272968645e-16,0.2766616606509593,0.2766616606509595,0.0,62.099999999999994,5.900000000000002,0.0,0.0,0.0,68.0,0.0,0.0,0.0,0.0,False,False,False
188,1651782110,4107392115,1,gaussian_plus_offset,CombinedErrorSensor,0.65,0.2,0.1,0.05,False,False,False,False,planning_failure,nan,nan,nan,nan,nan,nan,nan,nan,nan,nan,nan,nan,nan,nan,nan,nan,nan,nan,nan,nan,nan,nan,nan,,,,,,,,,,,,,
189,1779023298,2158193279,1,gaussian_plus_offset,CombinedErrorSensor,0.65,0.2,0.1,0.05,True,True,True,False,safety_violation,0.22624351268911555,78.2,15.50837670106716,15.354682871184243,0.3571745810730794,0.5507664241323055,0.35935798105805566,0.277262702660463,0.4123238277548357,0.28416654158452115,0.052888942850369026,0.551425436526117,0.07828334897795569,0.0,0.07660020949721305,6.402475547937852,6.402475547937852,0.0,8.108026390047862e-17,2.7894008272968645e-16,0.3088585108293519,0.30885851082935184,0.0,65.19999999999999,5.1,5.700000000000003,2.1999999999999993,0.0,77.39999999999999,0.7999999999999989,0.0,0.0,0.0,True,True,False
190,4138237076,785607711,1,gaussian_plus_offset,CombinedErrorSensor,0.65,0.2,0.1,0.05,True,True,False,False,false_completion,0.5218623347096311,89.0,17.864461272842334,18.046529000263284,0.3650909274682582,0.49977854658311716,0.36753619978540875,0.23553523069276677,0.38934420908957784,0.2510632366774468,0.04743954833220988,0.3219681609551405,0.06563764094437381,0.0,0.15580974464082598,7.422558999123294,7.422558999123295,0.0,8.005938341138476e-17,2.5219801032797316e-16,0.32196063042212086,0.32196063042212086,0.0,66.70000000000002,14.799999999999994,5.699999999999996,1.8000000000000007,0.0,85.19999999999999,3.8000000000000114,0.0,0.0,0.0,True,True,False
191,1190706895,3844410921,1,gaussian_plus_offset,CombinedErrorSensor,0.65,0.2,0.1,0.05,False,False,False,False,planning_failure,nan,nan,nan,nan,nan,nan,nan,nan,nan,nan,nan,nan,nan,nan,nan,nan,nan,nan,nan,nan,nan,nan,nan,,,,,,,,,,,,,
192,1376100548,2023100640,1,gaussian_plus_offset,CombinedErrorSensor,0.65,0.2,0.1,0.05,True,True,False,False,false_completion,0.4468486896597718,75.4,15.564569563309531,15.301282883292581,0.3686885831924672,0.4817699744588517,0.37089449053450574,0.28504531382988724,0.4297678128796911,0.2952229623148905,0.05016651903466948,0.3376913269260125,0.07252478549088992,0.0,0.1418084007796523,5.922995652097365,5.922995652097365,0.0,7.813355914207623e-17,2.830524433501838e-16,0.2738029188782313,0.2738029188782314,0.0,69.89999999999999,0.3999999999999986,0.0,5.1000000000000085,0.0,75.4,0.0,0.0,0.0,0.0,True,False,False
193,1014721197,1461180214,1,gaussian_plus_offset,CombinedErrorSensor,0.65,0.2,0.1,0.05,True,True,False,False,false_completion,0.3937395399284561,76.3,14.68270868102111,14.663982391369855,0.3705464000680778,0.4896010599279993,0.373143521734966,0.305826159367355,0.4039504813067449,0.3121226127789594,0.0541511032316182,0.34876780301966703,0.07443701410918702,0.0,0.0679867233704259,5.959080503340278,5.959080503340279,0.0,7.867320005043373e-17,2.776424787817943e-16,0.2542826655321336,0.25428266553213363,0.0,61.79999999999999,10.700000000000003,2.3,1.5,0.0,69.89999999999999,6.400000000000006,0.0,0.0,0.0,True,True,False
194,1525762871,3126151894,1,gaussian_plus_offset,CombinedErrorSensor,0.65,0.2,0.1,0.05,True,True,False,False,false_completion,0.37995845020325786,73.0,13.434709212126144,13.247910368410492,0.3584319318112304,0.4818760957331036,0.360694088433971,0.3140712260726866,0.422061666756861,0.31931449686945357,0.05229745948678522,0.4812944367216642,0.07641968393536275,0.0,0.10960251134279227,5.422602339859594,5.422602339859594,0.0,8.131682373503772e-17,1.962615573354719e-16,0.25997170673602626,0.2599717067360263,0.0,66.1,5.100000000000001,1.7999999999999972,0.0,0.0,71.80000000000001,1.1999999999999886,0.0,0.0,0.0,False,True,False
195,1260217734,1227112746,1,gaussian_plus_offset,CombinedErrorSensor,0.65,0.2,0.1,0.05,True,True,False,False,false_completion,0.3499403240703616,72.8,14.710996334067685,14.770189981183925,0.3582252784184033,0.492468970362462,0.3608483836314749,0.29129692311463734,0.41040225176614176,0.3017514091926581,0.048529948134468384,0.33603699748957916,0.065556864119092,0.0,0.16141551226701897,6.022007103865514,6.022007103865516,0.0,8.235280602089077e-17,2.779024842816778e-16,0.35888252995096176,0.35888252995096176,0.0,54.99999999999999,15.100000000000001,0.0,2.700000000000003,0.0,66.99999999999997,5.8000000000000185,0.0,0.0,0.0,True,False,False
196,504774215,3149632713,1,gaussian_plus_offset,CombinedErrorSensor,0.65,0.2,0.1,0.05,True,True,True,False,safety_violation,0.28975725580984524,66.2,13.206686129427144,13.089543290556401,0.3721156062200897,0.6364971048494494,0.37487297245919476,0.34797245872258026,0.4384388222514733,0.3535672019901657,0.052451633099588196,0.6359187093886409,0.08475785726525589,0.0,0.04449729335438139,5.163893647215595,5.163893647215595,0.0,8.73127941908151e-17,1.962615573354719e-16,0.24303763901299216,0.24303763901299216,0.0,54.0,7.199999999999999,1.700000000000001,3.299999999999997,0.0,65.0,1.2000000000000028,0.0,0.0,0.0,True,True,False
197,1106937606,493780939,1,gaussian_plus_offset,CombinedErrorSensor,0.65,0.2,0.1,0.05,True,True,False,False,false_completion,0.39940929866851765,69.2,14.972367699188961,14.953263381568368,0.36396642274637847,0.4753554781718659,0.3661680023534069,0.3007794004392639,0.4240492862039458,0.3109729504687651,0.05410116026244256,0.44584949902032733,0.07786137350621011,0.32161193846587466,0.12023933354562429,5.802894933512868,5.802894933512868,0.0,8.847166206202852e-17,2.830524433501838e-16,0.2446825751394569,0.24468257513945688,0.0,60.5,8.7,0.0,0.0,0.0,69.10000000000001,0.09999999999999432,0.0,0.0,0.0,False,False,False
198,3459676030,3110934484,1,gaussian_plus_offset,CombinedErrorSensor,0.65,0.2,0.1,0.05,True,True,False,False,false_completion,0.3622452131176362,67.2,13.638441527272974,13.342594643458803,0.3669785925912218,0.5052582248715465,0.36914227690723744,0.3373514254580206,0.42260000235597894,0.3416576626976927,0.047323149117357154,0.5040247434879933,0.07456938253051981,0.0,0.09770015399232994,5.227310912211491,5.227310912211491,0.0,8.383922514352168e-17,1.962615573354719e-16,0.2874535633431685,0.28745356334316846,0.0,59.0,6.300000000000004,0.0,1.8999999999999986,0.0,67.1,0.10000000000000142,0.0,0.0,0.0,True,False,False
199,1781291391,1335936830,1,gaussian_plus_offset,CombinedErrorSensor,0.65,0.2,0.1,0.05,True,True,False,False,false_completion,0.39287940985782305,81.60000000000001,16.20053673901848,16.617182604734193,0.36540531469807747,0.4720420002410902,0.3674271544424489,0.27453240577677257,0.45762593439190186,0.30149011770550643,0.04624618687381053,0.3062900221066969,0.0620706110192786,0.0,0.11936315085100535,6.693296662795449,6.693296662795449,0.0,8.242675805799765e-17,2.7894008272968645e-16,0.27940814334099934,0.27940814334099934,0.0,66.2,9.900000000000002,0.0,5.5,0.0,79.80000000000001,1.7999999999999972,0.0,0.0,0.0,True,False,False
200,3523129448,2826415160,1,gaussian_plus_offset,CombinedErrorSensor,0.65,0.2,0.1,0.05,True,True,False,False,false_completion,0.3209251400328838,84.4,16.27631098593083,16.255544452326337,0.3666401364258866,0.5134550494707368,0.36881852026873924,0.28627297352169784,0.43226121177877147,0.3067884517476737,0.055202142262336516,0.38707308823779,0.07376009210244183,0.0,0.04573885690127834,6.903409939942838,6.903409939942838,0.0,8.001988750139146e-17,2.776424787817943e-16,0.257106495292466,0.257106495292466,0.0,60.199999999999996,22.500000000000004,0.0,1.7000000000000028,0.0,77.0,7.399999999999999,0.0,0.0,0.0,True,False,False
201,1124748912,2844255851,1,gaussian_plus_offset,CombinedErrorSensor,0.65,0.2,0.1,0.05,True,True,False,False,false_completion,0.44524273624845745,69.0,14.14433573818949,13.913784350934923,0.36661676113072666,0.5555477611947806,0.3686556110309097,0.3250583740878678,0.44138844740240246,0.3355438382255506,0.054107046481740965,0.5555477611947806,0.07880642964026648,0.0,0.0,5.304436972988194,5.304436972988194,0.0,8.272646249308345e-17,2.8609792490763985e-16,0.30718899204941635,0.30718899204941635,0.0,56.900000000000006,7.899999999999995,4.199999999999999,0.0,0.0,59.99999999999999,9.0,0.0,0.0,0.0,False,True,False
202,1766979982,1842838237,1,gaussian_plus_offset,CombinedErrorSensor,0.65,0.2,0.1,0.05,True,True,True,False,safety_violation,0.2951736292490928,76.2,14.298483766803088,14.106522524708334,0.3599891334326303,0.49963405763002716,0.3620669607305362,0.3218093187448225,0.4355742731353534,0.33062055134789103,0.050940004528059676,0.49886421628675065,0.07703541659064125,0.0,0.08503437809765702,5.616372827597107,5.616372827597107,0.0,7.576237799746257e-17,2.7755575615628914e-16,0.2424185498684235,0.24241854986842348,0.0,62.50000000000001,7.800000000000001,1.0999999999999979,4.799999999999997,0.0,75.1,1.1000000000000014,0.0,0.0,0.0,True,True,False
203,1379070658,2045846455,1,gaussian_plus_offset,CombinedErrorSensor,0.65,0.2,0.1,0.05,True,True,False,False,false_completion,0.46522474958187254,76.3,14.603984420693262,14.441932976327678,0.36596064120260025,0.4745664249282177,0.3681093019958374,0.30046224698663876,0.43510352034759747,0.3084564580447627,0.05558329982200946,0.3986073894266118,0.0776652168464042,0.0,0.059686095834174335,5.846470649882232,5.846470649882232,0.0,7.866221050885691e-17,2.7833528704240246e-16,0.2577599725443317,0.2577599725443317,0.0,74.1,1.200000000000001,1.0,0.0,0.0,74.2,2.0999999999999943,0.0,0.0,0.0,False,True,False
204,902837847,4223214188,1,gaussian_plus_offset,CombinedErrorSensor,0.65,0.2,0.1,0.05,True,True,False,False,false_completion,0.5759629627108768,75.5,15.41969640194155,15.418799209155305,0.35981631341704046,0.46454751481256695,0.361824964893528,0.2852024462824694,0.4164089777380265,0.2972496562355555,0.053955917105531034,0.3881389081632033,0.07287961596390735,0.0,0.15335609677719617,6.424739439687778,6.424739439687779,0.0,8.282095642009616e-17,2.779024842816778e-16,0.3398809866300787,0.3398809866300787,0.0,64.6,7.399999999999999,3.5,0.0,0.0,73.0,2.499999999999993,0.0,0.0,0.0,False,True,False
205,2193816033,507685065,1,gaussian_plus_offset,CombinedErrorSensor,0.65,0.2,0.1,0.05,True,True,True,False,safety_violation,0.29278279668840657,68.0,13.268922916168776,13.126398906578396,0.36836440538148657,0.5207088927035092,0.3708884467295267,0.3376954111031416,0.42020575902496515,0.34322480403594263,0.052837209851737975,0.5195820831927408,0.07762513774459272,0.0,0.07836852465176071,5.720481911978764,5.720481911978764,0.0,8.631980888042893e-17,1.962615573354719e-16,0.36372484266882343,0.36372484266882343,0.0,56.9,9.899999999999995,1.2000000000000002,0.0,0.0,67.89999999999999,0.10000000000000142,0.0,0.0,0.0,False,True,False
206,829894770,3799876144,1,gaussian_plus_offset,CombinedErrorSensor,0.65,0.2,0.1,0.05,True,True,False,False,false_completion,0.44458875052862074,64.5,12.95752181310456,12.988905724842105,0.36913473544820147,0.48958203545788614,0.37169447866770045,0.3376131948752108,0.4754707325910821,0.34559749404026036,0.055799894497256704,0.42722006362195286,0.08212248867997024,0.0,0.10666722412157292,5.249813755755536,5.249813755755536,0.0,8.760839321144677e-17,1.962615573354719e-16,0.30826375124801214,0.30826375124801214,0.0,57.699999999999996,1.5,2.0,3.2999999999999994,0.0,64.5,0.0,0.0,0.0,0.0,True,True,False
207,4130689922,2896272208,1,gaussian_plus_offset,CombinedErrorSensor,0.65,0.2,0.1,0.05,True,True,False,False,false_completion,0.5576759637205994,87.80000000000001,17.097171482623637,17.052515570462354,0.36531817733299743,0.5046107242353268,0.36763884341721487,0.2663551822676418,0.4296025948147332,0.28440980208750316,0.052118776825672966,0.36833049181350375,0.07328066222142869,0.0715187443178813,0.12413507346767538,7.253567328986002,7.253567328986003,0.0,8.04270522682203e-17,2.776424787817943e-16,0.227075250885925,0.22707525088592515,0.0,69.80000000000001,18.0,0.0,0.0,0.0,84.7,3.1000000000000014,0.0,0.0,0.0,False,False,False
208,2550648182,2877323974,1,gaussian_plus_offset,CombinedErrorSensor,0.65,0.2,0.1,0.05,True,True,False,False,false_completion,0.44735978869827453,66.9,13.365341401125331,13.459365241422455,0.36077755296707587,0.49066480343947366,0.36272373500660543,0.32480745731764354,0.4451995035172171,0.331330966425262,0.04505047451513254,0.3485281584998301,0.06915594357694013,0.0,0.10024865493548281,5.332728488820278,5.332728488820279,0.0,8.435766817149772e-17,2.5589376332604516e-16,0.23959279296614655,0.23959279296614655,0.0,50.800000000000004,11.0,5.100000000000001,0.0,0.0,63.80000000000001,3.0999999999999943,0.0,0.0,0.0,False,True,False
209,4014434589,2002339998,1,gaussian_plus_offset,CombinedErrorSensor,0.65,0.2,0.1,0.05,True,True,True,False,safety_violation,0.22771613942221602,78.60000000000001,15.168338783231693,14.943538539952707,0.35633491851062904,0.4580415643913596,0.3583908643902614,0.2860699890300498,0.36575055875800483,0.29152866087097046,0.04971415644593822,0.44905315221485226,0.07353971132796754,0.0,0.06494510757402595,6.0458651932379635,6.0458651932379635,0.0,7.598225468454036e-17,2.7894008272968645e-16,0.27107541869192503,0.2710754186919249,0.0,63.00000000000001,5.0,10.600000000000001,0.0,0.0,78.60000000000001,0.0,0.0,0.0,0.0,False,True,False
210,697825325,1529883739,1,gaussian_plus_offset,CombinedErrorSensor,0.65,0.2,0.1,0.05,False,False,False,False,planning_failure,nan,nan,nan,nan,nan,nan,nan,nan,nan,nan,nan,nan,nan,nan,nan,nan,nan,nan,nan,nan,nan,nan,nan,,,,,,,,,,,,,
211,2610880024,3515193591,1,gaussian_plus_offset,CombinedErrorSensor,0.65,0.2,0.1,0.05,True,True,False,False,false_completion,0.459516281115152,71.0,13.700461422382038,13.39829431183988,0.36547890790579757,0.5233101874355942,0.36816103690742,0.3388774159261473,0.47042585959167604,0.34480056021164485,0.054370041143795046,0.5233101874355942,0.08020984452503561,0.0,0.08121034113657939,5.703282118922119,5.703282118922119,0.0,8.141043023464388e-17,1.962615573354719e-16,0.27431740013266,0.2743174001326599,0.0,65.8,1.6999999999999957,3.5000000000000036,0.0,0.0,71.0,0.0,0.0,0.0,0.0,False,True,False
212,2765976715,3730418815,1,gaussian_plus_offset,CombinedErrorSensor,0.65,0.2,0.1,0.05,True,True,False,False,false_completion,0.3458884476679073,67.7,13.044356288193082,12.959690571862367,0.36763255146552226,0.4958447665951503,0.3698504564076188,0.3387588400332475,0.4178655160496223,0.34389057300950404,0.0513358487831773,0.49493734314288235,0.07118450413262377,0.0,0.1062789532746385,5.08363171441115,5.083631714411151,0.0,8.271803750664743e-17,1.8670653977139892e-16,0.21780350844981017,0.21780350844981017,0.0,60.599999999999994,4.300000000000004,2.8000000000000007,0.0,0.0,67.7,0.0,0.0,0.0,0.0,False,True,False
213,1522203079,4141194637,1,gaussian_plus_offset,CombinedErrorSensor,0.65,0.2,0.1,0.05,True,True,False,False,false_completion,0.39700699268242207,68.9,13.63545193354113,13.33026559266788,0.36477660399006,0.4672223000178332,0.3671575963011798,0.3338002862033289,0.43391198690974914,0.34153538716450943,0.05027719733616716,0.45348792146471073,0.07424811413636567,0.0,0.0831200618831428,5.314613129961053,5.314613129961053,0.0,8.44272405035887e-17,2.220446049250313e-16,0.4235507028068766,0.4235507028068766,0.0,60.0,6.700000000000005,2.1999999999999957,0.0,0.0,66.0,2.9000000000000004,0.0,0.0,0.0,False,True,False
214,844180384,4213348376,1,gaussian_plus_offset,CombinedErrorSensor,0.65,0.2,0.1,0.05,True,True,True,False,safety_violation,0.21382541385499207,94.0,18.211680297441447,17.973222277031127,0.35392234998958044,0.48970088074405105,0.35625158481254954,0.24919442029689873,0.48136431094179294,0.27719491005777763,0.05587793753757672,0.3396647616193483,0.07672896482343108,0.0,0.09510277170470013,7.682943567960752,7.682943567960753,0.0,8.056356818575502e-17,2.779024842816778e-16,0.24326991162941675,0.24326991162941664,0.0,73.49999999999999,12.800000000000004,3.200000000000003,4.5,0.0,83.5,10.499999999999996,0.0,0.0,0.0,True,True,False
215,2770669953,565027956,1,gaussian_plus_offset,CombinedErrorSensor,0.65,0.2,0.1,0.05,True,True,True,True,goal_reached,0.2871584331059494,72.60000000000001,13.850469973704785,13.70498229696073,0.3699233015897969,0.533753629366597,0.3722434947991151,0.3232564007543557,0.4439472249471452,0.3283870420291323,0.04871399532164914,0.533753629366597,0.07200343500991514,0.31403425376717564,0.16481530164689104,5.284870795794902,5.284870795794902,0.0,7.977702202781847e-17,2.5133742693021536e-16,0.2561275579888346,0.2561275579888346,0.0,67.7,4.899999999999999,0.0,0.0,0.0,72.60000000000001,0.0,0.0,0.0,0.0,False,False,False
216,752442399,2170143469,1,gaussian_plus_offset,CombinedErrorSensor,0.65,0.2,0.1,0.05,True,True,False,False,false_completion,0.44649075216574957,76.3,14.285910339525469,13.99544247909519,0.363095826055399,0.48400549917058183,0.36527512618130226,0.31305443099337105,0.40807561967591327,0.3202523899107758,0.0515757638004981,0.4032360905689425,0.0761827727170836,0.0,0.09335076341539714,5.687953288344405,5.687953288344405,0.0,7.728213573259225e-17,2.7755575615628914e-16,0.29289246858762735,0.29289246858762746,0.0,72.5,0.0,3.799999999999997,0.0,0.0,76.3,0.0,0.0,0.0,0.0,False,True,False
217,2836585270,2438147499,1,gaussian_plus_offset,CombinedErrorSensor,0.65,0.2,0.1,0.05,True,True,True,False,safety_violation,0.21447764631395105,68.0,14.140839089233094,14.21028434414931,0.3656051481243546,0.48148582765783793,0.3680111485819506,0.31298622083059335,0.47263803541576865,0.3217419790851842,0.047677175174290466,0.4146248164473494,0.07022125882128101,0.0,0.06757878038608245,5.685091394947726,5.685091394947726,0.0,8.542463057531922e-17,2.7755575615628914e-16,0.27377600598100676,0.2737760059810067,0.0,59.5,3.1000000000000014,2.5,2.8999999999999986,0.0,68.0,0.0,0.0,0.0,0.0,True,True,False
218,1258152814,4150384163,1,gaussian_plus_offset,CombinedErrorSensor,0.65,0.2,0.1,0.05,True,True,False,False,false_completion,0.388417429074228,73.10000000000001,13.451107582470964,13.496712451705369,0.3633373952830309,0.509309452627034,0.36528826502605044,0.3402836363771354,0.43509729477007136,0.3460488156511186,0.04671859881397721,0.3350841904587395,0.0648122668845322,0.24846801991312262,0.20435931559847542,5.2986619741219005,5.2986619741219005,0.0,8.056151894602764e-17,1.7772239894833365e-16,0.27174717302979823,0.27174717302979823,0.0,58.2,14.900000000000006,0.0,0.0,0.0,68.0,5.1,0.0,0.0,0.0,False,False,False
219,1025412693,1539643235,1,gaussian_plus_offset,CombinedErrorSensor,0.65,0.2,0.1,0.05,True,True,False,False,false_completion,0.48312060884639974,66.10000000000001,13.430748708768919,13.35770240346671,0.3572241890583352,0.5140830900299989,0.35946236319093605,0.32359926584867627,0.4195280478516036,0.32914451224854024,0.05199537502167948,0.4611538370499866,0.07475702348820958,0.0,0.044876315112846746,5.121594154523389,5.121594154523389,0.0,8.525207701253414e-17,2.779024842816778e-16,0.45427826308992114,0.45427826308992114,0.0,52.70000000000002,11.499999999999993,1.8999999999999986,0.0,0.0,65.0,1.1000000000000014,0.0,0.0,0.0,False,True,False
220,752715902,488982456,1,gaussian_plus_offset,CombinedErrorSensor,0.65,0.2,0.1,0.05,True,True,False,False,false_completion,0.3061318352286973,89.10000000000001,17.466518544945547,17.26116821159539,0.36413849706618817,0.5485364601124272,0.36656058591091045,0.2616376400175273,0.43132362565265375,0.27977789168077777,0.04947748364504975,0.5485364601124272,0.07241584519537295,0.0,0.02892137656481593,6.931293269634374,6.931293269634374,0.0,8.035918656464624e-17,2.797157557069881e-16,0.30048054568252813,0.30048054568252813,0.0,74.9,9.799999999999997,4.400000000000006,0.0,0.0,86.80000000000001,2.299999999999997,0.0,0.0,0.0,False,True,False
221,512319883,815337352,1,gaussian_plus_offset,CombinedErrorSensor,0.65,0.2,0.1,0.05,True,True,False,False,false_completion,0.37032843794799897,70.5,13.958205773915273,13.651635646959244,0.36239438008753827,0.500552206384434,0.36452320931661897,0.3240884622060171,0.4596963368871988,0.33579615391573125,0.049120987314062205,0.47146519696969313,0.07420097722592549,0.0,0.08942742704271654,5.404608010677962,5.404608010677963,0.0,8.386952498322529e-17,1.8670653977139892e-16,0.23907446138575605,0.23907446138575614,0.0,62.39999999999999,5.100000000000001,0.0,3.000000000000007,0.0,70.5,0.0,0.0,0.0,0.0,True,False,False
222,4032067323,2635905015,1,gaussian_plus_offset,CombinedErrorSensor,0.65,0.2,0.1,0.05,True,True,False,False,false_completion,0.4196156179083505,70.0,13.557949190098622,13.379496867179844,0.3619998752524001,0.5454357379609113,0.3647609371385472,0.325633850305942,0.431191198626845,0.3326824515108114,0.054403604258008456,0.391007737378654,0.07546801602128378,0.0,0.11062051971181502,5.396280229587836,5.396280229587837,0.0,8.564041918003137e-17,2.618455766672135e-16,0.4919170294251322,0.49191702942513227,0.0,63.8,3.9000000000000004,0.0,2.299999999999997,0.0,70.0,0.0,0.0,0.0,0.0,True,False,False
223,2154464537,4206247815,1,gaussian_plus_offset,CombinedErrorSensor,0.65,0.2,0.1,0.05,False,False,False,False,planning_failure,nan,nan,nan,nan,nan,nan,nan,nan,nan,nan,nan,nan,nan,nan,nan,nan,nan,nan,nan,nan,nan,nan,nan,,,,,,,,,,,,,
224,382400512,3995035099,1,gaussian_plus_offset,CombinedErrorSensor,0.65,0.2,0.1,0.05,True,True,False,False,false_completion,0.3082166216440023,88.10000000000001,17.82560908552762,17.875953428321697,0.36277977993596927,0.49428302432213433,0.36489810656508015,0.244903698855153,0.4317939031736022,0.2660525267246864,0.055046317232214266,0.42272443148209743,0.07564191549814353,0.0,0.116171199654306,7.287413562415535,7.287413562415536,0.0,8.424666256244715e-17,2.830524433501838e-16,0.28690761158402944,0.28690761158402944,0.0,64.50000000000001,18.9,2.899999999999995,1.7999999999999972,0.0,81.10000000000001,6.999999999999988,0.0,0.0,0.0,True,True,False
225,3055466972,3734794692,1,gaussian_plus_offset,CombinedErrorSensor,0.65,0.2,0.1,0.05,True,True,False,False,false_completion,0.39427403132303757,67.4,13.295282587347646,13.098841314891363,0.3603768328339609,0.46537816204016896,0.36268337011078616,0.3291132204998251,0.44637638504331756,0.33520671943607394,0.051993030415271396,0.42332677808791846,0.07545999733734868,0.11371254357899428,0.21706524435072816,5.4461612091261875,5.446161209126188,0.0,8.381379243957408e-17,1.962615573354719e-16,0.2787786903863979,0.2787786903863979,0.0,57.60000000000001,9.799999999999999,0.0,0.0,0.0,66.9,0.5,0.0,0.0,0.0,False,False,False
226,3193199788,634261231,1,gaussian_plus_offset,CombinedErrorSensor,0.65,0.2,0.1,0.05,True,True,False,False,false_completion,0.42037445741358215,75.7,14.293686575526099,14.162857105038581,0.3645301346526274,0.5387554709521122,0.366684367403968,0.30768409918334666,0.42186757147367593,0.31493266740431375,0.05062813607668875,0.5254823491347281,0.07600860336040625,0.0,0.07556074193177671,5.823288368371248,5.823288368371248,0.0,7.812065573299182e-17,2.2247786310271853e-16,0.35900014398385843,0.35900014398385843,0.0,60.1,13.2,0.0,2.3999999999999995,0.0,69.80000000000001,5.8999999999999915,0.0,0.0,0.0,True,False,False
227,2535396865,501233337,1,gaussian_plus_offset,CombinedErrorSensor,0.65,0.2,0.1,0.05,True,True,True,False,safety_violation,0.2950362258738704,70.3,14.184967561234135,13.954527776631789,0.3640516439946623,0.46502517947777694,0.3661611196432745,0.3204002672243214,0.44518465589778494,0.3293034129315416,0.052844699732393564,0.38756815792314847,0.07639238844585687,0.0,0.12383933420946386,5.615024590020994,5.615024590020994,0.0,8.224197442322208e-17,2.5589376332604516e-16,0.26592567541984086,0.26592567541984086,0.0,60.199999999999996,6.4999999999999964,1.1999999999999993,2.4000000000000057,0.0,70.3,0.0,0.0,0.0,0.0,True,True,False
228,80660561,973294536,1,gaussian_plus_offset,CombinedErrorSensor,0.65,0.2,0.1,0.05,True,True,False,False,false_completion,0.3539227187812627,67.3,13.4479190370546,13.286744230430434,0.36272776979647325,0.49373564165468653,0.3650519088031656,0.32625876400611803,0.40988366236341434,0.33253950209677113,0.048811338363150825,0.47080926143738505,0.07673398200396268,0.0,0.04640401486931455,5.292396830608009,5.292396830608009,0.0,8.41828467001735e-17,1.962615573354719e-16,0.29174929435174524,0.29174929435174524,0.0,55.3,8.9,2.299999999999997,0.8000000000000007,0.0,65.39999999999999,1.900000000000003,0.0,0.0,0.0,True,True,False
229,800819641,3241945518,1,gaussian_plus_offset,CombinedErrorSensor,0.65,0.2,0.1,0.05,True,True,True,False,safety_violation,0.25247444347525533,68.0,13.396153749810608,13.167858548544773,0.36375205448888615,0.5269174137126774,0.36599660641546794,0.3205476544810593,0.40376590850748834,0.3284357870050699,0.05594167624175439,0.5257583010425932,0.08408076017438643,0.0,0.07574719845119476,5.322630123617358,5.322630123617358,0.0,8.41347776438129e-17,1.962615573354719e-16,0.3218141139453368,0.3218141139453369,0.0,60.69999999999999,2.8000000000000043,2.200000000000003,2.299999999999999,0.0,68.0,0.0,0.0,0.0,0.0,True,True,False
230,2410070537,1887917039,1,gaussian_plus_offset,CombinedErrorSensor,0.65,0.2,0.1,0.05,True,True,False,False,false_completion,0.43070025823536917,78.10000000000001,15.281718525502617,15.310756887408678,0.3577086331698743,0.4967170016773872,0.35968906277050205,0.2781736090241202,0.40097785325060986,0.2863858469393213,0.04891069667750775,0.4286073981839295,0.07364331909062216,0.0,0.09494639233835489,6.332126813591464,6.332126813591465,0.0,7.640939054864645e-17,2.7757743935277205e-16,0.26539318816037816,0.2653931881603782,0.0,67.4,1.8999999999999995,0.0,8.800000000000004,0.0,78.10000000000001,0.0,0.0,0.0,0.0,True,False,False
231,1574677147,1569186631,1,gaussian_plus_offset,CombinedErrorSensor,0.65,0.2,0.1,0.05,True,True,False,False,false_completion,0.3020298471596047,65.8,13.087135511850427,13.04121839707117,0.3612937227599471,0.5249075095999657,0.3640044297601486,0.33481859743140613,0.45718476720052914,0.3439285427989286,0.058580952809991885,0.3625913802927451,0.08508906321940665,0.0,0.05925573915632887,5.442404037364879,5.442404037364879,0.0,8.983249333669308e-17,1.962615573354719e-16,0.28342275006859946,0.28342275006859946,0.0,50.4,11.899999999999997,3.5,0.0,0.0,62.69999999999999,3.100000000000003,0.0,0.0,0.0,False,True,False
232,2426998121,1979405758,1,gaussian_plus_offset,CombinedErrorSensor,0.65,0.2,0.1,0.05,True,True,False,False,false_completion,0.3925519110435249,69.0,14.111402463846161,14.041849662058084,0.3602722453437657,0.497422437717144,0.36261497893817396,0.3085631636224491,0.40073868645939037,0.3163488715383973,0.050351719994482215,0.4963423993170974,0.07577302974797377,0.0,0.09385315227277775,5.631000790768073,5.631000790768073,0.0,8.440279770374273e-17,2.7809732887839817e-16,0.2841947105721291,0.2841947105721291,0.0,61.599999999999994,2.6000000000000014,4.100000000000001,0.6999999999999993,0.0,69.0,0.0,0.0,0.0,0.0,True,True,False
233,4113121730,182882604,1,gaussian_plus_offset,CombinedErrorSensor,0.65,0.2,0.1,0.05,True,True,False,False,false_completion,0.37857691613674344,69.9,13.292019990785562,13.21127805242146,0.36547057289421386,0.493611912703003,0.3679042407929848,0.33455395726162224,0.423762514869179,0.3408624607046058,0.05263936609825396,0.4676311646775642,0.07566780975742313,0.0,0.1093436698585208,5.3005225218154965,5.300522521815497,0.0,8.270427205721362e-17,1.962615573354719e-16,0.27211546120804353,0.2721154612080434,0.0,62.900000000000006,3.7,1.0,2.299999999999997,0.0,69.9,0.0,0.0,0.0,0.0,True,True,False
234,4132313933,1628314587,1,gaussian_plus_offset,CombinedErrorSensor,0.65,0.2,0.1,0.05,True,True,False,False,false_completion,0.4212996510564018,75.9,13.914104313539257,13.820146930360954,0.3616196385591624,0.5053902170346714,0.3639854486592889,0.3049849959657989,0.4053303120248935,0.3111607171084521,0.05417640063599854,0.33751216610839513,0.07224413209266206,0.016719036144138378,0.05191502599183483,5.660715580998666,5.660715580998666,0.0,7.448135165094597e-17,1.7772239894833365e-16,0.28084353303115916,0.2808435330311591,0.0,59.300000000000004,16.6,0.0,0.0,0.0,73.3,2.6000000000000014,0.0,0.0,0.0,False,False,False
235,4121474858,3718346006,1,gaussian_plus_offset,CombinedErrorSensor,0.65,0.2,0.1,0.05,True,True,False,False,false_completion,0.5379513686816185,76.4,14.874687154735248,14.678794607725276,0.3615693395576577,0.4758033121557407,0.3640178889258822,0.2942756610694289,0.39255266829610813,0.3013284057575742,0.04999026765458513,0.3962305343152541,0.07702883380473496,0.07305464035457732,0.061842659311945276,6.162300228525178,6.162300228525178,0.0,7.845577699221992e-17,2.779024842816778e-16,0.31716546026190706,0.31716546026190706,0.0,68.3,8.100000000000001,0.0,0.0,0.0,76.4,0.0,0.0,0.0,0.0,False,False,False
236,1749518471,4218670630,1,gaussian_plus_offset,CombinedErrorSensor,0.65,0.2,0.1,0.05,True,True,True,False,safety_violation,0.28160406014034606,64.0,13.034262600311873,12.98488205452668,0.3684884687281007,0.4740664821301366,0.370204151291356,0.33733056919949955,0.43729803468981515,0.34336720585240876,0.04768726625736778,0.4110179963732115,0.07479426938827594,0.0,0.096461176460791,5.0392446959632355,5.0392446959632355,0.0,9.078600219994464e-17,1.962615573354719e-16,0.26843795892121675,0.2684379589212168,0.0,52.99999999999999,6.100000000000001,2.8000000000000043,2.0999999999999996,0.0,62.8,1.1999999999999993,0.0,0.0,0.0,True,True,False
237,2050407800,812743304,1,gaussian_plus_offset,CombinedErrorSensor,0.65,0.2,0.1,0.05,True,True,False,False,false_completion,0.37643338530537324,76.80000000000001,15.49596423947629,15.41625073858059,0.362493027602671,0.4815235131613159,0.3648896914149333,0.2912288969674972,0.4242432917637804,0.3062384239534261,0.05480563289674294,0.35095890343661995,0.07542399344891951,0.0,0.12911968558321407,6.269957548523767,6.269957548523768,0.0,8.124075686578973e-17,2.592584715281538e-16,0.4926148949239774,0.4926148949239774,0.0,58.80000000000001,12.699999999999996,5.300000000000002,0.0,0.0,68.7,8.099999999999998,0.0,0.0,0.0,False,True,False
238,2768454339,1065980605,1,gaussian_plus_offset,CombinedErrorSensor,0.65,0.2,0.1,0.05,True,True,False,False,false_completion,0.3374425823838573,76.60000000000001,14.82861479445059,14.6379568811643,0.36104381931360174,0.48011407945114154,0.3633974480367938,0.3048110416707706,0.4710734816813771,0.31449150715142526,0.053200675903964656,0.42892546934618986,0.07681180881361908,0.001744645630050273,0.19294114972465032,5.951276053656402,5.951276053656403,0.0,7.914868315302383e-17,2.2228841655759984e-16,0.39718564958887353,0.3971856495888735,0.0,67.5,9.100000000000001,0.0,0.0,0.0,75.60000000000001,1.0,0.0,0.0,0.0,False,False,False
239,3941405442,1484742440,1,gaussian_plus_offset,CombinedErrorSensor,0.65,0.2,0.1,0.05,False,False,False,False,planning_failure,nan,nan,nan,nan,nan,nan,nan,nan,nan,nan,nan,nan,nan,nan,nan,nan,nan,nan,nan,nan,nan,nan,nan,,,,,,,,,,,,,
240,3869716259,3573157605,1,gaussian_plus_offset,CombinedErrorSensor,0.65,0.2,0.1,0.05,True,True,True,False,safety_violation,0.2600028808483747,65.10000000000001,13.147542853979521,13.135856850000971,0.3667065077321411,0.4958679143828467,0.3689491788510071,0.3380673726352898,0.43166814365331546,0.3440491439299888,0.05058625820779954,0.3257365982531763,0.07215194291709807,0.0,0.14848923763629923,5.216263874538445,5.216263874538445,0.0,8.610534278146833e-17,1.962615573354719e-16,0.3573526121517912,0.3573526121517912,0.0,57.900000000000006,5.700000000000001,1.5,0.0,0.0,64.8,0.3000000000000007,0.0,0.0,0.0,False,True,False
241,766761893,701999192,1,gaussian_plus_offset,CombinedErrorSensor,0.65,0.2,0.1,0.05,True,True,False,False,false_completion,0.407665389625774,65.60000000000001,13.497279004911208,13.360835878066126,0.3624246024469566,0.5237123098392369,0.36463632045395467,0.3290766038709541,0.44820294259141275,0.3343608461619245,0.04835550614377706,0.49991701536712874,0.07452622019586984,0.22318162829768973,0.12509045715991618,5.180190254847137,5.180190254847137,0.0,8.135492522664842e-17,2.918462810976448e-16,0.31589599300484356,0.31589599300484356,0.0,59.1,6.500000000000007,0.0,0.0,0.0,65.60000000000001,0.0,0.0,0.0,0.0,False,False,False
242,3654324957,1543357433,1,gaussian_plus_offset,CombinedErrorSensor,0.65,0.2,0.1,0.05,True,True,False,False,false_completion,0.404752057176115,71.4,14.283560054413321,14.17849097736288,0.3614738173520767,0.4897974712956397,0.36402345055618834,0.3098738804923088,0.4464177620154336,0.3154190935785471,0.048121710847131315,0.3748522459542294,0.0684846631809049,0.0,0.08917590202390642,5.503147231516371,5.503147231516371,0.0,8.11509894165007e-17,2.5018537765542007e-16,0.26546903958936,0.26546903958936,0.0,60.0,7.5000000000000036,3.1000000000000014,0.7999999999999989,0.0,69.70000000000002,1.6999999999999886,0.0,0.0,0.0,True,True,False
243,3055384314,3837704628,1,gaussian_plus_offset,CombinedErrorSensor,0.65,0.2,0.1,0.05,True,True,True,False,safety_violation,0.2908498920485193,83.60000000000001,17.473813244953845,17.275009154375518,0.3616364248454651,0.48913732520408093,0.3639890753708282,0.2438897376888869,0.43611333840111516,0.2598151695232048,0.05227153661461249,0.4024208938979452,0.07552651886796566,0.0,0.11046719124875354,6.8025956715627665,6.8025956715627665,0.0,8.582306265567311e-17,2.7894008272968645e-16,0.23800509182811636,0.23800509182811622,0.0,70.2,11.900000000000006,0.20000000000000284,1.2999999999999972,0.0,76.59999999999998,7.000000000000028,0.0,0.0,0.0,True,True,False
244,1392087708,763274201,1,gaussian_plus_offset,CombinedErrorSensor,0.65,0.2,0.1,0.05,True,True,False,False,false_completion,0.3255834435385356,82.4,15.761348189827284,15.756547573393876,0.36336274945651914,0.5297105260887605,0.36606358713568615,0.27500179776816214,0.4360994933493598,0.29418961329522497,0.055821293523958114,0.34793295584310585,0.07429268459717618,0.0,0.1429901675045968,6.4485956559193935,6.448595655919394,0.0,7.505702470846557e-17,2.7894008272968645e-16,0.2886984084565067,0.2886984084565067,0.0,74.3,5.399999999999999,2.6999999999999984,0.0,0.0,81.60000000000001,0.7999999999999972,0.0,0.0,0.0,False,True,False
245,3206700546,809877950,1,gaussian_plus_offset,CombinedErrorSensor,0.65,0.2,0.1,0.05,True,True,False,False,false_completion,0.37472466077877514,72.10000000000001,13.68149955199436,13.558149870734301,0.3627090958730396,0.47757374073763664,0.36512237879834486,0.321274393386894,0.4469323699083365,0.3318957818212486,0.05453382593321183,0.46487252061270135,0.07998795125594876,0.36852803169723813,0.13484469324286283,5.4695106030411145,5.469510603041114,0.0,8.195242846323512e-17,2.237726045655905e-16,0.24431975709227619,0.2443197570922762,0.0,63.80000000000002,8.299999999999986,0.0,0.0,0.0,71.5,0.6000000000000014,0.0,0.0,0.0,False,False,False
246,3528407741,3617959806,1,gaussian_plus_offset,CombinedErrorSensor,0.65,0.2,0.1,0.05,True,True,True,False,safety_violation,0.2799892161037863,62.1,13.11215289136833,13.006859889575384,0.36595759401708355,0.5025245397136573,0.36848165027899643,0.34999774455538035,0.46469326684632184,0.3579224355380675,0.05479984506172436,0.4110759644146472,0.07967265852642916,0.0,0.2343290541488906,5.02623010459317,5.02623010459317,0.0,9.442905406704569e-17,1.962615573354719e-16,0.26831991909492253,0.2683199190949225,0.0,53.89999999999999,7.700000000000009,0.0,0.5,0.0,62.1,0.0,0.0,0.0,0.0,True,False,False
247,2475004145,54769133,1,gaussian_plus_offset,CombinedErrorSensor,0.65,0.2,0.1,0.05,True,True,False,False,false_completion,0.462203861647184,87.5,18.314260742191077,18.302116546267396,0.3658607633066451,0.48184994724948954,0.36823721832458756,0.25696369886005394,0.41313002776151003,0.2802751995410354,0.04769646887337327,0.3737765468823647,0.06571777893830123,0.0,0.08133497786652041,7.49828955235961,7.49828955235961,0.0,8.185813785411613e-17,2.7833528704240246e-16,0.30919479937847605,0.30919479937847605,0.0,75.79999999999998,11.300000000000004,0.0,0.4000000000000057,0.0,85.69999999999999,1.8000000000000114,0.0,0.0,0.0,True,False,False
248,250102834,10777752,1,gaussian_plus_offset,CombinedErrorSensor,0.65,0.2,0.1,0.05,True,True,False,False,false_completion,0.3219943062751176,67.0,13.64126245191922,13.514239941134269,0.35938123414541795,0.4801506285136212,0.361864589715164,0.32734412358103726,0.4455549964440611,0.3339762224239889,0.05652545446810651,0.33377985489189527,0.07445362495854896,0.0,0.16857254167393435,5.382091258911907,5.382091258911907,0.0,8.287076028302352e-17,2.7757743935277205e-16,0.34552414521815805,0.34552414521815805,0.0,61.5,4.999999999999998,0.0,0.5,0.0,66.8,0.1999999999999993,0.0,0.0,0.0,True,False,False
249,1567656518,446596209,1,gaussian_plus_offset,CombinedErrorSensor,0.65,0.2,0.1,0.05,True,True,False,False,false_completion,0.4756058252205431,71.4,13.569246669496234,13.356883257669457,0.3573643370289446,0.4577276157964862,0.3594754588253223,0.32009801912610997,0.4386348256784945,0.32703958555870005,0.048819699037422865,0.35228848155691084,0.07298508241951689,0.00016270563936160443,0.07830125646717595,5.2316958750042595,5.231695875004259,0.0,8.043909833832638e-17,1.962615573354719e-16,0.23620933079828588,0.23620933079828585,0.0,66.8,4.600000000000001,0.0,0.0,0.0,71.2,0.1999999999999993,0.0,0.0,0.0,False,True,False
250,1370524627,2884711889,1,gaussian_plus_offset,CombinedErrorSensor,0.65,0.2,0.1,0.05,True,True,False,False,false_completion,0.3186606998145173,76.5,14.453238511639475,14.493460864516587,0.3605070643655321,0.5011484603464523,0.36332168583280766,0.30824340587695565,0.36914637995144955,0.3128722171209994,0.0480865649461557,0.3823801747827777,0.07031760778587537,0.36182868614600494,0.14568446855797867,5.867099243672424,5.867099243672425,0.0,7.892469557710101e-17,1.8670653977139892e-16,0.2616131391043878,0.26161313910438777,0.0,70.8,5.699999999999999,0.0,0.0,0.0,76.3,0.1999999999999993,0.0,0.0,0.0,False,False,False
251,3235678144,3559111741,1,gaussian_plus_offset,CombinedErrorSensor,0.65,0.2,0.1,0.05,True,True,True,False,safety_violation,0.2487328401015312,79.10000000000001,14.96981449939571,14.979637692289753,0.36085759352111063,0.5027640459306713,0.3628897944400853,0.2951084086267159,0.40849289498689995,0.3096986138896758,0.05055725896852707,0.4804215437022838,0.07271282555162165,0.0,0.08695263913654486,6.191444377026657,6.191444377026657,0.0,7.952077769488201e-17,2.498001805406602e-16,0.37435549044101424,0.37435549044101424,0.0,71.1,0.0,6.100000000000007,1.8999999999999986,0.0,79.10000000000001,0.0,0.0,0.0,0.0,True,True,False
252,4069850,2347762154,1,gaussian_plus_offset,CombinedErrorSensor,0.65,0.2,0.1,0.05,True,True,False,False,false_completion,0.35511963698091015,69.7,13.727427304333347,13.544530978833622,0.36183414049624196,0.500731002571111,0.3649166105112343,0.3272079851916164,0.45133266806007716,0.3338952114099611,0.05570640335555053,0.4270121172278074,0.07540452210652841,0.0,0.12298788277219257,5.620098468239776,5.620098468239776,0.0,7.926165890607133e-17,1.7772239894833365e-16,0.29487001522280953,0.2948700152228096,0.0,61.800000000000004,6.399999999999995,1.5,0.0,0.0,69.7,0.0,0.0,0.0,0.0,False,True,False
253,971320180,4027294110,1,gaussian_plus_offset,CombinedErrorSensor,0.65,0.2,0.1,0.05,True,True,False,False,false_completion,0.4735447284959579,73.2,14.792433072046997,14.813258907597586,0.35792268715138886,0.48100721068421104,0.36036049628341227,0.294092706130962,0.43881894339524347,0.3034375323136744,0.04943200915745556,0.31205957766696424,0.06779074083574863,0.0,0.061404110710321855,5.9548556709447755,5.9548556709447755,0.0,8.659927007663286e-17,2.7833528704240246e-16,0.27933443861320945,0.2793344386132094,0.0,63.599999999999994,6.300000000000004,3.3000000000000007,0.0,0.0,72.5,0.7000000000000028,0.0,0.0,0.0,False,True,False
254,2099617389,1438848757,1,gaussian_plus_offset,CombinedErrorSensor,0.65,0.2,0.1,0.05,True,True,True,False,safety_violation,0.23613274246373703,76.10000000000001,15.761709991422375,15.880565843125867,0.3564728676200063,0.5244119078467118,0.358750547013497,0.2657730508180295,0.38062937888691584,0.27575971561583323,0.04691462237155857,0.4425389704315774,0.06708378147089293,0.0,0.10746102956842256,6.604121877668914,6.604121877668914,0.0,8.022906717040346e-17,2.7894008272968645e-16,0.3856446867826579,0.3856446867826579,0.0,68.4,6.399999999999995,0.0,1.3000000000000007,0.0,74.2,1.8999999999999986,0.0,0.0,0.0,True,False,False
255,697894123,2229103892,1,gaussian_plus_offset,CombinedErrorSensor,0.65,0.2,0.1,0.05,True,True,False,False,false_completion,0.4595988487811837,84.9,16.926835643607888,16.705032329484126,0.3529388785609526,0.4896885618624996,0.3557664128677874,0.2528478729153231,0.38061122930256713,0.26282084514537024,0.04755070390151931,0.4328267323531956,0.06764140845531033,0.1703859327850985,0.0862484228079392,6.775406936949464,6.775406936949464,0.0,7.81389494533228e-17,2.7833528704240246e-16,0.2689604962636904,0.2689604962636904,0.0,73.5,11.400000000000004,0.0,0.0,0.0,73.79999999999998,11.10000000000001,0.0,0.0,0.0,False,False,False
256,2312331451,3874631184,1,gaussian_plus_offset,CombinedErrorSensor,0.65,0.2,0.1,0.05,True,True,True,False,safety_violation,0.290638083064513,65.9,13.451693288791478,13.270933440555947,0.3632449505955081,0.48182921364171866,0.36543455239097605,0.32221003621239563,0.44152250490185246,0.32882155883516473,0.05099865209480958,0.4613644025722337,0.07556879264753114,0.0,0.11949208419633826,5.422008674564877,5.422008674564877,0.0,8.207434384260835e-17,1.7772239894833365e-16,0.3079362906942623,0.3079362906942623,0.0,61.5,2.0999999999999996,2.3000000000000043,0.0,0.0,65.9,0.0,0.0,0.0,0.0,False,True,False
257,915480018,4151120313,1,gaussian_plus_offset,CombinedErrorSensor,0.65,0.2,0.1,0.05,False,False,False,False,planning_failure,nan,nan,nan,nan,nan,nan,nan,nan,nan,nan,nan,nan,nan,nan,nan,nan,nan,nan,nan,nan,nan,nan,nan,,,,,,,,,,,,,
258,3229257819,646055159,1,gaussian_plus_offset,CombinedErrorSensor,0.65,0.2,0.1,0.05,True,True,False,False,false_completion,0.509263131310725,76.2,14.850493323437414,15.001164885457579,0.3551240682419297,0.4969488500285408,0.3571486236672353,0.28566205860415184,0.43336067278692714,0.3008658279620755,0.04602463781432273,0.2928868552355417,0.06386420146974207,0.002022342530540122,0.05291366842211181,5.738394042193274,5.738394042193274,0.0,7.907734981690053e-17,2.7755575615628914e-16,0.32147745499683195,0.32147745499683195,0.0,61.89999999999999,14.30000000000001,0.0,0.0,0.0,73.60000000000001,2.5999999999999943,0.0,0.0,0.0,False,True,False
259,375716469,3308732160,1,gaussian_plus_offset,CombinedErrorSensor,0.65,0.2,0.1,0.05,True,True,False,False,false_completion,0.4958134843193459,72.0,14.053138385087431,13.808015363051544,0.3592130057859384,0.4768873072557,0.3613852010641626,0.30754226639920823,0.3913228228870704,0.312319088466608,0.05001630967298879,0.46237114307089944,0.07273607361310228,0.10176568571343125,0.07547871509044907,5.252221308009716,5.252221308009716,0.0,7.917106316541515e-17,2.7757743935277205e-16,0.4461156755124747,0.4461156755124747,0.0,69.8,2.200000000000003,0.0,0.0,0.0,72.0,0.0,0.0,0.0,0.0,False,False,False
260,4187386334,184584446,1,gaussian_plus_offset,CombinedErrorSensor,0.65,0.2,0.1,0.05,False,False,False,False,planning_failure,nan,nan,nan,nan,nan,nan,nan,nan,nan,nan,nan,nan,nan,nan,nan,nan,nan,nan,nan,nan,nan,nan,nan,,,,,,,,,,,,,
261,2388139156,3812305768,1,gaussian_plus_offset,CombinedErrorSensor,0.65,0.2,0.1,0.05,True,True,True,False,safety_violation,0.2468606876983512,68.3,13.783869727998875,13.786087654625597,0.36319269789190445,0.5078796194016287,0.3656043776660909,0.3247779436151034,0.43106425447193264,0.3309456182398343,0.05221185928219896,0.44221968900098874,0.07000221782523627,0.0,0.07222676479925455,5.848443962592084,5.848443962592085,0.0,8.292551259514929e-17,1.8670653977139892e-16,0.3247971465891066,0.3247971465891066,0.0,58.3,2.1999999999999993,5.3000000000000025,2.499999999999993,0.0,68.3,0.0,0.0,0.0,0.0,True,True,False
262,453140449,4267112886,1,gaussian_plus_offset,CombinedErrorSensor,0.65,0.2,0.1,0.05,True,True,False,False,false_completion,0.5210851156349359,71.3,14.398092307855265,14.227816075446237,0.3658753196660765,0.488339947510817,0.36833122295595067,0.30508676625876724,0.4275695834837009,0.3186373632725331,0.05249867461798771,0.4656241544855698,0.07376779931255323,0.1560051652307788,0.1849882864929019,5.535820533935821,5.535820533935821,0.0,8.723505051409992e-17,2.2591401799415137e-16,0.31115113119834265,0.31115113119834265,0.0,63.89999999999999,7.400000000000005,0.0,0.0,0.0,70.99999999999999,0.3000000000000007,0.0,0.0,0.0,False,False,False
263,3455058573,1492825667,1,gaussian_plus_offset,CombinedErrorSensor,0.65,0.2,0.1,0.05,True,True,False,False,false_completion,0.3435350553432001,68.5,13.457554559760517,13.315393502418189,0.3676083251082598,0.669146558680198,0.3702531377124653,0.32642920361681854,0.4089635776928313,0.33231030229131725,0.05229411371209633,0.6690944396562662,0.08414154632645865,0.0,0.05218635756783792,5.517126161659069,5.517126161659069,0.0,8.576765281501012e-17,1.962615573354719e-16,0.3246872501776957,0.32468725017769556,0.0,57.599999999999994,9.100000000000005,1.7999999999999972,0.0,0.0,67.8,0.7000000000000002,0.0,0.0,0.0,False,True,False
264,1846112378,935440738,1,gaussian_plus_offset,CombinedErrorSensor,0.65,0.2,0.1,0.05,True,True,False,False,false_completion,0.4500848762006183,67.4,13.620948984524416,13.634887393275417,0.3647021294746084,0.4750056182436164,0.3667567976234638,0.3284651880556551,0.43923641611951764,0.3378808116766841,0.05150390536178307,0.33784350068668295,0.07333865763039837,0.0015423718580122037,0.11766104283998832,5.324371815526403,5.324371815526403,0.0,8.071015123947311e-17,1.7772239894833365e-16,0.3342353978987321,0.3342353978987321,0.0,52.9,14.400000000000002,0.10000000000000053,0.0,0.0,66.5,0.9000000000000057,0.0,0.0,0.0,False,True,False
265,4151916802,2328685090,1,gaussian_plus_offset,CombinedErrorSensor,0.65,0.2,0.1,0.05,True,True,False,False,false_completion,0.432181646703889,72.0,14.364094545202853,14.090864917194061,0.3648210014505299,0.4996655356472782,0.36733256417683685,0.3211928608528609,0.432181646703889,0.3282682828997338,0.050372299005760256,0.43175861775305857,0.0769333527566092,0.020396760817735376,0.11450055401512714,5.7432211503955255,5.7432211503955255,0.0,8.138723522156857e-17,2.797157557069881e-16,0.22632983521962832,0.2263298352196284,0.0,59.199999999999996,12.800000000000004,0.0,0.0,0.0,66.69999999999999,5.3,0.0,0.0,0.0,False,False,False
266,3502127710,2151495928,1,gaussian_plus_offset,CombinedErrorSensor,0.65,0.2,0.1,0.05,True,True,False,False,false_completion,0.43197805360315883,70.7,13.89580886502614,13.7857608270855,0.3635685021279291,0.47152923150721676,0.3658969428027842,0.33502710350369663,0.43842323973827035,0.3402879727153593,0.052414330829926664,0.3910174517502108,0.0714579067650191,0.0,0.09285831121097866,5.289154898053134,5.289154898053135,0.0,8.139497052376652e-17,1.7772239894833365e-16,0.3458732154050497,0.3458732154050497,0.0,51.000000000000014,17.29999999999999,2.3999999999999986,0.0,0.0,64.1,6.600000000000001,0.0,0.0,0.0,False,True,False
267,3747001689,1587324755,1,gaussian_plus_offset,CombinedErrorSensor,0.65,0.2,0.1,0.05,True,True,False,False,false_completion,0.43685408184391683,73.0,13.987311321117726,13.837909082624817,0.3616235498945343,0.4704696402017886,0.3639640137750379,0.3146920241086375,0.42375522476830074,0.32355079137250226,0.05117653535255529,0.37298941375458317,0.07030204375948189,0.0,0.14113418041715198,5.468932377944523,5.468932377944523,0.0,8.106160401308002e-17,1.962615573354719e-16,0.26632241312213545,0.2663224131221355,0.0,63.300000000000004,6.999999999999997,0.0,2.6999999999999957,0.0,72.39999999999999,0.5999999999999996,0.0,0.0,0.0,True,False,False
268,3931630109,482995397,1,gaussian_plus_offset,CombinedErrorSensor,0.65,0.2,0.1,0.05,True,True,True,False,safety_violation,0.25820264587419045,72.4,13.682774190595758,13.50041670752239,0.3662400226211863,0.4923551990725311,0.368441292153825,0.33171347812267055,0.4384226805463613,0.33915137859628725,0.05261642828451179,0.4267496524283409,0.07669272095356922,0.0,0.12811653691351715,5.491445948966231,5.49144594896623,0.0,8.285732335509882e-17,1.8670653977139892e-16,0.25376315792040627,0.2537631579204063,0.0,65.8,5.199999999999999,1.3999999999999986,0.0,0.0,71.8,0.5999999999999979,0.0,0.0,0.0,False,True,False
269,3343084945,1155353691,1,gaussian_plus_offset,CombinedErrorSensor,0.65,0.2,0.1,0.05,True,True,False,False,false_completion,0.34042523048571444,67.2,13.79555170591364,13.54983105898118,0.3633212665958935,0.5463305393885375,0.36577371969559497,0.3275890447616076,0.4504575721791189,0.34067113093639534,0.05606442431294127,0.5450528076509659,0.082058638157606,0.15512413873787737,0.017971058219206026,5.332485681191545,5.332485681191545,0.0,8.38570841801086e-17,2.776424787817943e-16,0.2891559829918125,0.2891559829918125,0.0,58.599999999999994,8.600000000000005,0.0,0.0,0.0,66.89999999999999,0.3000000000000007,0.0,0.0,0.0,False,False,False
270,2308215660,3359604399,1,gaussian_plus_offset,CombinedErrorSensor,0.65,0.2,0.1,0.05,True,True,False,False,false_completion,0.44841332530578387,66.10000000000001,13.403637050282688,13.267813769134172,0.3661903313406851,0.4903618131385532,0.3685276348004765,0.32823751675365154,0.40992965427181793,0.3350495649509653,0.053503105063324397,0.40441847220790306,0.07911650192398419,0.22531041094756787,0.19838228369592875,5.048807345024731,5.048807345024731,0.0,8.858242378606181e-17,1.962615573354719e-16,0.21831219474818822,0.21831219474818822,0.0,66.10000000000001,0.0,0.0,0.0,0.0,66.10000000000001,0.0,0.0,0.0,0.0,False,False,False
271,716948047,2914218226,1,gaussian_plus_offset,CombinedErrorSensor,0.65,0.2,0.1,0.05,True,True,False,False,false_completion,0.49062244314952663,77.7,15.454641885949378,15.221943167482424,0.3612636004522486,0.4759645634451065,0.36349204862923323,0.30278450673026697,0.42156698621718874,0.3090606415468231,0.04605573765559711,0.4419762239048903,0.07019250974603126,0.0,0.11438407172627509,5.819857065872359,5.819857065872358,0.0,7.82764560393773e-17,2.779024842816778e-16,0.3020013772616827,0.3020013772616827,0.0,76.0,0.0,1.6999999999999957,0.0,0.0,77.7,0.0,0.0,0.0,0.0,False,True,False
272,3683843986,2185353725,1,gaussian_plus_offset,CombinedErrorSensor,0.65,0.2,0.1,0.05,True,True,True,False,safety_violation,0.210129968806913,73.60000000000001,15.029109132991358,15.039262820021671,0.3613160661213625,0.49700544192368606,0.3637351332335242,0.27755663205567704,0.37680864501484373,0.28275674343235174,0.050611180199518234,0.472596740444261,0.0720683344996647,0.0,0.07740325955573903,5.921566876436488,5.921566876436488,0.0,8.216676283676364e-17,2.7809732887839817e-16,0.381655567049557,0.381655567049557,0.0,67.9,0.7999999999999972,4.900000000000013,0.0,0.0,73.60000000000001,0.0,0.0,0.0,0.0,False,True,False
273,641729385,1443877831,1,gaussian_plus_offset,CombinedErrorSensor,0.65,0.2,0.1,0.05,True,True,False,False,false_completion,0.4134298927457513,74.2,14.467435936974873,14.2248121218937,0.3644687252069564,0.5318008992714016,0.36690643985742305,0.3099820951296664,0.44112039597377295,0.31867293816506903,0.055586886087138285,0.4958164826041442,0.0799894365874204,0.0,0.0896788328427015,5.680845673289607,5.680845673289608,0.0,7.814474980240826e-17,2.779024842816778e-16,0.3353482916545459,0.3353482916545459,0.0,61.00000000000001,11.199999999999996,2.0,0.0,0.0,67.50000000000001,6.699999999999989,0.0,0.0,0.0,False,True,False
274,53817024,1444500207,1,gaussian_plus_offset,CombinedErrorSensor,0.65,0.2,0.1,0.05,True,True,False,False,false_completion,0.3669811642833393,70.8,13.9605868865272,13.736080893452288,0.3628716548124918,0.4836149946920709,0.36535359290201186,0.3173319422412655,0.44572238409859877,0.32557850946566175,0.05581126497962188,0.4513127900012382,0.07818202429258568,0.07957877305451394,0.05349549969567937,5.208039702892034,5.208039702892034,0.0,8.325778244909054e-17,2.8609792490763985e-16,0.30736238446563663,0.3073623844656367,0.0,65.0,5.799999999999997,0.0,0.0,0.0,69.1,1.7000000000000028,0.0,0.0,0.0,False,False,False
275,3940032784,3701184968,1,gaussian_plus_offset,CombinedErrorSensor,0.65,0.2,0.1,0.05,True,True,False,False,false_completion,0.49121253299758927,70.5,13.42410224142606,13.40995831956715,0.3614289888693554,0.49384766138432595,0.3639617302060515,0.3215769417756375,0.4210094593314136,0.32787481415674685,0.05154491377984357,0.38998949721969955,0.0750848533226038,0.0,0.052477455117793545,5.533743575875024,5.533743575875024,0.0,8.187373085158603e-17,1.7772239894833365e-16,0.29732682164503316,0.2973268216450332,0.0,62.49999999999999,0.0,4.300000000000004,3.6999999999999975,0.0,69.10000000000001,1.3999999999999915,0.0,0.0,0.0,True,True,False
276,4114063967,4248643499,1,gaussian_plus_offset,CombinedErrorSensor,0.65,0.2,0.1,0.05,True,True,True,False,safety_violation,0.29050250635190517,69.3,13.548614488112747,13.386521432021132,0.3683128444818882,0.483005682602663,0.3705854359986976,0.32928180906753096,0.43138608864486994,0.3359407747961732,0.044782134603897586,0.3518344083806177,0.06560679912299364,0.0,0.19010412202293703,5.585320401858617,5.585320401858618,0.0,8.530747859351174e-17,2.2247786310271853e-16,0.31257320274049155,0.31257320274049155,0.0,64.19999999999999,3.200000000000003,0.0,1.9000000000000004,0.0,69.3,0.0,0.0,0.0,0.0,True,False,False
277,2764423084,946444819,1,gaussian_plus_offset,CombinedErrorSensor,0.65,0.2,0.1,0.05,True,True,False,False,false_completion,0.4161925855667322,75.7,14.79857451050464,14.646541991302287,0.3635773430457604,0.5130528543200475,0.36569621115855994,0.29831352212078116,0.4040836486806661,0.3045970758477244,0.04876253175947995,0.3455129505149085,0.06758598678338204,0.13197307774042422,0.14449587920033657,6.234335892575775,6.234335892575775,0.0,7.99688621907068e-17,2.7769124835677133e-16,0.2551861677455407,0.2551861677455407,0.0,60.4,15.3,0.0,0.0,0.0,71.0,4.7,0.0,0.0,0.0,False,False,False
278,3095793555,2007649964,1,gaussian_plus_offset,CombinedErrorSensor,0.65,0.2,0.1,0.05,True,True,True,False,safety_violation,0.23405040062465074,64.4,13.213640333672856,13.298169445129078,0.3621548428853781,0.47690088333435326,0.36432490187325184,0.3246746571229732,0.43494841005525003,0.33179896693435185,0.049951234497493974,0.3174083237864715,0.06730721593926138,0.0,0.10121077352003756,5.056289844249936,5.056289844249936,0.0,8.776699142572197e-17,2.9893669801409083e-16,0.2692841236801863,0.2692841236801863,0.0,54.4,6.400000000000004,3.6000000000000014,0.0,0.0,64.4,0.0,0.0,0.0,0.0,False,True,False
279,1232035917,1746799248,1,gaussian_plus_offset,CombinedErrorSensor,0.65,0.2,0.1,0.05,True,True,False,False,false_completion,0.3041247207849199,68.5,13.578551140386804,13.475395113573148,0.3632579905614397,0.5416807334452332,0.36516903465157957,0.3246711435914609,0.4257274187727483,0.3313199289107343,0.04687029052963681,0.5209668466913294,0.07014143604110394,0.0,0.09301235330183472,5.12174408170885,5.12174408170885,0.0,8.332035054724394e-17,1.7772239894833365e-16,0.279665508510015,0.279665508510015,0.0,60.699999999999996,0.0,7.800000000000003,0.0,0.0,68.5,0.0,0.0,0.0,0.0,False,True,False
280,229561739,1691000978,1,gaussian_plus_offset,CombinedErrorSensor,0.65,0.2,0.1,0.05,True,True,False,False,false_completion,0.46298475900321356,78.4,14.998556322795416,14.854198403127391,0.35938761078144177,0.49172963211337506,0.36181246430278213,0.29983346657789073,0.41070580700629694,0.30696389930405754,0.05075877320638133,0.38541387314143744,0.07034783004983139,0.0,0.13282200389040133,6.365034010193538,6.365034010193538,0.0,7.615725088259231e-17,2.5133742693021536e-16,0.24695919381386383,0.24695919381386378,0.0,60.099999999999994,16.200000000000006,2.1000000000000014,0.0,0.0,68.6,9.800000000000004,0.0,0.0,0.0,False,True,False
281,4056746478,1322814385,1,gaussian_plus_offset,CombinedErrorSensor,0.65,0.2,0.1,0.05,True,True,True,False,safety_violation,0.2542429117275297,67.8,14.074420411820242,13.915353736387043,0.3663138226529336,0.5870367183175692,0.3684740049198088,0.32611655110601107,0.4554737634424398,0.3392240995576746,0.05516251026432694,0.5546710705427965,0.08191438455552104,0.0,0.0953510564343556,5.349205009902342,5.3492050099023425,0.0,8.300614390362988e-17,2.830524433501838e-16,0.3015760586054223,0.3015760586054223,0.0,59.099999999999994,5.3,3.3999999999999986,0.0,0.0,67.8,0.0,0.0,0.0,0.0,False,True,False
282,1490637715,235682852,1,gaussian_plus_offset,CombinedErrorSensor,0.65,0.2,0.1,0.05,True,True,False,False,false_completion,0.3172048338442337,72.9,14.04830808279634,14.108166394300154,0.36562280731713775,0.5172761441224178,0.36776467865280565,0.3149678318801556,0.4101763070200683,0.32139847014678197,0.04671508877517358,0.3102960223555886,0.0637161845478028,0.0,0.15524910743434567,5.552931354629109,5.552931354629109,0.0,7.788319414395609e-17,2.7755575615628914e-16,0.36551569685419294,0.36551569685419294,0.0,63.599999999999994,2.200000000000003,2.700000000000003,4.4,0.0,72.9,0.0,0.0,0.0,0.0,True,True,False
283,3172887330,1257601206,1,gaussian_plus_offset,CombinedErrorSensor,0.65,0.2,0.1,0.05,True,True,False,False,false_completion,0.42809612416548526,87.9,17.095302716763484,17.044288693874947,0.35651020937470473,0.5537884701149238,0.3588438751752251,0.25835950907788524,0.46134854026757943,0.2795284593400802,0.052678119563145144,0.5537884701149238,0.07484717697421975,0.0,0.0,7.236368601256887,7.2363686012568875,0.0,8.309650466845044e-17,2.8609792490763985e-16,0.46792806828012473,0.46792806828012473,0.0,77.5,7.1000000000000085,0.0,3.299999999999997,0.0,85.6,2.3000000000000043,0.0,0.0,0.0,True,False,False
284,4059518722,4054307301,1,gaussian_plus_offset,CombinedErrorSensor,0.65,0.2,0.1,0.05,True,True,False,False,false_completion,0.4325342918635948,66.5,13.249479150281042,13.257429545326108,0.3576211446978854,0.5007141089723022,0.3601077945605483,0.30871755421423774,0.40390656893135296,0.3147573579800806,0.053531960500932146,0.4396988713855182,0.07412637358388056,0.26269482493372204,0.11245308941049646,5.384996457197207,5.384996457197207,0.0,8.743541981371997e-17,1.962615573354719e-16,0.35271269125519006,0.35271269125519006,0.0,59.99999999999999,6.500000000000005,0.0,0.0,0.0,66.5,0.0,0.0,0.0,0.0,False,False,False
285,3789557191,1481771505,1,gaussian_plus_offset,CombinedErrorSensor,0.65,0.2,0.1,0.05,True,True,False,False,false_completion,0.3441743343598945,67.8,13.283228084606495,13.278139138059744,0.3628733163631215,0.47372174862516364,0.36515623705816364,0.3210492831204553,0.4101182841792581,0.3265276064404635,0.05124882610617407,0.39016649761933625,0.07446118867561,0.0,0.11888566540807155,5.179223015100374,5.179223015100374,0.0,8.576566114888516e-17,1.962615573354719e-16,0.2690550259191377,0.26905502591913777,0.0,60.99999999999999,4.900000000000002,1.8999999999999986,0.0,0.0,67.8,0.0,0.0,0.0,0.0,False,True,False
286,3875003028,956792337,1,gaussian_plus_offset,CombinedErrorSensor,0.65,0.2,0.1,0.05,True,True,True,True,goal_reached,0.2668982993864366,71.8,14.043578102063805,13.805933455550955,0.36269998694888406,0.5770118792180796,0.3651038105867062,0.2897001286050284,0.3977063011526543,0.2984888855853326,0.05825357115569057,0.5763355473523457,0.08377314307953691,0.23611735448290183,0.014023666073027227,5.459392202338122,5.459392202338121,0.0,8.158621162510133e-17,2.7755575615628914e-16,0.20988410057210116,0.2098841005721012,0.0,58.300000000000004,13.499999999999993,0.0,0.0,0.0,65.69999999999999,6.100000000000001,0.0,0.0,0.0,False,False,False
287,3836413122,1604764411,1,gaussian_plus_offset,CombinedErrorSensor,0.65,0.2,0.1,0.05,True,True,False,False,false_completion,0.4826302915976533,71.0,14.13682845823994,13.956286610776067,0.3619414990471368,0.4983242752207252,0.3641579388098906,0.31321773077954224,0.43403939265023606,0.32330323560540414,0.04852240263587439,0.42300188524541166,0.07051407621505368,0.12292590458880426,0.1139706489621422,5.358002500408835,5.358002500408835,0.0,8.368175720946219e-17,2.776424787817943e-16,0.275003440153249,0.275003440153249,0.0,63.10000000000001,7.899999999999995,0.0,0.0,0.0,70.89999999999999,0.10000000000000142,0.0,0.0,0.0,False,False,False
288,2184115418,276814588,1,gaussian_plus_offset,CombinedErrorSensor,0.65,0.2,0.1,0.05,True,True,False,False,false_completion,0.42259791151638704,78.60000000000001,15.212683624332222,15.254551565421012,0.3622499451796885,0.4854864343696417,0.3643390468534559,0.2857655644270371,0.40373696299128753,0.3018046670536824,0.04690111602873473,0.38681558975952746,0.06507963155893431,0.0,0.09130758523653634,6.406074328735704,6.406074328735704,0.0,7.93025125751185e-17,2.779024842816778e-16,0.30626768160956547,0.30626768160956547,0.0,56.50000000000001,16.0,0.8999999999999986,5.199999999999999,0.0,67.0,11.6,0.0,0.0,0.0,True,True,False
289,3267561147,1867115710,1,gaussian_plus_offset,CombinedErrorSensor,0.65,0.2,0.1,0.05,True,True,False,False,false_completion,0.48379078854386615,76.0,14.58685642932734,14.674954858478564,0.36078196522395634,0.5025984119842413,0.3633581445955272,0.29800187945780476,0.3909945372950352,0.310428437049183,0.05223189483881037,0.3945732324430175,0.07658626674049818,0.0,0.03560607315143425,5.953497348381916,5.953497348381916,0.0,7.682005576304375e-17,1.962615573354719e-16,0.2911692151165823,0.2911692151165822,0.0,62.199999999999996,9.8,4.000000000000004,0.0,0.0,73.1,2.8999999999999986,0.0,0.0,0.0,False,True,False
290,1338960723,2020451545,1,gaussian_plus_offset,CombinedErrorSensor,0.65,0.2,0.1,0.05,True,True,True,True,goal_reached,0.26111775897880257,74.7,14.192279458281892,14.152632497732684,0.3645926879206701,0.4805997751689742,0.36694962754865457,0.32615536939370876,0.44495297128292083,0.33291371370057193,0.05258805204252355,0.4665137901083111,0.07441787872102669,0.1631573145404905,0.12508627905416286,5.854862549138953,5.854862549138954,0.0,7.808983614958852e-17,2.7833528704240246e-16,0.4033628333508597,0.4033628333508597,0.0,59.2,15.499999999999996,0.0,0.0,0.0,74.7,0.0,0.0,0.0,0.0,False,False,False
291,3105204066,3893728945,1,gaussian_plus_offset,CombinedErrorSensor,0.65,0.2,0.1,0.05,True,True,False,False,false_completion,0.45302421461686604,77.7,16.043114828290705,16.15844250019676,0.36147833592801365,0.47570406760049416,0.3633738468132081,0.2767649313687229,0.39865028450064066,0.2918528826839434,0.0449416120802185,0.3469826817020786,0.06321159759578718,0.05131467206526585,0.12900846673059593,5.9018256105120805,5.9018256105120805,0.0,8.515402630810487e-17,2.797157557069881e-16,0.3219999508283069,0.3219999508283069,0.0,64.19999999999999,13.500000000000007,0.0,0.0,0.0,76.49999999999999,1.20000000000001,0.0,0.0,0.0,False,False,False
292,3217045316,3144965389,1,gaussian_plus_offset,CombinedErrorSensor,0.65,0.2,0.1,0.05,False,False,False,False,planning_failure,nan,nan,nan,nan,nan,nan,nan,nan,nan,nan,nan,nan,nan,nan,nan,nan,nan,nan,nan,nan,nan,nan,nan,,,,,,,,,,,,,
293,3129666222,2804183316,1,gaussian_plus_offset,CombinedErrorSensor,0.65,0.2,0.1,0.05,False,False,False,False,planning_failure,nan,nan,nan,nan,nan,nan,nan,nan,nan,nan,nan,nan,nan,nan,nan,nan,nan,nan,nan,nan,nan,nan,nan,,,,,,,,,,,,,
294,1628645893,3900630187,1,gaussian_plus_offset,CombinedErrorSensor,0.65,0.2,0.1,0.05,True,True,False,False,false_completion,0.48621034996869833,68.10000000000001,13.768308839062739,13.606458227048908,0.3543605332388723,0.5340599105182576,0.35671924382120307,0.2972101392089259,0.4172331193424587,0.3107672460020134,0.052392042210441116,0.5340599105182576,0.07817859327935996,0.0,0.07456475190139907,5.211747574907189,5.211747574907189,0.0,8.66957355767649e-17,1.962615573354719e-16,0.30506441137092216,0.30506441137092216,0.0,67.0,0.0,0.0,1.1000000000000014,0.0,68.10000000000001,0.0,0.0,0.0,0.0,True,False,False
295,271103938,670980768,1,gaussian_plus_offset,CombinedErrorSensor,0.65,0.2,0.1,0.05,True,True,True,True,goal_reached,0.22395804794882024,81.7,16.620868268785927,16.348846782928177,0.3688222719511809,0.5099333194509906,0.3710652015744822,0.2755167289920129,0.42095908559216716,0.28501505148957557,0.049486034317185436,0.5090622144675924,0.07470609726343462,0.25746782704927784,0.12434240318299228,6.539313631661926,6.539313631661928,0.0,7.968292933754226e-17,2.7833528704240246e-16,0.28056847393627077,0.2805684739362707,0.0,61.10000000000001,20.59999999999999,0.0,0.0,0.0,79.3,2.400000000000002,0.0,0.0,0.0,False,False,False
296,930298321,3877237296,1,gaussian_plus_offset,CombinedErrorSensor,0.65,0.2,0.1,0.05,True,True,True,False,safety_violation,0.2996937141818763,70.0,13.455566325543662,13.431036051235091,0.3616027368641528,0.48535058489385385,0.36368340409308575,0.3186032493310788,0.4145274675727035,0.3250544404103176,0.04741210413497069,0.35726488573222237,0.06831038444632453,0.0,0.11803249107417096,5.420820457420413,5.420820457420413,0.0,8.200319790143885e-17,1.962615573354719e-16,0.2669677371948984,0.26696773719489836,0.0,55.79999999999999,12.500000000000004,1.7000000000000028,0.0,0.0,66.6,3.3999999999999986,0.0,0.0,0.0,False,True,False
297,4247440162,64953539,1,gaussian_plus_offset,CombinedErrorSensor,0.65,0.2,0.1,0.05,True,True,False,False,false_completion,0.3524596146472402,72.8,14.747523871777815,14.491459109360544,0.3614296775563907,0.4910470127471546,0.36349126685744504,0.2961178953783944,0.4105496650147313,0.3045268851123673,0.047795679269114946,0.3861488522796777,0.07166020725237443,0.0,0.0920127127971194,5.994009161216758,5.994009161216758,0.0,8.274822459783165e-17,2.779024842816778e-16,0.33602977842017145,0.33602977842017145,0.0,67.6,0.8999999999999986,4.300000000000004,0.0,0.0,72.8,0.0,0.0,0.0,0.0,False,True,False
298,2355914593,3287357915,1,gaussian_plus_offset,CombinedErrorSensor,0.65,0.2,0.1,0.05,True,True,False,False,false_completion,0.4926521015411988,75.60000000000001,14.804501737683266,14.709096610965807,0.3692966238181336,0.4893963034687536,0.3716251654355252,0.30867797187186985,0.46563863747674006,0.31841438120147686,0.049031059480587204,0.44138751470804427,0.07311405756564442,0.0,0.10887657205184229,5.859640598241085,5.859640598241086,0.0,8.078281047610293e-17,2.5133742693021536e-16,0.2813554620179939,0.2813554620179939,0.0,65.2,5.899999999999999,1.0000000000000018,3.5,0.0,74.10000000000001,1.4999999999999964,0.0,0.0,0.0,True,True,False
299,3155458668,3892778345,1,gaussian_plus_offset,CombinedErrorSensor,0.65,0.2,0.1,0.05,True,True,False,False,false_completion,0.3184482203744388,72.7,14.512599078788035,14.399902630083695,0.361526114832506,0.4873852147010222,0.36355958749787787,0.30014209841024303,0.3975906320711847,0.30814544357204465,0.05034095309728875,0.38218033419691055,0.07285501367763497,0.0,0.17400229671930267,5.499124875555809,5.49912487555581,0.0,7.898327271063569e-17,2.7894008272968645e-16,0.3561154916022521,0.35611549160225214,0.0,65.2,6.700000000000003,0.0,0.7999999999999972,0.0,72.7,0.0,0.0,0.0,0.0,True,False,False
300,261694751,3306138721,1,gaussian_plus_offset,CombinedErrorSensor,0.65,0.2,0.1,0.05,True,True,False,False,false_completion,0.4269949314515005,69.9,13.825381912480099,13.702308471173717,0.36059823975074634,0.5119381369180109,0.3627496549065167,0.314300912867557,0.40693791608232577,0.32020461111524356,0.04644199177918614,0.5119381369180109,0.06762308171156471,0.22669240564289694,0.12492496033879709,5.420386146065175,5.420386146065175,0.0,8.205687952096268e-17,1.7772239894833365e-16,0.3309089280445678,0.3309089280445678,0.0,60.300000000000004,9.600000000000001,0.0,0.0,0.0,69.9,0.0,0.0,0.0,0.0,False,False,False
301,3070443799,2229780676,1,gaussian_plus_offset,CombinedErrorSensor,0.65,0.2,0.1,0.05,False,False,False,False,planning_failure,nan,nan,nan,nan,nan,nan,nan,nan,nan,nan,nan,nan,nan,nan,nan,nan,nan,nan,nan,nan,nan,nan,nan,,,,,,,,,,,,,
302,4014468795,3330966323,1,gaussian_plus_offset,CombinedErrorSensor,0.65,0.2,0.1,0.05,True,True,False,False,false_completion,0.5305053084704876,76.10000000000001,14.50839160608946,14.232794534966603,0.36414745159629114,0.576399151975669,0.36658919268912576,0.31114125454560776,0.44309352071951336,0.32415884172130016,0.04872840787412697,0.574982534618839,0.07375202669670863,0.053380044309253805,0.10624543828620467,5.820665351451927,5.820665351451927,0.0,7.761357047090872e-17,1.962615573354719e-16,0.3132633603431991,0.3132633603431991,0.0,66.60000000000001,9.5,0.0,0.0,0.0,71.3,4.800000000000001,0.0,0.0,0.0,False,False,False
303,2297809352,309975942,1,gaussian_plus_offset,CombinedErrorSensor,0.65,0.2,0.1,0.05,True,True,False,False,false_completion,0.3493585175036639,65.5,13.207270655139768,13.1278796462491,0.3632878958269702,0.5609170618013078,0.3658788290958028,0.33293832878053276,0.43837239868434036,0.33975839776650857,0.0533981978060737,0.5597431672925716,0.0748959118219694,0.0,0.06549654644293212,5.245921133017168,5.245921133017168,0.0,8.766943321173834e-17,1.962615573354719e-16,0.3875943499913653,0.3875943499913653,0.0,59.3,3.1000000000000014,0.0,3.1000000000000014,0.0,65.5,0.0,0.0,0.0,0.0,True,False,False
304,1395041433,176894916,1,gaussian_plus_offset,CombinedErrorSensor,0.65,0.2,0.1,0.05,True,True,True,False,safety_violation,0.2975398050410878,74.60000000000001,14.766268948573572,14.483748987745242,0.3676469238540126,0.4953199567075712,0.3703334723501705,0.30655531685461096,0.4294682792238783,0.3162893095654647,0.05557919984463441,0.4598259962118553,0.07561723496523175,0.0,0.054588033542164016,5.8898277232154665,5.8898277232154665,0.0,8.29554079683519e-17,2.830524433501838e-16,0.24714540330554738,0.24714540330554738,0.0,68.30000000000001,1.2000000000000028,0.0,5.099999999999994,0.0,73.10000000000001,1.5,0.0,0.0,0.0,True,False,False
305,3864368792,234163914,1,gaussian_plus_offset,CombinedErrorSensor,0.65,0.2,0.1,0.05,True,True,False,False,false_completion,0.3758162644045223,75.3,15.421479056723706,15.059390255015968,0.36599191049164703,0.4734377447085075,0.36809478826423286,0.2894832257156208,0.4259839756209503,0.3020783874962443,0.04615786055178711,0.4664446328955788,0.07148228905940014,0.0,0.08405088270615689,5.836677148443455,5.836677148443454,0.0,8.062012179596245e-17,2.779024842816778e-16,0.22451942027191038,0.22451942027191038,0.0,65.19999999999999,8.200000000000003,0.0,1.8999999999999986,0.0,70.0,5.299999999999997,0.0,0.0,0.0,True,False,False
306,3165692786,152022987,1,gaussian_plus_offset,CombinedErrorSensor,0.65,0.2,0.1,0.05,True,True,False,False,false_completion,0.41300318489630655,70.10000000000001,14.48155388442786,14.275432048288213,0.3675759199764834,0.48253161529050503,0.36999320202716957,0.3202939850780975,0.44785096189215884,0.33038234480958767,0.05467283743783875,0.46772257467592954,0.08131690344642334,0.0,0.08230474267300425,5.863993276256521,5.863993276256521,0.0,8.544161663553901e-17,2.776424787817943e-16,0.3005329353320164,0.3005329353320164,0.0,60.70000000000001,0.1999999999999993,3.8999999999999986,5.299999999999997,0.0,70.10000000000001,0.0,0.0,0.0,0.0,True,True,False
307,2518834372,2627015822,1,gaussian_plus_offset,CombinedErrorSensor,0.65,0.2,0.1,0.05,True,True,False,False,false_completion,0.39491990142776234,85.2,17.573020560922807,17.351755391459918,0.3610307593085255,0.48797635755635466,0.36312669905840356,0.2468968333964937,0.4230252291652089,0.2719971153073392,0.0413695904758556,0.48710636766353277,0.06273205398506244,0.2730453625163367,0.05418532057491021,7.028385796324763,7.028385796324763,0.0,8.501622583203656e-17,2.7894008272968645e-16,0.3122633913974854,0.3122633913974854,0.0,71.69999999999999,13.500000000000014,0.0,0.0,0.0,83.89999999999999,1.3000000000000007,0.0,0.0,0.0,False,False,False
308,1500926823,2702353126,1,gaussian_plus_offset,CombinedErrorSensor,0.65,0.2,0.1,0.05,True,True,False,False,false_completion,0.4606374135912183,75.10000000000001,15.244169061970176,14.935301291548276,0.3669427152573158,0.5045256425356786,0.3693086909340326,0.29825464610610936,0.44100526765310527,0.30696856945039597,0.04824556023322186,0.46019376479391993,0.0730255171630061,0.0,0.09090664867690008,6.182485326028345,6.182485326028346,0.0,8.261890430932818e-17,2.779024842816778e-16,0.3064458721518344,0.30644587215183444,0.0,63.20000000000002,9.299999999999997,0.0,2.5999999999999943,0.0,74.30000000000001,0.7999999999999972,0.0,0.0,0.0,True,False,False
309,1478697371,1836739835,1,gaussian_plus_offset,CombinedErrorSensor,0.65,0.2,0.1,0.05,True,True,True,False,safety_violation,0.2980969621874004,68.8,13.168930836239527,13.060211431863303,0.3637046051951238,0.5015862752758876,0.36612486578872644,0.3561532080082422,0.5100855027385223,0.36349590465585024,0.05586406191340139,0.438399972869532,0.08148408682666368,0.0,0.12488443633441393,5.283838534336784,5.283838534336784,0.0,8.423698050895111e-17,1.962615573354719e-16,0.2415201489972423,0.24152014899724242,0.0,58.89999999999999,7.600000000000001,2.3000000000000043,0.0,0.0,68.8,0.0,0.0,0.0,0.0,False,True,False
310,1997022228,3702656684,1,gaussian_plus_offset,CombinedErrorSensor,0.65,0.2,0.1,0.05,False,False,False,False,planning_failure,nan,nan,nan,nan,nan,nan,nan,nan,nan,nan,nan,nan,nan,nan,nan,nan,nan,nan,nan,nan,nan,nan,nan,,,,,,,,,,,,,
311,8808251,2699201123,1,gaussian_plus_offset,CombinedErrorSensor,0.65,0.2,0.1,0.05,True,True,False,False,false_completion,0.48715149909986705,73.3,14.531500071388223,14.4364239705302,0.3602923054319546,0.48311364300887755,0.362568415722446,0.3088547881785036,0.4345356630832775,0.3204944800772917,0.05544360610154702,0.45846533602302475,0.07782694274283132,0.0,0.10476737938038068,6.1551713701502475,6.1551713701502475,0.0,8.690965582880964e-17,2.776424787817943e-16,0.28044933459128585,0.2804493345912859,0.0,61.59999999999999,6.800000000000001,2.6000000000000005,2.3000000000000043,0.0,68.89999999999999,4.399999999999999,0.0,0.0,0.0,True,True,False
312,2510452995,877120150,1,gaussian_plus_offset,CombinedErrorSensor,0.65,0.2,0.1,0.05,True,True,True,False,safety_violation,0.23526854447750756,71.3,13.708753496194966,13.41165034222107,0.36847031315974443,0.500874627021858,0.3707458901479789,0.3408481244712132,0.44568936503327544,0.3490027461419313,0.05338564492891519,0.3809535634570695,0.07519657510375025,0.0,0.09110784950533657,5.502870461913298,5.502870461913298,0.0,8.29420580086938e-17,1.962615573354719e-16,0.2851403077119023,0.2851403077119023,0.0,62.99999999999999,6.600000000000001,0.0,1.7000000000000028,0.0,70.2,1.0999999999999943,0.0,0.0,0.0,True,False,False
313,3662182205,3029917006,1,gaussian_plus_offset,CombinedErrorSensor,0.65,0.2,0.1,0.05,True,True,True,False,safety_violation,0.2868811355971875,112.30000000000001,21.834712428189956,21.761132732255525,0.36278979253432936,0.5567900197002833,0.364936272143779,0.24433312785191963,0.4032466573957686,0.26471705797557427,0.04453275495167258,0.5567900197002833,0.06527379402976309,0.0,0.09849790246345977,8.598746731367115,8.598746731367115,0.0,8.048775248035641e-17,2.368389951639684e-16,0.4003677680623217,0.40036776806232166,0.0,90.6,16.20000000000001,5.4999999999999964,0.0,0.0,107.30000000000001,4.9999999999999964,0.0,0.0,0.0,False,True,False
314,2529132381,1521881222,1,gaussian_plus_offset,CombinedErrorSensor,0.65,0.2,0.1,0.05,True,True,False,False,false_completion,0.4186629703259799,74.2,15.550475362653478,15.34700025264416,0.36764085347513364,0.4889188309275672,0.36995339731539734,0.2893444947037306,0.42647222428913695,0.2996716889356901,0.058985551433387254,0.378949866753667,0.08139850933382269,0.0,0.10078983260871954,6.412739741210091,6.412739741210093,0.0,8.266846048280124e-17,2.797157557069881e-16,0.3173919534488154,0.3173919534488154,0.0,66.1,4.800000000000001,1.3000000000000007,2.0,0.0,73.6,0.5999999999999979,0.0,0.0,0.0,True,True,False
315,4244911519,1257395889,1,gaussian_plus_offset,CombinedErrorSensor,0.65,0.2,0.1,0.05,True,True,False,False,false_completion,0.36260962953213655,59.5,12.788357711257273,12.788225099390857,0.35811168101292756,0.4509448645618557,0.3602438737985062,0.3404571111145854,0.4251776057550677,0.34677398346258215,0.047181493086352166,0.3618152494335216,0.06862835306145226,0.0,0.13045425758840334,5.021086555118524,5.021086555118524,0.0,9.499003189832542e-17,1.962615573354719e-16,0.35844343698523834,0.35844343698523834,0.0,56.2,1.7999999999999972,0.0,1.5,0.0,59.5,0.0,0.0,0.0,0.0,True,False,False
316,1076928853,2642541720,1,gaussian_plus_offset,CombinedErrorSensor,0.65,0.2,0.1,0.05,True,True,False,False,false_completion,0.41046180480852973,73.8,13.992746646293647,14.026142827622786,0.36007334237157923,0.5108060588823744,0.3629831050852157,0.30757551296674235,0.4382722126122967,0.31557462222614135,0.055007342878165943,0.43604807902827264,0.07987152784993368,0.0,0.0525317870558939,5.889141809263124,5.8891418092631245,0.0,7.941371372502907e-17,1.962615573354719e-16,0.3261099699927881,0.326109969992788,0.0,60.9,12.799999999999995,0.10000000000000142,0.0,0.0,66.6,7.199999999999999,0.0,0.0,0.0,False,True,False
317,3900580241,3253598588,1,gaussian_plus_offset,CombinedErrorSensor,0.65,0.2,0.1,0.05,True,True,False,False,false_completion,0.3984266941511274,76.4,16.146777409888315,15.911335371557154,0.36519622993309997,0.6193267798516878,0.3675453673535112,0.2636567114833209,0.44163589825780075,0.2865574719047958,0.054990084901727875,0.6193267798516878,0.07960823902489303,0.0,0.05808790379607921,6.327596960589654,6.327596960589654,0.0,8.312661256222108e-17,2.776424787817943e-16,0.39362021973940814,0.39362021973940814,0.0,69.8,1.9000000000000004,4.699999999999996,0.0,0.0,76.4,0.0,0.0,0.0,0.0,False,True,False
318,1443759745,4221436515,1,gaussian_plus_offset,CombinedErrorSensor,0.65,0.2,0.1,0.05,True,True,False,False,false_completion,0.4562695878982507,69.9,14.103396935009979,13.93245381933185,0.3671273347796804,0.48943889111817057,0.36926734452701326,0.3134426633921324,0.42956749731870225,0.32038422000330014,0.04676343923101436,0.3362668875846015,0.06762765354888303,0.0,0.13036500785606023,5.696528848227782,5.696528848227782,0.0,8.4875568552657e-17,2.498001805406602e-16,0.3014918615820652,0.3014918615820652,0.0,66.2,1.5,2.1999999999999957,0.0,0.0,69.9,0.0,0.0,0.0,0.0,False,True,False
319,4114846692,1948432374,1,gaussian_plus_offset,CombinedErrorSensor,0.65,0.2,0.1,0.05,True,True,False,False,false_completion,0.3718033590277998,75.2,14.344063657456633,14.346716381730992,0.3600171260595913,0.4838264604328462,0.36241830995631763,0.2972143486349662,0.44036071372041763,0.3057746748468455,0.05274144445377607,0.4130517955551982,0.07491746454406263,0.0,0.07581137642054013,5.518094174677167,5.518094174677167,0.0,7.692671725209407e-17,2.498965354837e-16,0.2609048738150025,0.26090487381500255,0.0,60.199999999999996,9.200000000000003,3.1000000000000014,2.6999999999999993,0.0,68.5,6.699999999999999,0.0,0.0,0.0,True,True,False
320,1401556152,1596559168,1,gaussian_plus_offset,CombinedErrorSensor,0.65,0.2,0.1,0.05,True,True,False,False,false_completion,0.40373695569339857,69.4,13.912181748980252,13.790041801160825,0.36765982534057534,0.4789505801433145,0.36992230948272564,0.30975662980051877,0.4343633379982894,0.31950268879115107,0.05636643632264813,0.4173554148627165,0.07914908011760485,0.0,0.09413519363156636,5.578873040495337,5.578873040495337,0.0,8.300270843906783e-17,2.7894008272968645e-16,0.25480517223386545,0.25480517223386545,0.0,47.7,18.799999999999997,2.9000000000000004,0.0,0.0,61.5,7.900000000000002,0.0,0.0,0.0,False,True,False
321,3842624667,3668822796,1,gaussian_plus_offset,CombinedErrorSensor,0.65,0.2,0.1,0.05,True,True,False,False,false_completion,0.303918782210132,68.3,13.257691500412918,13.340850322382234,0.3605806182780938,0.48288871674264616,0.3629574843132227,0.3126544075956094,0.4027728649727741,0.3170241808098236,0.04936202877634808,0.3726515791330589,0.06886100366428086,0.0,0.05144317241766338,5.1899500077661544,5.1899500077661544,0.0,8.551279287370906e-17,2.2247786310271853e-16,0.32507200406660874,0.3250720040666087,0.0,60.199999999999996,3.899999999999995,4.200000000000003,0.0,0.0,68.3,0.0,0.0,0.0,0.0,False,True,False
322,1983609201,1852087215,1,gaussian_plus_offset,CombinedErrorSensor,0.65,0.2,0.1,0.05,True,True,True,False,safety_violation,0.25389723977302414,78.80000000000001,15.787029553425532,15.621270726346342,0.3649635710971839,0.5171632695072503,0.3673599051228527,0.28087560709318,0.4095564208456066,0.28710367640093326,0.05199879360168968,0.4876513895628242,0.07446061821522056,0.0,0.11889950255978135,6.006053348620164,6.006053348620164,0.0,7.560678703469733e-17,2.5133742693021536e-16,0.3899805897220029,0.3899805897220029,0.0,55.600000000000016,16.999999999999993,0.0,6.200000000000003,0.0,76.9,1.8999999999999986,0.0,0.0,0.0,True,False,False
323,1265791630,93762455,1,gaussian_plus_offset,CombinedErrorSensor,0.65,0.2,0.1,0.05,True,True,False,False,false_completion,0.355965065604415,66.4,13.27548662636664,13.141130638151479,0.36411978592590316,0.49656120954709115,0.36650233062151144,0.3439051907540895,0.4435550276537319,0.351024342615389,0.05265181393766508,0.4339610909469955,0.07846710396473863,0.3015118807141448,0.13990219630692274,5.189717873526051,5.189717873526052,0.0,8.677911883178252e-17,1.8670653977139892e-16,0.21976148188797495,0.21976148188797498,0.0,55.89999999999999,10.500000000000009,0.0,0.0,0.0,66.4,0.0,0.0,0.0,0.0,False,False,False
324,3546151447,4049281049,1,gaussian_plus_offset,CombinedErrorSensor,0.65,0.2,0.1,0.05,True,True,False,False,false_completion,0.48950671040788213,74.8,15.035656949381362,14.761812379607653,0.3631672378752094,0.5150304351405335,0.36542379467067737,0.29248964944994776,0.4048628797486836,0.30020499675256246,0.04943315027790283,0.5146674540299143,0.07673997987938212,0.0,0.09931067195676213,5.926869250753043,5.926869250753043,0.0,7.830434220281816e-17,2.2247786310271853e-16,0.24572633867267873,0.24572633867267873,0.0,69.3,3.0,2.4999999999999982,0.0,0.0,72.3,2.4999999999999947,0.0,0.0,0.0,False,True,False
325,525814137,3539809369,1,gaussian_plus_offset,CombinedErrorSensor,0.65,0.2,0.1,0.05,True,True,False,False,false_completion,0.473595642223597,70.2,14.2064826262595,14.034746225683913,0.3710609702110444,0.49887842694851264,0.3733799497272007,0.3194228512106697,0.4468021444122605,0.3298909489618926,0.05076695654113436,0.44456033298806275,0.07589337163760759,0.0,0.14319273768636015,5.6437830351081075,5.6437830351081075,0.0,8.282923291219909e-17,2.498965354837e-16,0.3191919085793478,0.3191919085793478,0.0,64.1,4.600000000000001,1.5,0.0,0.0,68.19999999999999,2.0000000000000036,0.0,0.0,0.0,False,True,False
326,2481991110,814435279,1,gaussian_plus_offset,CombinedErrorSensor,0.65,0.2,0.1,0.05,True,True,False,False,false_completion,0.46451191839485867,74.8,14.380783362487257,14.149848183508091,0.3608363077908679,0.5092029302411895,0.36293993489361437,0.3046136703625467,0.4112086143743988,0.31571014461008845,0.048896175257494685,0.5092029302411895,0.06960268365074537,0.12358448778183728,0.05127234580242684,5.5688881459956345,5.5688881459956345,0.0,8.024676747795474e-17,2.2591401799415137e-16,0.2843039687832263,0.28430396878322634,0.0,67.3,7.5,0.0,0.0,0.0,74.8,0.0,0.0,0.0,0.0,False,False,False
327,3166319258,2915168923,1,gaussian_plus_offset,CombinedErrorSensor,0.65,0.2,0.1,0.05,True,True,False,False,false_completion,0.44286364387040994,78.5,15.308325627695123,15.31191220907801,0.3658764115077161,0.5228556463251346,0.36822611404715694,0.278598723297219,0.39214507846474594,0.2918187105115239,0.045687633287702666,0.3120800426778162,0.06100013305472174,0.12648818241944368,0.15674733241733488,6.327735708971087,6.327735708971087,0.0,7.712013613991745e-17,2.776424787817943e-16,0.3185055501733911,0.3185055501733911,0.0,65.6,12.900000000000004,0.0,0.0,0.0,76.99999999999999,1.5000000000000036,0.0,0.0,0.0,False,False,False
328,4202554975,263124526,1,gaussian_plus_offset,CombinedErrorSensor,0.65,0.2,0.1,0.05,True,True,False,False,false_completion,0.3906780953007457,61.300000000000004,12.999452992212811,12.863788662072118,0.3649558084262615,0.4946556604427964,0.36741595177515446,0.32982081883893877,0.42645028776994337,0.33593771337445966,0.0517595951972891,0.4754909828613076,0.08061458828692737,0.0,0.08334412803720644,5.085112268338615,5.085112268338615,0.0,9.438610975842242e-17,1.962615573354719e-16,0.32548471142127094,0.32548471142127094,0.0,51.599999999999994,8.300000000000004,0.0,1.4000000000000004,0.0,59.6,1.6999999999999993,0.0,0.0,0.0,True,False,False
329,1090630675,260126566,1,gaussian_plus_offset,CombinedErrorSensor,0.65,0.2,0.1,0.05,True,True,False,False,false_completion,0.48322175192663097,71.8,14.568873439486442,14.475333142166521,0.3630169308583165,0.4612350203170883,0.36502235520759785,0.2937616797210219,0.391632701897992,0.3031164061306437,0.04857593413074468,0.42060928084798244,0.07370631712687471,0.0,0.12536118924203699,5.870597599907194,5.870597599907194,0.0,8.110804122608088e-17,2.5324586304240974e-16,0.47211012840625577,0.47211012840625577,0.0,50.99999999999999,19.6,1.2000000000000028,0.0,0.0,66.49999999999999,5.300000000000001,0.0,0.0,0.0,False,True,False
330,805194769,1062113203,1,gaussian_plus_offset,CombinedErrorSensor,0.65,0.2,0.1,0.05,True,True,True,False,safety_violation,0.18465559646900678,68.8,13.775147382344612,13.809130052501285,0.3582672512080973,0.4937989836897606,0.3601949191075844,0.3005548666885602,0.42013676684144896,0.3087349969419789,0.05008906853308931,0.3599210092923112,0.06944743783909671,0.0,0.14508678888094567,5.454965793772205,5.454965793772205,0.0,8.640868849769388e-17,2.509779795990378e-16,0.366138478447807,0.366138478447807,0.0,60.199999999999996,6.999999999999998,1.6000000000000014,0.0,0.0,68.8,0.0,0.0,0.0,0.0,False,True,False
331,151607691,3837345201,1,gaussian_plus_offset,CombinedErrorSensor,0.65,0.2,0.1,0.05,True,True,True,False,safety_violation,0.2337860995757463,70.4,15.004459180457044,14.87587599377176,0.37035358431766685,0.4959210311297642,0.3728285007847416,0.30058977899181705,0.38799773834146245,0.30881042191471675,0.05049074613961208,0.48441484173190974,0.07531122403013196,0.0,0.09829107410212666,5.781205070507189,5.781205070507191,0.0,8.283190873731029e-17,2.7833528704240246e-16,0.3218379022178093,0.3218379022178093,0.0,58.5,11.300000000000004,0.6000000000000014,0.0,0.0,68.60000000000001,1.7999999999999972,0.0,0.0,0.0,False,True,False
332,2177655872,698235934,1,gaussian_plus_offset,CombinedErrorSensor,0.65,0.2,0.1,0.05,True,True,False,False,false_completion,0.359286143060479,69.60000000000001,13.470564345495355,13.383041199417702,0.365796626499598,0.5047143228119482,0.3686373989655295,0.3275844235967386,0.45399919944016265,0.3338039402787308,0.0518135623569287,0.4025135765955831,0.07101301547576383,0.029347394833793995,0.10505861870034369,5.263481101889966,5.263481101889966,0.0,8.28521738296413e-17,2.7755575615628914e-16,0.3554133408610252,0.3554133408610252,0.0,62.40000000000002,7.199999999999989,0.0,0.0,0.0,69.50000000000001,0.09999999999999432,0.0,0.0,0.0,False,False,False
333,897873287,471136995,1,gaussian_plus_offset,CombinedErrorSensor,0.65,0.2,0.1,0.05,True,True,True,True,goal_reached,0.28817513940793926,79.10000000000001,15.618319228239965,15.613304599612405,0.37038879736150265,0.5046788728578616,0.37272244700508494,0.29790679885909954,0.4258815629517858,0.3061580385798564,0.04913781442275555,0.5042673525670911,0.07453213295751139,0.14942507437493546,0.07639655811187085,6.145290339185197,6.145290339185198,0.0,7.901354443725726e-17,2.779024842816778e-16,0.26410932913028135,0.26410932913028135,0.0,61.4,17.70000000000001,0.0,0.0,0.0,68.69999999999999,10.400000000000013,0.0,0.0,0.0,False,False,False
334,763514114,294386062,1,gaussian_plus_offset,CombinedErrorSensor,0.65,0.2,0.1,0.05,True,True,True,False,safety_violation,0.24539009342269333,73.10000000000001,14.878227299895316,15.057374117111793,0.3660099192150957,0.4767404671359717,0.3682349561807773,0.29601781333305865,0.4348969124360458,0.3050501042828917,0.04904742484809388,0.40377175718708563,0.06836083382240225,0.0,0.055108108459702265,6.021991190836847,6.0219911908368475,0.0,8.247381192695804e-17,2.776424787817943e-16,0.34713573974998824,0.3471357397499881,0.0,61.400000000000006,4.3,2.1000000000000014,5.299999999999997,0.0,73.10000000000001,0.0,0.0,0.0,0.0,True,True,False
335,4175213812,861520140,1,gaussian_plus_offset,CombinedErrorSensor,0.65,0.2,0.1,0.05,False,False,False,False,planning_failure,nan,nan,nan,nan,nan,nan,nan,nan,nan,nan,nan,nan,nan,nan,nan,nan,nan,nan,nan,nan,nan,nan,nan,,,,,,,,,,,,,
336,2954388502,1276276491,1,gaussian_plus_offset,CombinedErrorSensor,0.65,0.2,0.1,0.05,True,True,False,False,false_completion,0.46180202933029835,90.2,18.065448656585044,17.80409331665242,0.3664350938045425,0.48090907216943185,0.3687060167983825,0.2500354850024216,0.39359120446430884,0.2659185679069698,0.048875056560809226,0.4129685576326434,0.06976030697111123,0.0,0.06077687949058599,7.0178849542993715,7.017884954299371,0.0,8.007630750556721e-17,2.7894008272968645e-16,0.23885175652739898,0.23885175652739898,0.0,77.5,10.700000000000003,2.0,0.0,0.0,82.7,7.5,0.0,0.0,0.0,False,True,False
337,2235943386,2895981783,1,gaussian_plus_offset,CombinedErrorSensor,0.65,0.2,0.1,0.05,False,False,False,False,planning_failure,nan,nan,nan,nan,nan,nan,nan,nan,nan,nan,nan,nan,nan,nan,nan,nan,nan,nan,nan,nan,nan,nan,nan,,,,,,,,,,,,,
338,3470333287,392077091,1,gaussian_plus_offset,CombinedErrorSensor,0.65,0.2,0.1,0.05,True,True,True,False,safety_violation,0.19808188870553048,71.9,14.201146312437656,14.041400181333694,0.36994207864467205,0.4950982533129672,0.37202433670031626,0.31917549881866,0.4165158064323562,0.3260152526146851,0.05069344760415655,0.44922629223883537,0.07442408171803302,0.0,0.03373360111403125,5.465233940857315,5.465233940857315,0.0,7.969905415964568e-17,2.830524433501838e-16,0.26687242505874664,0.2668724250587467,0.0,53.7,12.900000000000002,3.299999999999997,2.0,0.0,67.10000000000001,4.799999999999997,0.0,0.0,0.0,True,True,False
339,229694451,761326547,1,gaussian_plus_offset,CombinedErrorSensor,0.65,0.2,0.1,0.05,True,True,True,False,safety_violation,0.29135590053525606,69.3,13.53535519436561,13.31870909780476,0.36418370788515875,0.500153506084583,0.3663467251667452,0.337605163023406,0.42862020355832775,0.34583870137962897,0.05113877147862772,0.3988193333402701,0.07498697870546772,0.0,0.12731980532559783,5.173556071905985,5.173556071905985,0.0,8.355074477777604e-17,2.779024842816778e-16,0.30287041789201796,0.30287041789201796,0.0,61.19999999999999,6.900000000000005,1.2000000000000028,0.0,0.0,69.1,0.20000000000000018,0.0,0.0,0.0,False,True,False
340,3389984200,584043030,1,gaussian_plus_offset,CombinedErrorSensor,0.65,0.2,0.1,0.05,True,True,True,False,safety_violation,0.1375146957519751,64.10000000000001,13.214112484110363,13.15677407279861,0.36278110932311725,0.514001405896128,0.3650684860177288,0.3174407672599274,0.40153682189432566,0.32467107808380274,0.05127718543454689,0.5100899155226992,0.07864735648920479,0.0,0.09777148282106718,5.440190836480237,5.440190836480237,0.0,8.935809192447207e-17,2.2591401799415137e-16,0.3994529611799882,0.3994529611799882,0.0,59.10000000000001,2.2,0.8999999999999986,1.8999999999999986,0.0,64.10000000000001,0.0,0.0,0.0,0.0,True,True,False
341,2259846060,1430329713,1,gaussian_plus_offset,CombinedErrorSensor,0.65,0.2,0.1,0.05,True,True,False,False,false_completion,0.4281622962625249,67.8,13.579634820054654,13.346462964303276,0.3620021624141435,0.49780486444263594,0.3647237465913455,0.32708085973025747,0.41552744274851466,0.3336435452760374,0.053071728492547404,0.43942655807590775,0.07811248537956134,0.1635990048184226,0.07492988401365341,5.178594545197893,5.178594545197894,0.0,8.614509281107044e-17,1.962615573354719e-16,0.2729173826256286,0.2729173826256286,0.0,59.00000000000001,8.79999999999999,0.0,0.0,0.0,67.6,0.20000000000000284,0.0,0.0,0.0,False,False,False
342,1100808599,3351678227,1,gaussian_plus_offset,CombinedErrorSensor,0.65,0.2,0.1,0.05,True,True,False,False,false_completion,0.5589374667202657,84.60000000000001,16.662200759437585,16.62388861576076,0.36564141714962123,0.4791835422916707,0.3677014220032,0.2644742939039358,0.41895940636513374,0.2851849993692555,0.05081115277665995,0.47787826328871685,0.07556457583671589,0.0,0.09335296068720567,6.953352920734072,6.953352920734071,0.0,7.743466438007523e-17,2.776424787817943e-16,0.2787278898028497,0.2787278898028497,0.0,54.8,25.800000000000008,0.0,4.0,0.0,73.2,11.399999999999997,0.0,0.0,0.0,True,False,False
343,2810020882,1743223712,1,gaussian_plus_offset,CombinedErrorSensor,0.65,0.2,0.1,0.05,True,True,False,False,false_completion,0.39300406532736326,79.10000000000001,15.961221291282559,16.174575775491977,0.36700570749568256,0.494504306432585,0.36920729739673486,0.2761568298090232,0.4202795748393584,0.290644511497713,0.0538700503169819,0.47180058665006314,0.07608299378493975,0.0,0.053075604730084436,6.512721410866032,6.512721410866032,0.0,7.661404481862771e-17,2.779024842816778e-16,0.22872427433880144,0.22872427433880155,0.0,65.5,11.2,2.3999999999999995,0.0,0.0,77.8,1.3000000000000007,0.0,0.0,0.0,False,True,False
344,1838110112,3276323680,1,gaussian_plus_offset,CombinedErrorSensor,0.65,0.2,0.1,0.05,True,True,False,False,false_completion,0.4412119800517506,68.7,13.393581486267983,13.193658866183553,0.36212998301790356,0.500617623035669,0.3642109511812536,0.322927035709513,0.47062083539119914,0.33019942534949304,0.048627857860492556,0.43517542122793446,0.0739247539117428,0.19824476697088578,0.08571579605123857,5.185279106156143,5.185279106156143,0.0,8.109336166703292e-17,1.962615573354719e-16,0.2522070204944751,0.2522070204944751,0.0,68.0,0.7000000000000028,0.0,0.0,0.0,68.7,0.0,0.0,0.0,0.0,False,False,False
345,731381694,614159404,1,gaussian_plus_offset,CombinedErrorSensor,0.65,0.2,0.1,0.05,True,True,False,False,false_completion,0.3399806399874273,71.8,13.616775865726279,13.62283600082931,0.35435017264463153,0.6024693824639151,0.3567570881490049,0.3109652978950356,0.4165801928133343,0.3189126914974488,0.05186806823324467,0.5605280303082959,0.07376284186759688,0.0,0.0733176681756158,5.335498736203967,5.335498736203967,0.0,7.96036759247661e-17,1.962615573354719e-16,0.31154300933969525,0.31154300933969525,0.0,64.2,4.3999999999999915,3.200000000000001,0.0,0.0,71.8,0.0,0.0,0.0,0.0,False,True,False
346,1019929013,2368979340,1,gaussian_plus_offset,CombinedErrorSensor,0.65,0.2,0.1,0.05,True,True,False,False,false_completion,0.32210307903320456,70.3,13.526370942613354,13.435383632256142,0.3682735833998603,0.48735585346407856,0.37049590902996793,0.34050333217416945,0.4510713377372922,0.349274045205969,0.05573931019082217,0.3544649101965229,0.07948842521579391,0.0,0.08250156796377509,5.2658454950308,5.265845495030801,0.0,8.001977044845537e-17,1.962615573354719e-16,0.30234443818566675,0.30234443818566675,0.0,60.099999999999994,5.6000000000000005,1.6000000000000014,3.0,0.0,65.19999999999999,5.1000000000000005,0.0,0.0,0.0,True,True,False
347,1630963745,1016495745,1,gaussian_plus_offset,CombinedErrorSensor,0.65,0.2,0.1,0.05,True,True,False,False,false_completion,0.3694789238900585,80.60000000000001,15.79305520721904,15.870771945389821,0.3564774548589889,0.49423906121529326,0.35889214464357144,0.2670436184576276,0.4566380915661563,0.2834624776890625,0.05304230212825719,0.3619605309785651,0.0744825832681622,0.20124305735028333,0.14500769731026397,6.488466605054157,6.488466605054157,0.0,7.918776319253721e-17,2.776424787817943e-16,0.2917377656200108,0.29173776562001064,0.0,58.80000000000001,21.799999999999994,0.0,0.0,0.0,76.40000000000002,4.199999999999987,0.0,0.0,0.0,False,False,False
348,1598967659,144808118,1,gaussian_plus_offset,CombinedErrorSensor,0.65,0.2,0.1,0.05,True,True,False,False,false_completion,0.30496910421283235,83.0,15.79116433442993,15.646986503234167,0.3582600273357992,0.4769009124489548,0.3604376205993279,0.2616111578716086,0.39896632489860906,0.2702265795344892,0.04915349657067954,0.44244575805335323,0.07244458627408118,0.0,0.1300632375285703,6.260328235299644,6.260328235299644,0.0,8.011020513521088e-17,2.779024842816778e-16,0.3115655926307287,0.3115655926307287,0.0,62.2,19.299999999999994,0.0,1.5,0.0,81.39999999999999,1.600000000000012,0.0,0.0,0.0,True,False,False
349,2574130385,485301375,1,gaussian_plus_offset,CombinedErrorSensor,0.65,0.2,0.1,0.05,True,True,False,False,false_completion,0.3760796210808415,72.9,14.19973145560608,14.290965124817335,0.3638299868022811,0.5110825435109019,0.3663785288355878,0.31376692595309913,0.4357812541161912,0.32888146385756356,0.05081097546035746,0.37252181366265535,0.06953206751395784,0.0,0.10729218020177811,5.85513497432513,5.855134974325131,0.0,8.480628667694353e-17,1.8670653977139892e-16,0.3562056105037485,0.35620561050374844,0.0,60.2,7.700000000000003,1.8999999999999986,3.1000000000000014,0.0,69.30000000000001,3.5999999999999943,0.0,0.0,0.0,True,True,False
350,2436862538,653863678,1,gaussian_plus_offset,CombinedErrorSensor,0.65,0.2,0.1,0.05,True,True,False,False,false_completion,0.3629792683731395,66.0,13.176539132542029,13.21251754433663,0.3633903252286929,0.5085077964622603,0.3656452353399123,0.3235403480586964,0.40486446377864754,0.32920792581279007,0.052417025255463594,0.5078187576156298,0.07568432806611948,0.0,0.11000719916787371,5.402781448245367,5.402781448245367,0.0,8.434359126286436e-17,1.8670653977139892e-16,0.41849083366459455,0.41849083366459455,0.0,57.1,7.0,1.8999999999999986,0.0,0.0,66.0,0.0,0.0,0.0,0.0,False,True,False
351,3095716540,1916771770,1,gaussian_plus_offset,CombinedErrorSensor,0.65,0.2,0.1,0.05,False,False,False,False,planning_failure,nan,nan,nan,nan,nan,nan,nan,nan,nan,nan,nan,nan,nan,nan,nan,nan,nan,nan,nan,nan,nan,nan,nan,,,,,,,,,,,,,
352,2576106544,2838034749,1,gaussian_plus_offset,CombinedErrorSensor,0.65,0.2,0.1,0.05,True,True,False,False,false_completion,0.3975761572627714,70.8,14.055472558597359,13.910468644071596,0.35663397587038387,0.46159062629020986,0.35925819026907646,0.3124423659754924,0.40781686981292076,0.32024496469786795,0.053446736946671326,0.37853081373509934,0.07686754538393101,0.0,0.09428284329946206,5.69367628907144,5.6936762890714405,0.0,8.282627379075524e-17,2.5018537765542007e-16,0.22551430483896417,0.22551430483896417,0.0,64.79999999999998,0.0,4.400000000000006,1.5999999999999996,0.0,70.8,0.0,0.0,0.0,0.0,True,True,False
353,1685133821,2163483778,1,gaussian_plus_offset,CombinedErrorSensor,0.65,0.2,0.1,0.05,True,True,False,False,false_completion,0.5030128212114356,87.30000000000001,16.655300480785726,16.528410811413558,0.3627974136961359,0.5533616541980073,0.3649104656170047,0.2660443107809633,0.4550130778799003,0.28370848905785667,0.04570504501496032,0.5533616541980073,0.06890998507410755,0.0,0.0003052765918325484,7.3099937428502315,7.3099937428502315,0.0,7.661622458857252e-17,2.7755575615628914e-16,0.33832584212531297,0.33832584212531297,0.0,66.80000000000001,9.5,8.600000000000001,2.3999999999999986,0.0,84.10000000000001,3.1999999999999993,0.0,0.0,0.0,True,True,False
354,377070815,2836130717,1,gaussian_plus_offset,CombinedErrorSensor,0.65,0.2,0.1,0.05,True,True,False,False,false_completion,0.35204982930975126,76.60000000000001,15.030999055512243,14.962479512397877,0.35838417950915286,0.5106436763606205,0.36116878431385796,0.29156230003958905,0.41630431566150916,0.29959604413282,0.05487069214198444,0.4712607746152136,0.08341122321978134,0.0,0.04591368142233965,5.982777626714416,5.982777626714416,0.0,8.024230080322155e-17,2.7755575615628914e-16,0.2300739527489007,0.2300739527489007,0.0,60.0,10.2,5.0000000000000036,1.4000000000000057,0.0,71.0,5.6,0.0,0.0,0.0,True,True,False
355,1676031673,2356379600,1,gaussian_plus_offset,CombinedErrorSensor,0.65,0.2,0.1,0.05,True,True,False,False,false_completion,0.3792036498899311,98.2,19.72254963330039,19.38656758760893,0.35862093593087013,0.47231358743778257,0.36062886930151017,0.2302434566858255,0.39496901199378737,0.2567599839593952,0.049964340031982184,0.46657181045574386,0.0746085000225036,0.20966112939273823,0.14781809818762848,7.720129292013697,7.720129292013697,0.0,7.909289476830322e-17,2.776424787817943e-16,0.29989416770030985,0.2998941677003099,0.0,85.99999999999999,12.200000000000008,0.0,0.0,0.0,97.3,0.9000000000000021,0.0,0.0,0.0,False,False,False
356,1362685604,2558954947,1,gaussian_plus_offset,CombinedErrorSensor,0.65,0.2,0.1,0.05,False,False,False,False,planning_failure,nan,nan,nan,nan,nan,nan,nan,nan,nan,nan,nan,nan,nan,nan,nan,nan,nan,nan,nan,nan,nan,nan,nan,,,,,,,,,,,,,
357,2583425228,2520709038,1,gaussian_plus_offset,CombinedErrorSensor,0.65,0.2,0.1,0.05,True,True,False,False,false_completion,0.30554310952007857,72.60000000000001,14.413812842756718,14.284401593314099,0.36616838207511065,0.47886918454567146,0.36886210063809594,0.31133611013952717,0.4255307397308229,0.31815539951482263,0.053092891156478854,0.36588978425650165,0.07230582731573496,0.0,0.1472063854564859,5.77927332823156,5.77927332823156,0.0,8.113310501440277e-17,1.9478403400799703e-16,0.3627499441729897,0.3627499441729897,0.0,67.6,0.0,5.0000000000000036,0.0,0.0,72.60000000000001,0.0,0.0,0.0,0.0,False,True,False
358,2098428785,2023430440,1,gaussian_plus_offset,CombinedErrorSensor,0.65,0.2,0.1,0.05,True,True,False,False,false_completion,0.42226069676161204,73.2,13.814557741282076,13.5649714502314,0.36428729102583934,0.49066183013414116,0.3669561953853288,0.32276768665390254,0.453331309176599,0.3323517097927075,0.060741689371289605,0.49066183013414116,0.08445402003043354,0.0,0.07417450416203275,6.06385044160772,6.06385044160772,0.0,8.198755669385911e-17,2.779024842816778e-16,0.3536978347121278,0.35369783471212773,0.0,51.6,18.299999999999997,0.0,3.3000000000000043,0.0,69.69999999999999,3.5000000000000053,0.0,0.0,0.0,True,False,False
359,101576323,3201341764,1,gaussian_plus_offset,CombinedErrorSensor,0.65,0.2,0.1,0.05,True,True,False,False,false_completion,0.5449525861404872,71.2,14.140501104116101,14.005046452259553,0.3632905405985505,0.47537853169934735,0.3659203190701756,0.3081657309313387,0.42987682394351984,0.3165890645974892,0.05693998302560544,0.4385438186174334,0.08387212646436695,0.0,0.0,5.6204944689577125,5.6204944689577125,0.0,8.315478724942103e-17,2.8066088919804617e-16,0.3422355797981863,0.3422355797981863,0.0,66.1,3.200000000000003,0.0,1.8999999999999986,0.0,71.10000000000001,0.0,0.0,0.09999999999999432,0.0,True,False,False
360,573381417,519949555,1,gaussian_plus_offset,CombinedErrorSensor,0.65,0.2,0.1,0.05,True,True,False,False,false_completion,0.48270335501583644,70.0,13.879339762466376,13.734439995757963,0.36883311202528046,0.47768506273915834,0.37091963348040125,0.32799335964111676,0.45553816949598297,0.33545822650835067,0.05361564382626379,0.35215228122693853,0.07607258700054008,0.0,0.07206325813163339,5.614863506373134,5.614863506373134,0.0,8.11675541557191e-17,1.7772239894833365e-16,0.2591119840469469,0.2591119840469469,0.0,61.8,5.199999999999999,0.0,3.0,0.0,68.19999999999999,1.8000000000000043,0.0,0.0,0.0,True,False,False
361,1236351334,3142182448,1,gaussian_plus_offset,CombinedErrorSensor,0.65,0.2,0.1,0.05,True,True,False,False,false_completion,0.3143941787331862,65.8,13.489003758782069,13.435907562728842,0.35954178939936354,0.4929831406102055,0.36199503388841486,0.31078956867071367,0.4213886022174031,0.3180466070369517,0.057496993924216644,0.40902569445384285,0.08562116256081354,0.0,0.10973129626961714,4.9410720965462644,4.9410720965462644,0.0,8.500179536948014e-17,1.962615573354719e-16,0.26664377955314816,0.26664377955314816,0.0,54.49999999999999,9.799999999999999,1.5,0.0,0.0,60.9,4.899999999999999,0.0,0.0,0.0,False,True,False
362,63961417,2180460835,1,gaussian_plus_offset,CombinedErrorSensor,0.65,0.2,0.1,0.05,True,True,False,False,false_completion,0.40604923830060163,78.60000000000001,15.854240783513722,15.73162180995484,0.362130120307026,0.5096053939617503,0.36432157509589314,0.2931033030680083,0.44865621766912334,0.31339765446468315,0.05613873189226737,0.4023209690480852,0.076936262597341,0.0,0.10271509414242974,6.365001076242295,6.3650010762422955,0.0,7.995123590520408e-17,2.7755575615628914e-16,0.27848288089290607,0.27848288089290607,0.0,68.19999999999999,4.899999999999999,2.70000000000001,2.8000000000000007,0.0,75.7,2.900000000000002,0.0,0.0,0.0,True,True,False
363,2327535258,2332584592,1,gaussian_plus_offset,CombinedErrorSensor,0.65,0.2,0.1,0.05,True,True,False,False,false_completion,0.4119451634237012,74.5,15.010448077292146,14.9105295492367,0.36184217415723885,0.4937390422285416,0.364183945613199,0.2863037968303403,0.4187947585474265,0.29681664110895467,0.05212815610415859,0.34998669986740777,0.07504740943528683,0.0,0.17227541602257843,6.0192078601727985,6.0192078601728,0.0,8.262496245691708e-17,2.7809732887839817e-16,0.2745334082399442,0.2745334082399442,0.0,64.1,8.299999999999997,0.0,2.0999999999999996,0.0,74.5,0.0,0.0,0.0,0.0,True,False,False
364,3304647400,2364466265,1,gaussian_plus_offset,CombinedErrorSensor,0.65,0.2,0.1,0.05,True,True,False,False,false_completion,0.4696332616036438,62.7,13.05603622559411,13.045273354134526,0.3628933467357933,0.49177758689687867,0.3654554861241971,0.32579612979519956,0.4170509477351391,0.3346764977526014,0.05496199832890672,0.42842303293496353,0.07712702090649953,0.0,0.1331363786338816,5.197872439257708,5.197872439257708,0.0,8.713592566125701e-17,1.962615573354719e-16,0.355859576338304,0.355859576338304,0.0,47.1,14.299999999999999,0.0,1.3000000000000007,0.0,58.4,4.300000000000001,0.0,0.0,0.0,True,False,False
365,2933610517,1293969616,1,gaussian_plus_offset,CombinedErrorSensor,0.65,0.2,0.1,0.05,True,True,False,False,false_completion,0.39015644323315757,73.2,13.972547427945875,13.938297120340225,0.3638691040846026,0.4713234215352442,0.36617718655766696,0.3115011713560349,0.4267335730762182,0.3173621422948533,0.04812598360738255,0.419328336782651,0.06490526754201151,0.0,0.06044994023436967,5.774935057052042,5.774935057052042,0.0,7.918396154943688e-17,2.0407899217551515e-16,0.34761972396368496,0.34761972396368496,0.0,58.00000000000001,10.200000000000001,4.999999999999993,0.0,0.0,72.8,0.3999999999999968,0.0,0.0,0.0,False,True,False
366,2011425080,2499175835,1,gaussian_plus_offset,CombinedErrorSensor,0.65,0.2,0.1,0.05,True,True,False,False,false_completion,0.38905282406676744,74.10000000000001,14.687003116340515,14.580190061396202,0.36328548068508115,0.48514077750712487,0.3656735732994941,0.3041178908465518,0.4737060879211517,0.31399680593506263,0.05109966194839349,0.4486357994421002,0.07550804259379677,0.24260410673602628,0.0955408771952085,5.595103334040231,5.595103334040231,0.0,8.371987526920611e-17,2.776424787817943e-16,0.3204612796044625,0.3204612796044625,0.0,59.80000000000002,14.299999999999994,0.0,0.0,0.0,72.50000000000001,1.5999999999999943,0.0,0.0,0.0,False,False,False
367,3444746836,3000099893,1,gaussian_plus_offset,CombinedErrorSensor,0.65,0.2,0.1,0.05,True,True,False,False,false_completion,0.4161465369842857,69.7,13.54439869835255,13.372923074520727,0.3670718076352383,0.5957361860272379,0.3696963717082998,0.3249438221558937,0.46684306680314314,0.33217875853914336,0.052825710449416675,0.5203140275750622,0.07770163690152465,0.0,0.11036369252165948,5.320222105396814,5.320222105396815,0.0,7.924118373366142e-17,2.2247786310271853e-16,0.3476532558585915,0.3476532558585915,0.0,60.3,5.900000000000001,1.3000000000000007,2.200000000000003,0.0,67.8,1.9000000000000057,0.0,0.0,0.0,True,True,False
368,3197083060,1875886390,1,gaussian_plus_offset,CombinedErrorSensor,0.65,0.2,0.1,0.05,True,True,False,False,false_completion,0.3433031445435016,64.7,13.05619056426856,12.862715495362997,0.3625596009836875,0.5678364171369995,0.36508050451162954,0.34556932144163244,0.4502648896025323,0.3525270755278588,0.053791597432031775,0.5678364171369995,0.08178941844156368,0.0,0.00698230451874067,5.0415446716510885,5.0415446716510885,0.0,8.799087065344166e-17,1.962615573354719e-16,0.23669278001327976,0.23669278001327976,0.0,56.7,6.0,2.0,0.0,0.0,64.7,0.0,0.0,0.0,0.0,False,True,False
369,1703573391,4141906095,1,gaussian_plus_offset,CombinedErrorSensor,0.65,0.2,0.1,0.05,True,True,False,False,false_completion,0.40798439118504,68.5,13.526075509883785,13.259212710213339,0.3616332086275586,0.4679174448551014,0.36357027155396354,0.31458627820146906,0.4388517803137607,0.3218301003291277,0.054619040431477334,0.3830585205911454,0.08047813864261005,0.21997278751167215,0.10386002806724473,5.466073197971694,5.466073197971694,0.0,8.417865948381157e-17,2.776424787817943e-16,0.27806971884080606,0.27806971884080606,0.0,55.3,13.2,0.0,0.0,0.0,61.2,7.299999999999997,0.0,0.0,0.0,False,False,False
370,4240319741,880666480,1,gaussian_plus_offset,CombinedErrorSensor,0.65,0.2,0.1,0.05,False,False,False,False,planning_failure,nan,nan,nan,nan,nan,nan,nan,nan,nan,nan,nan,nan,nan,nan,nan,nan,nan,nan,nan,nan,nan,nan,nan,,,,,,,,,,,,,
371,830787861,3668575417,1,gaussian_plus_offset,CombinedErrorSensor,0.65,0.2,0.1,0.05,True,True,True,False,safety_violation,0.25667487828686303,77.7,15.556842173127363,15.302726317163808,0.36345884289372904,0.5007709569973018,0.36562920406696797,0.27651129334447166,0.39114182994109903,0.28496872888774183,0.05205384157978041,0.43092705280764865,0.07354604764609096,0.0,0.0971258000443872,6.146109580781193,6.146109580781193,0.0,7.96484965248553e-17,2.7755575615628914e-16,0.2506324458556059,0.2506324458556059,0.0,66.2,2.299999999999997,5.5000000000000036,3.6999999999999993,0.0,76.3,1.4000000000000021,0.0,0.0,0.0,True,True,False
372,3072657155,1241217907,1,gaussian_plus_offset,CombinedErrorSensor,0.65,0.2,0.1,0.05,True,True,True,False,safety_violation,0.2976347108146448,82.0,15.434141011073939,15.391644130634628,0.36429652583723243,0.4823865599297004,0.36689282156130787,0.2869271861673729,0.4457291034988137,0.2962336313101416,0.052595861900956754,0.3938237635889886,0.07330713532913175,0.0,0.1291848190145568,6.3375687642057414,6.3375687642057414,0.0,7.820898715741195e-17,2.7755575615628914e-16,0.3067899028288896,0.3067899028288896,0.0,71.2,4.699999999999996,3.3999999999999986,2.700000000000001,0.0,79.3,2.700000000000003,0.0,0.0,0.0,True,True,False
373,157659641,2151582790,1,gaussian_plus_offset,CombinedErrorSensor,0.65,0.2,0.1,0.05,False,False,False,False,planning_failure,nan,nan,nan,nan,nan,nan,nan,nan,nan,nan,nan,nan,nan,nan,nan,nan,nan,nan,nan,nan,nan,nan,nan,,,,,,,,,,,,,
374,1980307858,4207273182,1,gaussian_plus_offset,CombinedErrorSensor,0.65,0.2,0.1,0.05,True,True,True,True,goal_reached,0.16305849773423262,74.10000000000001,14.947571863935702,14.965015362438695,0.36677968212332557,0.4871657754603165,0.369019937170037,0.28628400691282224,0.4386628432561631,0.29222296114186874,0.04948074184014459,0.3522895933398857,0.06753842521398026,0.40343826049530485,0.1977104066601143,5.706453473993583,5.706453473993583,0.0,8.026571138208284e-17,2.7894008272968645e-16,0.29312262347156887,0.29312262347156887,0.0,63.000000000000014,11.099999999999994,0.0,0.0,0.0,74.10000000000001,0.0,0.0,0.0,0.0,False,False,False
375,2569596517,1337955276,1,gaussian_plus_offset,CombinedErrorSensor,0.65,0.2,0.1,0.05,True,True,False,False,false_completion,0.4250878352417017,66.3,13.670263891455587,13.491319593538018,0.3612143943571749,0.48710430460088733,0.3640018867064731,0.31611666666976507,0.40831215840509266,0.32384985955199247,0.04980515463978842,0.407073342325924,0.07617255342057692,0.0,0.21679697112760665,5.314658221237471,5.314658221237471,0.0,8.770480667810136e-17,2.779024842816778e-16,0.2636353829206811,0.26363538292068106,0.0,58.300000000000004,6.899999999999997,1.0999999999999943,0.0,0.0,65.8,0.4999999999999982,0.0,0.0,0.0,False,True,False
376,801353321,3573266896,1,gaussian_plus_offset,CombinedErrorSensor,0.65,0.2,0.1,0.05,True,True,False,False,false_completion,0.49210646527452456,65.9,13.54526083775744,13.370344727750021,0.3695941867197393,0.5428304627182557,0.37195696708727827,0.3314704801038959,0.4335998349585304,0.3369673390607874,0.052467214554543944,0.537733836988752,0.0821487872060481,0.06865807839045468,0.03749649257497458,5.170614660708239,5.17061466070824,0.0,8.546385882818316e-17,1.962615573354719e-16,0.36014742716535575,0.36014742716535575,0.0,61.800000000000004,4.100000000000001,0.0,0.0,0.0,65.9,0.0,0.0,0.0,0.0,False,False,False
377,1281658130,1819150923,1,gaussian_plus_offset,CombinedErrorSensor,0.65,0.2,0.1,0.05,True,True,False,False,false_completion,0.32154243727247367,69.0,13.06148106330115,13.060667155026666,0.3665355040134064,0.4875549920153365,0.36860457059573626,0.33534375012167644,0.41887142943050987,0.34171939712286115,0.050655156163448116,0.4406565873395672,0.07473909583516838,0.0,0.10932327333511181,5.256823707287468,5.256823707287468,0.0,8.352312181780155e-17,2.830524433501838e-16,0.25320013663937646,0.25320013663937657,0.0,63.2,0.0,1.3999999999999986,4.399999999999998,0.0,69.0,0.0,0.0,0.0,0.0,True,True,False
378,2145417192,196741682,1,gaussian_plus_offset,CombinedErrorSensor,0.65,0.2,0.1,0.05,True,True,False,False,false_completion,0.3669275055822453,73.7,14.393815573911004,14.365182621737864,0.3665808858549779,0.4770239587595354,0.3686272503614204,0.2876709673572114,0.36857815649048853,0.29309006540117044,0.04942892258338477,0.4046593712667863,0.07000998968267048,0.0,0.09970212077336615,5.663940370737974,5.663940370737974,0.0,8.05035032445156e-17,2.779024842816778e-16,0.3071465783394597,0.3071465783394597,0.0,65.0,5.100000000000001,2.1999999999999957,1.4000000000000021,0.0,66.3,7.400000000000002,0.0,0.0,0.0,True,True,False
379,162770764,2517905783,1,gaussian_plus_offset,CombinedErrorSensor,0.65,0.2,0.1,0.05,True,True,False,False,false_completion,0.39152060756534124,69.0,14.056173018984172,13.878504509921695,0.3675886316926413,0.5687320567542169,0.36978497508887853,0.3174260003152858,0.41000069523286203,0.32524141325956984,0.05403369839707725,0.5682856861698478,0.08095182407464842,0.0,0.015507550223889707,5.549990264671307,5.549990264671308,0.0,8.190938685414552e-17,2.7894008272968645e-16,0.26187928285458456,0.26187928285458456,0.0,59.9,6.600000000000001,0.0,2.5,0.0,63.6,5.399999999999999,0.0,0.0,0.0,True,False,False
380,3590034308,3616669174,1,gaussian_plus_offset,CombinedErrorSensor,0.65,0.2,0.1,0.05,True,True,False,False,false_completion,0.5371659330522899,84.10000000000001,16.803974267905872,17.07849362826768,0.3625107021560701,0.5684830252750371,0.36453541489783525,0.26204414585561353,0.41737285461966517,0.2814789023140018,0.0466727407873985,0.5685166893052623,0.06928237820719166,0.0,0.023081824327460046,6.773323885854161,6.773323885854161,0.0,7.939430982782172e-17,2.776424787817943e-16,0.307419355431037,0.30741935543103693,0.0,67.0,11.0,6.099999999999998,0.0,0.0,79.60000000000001,4.4999999999999964,0.0,0.0,0.0,False,True,False
381,2539382802,3553283520,1,gaussian_plus_offset,CombinedErrorSensor,0.65,0.2,0.1,0.05,True,True,True,False,safety_violation,0.23269933494852885,76.2,15.077986518601474,14.839969129060353,0.3669925085201003,0.5603111637122107,0.368966975564851,0.30921556094247393,0.43955757267224305,0.31829916271371306,0.043899614109707046,0.5587722002801702,0.07269554304717163,0.0,0.05606176367264143,6.246420833306162,6.246420833306163,0.0,8.263163351579012e-17,2.7894008272968645e-16,0.3231235067989939,0.3231235067989939,0.0,61.699999999999996,5.4,9.100000000000001,0.0,0.0,70.8,5.4,0.0,0.0,0.0,False,True,False
382,1982957362,1878632133,1,gaussian_plus_offset,CombinedErrorSensor,0.65,0.2,0.1,0.05,False,False,False,False,planning_failure,nan,nan,nan,nan,nan,nan,nan,nan,nan,nan,nan,nan,nan,nan,nan,nan,nan,nan,nan,nan,nan,nan,nan,,,,,,,,,,,,,
383,167986647,1158930486,1,gaussian_plus_offset,CombinedErrorSensor,0.65,0.2,0.1,0.05,True,True,True,False,safety_violation,0.28217112869477706,72.8,14.89256275837827,14.855243472868743,0.3575953694409891,0.5041858961878999,0.35960904526187387,0.2980699915022202,0.49985392074050106,0.31194806698129446,0.05006092222685254,0.3898057551482718,0.07319999802429261,0.0,0.020927336466381383,5.947065316503847,5.947065316503847,0.0,8.151797793802356e-17,2.5133742693021536e-16,0.37160432763212237,0.37160432763212237,0.0,61.999999999999986,2.5,7.000000000000007,1.3000000000000043,0.0,70.8,2.0,0.0,0.0,0.0,True,True,False
384,1835590301,968835980,1,gaussian_plus_offset,CombinedErrorSensor,0.65,0.2,0.1,0.05,True,True,False,False,false_completion,0.4508931187860766,115.2,22.663045801298804,22.531575534693587,0.3591131579501774,0.5112498381721555,0.36147592932548495,0.2840586612375025,0.4329694962084634,0.2976874010200354,0.05084675224199071,0.3125271956251122,0.06875468291613912,0.0,0.1740817360676024,9.218066332998212,9.218066332998214,0.0,7.802050844894151e-17,2.3263411494723067e-16,0.42073535150090585,0.42073535150090585,0.0,96.3,14.699999999999989,4.20000000000001,0.0,0.0,112.5,2.6999999999999957,0.0,0.0,0.0,False,True,False
385,381046993,3729855211,1,gaussian_plus_offset,CombinedErrorSensor,0.65,0.2,0.1,0.05,True,True,False,False,false_completion,0.4513961493447306,74.8,14.536472659559138,14.39146460941102,0.3569426921112607,0.5205519993702175,0.35962885321002025,0.3142759217449305,0.4047016799936867,0.32012790097104254,0.05494800443334658,0.43300713027887183,0.07732036953756498,0.0,0.1255207527014514,5.98431200715692,5.98431200715692,0.0,8.203082005032696e-17,2.7894008272968645e-16,0.2585189933315133,0.2585189933315132,0.0,66.6,6.399999999999999,1.7999999999999972,0.0,0.0,73.19999999999999,1.6000000000000014,0.0,0.0,0.0,False,True,False
386,1640121633,2425369201,1,gaussian_plus_offset,CombinedErrorSensor,0.65,0.2,0.1,0.05,True,True,False,False,false_completion,0.5104238631620089,73.10000000000001,14.355829891254865,14.182481123270524,0.3599765695025966,0.5066437299552001,0.36256704600517536,0.311983505470276,0.4153188942058126,0.3171164797377141,0.04965513299385403,0.455548286670056,0.07165888796298271,0.0,0.11270616998144997,5.741997041019717,5.741997041019718,0.0,7.872213695795614e-17,2.498965354837e-16,0.38046608865553794,0.38046608865553794,0.0,65.5,6.000000000000001,0.0,1.6000000000000014,0.0,73.10000000000001,0.0,0.0,0.0,0.0,True,False,False
387,2681951609,244179877,1,gaussian_plus_offset,CombinedErrorSensor,0.65,0.2,0.1,0.05,True,True,False,False,false_completion,0.4459102631263108,78.7,15.247108095695602,15.062166542068594,0.3615517593723723,0.5038297372899561,0.36356655040222174,0.27027421344394814,0.4030138800697865,0.28232552142290646,0.055121638428575204,0.43027587983652793,0.07625430479219487,0.0,0.10809768359889649,5.874657226452971,5.874657226452971,0.0,7.925414523063747e-17,2.779024842816778e-16,0.2335649262185005,0.23356492621850042,0.0,54.9,22.300000000000004,0.0,1.5,0.0,60.800000000000004,17.899999999999995,0.0,0.0,0.0,True,False,False
388,1209594724,1105627878,1,gaussian_plus_offset,CombinedErrorSensor,0.65,0.2,0.1,0.05,True,True,False,False,false_completion,0.30155729819934546,71.5,13.600668339670499,13.394283247325392,0.3634721168983046,0.4658092828293765,0.36560694064396665,0.3185057228069286,0.43229869120802283,0.32382269961105714,0.051440684211389996,0.4196728365924501,0.07550629109189165,0.0,0.08590408249656113,5.324768641359052,5.324768641359052,0.0,8.020902879058886e-17,1.962615573354719e-16,0.27068145534729277,0.27068145534729277,0.0,60.9,2.6999999999999993,6.3999999999999995,1.5,0.0,71.5,0.0,0.0,0.0,0.0,True,True,False
389,470721726,970358315,1,gaussian_plus_offset,CombinedErrorSensor,0.65,0.2,0.1,0.05,True,True,False,False,false_completion,0.4414135280480748,70.8,13.91743793200877,13.789686761066346,0.3654851912594625,0.49841969332715613,0.3677373876186847,0.3356135730793282,0.4673962164117227,0.34367103778416713,0.05010512714570775,0.34227257433643593,0.07317406999655929,0.0,0.09440521428610575,5.4135510197374455,5.4135510197374455,0.0,8.44992526083204e-17,1.962615573354719e-16,0.30518843038904664,0.3051884303890466,0.0,56.10000000000001,10.7,3.999999999999993,0.0,0.0,65.69999999999999,5.100000000000001,0.0,0.0,0.0,False,True,False
390,67846621,1218254757,1,gaussian_plus_offset,CombinedErrorSensor,0.65,0.2,0.1,0.05,True,True,False,False,false_completion,0.43110812717295455,77.5,15.975038688631669,15.915206778056909,0.362841915622156,0.48771930150265824,0.36506044156114253,0.26935637454068784,0.4094595227235638,0.27856061705941776,0.05108356719997213,0.42778645349846334,0.07277460123700882,0.0,0.05939105694639709,6.1120857843244405,6.1120857843244405,0.0,7.971394118498675e-17,2.7833528704240246e-16,0.23025901755792066,0.23025901755792075,0.0,65.89999999999999,9.000000000000002,2.6000000000000014,0.0,0.0,75.8,1.7000000000000028,0.0,0.0,0.0,False,True,False
391,3412605371,608249195,1,gaussian_plus_offset,CombinedErrorSensor,0.65,0.2,0.1,0.05,True,True,False,False,false_completion,0.3039790712492166,70.7,14.139856038550738,13.967539297725832,0.36345070934978246,0.47872860792910704,0.3660915607694544,0.3145789967910842,0.4283138337756764,0.3215669539252168,0.05155282025577753,0.43425358937464553,0.07254439592492536,0.0,0.1304894606530327,5.492585165627932,5.492585165627932,0.0,7.681735874576955e-17,2.220446049250313e-16,0.24367938247072607,0.24367938247072596,0.0,56.20000000000001,7.79999999999999,5.0,1.7000000000000028,0.0,70.7,0.0,0.0,0.0,0.0,True,True,False
392,1321953011,4213641362,1,gaussian_plus_offset,CombinedErrorSensor,0.65,0.2,0.1,0.05,True,True,False,False,false_completion,0.49640631371689053,77.0,15.026731233878282,14.813877064709345,0.36351917820291696,0.4850998930196489,0.36576960951215415,0.3134769334712072,0.4415191353698683,0.32313807435232206,0.051426207404988405,0.42959154145242595,0.07570638843817327,0.15195142893272973,0.11567651262391054,6.039712147413628,6.039712147413628,0.0,7.963815784064559e-17,2.830524433501838e-16,0.3130072601549886,0.3130072601549887,0.0,66.8,10.200000000000001,0.0,0.0,0.0,71.19999999999999,5.800000000000001,0.0,0.0,0.0,False,False,False
393,872354663,2461054940,1,gaussian_plus_offset,CombinedErrorSensor,0.65,0.2,0.1,0.05,True,True,True,False,safety_violation,0.2804425091201589,65.60000000000001,13.146612071747366,12.937429191368103,0.3578206674671528,0.4971927683879109,0.36053943027785007,0.33101653185374647,0.4694196187473452,0.3377149210042903,0.05609943129080017,0.42373784271106996,0.08386254970901202,0.0,0.07515712157711847,5.391890994274831,5.391890994274831,0.0,8.884358574728235e-17,1.962615573354719e-16,0.25384551433424435,0.2538455143342444,0.0,61.6,2.1999999999999993,0.0,1.8000000000000043,0.0,65.60000000000001,0.0,0.0,0.0,0.0,True,False,False
394,1373533898,2386604706,1,gaussian_plus_offset,CombinedErrorSensor,0.65,0.2,0.1,0.05,True,True,False,False,false_completion,0.41527773466355383,72.2,14.326834667690472,14.138243152771205,0.3600218421661529,0.47529721445705336,0.36245855735811966,0.3009324504451858,0.42635972757704826,0.3079486181833823,0.052757681264766314,0.36652228102322104,0.07350382565071333,0.0,0.1308583334632223,5.789053423280363,5.789053423280363,0.0,8.189855825642674e-17,2.7755575615628914e-16,0.3927543036808173,0.3927543036808173,0.0,65.5,4.300000000000001,2.3999999999999915,0.0,0.0,72.2,0.0,0.0,0.0,0.0,False,True,False
395,2532253106,2816233351,1,gaussian_plus_offset,CombinedErrorSensor,0.65,0.2,0.1,0.05,True,True,True,False,safety_violation,0.24307639626613917,65.10000000000001,13.336639841943384,13.071819230488154,0.36336002419812097,0.47115219535559233,0.3658835145729253,0.3305556312070728,0.44721579532211636,0.3395065682460896,0.05596907861788979,0.46894396913084435,0.08227295221449425,0.0,0.04980691327310309,5.489087091717378,5.489087091717378,0.0,8.782645221907824e-17,1.962615573354719e-16,0.2854995550640514,0.2854995550640514,0.0,54.300000000000004,5.599999999999998,3.700000000000003,1.5,0.0,58.00000000000001,7.099999999999998,0.0,0.0,0.0,True,True,False
396,3273084152,2467234986,1,gaussian_plus_offset,CombinedErrorSensor,0.65,0.2,0.1,0.05,True,True,False,False,false_completion,0.5162880397018809,77.2,14.791325197603088,14.503097998553798,0.36529718346916956,0.6048921983609196,0.36768868872699256,0.31724591480355846,0.4137892848520367,0.32547476752639426,0.0579763505604132,0.6048921983609196,0.08368705822464616,0.07007399485052979,0.10145712303326652,5.737743811806249,5.737743811806249,0.0,7.879869107845353e-17,2.2247786310271853e-16,0.22871836991447214,0.22871836991447222,0.0,73.60000000000001,3.5999999999999943,0.0,0.0,0.0,77.2,0.0,0.0,0.0,0.0,False,False,False
397,1043526963,2208891233,1,gaussian_plus_offset,CombinedErrorSensor,0.65,0.2,0.1,0.05,True,True,True,False,safety_violation,0.2425099715821396,82.5,16.541413621374158,16.490364543909816,0.36144433742129894,0.4756671339109759,0.3639195020878034,0.2681321523478225,0.4402421549787566,0.28494304757544947,0.05185801881868254,0.39519139491616956,0.07327688541308211,0.0,0.11823773972968038,6.498989426282114,6.498989426282114,0.0,8.54432480722923e-17,2.7894008272968645e-16,0.298304370062682,0.298304370062682,0.0,74.1,0.0,3.5,4.899999999999999,0.0,79.8,2.700000000000003,0.0,0.0,0.0,True,True,False
398,41399160,3984272595,1,gaussian_plus_offset,CombinedErrorSensor,0.65,0.2,0.1,0.05,True,True,False,False,false_completion,0.3292326613094711,75.7,14.26738133451764,14.13799612533406,0.3622380559513094,0.48264888752371565,0.364288085241361,0.30840705116473127,0.39209730727248193,0.3139207408226004,0.052649710342667015,0.3304799335976185,0.07037929383629665,0.0,0.11754171298864977,5.857506071489569,5.857506071489569,0.0,8.040805978377908e-17,2.7894008272968645e-16,0.35053105440832494,0.35053105440832494,0.0,67.1,5.300000000000011,3.3000000000000007,0.0,0.0,73.3,2.4000000000000004,0.0,0.0,0.0,False,True,False
399,2201137154,3104227786,1,gaussian_plus_offset,CombinedErrorSensor,0.65,0.2,0.1,0.05,True,True,False,False,false_completion,0.33336795780972434,75.2,14.803019173336855,14.852835671921175,0.3604787416568501,0.48432028052004134,0.3624143754029455,0.291807540893957,0.4051060323511953,0.2997809984256444,0.04683352271452013,0.4350225712322491,0.06923335519451108,0.0,0.1281597223149889,5.641880324101045,5.641880324101045,0.0,7.979517715314783e-17,2.830524433501838e-16,0.39268334415027556,0.39268334415027556,0.0,61.4,10.400000000000002,2.5999999999999996,0.8000000000000007,0.0,74.39999999999999,0.7999999999999989,0.0,0.0,0.0,True,True,False
400,2366020441,2010926479,1,gaussian_plus_offset,CombinedErrorSensor,0.65,0.2,0.1,0.05,True,True,True,False,safety_violation,0.23863170359766694,75.2,15.020265907540809,14.908543723657269,0.36113893181065254,0.5087595726322497,0.36357430200607394,0.29811276483635485,0.4427375374383701,0.30787867214977294,0.05018225378697616,0.4278031934808304,0.07180497254986981,0.0,0.04040431128416788,6.0377604035884325,6.0377604035884325,0.0,7.797441333200252e-17,2.7847039995559526e-16,0.2513381163534125,0.2513381163534125,0.0,59.4,5.800000000000001,6.5,3.5,0.0,75.0,0.1999999999999993,0.0,0.0,0.0,True,True,False
401,1535119728,1565580028,1,gaussian_plus_offset,CombinedErrorSensor,0.65,0.2,0.1,0.05,True,True,False,False,false_completion,0.3782497263649439,69.60000000000001,13.617082700100857,13.476762888012807,0.35961144886190866,0.47555710120791017,0.3616700021460289,0.3298001796811586,0.44567455357799557,0.33841880151993997,0.05376671406954544,0.3724743352300758,0.07742911131051505,0.0,0.11189754733590776,5.425683735130166,5.425683735130165,0.0,8.094202400444682e-17,1.962615573354719e-16,0.3491450137167983,0.3491450137167983,0.0,60.6,2.6000000000000014,1.0,5.3999999999999995,0.0,69.60000000000001,0.0,0.0,0.0,0.0,True,True,False
402,955248925,1124633429,1,gaussian_plus_offset,CombinedErrorSensor,0.65,0.2,0.1,0.05,True,True,False,False,false_completion,0.4247835564086077,61.300000000000004,12.782562344485607,12.852833076444455,0.3593370338162224,0.45319529486161914,0.36187514874755333,0.33636904448190935,0.41541454296877783,0.34229516009852284,0.0492166114120704,0.3572956290496317,0.07243048055482723,0.0,0.09847672524383225,4.917121658869524,4.917121658869524,0.0,9.098190402922597e-17,2.0014830212433605e-16,0.3526742647827248,0.3526742647827248,0.0,55.099999999999994,4.400000000000006,1.8000000000000043,0.0,0.0,60.50000000000001,0.7999999999999972,0.0,0.0,0.0,False,True,False
403,3485541319,3483450660,1,gaussian_plus_offset,CombinedErrorSensor,0.65,0.2,0.1,0.05,True,True,True,True,goal_reached,0.2376258772918706,92.10000000000001,17.809949576526293,17.54052997379072,0.36331423826334963,0.5073913130821716,0.3659344535044982,0.25310660363702125,0.3790023799927269,0.2648748581265059,0.05099952321570814,0.4218581512248442,0.07203663818372477,0.032237201080338604,0.11146226431053918,7.000224826646059,7.000224826646059,0.0,7.905303109897081e-17,2.5324586304240974e-16,0.27210179162561865,0.2721017916256187,0.0,69.10000000000001,22.999999999999993,0.0,0.0,0.0,75.9,16.2,0.0,0.0,0.0,False,False,False
404,3184790339,631315687,1,gaussian_plus_offset,CombinedErrorSensor,0.65,0.2,0.1,0.05,True,True,False,False,false_completion,0.3243935225255943,67.4,13.622035709713794,13.24652748885768,0.3633459539260857,0.5077191241022911,0.3656916734345614,0.31934195421357103,0.395991972487408,0.32507195604530753,0.056170268248513774,0.39309206583430933,0.08018140734588214,0.2420373948126381,0.13378597103316314,5.1201273432238095,5.12012734322381,0.0,8.641519560580287e-17,2.2887833992611187e-16,0.23458376080802762,0.2345837608080276,0.0,59.7,7.700000000000003,0.0,0.0,0.0,67.1,0.3000000000000007,0.0,0.0,0.0,False,False,False
405,3285429448,1207168295,1,gaussian_plus_offset,CombinedErrorSensor,0.65,0.2,0.1,0.05,True,True,False,False,false_completion,0.37684865812307,73.9,14.188226490659117,14.145738583377032,0.36070088494755215,0.5021587470013847,0.3630823917578852,0.3001651939403162,0.436274081603006,0.3069007002778272,0.05110499434371912,0.3807573422423044,0.07508605073714149,0.0,0.09491669209044018,5.444921809939023,5.444921809939023,0.0,7.830776236818723e-17,2.7894008272968645e-16,0.2938692558929119,0.2938692558929119,0.0,67.5,3.799999999999997,2.6000000000000005,0.0,0.0,73.9,0.0,0.0,0.0,0.0,False,True,False
406,1711414769,768036703,1,gaussian_plus_offset,CombinedErrorSensor,0.65,0.2,0.1,0.05,True,True,True,False,safety_violation,0.255678848387001,67.10000000000001,13.750132856905655,13.636979445529656,0.3664113660726194,0.4836417956049395,0.36879993359125374,0.32095795236661284,0.42499313968198255,0.3297364422406067,0.054390656909610285,0.3760749866937527,0.07773697298244941,0.0,0.09776165012926616,5.183037948818296,5.183037948818296,0.0,8.473315835160743e-17,2.8066088919804617e-16,0.29583374450834554,0.29583374450834554,0.0,57.10000000000001,7.799999999999999,2.1999999999999957,0.0,0.0,65.10000000000001,2.0,0.0,0.0,0.0,False,True,False
407,739438903,1521726463,1,gaussian_plus_offset,CombinedErrorSensor,0.65,0.2,0.1,0.05,True,True,False,False,false_completion,0.523915301997964,79.0,15.496382379474461,15.447782529221255,0.36560795740749275,0.5254482805150483,0.36801586901557154,0.2884772491235716,0.4440051246748463,0.29750106373969504,0.05153290453322298,0.5254482805150483,0.07453961175501018,0.10416442723110997,0.14117545924429867,6.54071670801197,6.540716708011969,0.0,7.582098844867983e-17,2.7894008272968645e-16,0.3510273351063948,0.3510273351063948,0.0,64.29999999999998,14.70000000000001,0.0,0.0,0.0,73.60000000000001,5.3999999999999915,0.0,0.0,0.0,False,False,False
408,1071255186,4062200957,1,gaussian_plus_offset,CombinedErrorSensor,0.65,0.2,0.1,0.05,True,True,False,False,false_completion,0.494622330609919,79.5,15.789521428491533,15.599081224923452,0.35926090742847777,0.45596469898762587,0.3612903704039081,0.28904686534926594,0.41168560332949483,0.30153934800771687,0.04893173458246891,0.4337778067051776,0.07365198779482003,0.17236089480867456,0.15654133611675558,5.814970750054535,5.814970750054535,0.0,7.811165547281135e-17,2.7756117711421305e-16,0.26357005334826467,0.26357005334826467,0.0,70.0,9.5,0.0,0.0,0.0,75.19999999999999,4.3,0.0,0.0,0.0,False,False,False
409,2658645016,3539954061,1,gaussian_plus_offset,CombinedErrorSensor,0.65,0.2,0.1,0.05,True,True,False,False,false_completion,0.5262641377456492,65.8,13.459415654450783,13.293780244623603,0.3657275245720592,0.4910669529492565,0.36801357105256993,0.3289544971229927,0.4102870626011253,0.33424464051455804,0.04977005401010133,0.39793305981724264,0.07424004577512416,0.10669769528299256,0.11918856176877846,5.107930565960803,5.107930565960803,0.0,8.741455481907407e-17,2.9893669801409083e-16,0.26495854061701596,0.264958540617016,0.0,61.79999999999999,4.000000000000001,0.0,0.0,0.0,65.49999999999999,0.3000000000000007,0.0,0.0,0.0,False,False,False
410,1637467688,2950014254,1,gaussian_plus_offset,CombinedErrorSensor,0.65,0.2,0.1,0.05,True,True,False,False,false_completion,0.4652592463553445,85.4,16.868390701887257,16.55789717773675,0.35669150274591954,0.49433370057265774,0.35888493969882435,0.2574099613069507,0.4107940675073975,0.266002653831869,0.05087084542229571,0.3591604628204815,0.07107411527585945,0.13457903162433027,0.2566076544169416,6.588469506889371,6.588469506889371,0.0,7.79929005618855e-17,2.7757743935277205e-16,0.25707451421941613,0.25707451421941613,0.0,80.2,5.199999999999996,0.0,0.0,0.0,85.0,0.3999999999999986,0.0,0.0,0.0,False,False,False
411,3012103856,3939154953,1,gaussian_plus_offset,CombinedErrorSensor,0.65,0.2,0.1,0.05,True,True,True,True,goal_reached,0.25481499236366684,68.4,13.412278535391359,13.24773707121697,0.3579040143243649,0.47560358123640945,0.3599751718985106,0.3242087805696841,0.4048745761338295,0.32954233743976336,0.04499277110043785,0.4541465755383648,0.06984380221095537,0.09823100993622115,0.1685175379762125,5.053744609294094,5.053744609294094,0.0,8.560269560674187e-17,1.8670653977139892e-16,0.28332375160238166,0.28332375160238166,0.0,53.20000000000002,15.199999999999992,0.0,0.0,0.0,66.9,1.5,0.0,0.0,0.0,False,False,False
412,1061496009,4126919586,1,gaussian_plus_offset,CombinedErrorSensor,0.65,0.2,0.1,0.05,True,True,False,False,false_completion,0.3788133323870077,65.9,12.907445149461731,12.825915091953675,0.36642404967900905,0.5185617078068487,0.3687559376926094,0.34321030433987926,0.43202702436784224,0.3485739631789019,0.05196217061241557,0.40147451821591473,0.07368820215243319,0.0,0.055389977102513956,5.0593622260889095,5.0593622260889095,0.0,8.741887505186306e-17,1.962615573354719e-16,0.24620291966198712,0.24620291966198715,0.0,63.0,0.0,0.0,2.8999999999999995,0.0,65.0,0.9000000000000004,0.0,0.0,0.0,True,False,False
413,149354069,3266337438,1,gaussian_plus_offset,CombinedErrorSensor,0.65,0.2,0.1,0.05,True,True,True,True,goal_reached,0.2155289054817161,77.9,14.719415739897048,14.531489842998345,0.3583360178940883,0.48651111027066135,0.3609956767673294,0.2909099053486101,0.4550298900311282,0.3028455333937446,0.0532936121629082,0.4625777679980409,0.07654854424888502,0.32797049521187915,0.11951308472801177,5.642225193984863,5.6422251939848636,0.0,7.780167290166239e-17,2.2247786310271853e-16,0.21267287248898234,0.21267287248898245,0.0,67.7,10.199999999999994,0.0,0.0,0.0,72.1,5.799999999999999,0.0,0.0,0.0,False,False,False
414,4081168298,314093331,1,gaussian_plus_offset,CombinedErrorSensor,0.65,0.2,0.1,0.05,True,True,False,False,false_completion,0.3903105541278614,69.3,14.350376392757534,14.312004157945184,0.35740028216582775,0.48694188107154424,0.35974891874539644,0.3012204785469917,0.41450149338889447,0.3110540994690354,0.046920412606332965,0.48515206369757363,0.06755419389102557,0.2779343494981954,0.1005227082309261,5.676138011955249,5.676138011955249,0.0,8.06581020634438e-17,2.5748813241687586e-16,0.34417774294992926,0.34417774294992926,0.0,55.3,14.0,0.0,0.0,0.0,66.49999999999999,2.8000000000000007,0.0,0.0,0.0,False,False,False
415,292210110,1564487867,1,gaussian_plus_offset,CombinedErrorSensor,0.65,0.2,0.1,0.05,True,True,True,False,safety_violation,0.28784585816888314,72.8,14.183147612779244,14.027762034467777,0.3647994266285035,0.5002166346843722,0.3669373479356047,0.3140892397556502,0.41882738186527063,0.3235196741053138,0.04961506573348267,0.3947295576594748,0.07422164335711849,0.0,0.15505419266729034,5.41407213327429,5.41407213327429,0.0,7.978896220056842e-17,2.7755711140569604e-16,0.22344559150180032,0.22344559150180032,0.0,64.99999999999999,5.800000000000001,2.0,0.0,0.0,71.3,1.5,0.0,0.0,0.0,False,True,False
416,471779139,902910705,1,gaussian_plus_offset,CombinedErrorSensor,0.65,0.2,0.1,0.05,True,True,False,False,false_completion,0.42541559945996404,69.0,14.096641639744236,13.903167174347637,0.3588979254517322,0.5006869081869327,0.36094742776962735,0.31513412683154496,0.414497558142335,0.32447717567657347,0.04499600072370782,0.4543414014484664,0.06883315398616911,0.21091958638612635,0.14936788733778525,5.209595831662987,5.209595831662987,0.0,8.59073793567346e-17,2.779024842816778e-16,0.3129610825366211,0.3129610825366211,0.0,66.60000000000001,2.3999999999999915,0.0,0.0,0.0,69.0,0.0,0.0,0.0,0.0,False,False,False
417,1257730118,169908158,1,gaussian_plus_offset,CombinedErrorSensor,0.65,0.2,0.1,0.05,True,True,True,False,safety_violation,0.1921628145356009,66.60000000000001,13.690610410712246,13.55525427061896,0.3645001271911496,0.4865443189200296,0.366688799755181,0.32504293025484576,0.456320449735043,0.33413182276199,0.05201667905525042,0.38608229491577106,0.07496362787808131,0.0,0.03668921882860917,5.438077519255192,5.438077519255192,0.0,8.419829036277612e-17,1.7772239894833365e-16,0.318379381094494,0.318379381094494,0.0,57.8,6.5000000000000036,2.3000000000000043,0.0,0.0,65.2,1.3999999999999986,0.0,0.0,0.0,False,True,False
418,1055095300,2099702196,1,gaussian_plus_offset,CombinedErrorSensor,0.65,0.2,0.1,0.05,True,True,True,False,safety_violation,0.281704291765714,61.6,13.375745174526546,13.255738846476635,0.3616317722950209,0.4778562442958327,0.36422437988407186,0.3325157857097851,0.40574503030241144,0.3373268470631071,0.04835108032941706,0.42715519372245764,0.07279878261675346,0.0,0.10223833027521026,5.059849267953913,5.059849267953913,0.0,9.126440024361755e-17,1.8670653977139892e-16,0.3273959213455738,0.3273959213455738,0.0,50.400000000000006,8.2,1.3999999999999986,1.5999999999999943,0.0,60.8,0.7999999999999989,0.0,0.0,0.0,True,True,False
419,2411947258,1651693406,1,gaussian_plus_offset,CombinedErrorSensor,0.65,0.2,0.1,0.05,True,True,False,False,false_completion,0.33894026614884637,68.0,14.030037718061646,13.884019288048915,0.3672432453718881,0.49753578813418553,0.3696497427245645,0.32229678330524686,0.41385329296169626,0.3277668127220946,0.05325846308607305,0.4255111100194364,0.08288610793179255,0.13212944413302144,0.15925647267636123,5.261141645435921,5.261141645435921,0.0,8.418705453448906e-17,2.7762215559701143e-16,0.3749402658203028,0.3749402658203028,0.0,57.800000000000004,10.199999999999996,0.0,0.0,0.0,68.0,0.0,0.0,0.0,0.0,False,False,False
420,2914634240,2192700923,1,gaussian_plus_offset,CombinedErrorSensor,0.65,0.2,0.1,0.05,True,True,False,False,false_completion,0.47198793091783997,78.0,15.268464468223074,14.979451878687223,0.36746071828361665,0.48452088271405874,0.36976147150449024,0.29596564762470273,0.47520462066368413,0.3075995836873643,0.05080685250797802,0.47823363937604285,0.07564070967168378,0.0,0.15072083095240588,6.119661116731674,6.119661116731675,0.0,7.594971273401602e-17,1.962615573354719e-16,0.2894329956415231,0.289432995641523,0.0,67.69999999999999,8.0,2.3000000000000043,0.0,0.0,72.49999999999999,5.500000000000007,0.0,0.0,0.0,False,True,False
421,3582409163,1846612564,1,gaussian_plus_offset,CombinedErrorSensor,0.65,0.2,0.1,0.05,True,True,True,False,safety_violation,0.2303671001488804,68.8,13.908868582360569,13.850471942750502,0.36196525442875593,0.47555772926208945,0.3639467774505429,0.30943611158868567,0.45159553796413654,0.3214023890420722,0.051702588750188634,0.4273612885127511,0.07513181315192229,0.0,0.07172805199582931,5.518121817165625,5.518121817165625,0.0,8.009793663708174e-17,2.7755575615628914e-16,0.3044444874272636,0.3044444874272636,0.0,61.99999999999999,5.0000000000000036,0.0,1.8000000000000007,0.0,68.8,0.0,0.0,0.0,0.0,True,False,False
422,4008422370,2004689862,1,gaussian_plus_offset,CombinedErrorSensor,0.65,0.2,0.1,0.05,True,True,False,False,false_completion,0.4998116193196514,76.2,14.449220080606008,14.254467875309937,0.3674356429770606,0.5184285858685653,0.3698696457301144,0.3164139805857032,0.44106685729292633,0.324050817360755,0.05766281327740216,0.5170672028527897,0.07780246923917783,0.0,0.09923692138056349,5.785449467071562,5.785449467071562,0.0,8.051203192608656e-17,2.7755575615628914e-16,0.31954400790264426,0.3195440079026442,0.0,69.8,3.6999999999999957,2.6999999999999993,0.0,0.0,75.5,0.7000000000000028,0.0,0.0,0.0,False,True,False
423,2882814493,1061927593,1,gaussian_plus_offset,CombinedErrorSensor,0.65,0.2,0.1,0.05,True,True,False,False,false_completion,0.427464091407029,67.8,13.317894127101868,13.154007106054447,0.3635480881647746,0.49202082210181686,0.36597308277744967,0.33276597967446575,0.43137187811224653,0.338739073266366,0.05016272496667546,0.45310204623737727,0.07678659206743872,0.0,0.12272569400625917,5.200644277121787,5.200644277121787,0.0,8.463930821792913e-17,1.7772239894833365e-16,0.2934896699975584,0.2934896699975584,0.0,62.49999999999999,3.0,2.3000000000000043,0.0,0.0,67.8,0.0,0.0,0.0,0.0,False,True,False
424,3680502530,1923750527,1,gaussian_plus_offset,CombinedErrorSensor,0.65,0.2,0.1,0.05,True,True,False,False,false_completion,0.4272512399320368,79.9,16.49943216246039,16.303503552337933,0.357409945709919,0.48041383083806605,0.35967859821465004,0.2732875035851283,0.40031629908226807,0.28458376950090747,0.04838644031770432,0.2915886533081651,0.0677574700792328,0.0,0.1174726955624772,6.570265052451546,6.570265052451546,0.0,7.96126027839092e-17,2.776424787817943e-16,0.3584436694759943,0.35844366947599426,0.0,68.7,9.700000000000001,1.5,0.0,0.0,78.0,1.8999999999999986,0.0,0.0,0.0,False,True,False
425,2946213435,2839389369,1,gaussian_plus_offset,CombinedErrorSensor,0.65,0.2,0.1,0.05,True,True,False,False,false_completion,0.3606321817102464,64.5,13.143929078237033,12.958634657502824,0.36152223119404603,0.48220715581687285,0.36385027421356664,0.33332321424137584,0.43327847139094255,0.3388682064328987,0.05218490258818135,0.4786593375466015,0.07340026670689381,0.0,0.12190746648944854,5.4592580685174354,5.4592580685174354,0.0,8.608991874864389e-17,2.498001805406602e-16,0.43223023390077586,0.43223023390077586,0.0,58.10000000000001,4.8999999999999915,0.0,1.5,0.0,61.9,2.6000000000000014,0.0,0.0,0.0,True,False,False
426,2667510470,1232235575,1,gaussian_plus_offset,CombinedErrorSensor,0.65,0.2,0.1,0.05,True,True,False,False,false_completion,0.3395379109263997,69.2,13.355623456167933,13.366329440789618,0.35788738935487036,0.4692536422581308,0.36015088980276566,0.31784653397977947,0.4215649711067768,0.3240033292431736,0.05201593939510234,0.405520306180549,0.07123695090792004,0.0,0.0921415293949869,5.429297697488153,5.429297697488153,0.0,8.436999504310138e-17,1.8670653977139892e-16,0.36059510814833784,0.3605951081483378,0.0,60.29999999999999,0.0,4.300000000000004,4.6000000000000085,0.0,67.60000000000001,1.5999999999999943,0.0,0.0,0.0,True,True,False
427,2775479302,3129694536,1,gaussian_plus_offset,CombinedErrorSensor,0.65,0.2,0.1,0.05,False,False,False,False,planning_failure,nan,nan,nan,nan,nan,nan,nan,nan,nan,nan,nan,nan,nan,nan,nan,nan,nan,nan,nan,nan,nan,nan,nan,,,,,,,,,,,,,
428,583548122,2742868653,1,gaussian_plus_offset,CombinedErrorSensor,0.65,0.2,0.1,0.05,True,True,True,False,safety_violation,0.24099040431375712,79.80000000000001,15.308385228360319,15.030440103608665,0.3616093541915633,0.5558117328654721,0.3642039845030318,0.2980598165777032,0.4109286846612873,0.3049601288822048,0.04880743473296649,0.5543100387368798,0.07131788562033822,0.0,0.11227179209108108,5.818342360197743,5.818342360197743,0.0,7.209258341545452e-17,2.776424787817943e-16,0.30157971043389215,0.3015797104338922,0.0,65.9,9.700000000000003,4.200000000000005,0.0,0.0,79.80000000000001,0.0,0.0,0.0,0.0,False,True,False
429,395063575,893168507,1,gaussian_plus_offset,CombinedErrorSensor,0.65,0.2,0.1,0.05,True,True,False,False,false_completion,0.3134062391861177,67.60000000000001,13.781754986766607,13.696613050715962,0.3609459346917093,0.5148170252632005,0.3633548541373596,0.29883276068944836,0.38247384589729433,0.3089805837483337,0.052916522884032965,0.4578960765165761,0.08324659588346844,0.16063336926626431,0.09914903957952977,5.127418159691821,5.127418159691821,0.0,8.382845132505525e-17,1.7772239894833365e-16,0.22111129521711542,0.22111129521711545,0.0,64.10000000000001,3.5,0.0,0.0,0.0,67.60000000000001,0.0,0.0,0.0,0.0,False,False,False
430,3316604475,3569072220,1,gaussian_plus_offset,CombinedErrorSensor,0.65,0.2,0.1,0.05,True,True,False,False,false_completion,0.47781895565327326,72.8,14.15748289021218,14.158023020267285,0.3670949273678342,0.4770861656240406,0.36924810194037,0.3056623033965153,0.40300012323606615,0.31202093367694655,0.0487232084508795,0.32862830089804074,0.07016785715454094,0.0,0.1966433538981333,5.65321676647723,5.65321676647723,0.0,7.425035729975356e-17,2.2215299868541707e-16,0.39275105057837595,0.392751050578376,0.0,59.6,10.899999999999999,2.299999999999997,0.0,0.0,67.5,5.299999999999997,0.0,0.0,0.0,False,True,False
431,2622342899,1742826588,1,gaussian_plus_offset,CombinedErrorSensor,0.65,0.2,0.1,0.05,True,True,False,False,false_completion,0.33443438562242744,65.9,13.467923257924713,13.21961398356014,0.35982722285594076,0.50070566976644,0.36268883802007046,0.3251075218482343,0.4623370740714293,0.33228137049714296,0.05130183475590917,0.44654578535226547,0.07751527756661646,0.0,0.10958746497995824,5.381629499080018,5.381629499080018,0.0,8.628402436659185e-17,2.2887833992611187e-16,0.28491447577887646,0.28491447577887646,0.0,61.300000000000004,1.7000000000000028,1.3999999999999986,1.5,0.0,65.9,0.0,0.0,0.0,0.0,True,True,False
432,3286438300,234230365,1,gaussian_plus_offset,CombinedErrorSensor,0.65,0.2,0.1,0.05,True,True,False,False,false_completion,0.5060620617964172,68.60000000000001,13.871629026614407,13.850659853865388,0.35787940300797283,0.5003120555355778,0.3599837823778535,0.3173197031906165,0.40279636213888714,0.3229645984936426,0.04787778211453215,0.44321618668098306,0.07228541761026636,0.0,0.16567668881744932,5.3718938976217,5.3718938976217,0.0,8.152615497140483e-17,1.8875832159447664e-16,0.2499923471576503,0.24999234715765029,0.0,64.4,0.0,1.5,2.6999999999999993,0.0,68.60000000000001,0.0,0.0,0.0,0.0,True,True,False
433,2750417563,1262226921,1,gaussian_plus_offset,CombinedErrorSensor,0.65,0.2,0.1,0.05,True,True,False,False,false_completion,0.4258526051304639,75.5,15.190851374599763,14.844105998038058,0.3655285289065817,0.48559418639264224,0.36791369803107193,0.2883153345096693,0.46705278507824005,0.29901831409229346,0.05506549889057416,0.48489192933894115,0.08226726335787478,0.0,0.11002035148473244,6.246691472188659,6.246691472188659,0.0,8.288209072367782e-17,2.776424787817943e-16,0.28929919820693606,0.28929919820693606,0.0,66.7,4.899999999999999,3.8999999999999986,0.0,0.0,73.5,2.0,0.0,0.0,0.0,False,True,False
434,4219808666,4170911108,1,gaussian_plus_offset,CombinedErrorSensor,0.65,0.2,0.1,0.05,True,True,True,False,safety_violation,0.21770551888409395,78.30000000000001,14.663614981619641,14.396780975486644,0.36004263554146926,0.5531218771211345,0.3625140263781362,0.3112370233328533,0.47415957998377967,0.3196838116070521,0.05228642375204546,0.5528409765194551,0.07744755932949778,0.0,0.02081833512861965,5.854522922295747,5.854522922295747,0.0,7.785897796862442e-17,2.776424787817943e-16,0.24995467763596915,0.24995467763596918,0.0,70.2,5.300000000000001,2.799999999999997,0.0,0.0,76.2,2.099999999999998,0.0,0.0,0.0,False,True,False
435,2996272099,2135640333,1,gaussian_plus_offset,CombinedErrorSensor,0.65,0.2,0.1,0.05,False,False,False,False,planning_failure,nan,nan,nan,nan,nan,nan,nan,nan,nan,nan,nan,nan,nan,nan,nan,nan,nan,nan,nan,nan,nan,nan,nan,,,,,,,,,,,,,
436,2404354633,3116284140,1,gaussian_plus_offset,CombinedErrorSensor,0.65,0.2,0.1,0.05,True,True,False,False,false_completion,0.4194619174689316,67.9,13.953074491288401,13.708473516592594,0.356253547952807,0.48085965915958134,0.3586252830666154,0.31240194050167674,0.39399536965945126,0.3175669239347939,0.04626186457787417,0.45047918919367097,0.06858741376420487,0.14537017485199044,0.14201084216314497,5.255816541088684,5.255816541088684,0.0,8.549450052691792e-17,2.7894008272968645e-16,0.3522749889163125,0.3522749889163125,0.0,62.8,5.100000000000003,0.0,0.0,0.0,67.9,0.0,0.0,0.0,0.0,False,False,False
437,1785047775,2412942496,1,gaussian_plus_offset,CombinedErrorSensor,0.65,0.2,0.1,0.05,False,False,False,False,planning_failure,nan,nan,nan,nan,nan,nan,nan,nan,nan,nan,nan,nan,nan,nan,nan,nan,nan,nan,nan,nan,nan,nan,nan,,,,,,,,,,,,,
438,1137720147,103076549,1,gaussian_plus_offset,CombinedErrorSensor,0.65,0.2,0.1,0.05,True,True,False,False,false_completion,0.3282027777369021,66.10000000000001,13.51494617324451,13.390097378321641,0.35318942048326535,0.5503404937978993,0.35559266059022065,0.3167302322872912,0.4182985820608492,0.32419310217506186,0.05247565887951768,0.5232739346717942,0.07642511215837441,0.0,0.12449387023966926,5.359461890020544,5.359461890020544,0.0,8.735785697764506e-17,1.962615573354719e-16,0.43172766569075177,0.43172766569075166,0.0,52.4,10.000000000000004,2.200000000000003,1.5,0.0,60.400000000000006,5.700000000000003,0.0,0.0,0.0,True,True,False
439,4162669629,1339972080,1,gaussian_plus_offset,CombinedErrorSensor,0.65,0.2,0.1,0.05,True,True,False,False,false_completion,0.4739552415466835,84.7,17.38111894952256,17.379881654163952,0.3641493466477939,0.4983889284110461,0.3664364887039013,0.2485766681360811,0.43681680330763667,0.2660338466742398,0.05189663298581075,0.47697832367611825,0.07390430236106704,0.0,0.051107581849244355,7.07160798633841,7.07160798633841,0.0,7.845682782774826e-17,2.779024842816778e-16,0.25647578061010945,0.25647578061010945,0.0,62.70000000000001,12.0,8.099999999999994,1.8999999999999986,0.0,84.7,0.0,0.0,0.0,0.0,True,True,False
440,4238156698,1041179357,1,gaussian_plus_offset,CombinedErrorSensor,0.65,0.2,0.1,0.05,True,True,True,False,safety_violation,0.18723324419678844,76.4,14.707110913369249,14.435496233754645,0.36439538094222873,0.5183757308831489,0.36711063876680367,0.3111677491296801,0.451913585285326,0.3219401895493913,0.04734556574931624,0.36991003819753177,0.0686383873804446,0.0,0.11472810993073512,5.720902343218489,5.720902343218489,0.0,7.768519373451794e-17,2.498965354837e-16,0.2051541276427494,0.20515412764274946,0.0,70.4,0.0,2.0999999999999943,3.900000000000002,0.0,76.4,0.0,0.0,0.0,0.0,True,True,False
441,2321526583,4105025827,1,gaussian_plus_offset,CombinedErrorSensor,0.65,0.2,0.1,0.05,True,True,False,False,false_completion,0.43213765224836953,73.5,15.25208719156795,15.021835040488003,0.3654986781658689,0.5286828378623957,0.3676096841133564,0.2907098023213425,0.4581797950676812,0.3004683722058136,0.05158555497260793,0.5271674135535496,0.07784347714221533,0.04005911621333772,0.10408618277018,5.963738843292161,5.963738843292161,0.0,8.578732099942261e-17,2.7894008272968645e-16,0.30744150623386474,0.30744150623386474,0.0,61.800000000000004,11.699999999999992,0.0,0.0,0.0,67.79999999999998,5.700000000000006,0.0,0.0,0.0,False,False,False
442,2806551846,2921142390,1,gaussian_plus_offset,CombinedErrorSensor,0.65,0.2,0.1,0.05,True,True,False,False,false_completion,0.3266241198413209,69.2,14.241656153746334,14.035626882411453,0.3645727401190785,0.4920777725474626,0.36678073283877394,0.315461350060977,0.41606095890426387,0.32146434873085994,0.05179242949141808,0.416781458731887,0.07711320081539247,0.0,0.10139554043185672,5.3803528398819545,5.3803528398819545,0.0,8.246090767262182e-17,2.498001805406602e-16,0.24300498101159032,0.24300498101159035,0.0,57.699999999999996,6.500000000000007,5.0,0.0,0.0,69.2,0.0,0.0,0.0,0.0,False,True,False
443,530442452,3520819212,1,gaussian_plus_offset,CombinedErrorSensor,0.65,0.2,0.1,0.05,True,True,False,False,false_completion,0.3102004711448454,70.7,14.209549249531314,14.148957857472508,0.36551329620289597,0.5215452161710115,0.36836328264499046,0.304071782408828,0.4386781131158473,0.31394607982981626,0.058173134942736536,0.4718116790880884,0.08648282847735073,0.0,0.03433509327605764,5.835140413395282,5.835140413395283,0.0,8.002721486990043e-17,2.7847039995559526e-16,0.28807785262986335,0.28807785262986335,0.0,58.00000000000001,10.299999999999997,2.4000000000000004,0.0,0.0,68.60000000000001,2.0999999999999943,0.0,0.0,0.0,False,True,False
444,1845962377,664921687,1,gaussian_plus_offset,CombinedErrorSensor,0.65,0.2,0.1,0.05,True,True,False,False,false_completion,0.3243811327818045,76.7,14.91941822742885,14.712599750638084,0.36543351178553035,0.47706380767531603,0.36788433646482327,0.2855540338595937,0.4269596019541299,0.29773243425418505,0.05433237075947745,0.4437323918941171,0.07706112824673185,0.0,0.10507591182790335,5.81002009020803,5.81002009020803,0.0,7.851727425817177e-17,2.5133742693021536e-16,0.34732589437073996,0.34732589437073996,0.0,64.5,7.299999999999997,4.899999999999999,0.0,0.0,72.4,4.299999999999997,0.0,0.0,0.0,False,True,False
445,127337084,683216640,1,gaussian_plus_offset,CombinedErrorSensor,0.65,0.2,0.1,0.05,True,True,False,False,false_completion,0.3227390443677996,72.3,14.164211709001162,13.961305184313938,0.36307567701261173,0.4747687749199175,0.3654658888936792,0.31446607781337527,0.42982778114256737,0.32199859136416453,0.051858939224326495,0.4282363456174734,0.07531917012175501,0.0,0.0856371644980708,5.247796777050054,5.247796777050054,0.0,8.075797025398759e-17,1.962615573354719e-16,0.2887533661579923,0.2887533661579923,0.0,65.39999999999999,3.5,3.3999999999999986,0.0,0.0,71.89999999999999,0.3999999999999986,0.0,0.0,0.0,False,True,False
446,2775364023,2422759464,1,gaussian_plus_offset,CombinedErrorSensor,0.65,0.2,0.1,0.05,True,True,True,False,safety_violation,0.26930568888659684,77.60000000000001,15.44252100406298,15.223936657346107,0.35828410738057964,0.5241726105727796,0.3606288083584441,0.2761010939700778,0.4085901319234749,0.28827068261955835,0.049827099804831645,0.5235759192684998,0.07203877195052558,0.0,0.09258377801461927,6.0382506880215905,6.038250688021591,0.0,7.653419692741213e-17,2.2215299868541707e-16,0.2963904494430667,0.2963904494430668,0.0,69.7,1.6999999999999993,0.0,6.200000000000003,0.0,77.60000000000001,0.0,0.0,0.0,0.0,True,False,False
447,769208838,2108056196,1,gaussian_plus_offset,CombinedErrorSensor,0.65,0.2,0.1,0.05,True,True,False,False,false_completion,0.47377114188211755,69.2,13.377121374171157,13.264258353557997,0.3655294216029808,0.5066944319669514,0.36807514322433427,0.3334988286881469,0.4543639887817172,0.34010527125115475,0.0537953672582634,0.4679747255621785,0.07797739798846903,0.21053212358038742,0.16373465908843848,5.123649902544547,5.123649902544547,0.0,8.491581960304442e-17,1.8670653977139892e-16,0.2851000114144432,0.2851000114144432,0.0,64.10000000000001,5.099999999999994,0.0,0.0,0.0,69.0,0.19999999999999574,0.0,0.0,0.0,False,False,False
448,3043459404,2731378376,1,gaussian_plus_offset,CombinedErrorSensor,0.65,0.2,0.1,0.05,True,True,False,False,false_completion,0.49277398859210847,80.0,16.68369442688934,16.478071302052854,0.3597876699237185,0.5535658394512003,0.36252766980055307,0.27251806306221077,0.41898736265485376,0.2849355306547976,0.05202423324656251,0.5526939242639781,0.07581772938535145,0.0,0.043408574242940645,6.646313130940767,6.646313130940767,0.0,7.753449625282527e-17,2.7833528704240246e-16,0.26706573325580374,0.2670657332558038,0.0,70.9,4.199999999999996,0.0,4.899999999999999,0.0,80.0,0.0,0.0,0.0,0.0,True,False,False
449,4010961629,3768035838,1,gaussian_plus_offset,CombinedErrorSensor,0.65,0.2,0.1,0.05,True,True,False,False,false_completion,0.4633365520707444,76.10000000000001,14.072417092455883,14.03474824567697,0.3669416302015123,0.49258316631790305,0.3692566159416536,0.3332702785131718,0.43514488099956605,0.33856421561414884,0.057530985600596524,0.42133210284538875,0.07816442110626373,0.0,0.08270244123121981,5.663461905124535,5.663461905124535,0.0,7.787345140926459e-17,2.498001805406602e-16,0.28758557220387454,0.28758557220387443,0.0,62.9,8.800000000000011,4.399999999999999,0.0,0.0,67.80000000000001,8.299999999999994,0.0,0.0,0.0,False,True,False
450,1928687484,2584878143,1,gaussian_plus_offset,CombinedErrorSensor,0.65,0.2,0.1,0.05,False,False,False,False,planning_failure,nan,nan,nan,nan,nan,nan,nan,nan,nan,nan,nan,nan,nan,nan,nan,nan,nan,nan,nan,nan,nan,nan,nan,,,,,,,,,,,,,
451,4152053962,3199768913,1,gaussian_plus_offset,CombinedErrorSensor,0.65,0.2,0.1,0.05,True,True,False,False,false_completion,0.5006872065191311,69.9,13.95537277114397,13.8428072553712,0.35994754978710003,0.5138121845636764,0.3621572186013441,0.31512289982205444,0.4383275508376405,0.32384594435254327,0.04958371656206611,0.49183409837613273,0.07171387113793809,0.0,0.04776461211972084,5.38081553072938,5.380815530729381,0.0,8.443247580429177e-17,2.779024842816778e-16,0.3564524138140983,0.3564524138140983,0.0,63.1,4.7,2.1000000000000014,0.0,0.0,64.5,5.399999999999995,0.0,0.0,0.0,False,True,False
452,4168572242,1705565391,1,gaussian_plus_offset,CombinedErrorSensor,0.65,0.2,0.1,0.05,True,True,False,False,false_completion,0.4999626097679284,88.7,17.68536629734993,17.53360465996083,0.3692893913844494,0.49589976388367446,0.3715583718278683,0.2633075596544897,0.43862664449007804,0.28101230371980407,0.052906414686912276,0.394736400238797,0.07758048315127122,0.004249849571759334,0.12678739713564535,7.442609513215524,7.442609513215523,0.0,8.344365026925551e-17,2.7778469944270575e-16,0.27014615943789094,0.27014615943789094,0.0,68.80000000000001,19.799999999999994,0.0,0.09999999999999432,0.0,87.8,0.8999999999999986,0.0,0.0,0.0,True,False,False
453,139743901,2440869414,1,gaussian_plus_offset,CombinedErrorSensor,0.65,0.2,0.1,0.05,True,True,True,False,safety_violation,0.28013770222066414,70.0,13.511775617385181,13.37594380542943,0.35831283346402426,0.4711268057815891,0.3610867042488269,0.32853081061069495,0.44508748007631754,0.3383269533227531,0.05939370737840175,0.3887198348529598,0.08321853525627747,0.0,0.17104559884545092,5.808651413227591,5.808651413227591,0.0,8.316846675414451e-17,2.830524433501838e-16,0.24111195839330918,0.2411119583933092,0.0,61.3,7.0,1.700000000000001,0.0,0.0,69.8,0.19999999999999574,0.0,0.0,0.0,False,True,False
454,535639341,2753489956,1,gaussian_plus_offset,CombinedErrorSensor,0.65,0.2,0.1,0.05,True,True,False,False,false_completion,0.38970543069392527,75.10000000000001,14.369878222028213,14.39948491931562,0.3660991046240735,0.49900420280220426,0.36863296115076605,0.31363939171498434,0.4161244009266415,0.3286216340162624,0.05184258357952153,0.41373618119169603,0.07659030138328655,0.0,0.08037183636932223,6.044434949116692,6.044434949116692,0.0,7.867670625905255e-17,1.8670653977139892e-16,0.27304174576210777,0.2730417457621077,0.0,61.900000000000006,7.799999999999999,2.5999999999999943,2.8000000000000043,0.0,71.4,3.6999999999999993,0.0,0.0,0.0,True,True,False
455,1358971682,2777370745,1,gaussian_plus_offset,CombinedErrorSensor,0.65,0.2,0.1,0.05,True,True,False,False,false_completion,0.5378738688538172,71.5,13.66834970491498,13.743801877497104,0.3628776929654086,0.506070198955937,0.3653204393577982,0.31886819325980004,0.4710344444255213,0.3272466747363627,0.05517451279335341,0.3680240592439832,0.0766914432438515,0.0,0.094182783823087,5.711760155617549,5.711760155617549,0.0,7.952350044416705e-17,1.962615573354719e-16,0.3111520553231532,0.3111520553231532,0.0,59.49999999999999,5.000000000000002,5.0,2.0,0.0,66.6,4.9,0.0,0.0,0.0,True,True,False
456,2249758613,3075958973,1,gaussian_plus_offset,CombinedErrorSensor,0.65,0.2,0.1,0.05,True,True,False,False,false_completion,0.3327790172959729,68.9,13.510220211144917,13.551772256958477,0.36267934125228996,0.48833920546526627,0.3651543453358779,0.31560569035269365,0.4195527024473115,0.32212138717590105,0.05297374557455736,0.3975131474070468,0.07090694623932998,0.0,0.15248685259295322,5.905685072767764,5.905685072767763,0.0,8.547118288238432e-17,2.779024842816778e-16,0.3788825981550989,0.3788825981550989,0.0,56.2,11.099999999999998,0.0,1.6000000000000014,0.0,66.0,2.899999999999997,0.0,0.0,0.0,True,False,False
457,3234002399,399691633,1,gaussian_plus_offset,CombinedErrorSensor,0.65,0.2,0.1,0.05,True,True,False,False,false_completion,0.41999818618119344,68.3,13.460326677756385,13.310020001512132,0.3611759116402685,0.49976022280307625,0.36351401599659244,0.32251447871037703,0.4309676330282149,0.329250468891971,0.04878178729411358,0.4300408386986358,0.07472548442087197,0.0,0.10263303794771735,5.632763912405978,5.632763912405978,0.0,8.319905240113768e-17,1.8670653977139892e-16,0.28335318193116266,0.2833531819311626,0.0,59.699999999999996,6.600000000000001,0.0,2.0,0.0,68.3,0.0,0.0,0.0,0.0,True,False,False
458,2203017644,679757135,1,gaussian_plus_offset,CombinedErrorSensor,0.65,0.2,0.1,0.05,True,True,True,True,goal_reached,0.25672844980284354,71.3,14.15705234376173,13.966880514930745,0.35985197483617726,0.5060846472653872,0.3624395227072344,0.30315535729556087,0.40782898990718053,0.31110988559500335,0.057503719983991036,0.38723685978946265,0.07972677023568546,0.31710968445228893,0.23752194850529845,5.681837749775937,5.681837749775937,0.0,8.44260829982557e-17,2.7756117711421305e-16,0.26193831340714124,0.26193831340714124,0.0,65.6,5.699999999999996,0.0,0.0,0.0,71.3,0.0,0.0,0.0,0.0,False,False,False
459,506516199,1391648510,1,gaussian_plus_offset,CombinedErrorSensor,0.65,0.2,0.1,0.05,True,True,False,False,false_completion,0.3668285795070487,77.30000000000001,16.079550103495162,15.970469838305664,0.373048322490158,0.5470171013800484,0.3751391175653125,0.27680396712073396,0.42917553225144134,0.2915616859183776,0.050155350795497836,0.5462931415801121,0.07480957621622586,0.0,0.10991978312774009,6.207111750153361,6.207111750153362,0.0,8.17872359354743e-17,2.7809732887839817e-16,0.263204790123431,0.263204790123431,0.0,65.49999999999999,2.8000000000000114,0.0,9.000000000000007,0.0,77.30000000000001,0.0,0.0,0.0,0.0,True,False,False
460,3148336134,4052583908,1,gaussian_plus_offset,CombinedErrorSensor,0.65,0.2,0.1,0.05,True,True,True,True,goal_reached,0.28656363771177673,64.8,13.381232004746533,13.26512801672084,0.355789003380552,0.5235782436469814,0.35824512613857873,0.30670851009466427,0.39081458654947215,0.31446968916686086,0.05377721782875034,0.5235782436469814,0.08239413317645042,0.33114557617763296,0.11033367732277942,5.254047535552813,5.254047535552813,0.0,8.765275609120102e-17,2.0014830212433605e-16,0.24135143040685,0.24135143040684998,0.0,61.2,3.5999999999999943,0.0,0.0,0.0,64.8,0.0,0.0,0.0,0.0,False,False,False
461,2541265752,4115274506,1,gaussian_plus_offset,CombinedErrorSensor,0.65,0.2,0.1,0.05,False,False,False,False,planning_failure,nan,nan,nan,nan,nan,nan,nan,nan,nan,nan,nan,nan,nan,nan,nan,nan,nan,nan,nan,nan,nan,nan,nan,,,,,,,,,,,,,
462,1485890029,2960204149,1,gaussian_plus_offset,CombinedErrorSensor,0.65,0.2,0.1,0.05,True,True,True,False,safety_violation,0.27304593678802996,81.30000000000001,15.019347020631326,14.805058716610391,0.3544166169842323,0.46640038737392814,0.35651984020577265,0.28309509911772496,0.419304309942361,0.2939327919922374,0.04906841342175942,0.34332382834291253,0.06758914349929619,0.0,0.1411285369919506,5.966597642154076,5.966597642154076,0.0,7.79718892791136e-17,2.7894008272968645e-16,0.31361819221997206,0.31361819221997206,0.0,59.000000000000014,18.300000000000004,3.999999999999993,0.0,0.0,70.19999999999999,11.100000000000012,0.0,0.0,0.0,False,True,False
463,301383822,2172981111,1,gaussian_plus_offset,CombinedErrorSensor,0.65,0.2,0.1,0.05,True,True,False,False,false_completion,0.37866388950903807,72.3,14.38593747854864,14.353031936537091,0.35815988142786376,0.496493896570366,0.36047687781635124,0.310720599991766,0.42679443282969676,0.3178075704685807,0.046671529632233415,0.45724297818300974,0.07076620111330931,0.0,0.1026017503219725,5.750302250067599,5.750302250067601,0.0,8.097552117594687e-17,2.2247786310271853e-16,0.3271065928594641,0.3271065928594641,0.0,59.39999999999999,8.700000000000001,4.200000000000003,0.0,0.0,72.3,0.0,0.0,0.0,0.0,False,True,False
464,2308831160,1833916880,1,gaussian_plus_offset,CombinedErrorSensor,0.65,0.2,0.1,0.05,True,True,False,False,false_completion,0.4118730567131595,69.8,13.74587978220546,13.598028841576136,0.3609393121137587,0.56667489594041,0.36341067587735054,0.3180247419177278,0.46041370885422694,0.32772518021626507,0.05444874087623938,0.5652998050777233,0.07749157361857482,0.0,0.0636456726094914,5.434746942955283,5.434746942955283,0.0,8.292851032927935e-17,2.5133742693021536e-16,0.5217033696442873,0.5217033696442873,0.0,57.29999999999999,8.20000000000001,2.6000000000000014,1.6999999999999957,0.0,66.6,3.1999999999999993,0.0,0.0,0.0,True,True,False
465,3560128294,3313768472,1,gaussian_plus_offset,CombinedErrorSensor,0.65,0.2,0.1,0.05,False,False,False,False,planning_failure,nan,nan,nan,nan,nan,nan,nan,nan,nan,nan,nan,nan,nan,nan,nan,nan,nan,nan,nan,nan,nan,nan,nan,,,,,,,,,,,,,
466,776986923,4124742154,1,gaussian_plus_offset,CombinedErrorSensor,0.65,0.2,0.1,0.05,True,True,False,False,false_completion,0.5400945029262404,73.3,15.188821799670972,15.078529157119956,0.3674289758548253,0.47720139099351955,0.3697475845738333,0.29497634558575486,0.44399871901911336,0.30314852320885494,0.046931746082224904,0.3081096857563547,0.06457926185895554,0.0,0.07824853431550906,5.742744052106942,5.742744052106941,0.0,7.517329159051426e-17,2.779024842816778e-16,0.290117537093488,0.2901175370934879,0.0,71.6,0.0,0.0,1.6999999999999993,0.0,73.3,0.0,0.0,0.0,0.0,True,False,False
467,2850336734,11142806,1,gaussian_plus_offset,CombinedErrorSensor,0.65,0.2,0.1,0.05,True,True,False,False,false_completion,0.48846031851685795,70.60000000000001,13.849912340859026,13.64239060022155,0.35968124145233527,0.46904312597605674,0.3615540861208768,0.32266603153935347,0.4383744922161983,0.3291136086136905,0.049211968854582316,0.45728369841235755,0.07422705563765189,0.0,0.06923349523292861,5.47349819559368,5.473498195593681,0.0,8.299136581980843e-17,2.7756117711421305e-16,0.235263499099636,0.23526349909963593,0.0,62.50000000000001,5.899999999999999,2.1999999999999993,0.0,0.0,69.80000000000001,0.7999999999999972,0.0,0.0,0.0,False,True,False
468,506447374,1862155830,1,gaussian_plus_offset,CombinedErrorSensor,0.65,0.2,0.1,0.05,True,True,False,False,false_completion,0.41407335469567064,73.10000000000001,14.292914860050697,14.417552289465485,0.3665285488551561,0.49179624332983624,0.3686611151948984,0.31176388079511647,0.42525164355991996,0.3194114041325451,0.04303221869581347,0.2871322014606311,0.0603322232602384,0.0,0.08385771232370165,5.885982011212336,5.885982011212336,0.0,7.371384586173614e-17,1.962615573354719e-16,0.27545616417853946,0.27545616417853946,0.0,63.50000000000001,3.3999999999999986,0.0,6.199999999999999,0.0,73.10000000000001,0.0,0.0,0.0,0.0,True,False,False
469,38382694,611277468,1,gaussian_plus_offset,CombinedErrorSensor,0.65,0.2,0.1,0.05,True,True,False,False,false_completion,0.31463304485252963,71.10000000000001,13.535397008521377,13.332308871380153,0.36513069772095813,0.4844135990550585,0.3674955052971096,0.3323860049721863,0.4246709192827914,0.33858514172897164,0.0520103747503671,0.3923449129747203,0.07501305997160805,0.0,0.13428042369897017,5.922753559855055,5.922753559855055,0.0,8.034605276484106e-17,1.8670653977139892e-16,0.2882623107359142,0.2882623107359142,0.0,63.7,5.800000000000001,1.6000000000000014,0.0,0.0,71.10000000000001,0.0,0.0,0.0,0.0,False,True,False
470,1614957771,2769797369,1,gaussian_plus_offset,CombinedErrorSensor,0.65,0.2,0.1,0.05,True,True,False,False,false_completion,0.4405294116724349,79.4,15.896799686656852,15.942426905853702,0.3558404345579726,0.47928176600831096,0.3581750758689734,0.24086240859115368,0.3957543763037563,0.2597364138449696,0.05585536770951657,0.4417829524273378,0.08033934167775622,0.0,0.13969810681049827,6.632963075051316,6.632963075051316,0.0,7.908060762950299e-17,2.498001805406602e-16,0.28049076322969835,0.28049076322969835,0.0,58.699999999999996,15.000000000000005,5.700000000000003,0.0,0.0,73.0,6.400000000000004,0.0,0.0,0.0,False,True,False
471,1947553387,2982980601,1,gaussian_plus_offset,CombinedErrorSensor,0.65,0.2,0.1,0.05,True,True,False,False,false_completion,0.4320682952102354,62.2,13.026554093671628,13.020113158218148,0.3590836684291259,0.48706904090469333,0.36188824710658746,0.3244000361897566,0.4512499071794959,0.3314587547874101,0.05378885147793585,0.39918309936993135,0.07546596599989025,0.0,0.15279919982417306,5.182012926477555,5.182012926477555,0.0,9.218024222496862e-17,1.962615573354719e-16,0.370987816695951,0.370987816695951,0.0,59.8,0.0,1.0000000000000036,1.4000000000000004,0.0,62.2,0.0,0.0,0.0,0.0,True,True,False
472,1889259062,1512499680,1,gaussian_plus_offset,CombinedErrorSensor,0.65,0.2,0.1,0.05,True,True,False,False,false_completion,0.3864939307201895,79.9,15.714483988055981,15.549183418697293,0.3660030470731386,0.4798361408160622,0.36805072093884167,0.2850098840333189,0.44447314436260654,0.30102987642312873,0.04913793645935444,0.3888085303069316,0.07559011100287308,0.0,0.07560132073175106,6.388510823248542,6.388510823248542,0.0,7.462043243363591e-17,2.776424787817943e-16,0.2633613416564963,0.2633613416564963,0.0,64.1,13.8,0.0,2.0,0.0,74.0,5.899999999999999,0.0,0.0,0.0,True,False,False
473,3323850896,2015045576,1,gaussian_plus_offset,CombinedErrorSensor,0.65,0.2,0.1,0.05,True,True,True,False,safety_violation,0.14318799690803438,66.3,13.670942511352491,13.483000417236749,0.36230111833117995,0.4862248195818903,0.36469185709684004,0.3210696356617378,0.4306830421089227,0.32981620861292177,0.05154659594445395,0.44861696899339765,0.07938504641339711,0.0,0.13269028395577218,5.671116780621159,5.67111678062116,0.0,8.435724360504643e-17,2.5589376332604516e-16,0.3008601519608147,0.3008601519608147,0.0,54.19999999999999,8.3,3.8000000000000043,0.0,0.0,66.1,0.19999999999999574,0.0,0.0,0.0,False,True,False
474,301557636,2102269319,1,gaussian_plus_offset,CombinedErrorSensor,0.65,0.2,0.1,0.05,True,True,False,False,false_completion,0.5067276211998472,73.9,14.076167117638002,13.83334446636013,0.36279517816727513,0.4859746466215164,0.3649202767468579,0.3188673497245029,0.4206342907136381,0.32550592897480407,0.04930196949978321,0.45453302989168964,0.0729165714062812,0.0,0.07668259224601615,5.378462180114327,5.378462180114328,0.0,7.811225231143118e-17,1.7772239894833365e-16,0.33720320359086753,0.3372032035908675,0.0,73.0,0.0,0.9000000000000004,0.0,0.0,73.9,0.0,0.0,0.0,0.0,False,True,False
475,2131969918,99288110,1,gaussian_plus_offset,CombinedErrorSensor,0.65,0.2,0.1,0.05,True,True,False,False,false_completion,0.49512807556926475,67.7,13.441422452898694,13.247591533482582,0.36025000778388155,0.48279921690650845,0.36247086417968816,0.32372908891371094,0.41326980012167785,0.32937150298474976,0.051656206746825355,0.35542064662061734,0.07037817899984611,0.0,0.06859808292714975,5.611044302980893,5.611044302980893,0.0,8.524615886289237e-17,2.8066088919804617e-16,0.41944952435966193,0.41944952435966193,0.0,66.2,0.0,0.0,1.5,0.0,66.10000000000001,1.5999999999999943,0.0,0.0,0.0,True,False,False
476,447607539,1053281374,1,gaussian_plus_offset,CombinedErrorSensor,0.65,0.2,0.1,0.05,True,True,False,False,false_completion,0.42683995372501715,63.300000000000004,13.016795014250315,12.83087512830586,0.3600204565295929,0.4881612404683269,0.36258043869114975,0.33397655185100134,0.45704729628791446,0.34029435038678024,0.05475307130706284,0.4274261863458252,0.08033881834310351,0.0,0.057737013695154916,5.088540233034402,5.0885402330344025,0.0,9.527092119946133e-17,1.962615573354719e-16,0.2602896309390021,0.2602896309390021,0.0,59.60000000000001,1.2999999999999972,1.2999999999999972,1.1000000000000014,0.0,63.300000000000004,0.0,0.0,0.0,0.0,True,True,False
477,2621228370,2580436250,1,gaussian_plus_offset,CombinedErrorSensor,0.65,0.2,0.1,0.05,True,True,False,False,false_completion,0.5443112441155695,77.9,15.60834018637761,15.639954835270224,0.36293194025648745,0.48740653272482287,0.3650993768658012,0.2941970001015503,0.4576131438146362,0.30664187853816705,0.05020236331969135,0.4417395420886187,0.07287131092943996,0.09250716876051257,0.11932241303814703,6.028356260066058,6.028356260066058,0.0,7.973952625737509e-17,2.779024842816778e-16,0.3169654368880928,0.3169654368880928,0.0,68.6,9.300000000000004,0.0,0.0,0.0,77.9,0.0,0.0,0.0,0.0,False,False,False
478,2875798271,4241047379,1,gaussian_plus_offset,CombinedErrorSensor,0.65,0.2,0.1,0.05,False,False,False,False,planning_failure,nan,nan,nan,nan,nan,nan,nan,nan,nan,nan,nan,nan,nan,nan,nan,nan,nan,nan,nan,nan,nan,nan,nan,,,,,,,,,,,,,
479,97946494,3150012955,1,gaussian_plus_offset,CombinedErrorSensor,0.65,0.2,0.1,0.05,True,True,False,False,false_completion,0.41702321567784123,72.8,14.380319732375025,14.288774542451284,0.3599503677635048,0.4836510781809968,0.3622296107240273,0.29787667354235625,0.41568000938237226,0.3053893332116147,0.04846750689177126,0.3455739320291804,0.06920060377039054,0.192868572051335,0.20442606797081958,5.735475729871556,5.735475729871555,0.0,7.834865452246592e-17,2.498001805406602e-16,0.33386467650953067,0.33386467650953056,0.0,66.29999999999998,6.500000000000003,0.0,0.0,0.0,72.8,0.0,0.0,0.0,0.0,False,False,False
480,2941189654,1656477099,1,gaussian_plus_offset,CombinedErrorSensor,0.65,0.2,0.1,0.05,True,True,False,False,false_completion,0.4809763347020655,71.8,13.918273045338188,14.043394241321641,0.36198480753011686,0.49620831677187044,0.36431088629106284,0.30286142026134144,0.4270225943866863,0.30926875958322925,0.04559106236939015,0.34358902599826735,0.060893028131215325,0.1796772648222671,0.11790557480818242,5.48117020649749,5.48117020649749,0.0,8.291920449267942e-17,2.5133742693021536e-16,0.36072536094104646,0.3607253609410465,0.0,57.999999999999986,13.800000000000006,0.0,0.0,0.0,66.39999999999999,5.4,0.0,0.0,0.0,False,False,False
481,1120920137,1371190207,1,gaussian_plus_offset,CombinedErrorSensor,0.65,0.2,0.1,0.05,True,True,False,False,false_completion,0.4574239519174416,67.60000000000001,13.346819087488093,13.283588461063617,0.36235364944158877,0.4783366777560164,0.3647294043920396,0.33857042131127507,0.4274485447606947,0.34433888671860036,0.053086185698987105,0.41002094317863486,0.07417899115747748,0.0,0.10691936109915405,5.320359849483312,5.320359849483312,0.0,8.639810661180395e-17,2.8066088919804617e-16,0.3214012268437809,0.3214012268437809,0.0,60.2,5.0,2.4000000000000004,0.0,0.0,67.60000000000001,0.0,0.0,0.0,0.0,False,True,False
482,1441686073,3249876181,1,gaussian_plus_offset,CombinedErrorSensor,0.65,0.2,0.1,0.05,True,True,True,True,goal_reached,0.2359269569275598,73.4,14.350916465339452,14.277741518597749,0.35859398868744274,0.49898650270537886,0.3605421230219172,0.30232884484273687,0.4147655456657694,0.30969788683877164,0.04650273921076509,0.3585710213337486,0.06776815895342475,0.008720175201547331,0.09049191778665458,5.682532446707085,5.682532446707086,0.0,8.141486799554016e-17,2.7755575615628914e-16,0.306099132643205,0.30609913264320493,0.0,53.20000000000001,20.19999999999999,0.0,0.0,0.0,71.4,1.9999999999999964,0.0,0.0,0.0,False,False,False
483,1404618197,1265139002,1,gaussian_plus_offset,CombinedErrorSensor,0.65,0.2,0.1,0.05,True,True,False,False,false_completion,0.41402477438728913,74.0,14.264248123042915,14.031073245557806,0.35710020714081053,0.4640989042427024,0.359438632621724,0.3013402040999811,0.437359886470523,0.311798390931234,0.05204066680930119,0.45358559997510184,0.076506798623852,0.0,0.09643197169223254,5.8265807342193074,5.8265807342193074,0.0,7.877363592236182e-17,1.7772239894833365e-16,0.28436135608755764,0.28436135608755764,0.0,62.50000000000001,9.699999999999996,0.0,1.7999999999999972,0.0,73.5,0.49999999999999645,0.0,0.0,0.0,True,False,False
484,1244476722,2560154243,1,gaussian_plus_offset,CombinedErrorSensor,0.65,0.2,0.1,0.05,True,True,False,False,false_completion,0.42844719456432906,72.5,14.324520390292033,14.345063897610917,0.3630473733348029,0.4821261035974703,0.365377049478423,0.30841113995758135,0.42627882920882926,0.32387474251061354,0.049522793766691324,0.47871355496149726,0.06962303051693862,0.0,0.08715579324432847,5.735343226967848,5.735343226967848,0.0,8.272889065561556e-17,2.7755575615628914e-16,0.3084410507692679,0.3084410507692679,0.0,59.3,11.0,0.0,2.1999999999999993,0.0,66.0,6.499999999999993,0.0,0.0,0.0,True,False,False
485,3564904496,3242463166,1,gaussian_plus_offset,CombinedErrorSensor,0.65,0.2,0.1,0.05,True,True,False,False,false_completion,0.4179930258984473,72.60000000000001,14.98694856806543,14.793251042413331,0.3724791990290453,0.489506069550615,0.374715125538408,0.29648143285081996,0.4003937251419254,0.3059730345254228,0.047300035230146704,0.36289533766531684,0.06767316515312134,0.0,0.12012318165014335,5.603089827956432,5.603089827956432,0.0,7.956618068822274e-17,2.7755575615628914e-16,0.28143367430640975,0.28143367430640975,0.0,61.4,4.7,1.8000000000000007,4.700000000000003,0.0,71.0,1.5999999999999996,0.0,0.0,0.0,True,True,False
486,844619944,1080847503,1,gaussian_plus_offset,CombinedErrorSensor,0.65,0.2,0.1,0.05,True,True,True,False,safety_violation,0.2307219908084174,71.9,14.963056067033481,14.89927061984796,0.36412942385365216,0.4668505252835711,0.36622625099225903,0.28676755444093716,0.3844488619533978,0.29780201510470444,0.04989968695188488,0.38597496549898064,0.0703080493478634,0.0,0.08097808408334321,5.725642210264229,5.725642210264229,0.0,8.049571217290662e-17,2.797157557069881e-16,0.25167925401283453,0.2516792540128345,0.0,57.8,13.0,1.1000000000000085,0.0,0.0,67.6,4.300000000000004,0.0,0.0,0.0,False,True,False
487,2665329952,3776639358,1,gaussian_plus_offset,CombinedErrorSensor,0.65,0.2,0.1,0.05,True,True,False,False,false_completion,0.3938162289381426,75.7,15.527385019356286,15.183657102091942,0.37158762949126783,0.5059004706196387,0.3741253829420475,0.29939907513629516,0.4176228856272024,0.3103327672896181,0.054303188309239664,0.387575975358066,0.07505544056456097,0.0,0.11118791526781113,6.171783600681233,6.171783600681233,0.0,8.199081879779251e-17,2.779024842816778e-16,0.26493564503602063,0.2649356450360205,0.0,65.5,5.599999999999994,4.600000000000001,0.0,0.0,75.7,0.0,0.0,0.0,0.0,False,True,False
488,206684354,2480945970,1,gaussian_plus_offset,CombinedErrorSensor,0.65,0.2,0.1,0.05,True,True,True,False,safety_violation,0.24068238733784988,71.4,14.243036071762752,14.18900133256719,0.35762376109180705,0.461072053808103,0.35990827232787426,0.29905528028181194,0.4421512425092428,0.31060228255071615,0.05103874778403535,0.3306742257494681,0.07220152042932251,0.0,0.09720261651040829,5.375303739087467,5.375303739087468,0.0,8.570906075360372e-17,2.7755575615628914e-16,0.36598444169802963,0.36598444169802963,0.0,61.7,3.599999999999998,0.0,6.100000000000001,0.0,71.4,0.0,0.0,0.0,0.0,True,False,False
489,230487301,332724478,1,gaussian_plus_offset,CombinedErrorSensor,0.65,0.2,0.1,0.05,True,True,False,False,false_completion,0.4099566909839047,68.7,13.299629054340492,13.115226478379096,0.36323472500188486,0.5111742317425997,0.3654726112631446,0.33586889913046275,0.44320683258536103,0.3419071015513152,0.0550719596016476,0.5111742317425997,0.08033120811483001,0.0,0.12773475116534913,5.357809559026181,5.357809559026181,0.0,8.24590550250758e-17,1.7772239894833365e-16,0.3671386541980762,0.3671386541980762,0.0,66.39999999999999,0.0,2.3000000000000007,0.0,0.0,68.7,0.0,0.0,0.0,0.0,False,True,False
490,2649271792,2500886733,1,gaussian_plus_offset,CombinedErrorSensor,0.65,0.2,0.1,0.05,True,True,False,False,false_completion,0.4490350488849505,75.60000000000001,15.436415788543092,15.286704341049898,0.3610817439211244,0.5234635215901619,0.3634352241937186,0.27573391567160577,0.43413799116372437,0.2851731803706328,0.049108123907724344,0.4173995232857301,0.07121478584122319,0.0,0.06613240950049333,5.889275676242423,5.889275676242423,0.0,8.153115059488036e-17,2.7755575615628914e-16,0.3509748956209329,0.3509748956209329,0.0,67.7,3.5,0.0,4.399999999999999,0.0,75.10000000000001,0.5,0.0,0.0,0.0,True,False,False
491,1901333916,3597879735,1,gaussian_plus_offset,CombinedErrorSensor,0.65,0.2,0.1,0.05,True,True,False,False,false_completion,0.38939669828394036,67.9,13.654035470975032,13.3980018116655,0.3674442826827606,0.4889484842356671,0.3693893866118651,0.3286759920780863,0.45402386449301335,0.336108470857743,0.05284447232290784,0.3734471753633683,0.0771200579507713,0.23194946745718958,0.21211528300371624,5.3456978830792385,5.3456978830792385,0.0,8.687199289456858e-17,1.8670653977139892e-16,0.26938370067095796,0.269383700670958,0.0,60.50000000000001,7.399999999999999,0.0,0.0,0.0,67.4,0.5,0.0,0.0,0.0,False,False,False
492,731024186,1289400343,1,gaussian_plus_offset,CombinedErrorSensor,0.65,0.2,0.1,0.05,True,True,False,False,false_completion,0.3771637237135181,70.60000000000001,14.077661398949848,13.97681524964933,0.3624465021068686,0.46181766277186964,0.36444664486958595,0.3201494040503973,0.459589815450267,0.3307147101684635,0.05139158941710968,0.40878500820657504,0.07554438874318464,0.0,0.12966234843149904,5.791514796290903,5.791514796290902,0.0,7.999662555227797e-17,1.962615573354719e-16,0.3240542231260716,0.3240542231260716,0.0,62.60000000000001,6.299999999999997,1.700000000000001,0.0,0.0,68.80000000000001,1.7999999999999954,0.0,0.0,0.0,False,True,False
493,602705326,1652745490,1,gaussian_plus_offset,CombinedErrorSensor,0.65,0.2,0.1,0.05,True,True,False,False,false_completion,0.5075445799489582,73.8,15.431895140991262,15.116970340808157,0.3627309037595944,0.48513755873813025,0.36518537352228064,0.300874615922234,0.46810400351558173,0.3189044085792372,0.056234552247679724,0.48513755873813025,0.07964123845837028,0.06317559098690495,0.13075036004204874,6.342955717538338,6.342955717538338,0.0,7.900695077256729e-17,2.779024842816778e-16,0.23840844423006585,0.23840844423006585,0.0,71.89999999999999,1.9000000000000057,0.0,0.0,0.0,73.8,0.0,0.0,0.0,0.0,False,False,False
494,1847664839,2928025270,1,gaussian_plus_offset,CombinedErrorSensor,0.65,0.2,0.1,0.05,True,True,False,False,false_completion,0.35765042754608745,72.9,14.144107799667882,13.984454172833294,0.3670470549486464,0.4997322670607189,0.36947515011972876,0.3172944997442995,0.45471606089373695,0.32590467175434407,0.057389605008435235,0.3834035882628408,0.08281745590491689,0.0,0.06799955070569662,5.8225954320815765,5.8225954320815765,0.0,7.711890261676243e-17,2.227212004505268e-16,0.2915282655445651,0.2915282655445651,0.0,63.4,1.6000000000000014,7.900000000000002,0.0,0.0,72.9,0.0,0.0,0.0,0.0,False,True,False
495,4098558235,3215272856,1,gaussian_plus_offset,CombinedErrorSensor,0.65,0.2,0.1,0.05,True,True,False,False,false_completion,0.4849983936399921,83.10000000000001,16.723639877948315,16.888145773336966,0.36881024616125396,0.48481510372857645,0.37085336344219677,0.2870244785812725,0.439212119397558,0.31249552835713124,0.048379375866544,0.4167561901453871,0.06749706611123334,0.0,0.10947761950456741,6.550063614227199,6.550063614227199,0.0,8.191494086849121e-17,2.830524433501838e-16,0.28883376996353427,0.28883376996353427,0.0,72.7,9.699999999999998,0.7000000000000028,0.0,0.0,83.10000000000001,0.0,0.0,0.0,0.0,False,True,False
496,2717390137,1350678647,1,gaussian_plus_offset,CombinedErrorSensor,0.65,0.2,0.1,0.05,True,True,True,False,safety_violation,0.27204438575774587,86.0,17.27997504323733,17.32662647717314,0.35741568187447365,0.4823084595750383,0.3594658874781667,0.24560613849719226,0.36213090273940934,0.25248655262762826,0.044454063666502494,0.4451545475920467,0.06535240408071269,0.0,0.0924247706914647,6.965019307721849,6.96501930772185,0.0,7.767628458874954e-17,2.776424787817943e-16,0.3110357065048572,0.3110357065048572,0.0,76.39999999999998,6.800000000000011,2.8,0.0,0.0,84.40000000000002,1.59999999999998,0.0,0.0,0.0,False,True,False
497,640233742,749597644,1,gaussian_plus_offset,CombinedErrorSensor,0.65,0.2,0.1,0.05,True,True,True,False,safety_violation,0.18884831201617894,67.9,13.715925350450057,13.761161644053859,0.36339796784130596,0.4874671122087654,0.3658209055325641,0.3297705908186952,0.4568550304138842,0.33659289741057746,0.04661168888534869,0.392306984445807,0.065468675470078,0.0,0.14458294230961052,5.382938413898625,5.382938413898625,0.0,8.538651734316461e-17,2.220446049250313e-16,0.3749237426707726,0.3749237426707726,0.0,59.6,3.6999999999999957,0.0,4.600000000000003,0.0,67.9,0.0,0.0,0.0,0.0,True,False,False
498,2648700291,2637678906,1,gaussian_plus_offset,CombinedErrorSensor,0.65,0.2,0.1,0.05,True,True,False,False,false_completion,0.32924054893353955,72.2,14.854375968277974,14.74574009704064,0.3692816644815095,0.5114167708649939,0.3715294609575576,0.31869089144430346,0.42828756701819176,0.331860977626201,0.05132462484875289,0.5105877746578169,0.07609412184856806,0.13865886593307966,0.04860355568895069,6.139911668356766,6.139911668356766,0.0,8.112020533846499e-17,2.517441801362893e-16,0.3133661393721426,0.3133661393721426,0.0,54.400000000000006,17.799999999999997,0.0,0.0,0.0,71.0,1.200000000000001,0.0,0.0,0.0,False,False,False
499,3219993521,3284632546,1,gaussian_plus_offset,CombinedErrorSensor,0.65,0.2,0.1,0.05,True,True,False,False,false_completion,0.4791299663211842,69.60000000000001,13.47733002111126,13.541109866662305,0.3569167290863231,0.5276912987855328,0.3591226153133291,0.3175399374458545,0.41338083415552995,0.3234162096992587,0.05165165872379638,0.5276912987855328,0.07569588104527936,0.0,0.031295034244006814,5.564069386517085,5.564069386517084,0.0,8.349838968920238e-17,2.5018537765542007e-16,0.26952465265869757,0.2695246526586976,0.0,56.6,11.100000000000005,0.0,1.8999999999999986,0.0,63.60000000000002,5.999999999999986,0.0,0.0,0.0,True,False,False
