trial,environment_seed,sensor_seed,sensor_scenario,sensor_model,free_probability,occupied_probability,disallowed_probability,restricted_probability,planning_success,onboard_completion,true_goal_reached,true_mission_success,termination_state,final_true_distance,completion_time,actual_path_length,planned_path_length,mean_estimation_error,max_estimation_error,rmse_estimation_error,mean_true_cross_track_error,max_true_cross_track_error,rmse_true_cross_track_error,mean_estimated_cross_track_error,max_estimated_cross_track_error,rmse_estimated_cross_track_error,minimum_true_clearance,minimum_estimated_clearance,commanded_control_effort,applied_control_effort,control_saturation_fraction,mean_control_saturation_error,max_control_saturation_error,max_commanded_acceleration,max_applied_acceleration,measurement_dropout_fraction,true_free_time,true_occupied_time,true_disallowed_time,true_restricted_time,true_out_of_bounds_time,estimated_free_time,estimated_occupied_time,estimated_disallowed_time,estimated_restricted_time,estimated_out_of_bounds_time,restricted_violation,disallowed_violation,out_of_bounds_violation
0,2730937650,2972426433,0,GaussianSensor,0.65,0.2,0.1,0.05,True,True,True,True,goal_reached,0.17912790074251228,72.7,14.342015908000462,14.427889272817303,0.05031780952361805,0.1806183557789073,0.05735529749947224,0.02522881336572145,0.08172935304564567,0.03145648493889088,0.038720021862956214,0.1806183557789073,0.048840280573712466,0.14780680208595212,0.06655140607912313,5.341011439178643,5.341011439178643,0.0,8.144061982960496e-17,2.7755575615628914e-16,0.25749454737888705,0.2574945473788872,0.0,72.7,0.0,0.0,0.0,0.0,72.7,0.0,0.0,0.0,0.0,False,False,False
1,725595369,1766001812,0,GaussianSensor,0.65,0.2,0.1,0.05,True,True,True,True,goal_reached,0.19620710794993385,64.9,13.146518231461675,13.34864812232595,0.052013209846890396,0.1685285608516428,0.05854627252809258,0.02011199375468033,0.10722379669548403,0.026889022509315855,0.03837280425638642,0.16738171264514728,0.04875559247624632,0.12556846226206034,0.09855669313943305,4.805637795971154,4.805637795971154,0.0,8.545521579512605e-17,1.962615573354719e-16,0.29055339659113727,0.2905533965911372,0.0,64.5,0.40000000000000213,0.0,0.0,0.0,64.1,0.8000000000000007,0.0,0.0,0.0,False,False,False
2,696368142,856203148,0,GaussianSensor,0.65,0.2,0.1,0.05,True,True,True,True,goal_reached,0.2195284831113978,63.400000000000006,12.687366627361833,12.804557028533996,0.053107468018396116,0.1638883874419858,0.059696672547569114,0.031219022905005132,0.08386655729182554,0.03678633718133136,0.044164715808309225,0.14341339688386143,0.05359423273347354,0.1208223375977018,0.09200302020287586,4.962238431859985,4.962238431859984,0.0,9.179297282772115e-17,1.962615573354719e-16,0.31167895937417195,0.31167895937417195,0.0,63.400000000000006,0.0,0.0,0.0,0.0,63.400000000000006,0.0,0.0,0.0,0.0,False,False,False
3,707573593,2121814943,0,GaussianSensor,0.65,0.2,0.1,0.05,True,True,True,True,goal_reached,0.18404823317854951,71.60000000000001,13.817754226936074,13.821425835631752,0.054533722234054116,0.17183111550733582,0.06101105804522219,0.030161210579073262,0.11440071021943668,0.03893905319467007,0.04453790818470643,0.2167014513013187,0.05716600745307059,0.15929453009404324,0.13268402689273232,5.568717691440309,5.568717691440309,0.0,7.994588570959993e-17,2.779024842816778e-16,0.3480029335946774,0.3480029335946774,0.0,64.3,7.300000000000004,0.0,0.0,0.0,64.4,7.199999999999996,0.0,0.0,0.0,False,False,False
4,1443673076,4002826033,0,GaussianSensor,0.65,0.2,0.1,0.05,True,True,True,True,goal_reached,0.21712372557555684,75.2,15.243861168942688,15.372781083733567,0.05430954057037746,0.13715548815947495,0.06039943341972361,0.03482444884642588,0.09052231039370631,0.04036577626824854,0.04526277579315695,0.19109589946348443,0.05755998504724116,0.16840769315016085,0.12552646509950538,6.194632565825145,6.194632565825145,0.0,8.09347198719044e-17,2.7755575615628914e-16,0.45441335887572115,0.4544133588757212,0.0,74.7,0.5,0.0,0.0,0.0,74.7,0.5,0.0,0.0,0.0,False,False,False
5,1283743613,2132980747,0,GaussianSensor,0.65,0.2,0.1,0.05,True,True,True,True,goal_reached,0.19828378229595717,67.8,13.660293623437077,13.743363036630399,0.05416163010907539,0.17550831008478332,0.06071882735137131,0.03209897123704514,0.12597962692595488,0.03948424870705852,0.047519702201341,0.21424489355343565,0.05995040986104462,0.08983332577584016,0.0686134447218345,5.480971593080339,5.480971593080339,0.0,7.975015710553268e-17,2.498001805406602e-16,0.33430836327293856,0.33430836327293856,0.0,67.8,0.0,0.0,0.0,0.0,67.8,0.0,0.0,0.0,0.0,False,False,False
6,2118442539,3858050010,0,GaussianSensor,0.65,0.2,0.1,0.05,True,True,True,True,goal_reached,0.14699880755959516,74.9,15.234044337014886,15.35341824372108,0.05024512565928197,0.16363105084564258,0.05764226634653118,0.027718608871949206,0.12152072005258141,0.036232595339669396,0.0430836588597388,0.1741284254826958,0.05466230581087015,0.14985294025994064,0.11326126728611412,5.75521055834995,5.755210558349949,0.0,8.084059859367628e-17,2.830524433501838e-16,0.27583692801887555,0.27583692801887566,0.0,74.0,0.8999999999999986,0.0,0.0,0.0,73.10000000000001,1.7999999999999972,0.0,0.0,0.0,False,False,False
7,1122514226,3692069387,0,GaussianSensor,0.65,0.2,0.1,0.05,True,True,True,True,goal_reached,0.2534540975928931,71.10000000000001,14.150493879559885,14.318475461315165,0.054727406926412335,0.14298388020011463,0.061076732315559,0.03957363416655679,0.12013952870421676,0.0481779647690732,0.05240556658809799,0.16003871917015688,0.0639741642772864,0.06279869682214674,0.033966086980507626,5.482109210445439,5.482109210445439,0.0,8.609469684599055e-17,2.237726045655905e-16,0.362131110530239,0.362131110530239,0.0,62.50000000000001,8.599999999999998,0.0,0.0,0.0,61.70000000000001,9.399999999999995,0.0,0.0,0.0,False,False,False
8,2945440137,252367688,0,GaussianSensor,0.65,0.2,0.1,0.05,True,True,True,True,goal_reached,0.2250655328774323,71.60000000000001,14.416839997959926,14.566502816318046,0.050705940357803264,0.23648022724177067,0.05789628132990239,0.028913325925900745,0.14584861410876246,0.04230246183009425,0.04153286309701676,0.1703418722306866,0.05315513654330881,0.16255690751308635,0.0964856001315433,5.680241009990382,5.680241009990382,0.0,8.127387852469571e-17,2.779024842816778e-16,0.2656272777283474,0.2656272777283474,0.0,71.60000000000001,0.0,0.0,0.0,0.0,71.60000000000001,0.0,0.0,0.0,0.0,False,False,False
9,278029302,3907757283,0,GaussianSensor,0.65,0.2,0.1,0.05,True,True,True,True,goal_reached,0.2318578211843339,67.5,13.92584227279158,14.032312460487924,0.05189474560673409,0.25437904505895437,0.05877425825855815,0.03128274358119776,0.10447996191724683,0.03891095579234451,0.044640891322398256,0.2528439546327089,0.05668180500031516,0.23920216720796628,0.1967302307833103,5.664101587639497,5.664101587639497,0.0,8.591724066517028e-17,2.830524433501838e-16,0.4599540476114224,0.4599540476114224,0.0,67.5,0.0,0.0,0.0,0.0,67.5,0.0,0.0,0.0,0.0,False,False,False
10,3616197823,2935630276,0,GaussianSensor,0.65,0.2,0.1,0.05,True,True,True,True,goal_reached,0.24678967470651889,67.10000000000001,13.749621237465703,13.945598126491204,0.052392740629155256,0.33049750337269757,0.061201897251846105,0.02648628474063525,0.08550661177811165,0.03325220851141535,0.045228236774434584,0.3054278421956222,0.05752176461493913,0.06979181485593491,0.0,5.352135283894041,5.352135283894041,0.0,8.042596764165276e-17,1.7772239894833365e-16,0.32346316692911475,0.32346316692911475,0.0,67.10000000000001,0.0,0.0,0.0,0.0,67.10000000000001,0.0,0.0,0.0,0.0,False,False,False
11,1745707571,4237896947,0,GaussianSensor,0.65,0.2,0.1,0.05,True,True,True,True,goal_reached,0.17977377708819986,66.9,13.557903653720178,13.702275071364856,0.05184891867213465,0.1653263737545184,0.058107956942104695,0.03569276549806078,0.1249430720483745,0.04518823213708785,0.04762780355599459,0.19446954541722683,0.058771826559870885,0.1449901128374853,0.13244621760493633,5.299924093854108,5.299924093854108,0.0,8.461063280396698e-17,1.962615573354719e-16,0.3410203997284663,0.34102039972846626,0.0,66.9,0.0,0.0,0.0,0.0,66.4,0.5,0.0,0.0,0.0,False,False,False
12,2210454256,3908414215,0,GaussianSensor,0.65,0.2,0.1,0.05,True,True,True,True,goal_reached,0.2354489605288086,84.80000000000001,16.892654550041673,16.982903186201767,0.05192160477893241,0.15352686074473848,0.05863450746617508,0.02930307897657368,0.09309362676934572,0.03635155083241305,0.04491355553398034,0.17162066555417899,0.05602352444659645,0.10260012158113586,0.06632680210517009,6.643226453390681,6.643226453390682,0.0,8.213078484155037e-17,2.779024842816778e-16,0.33023534487939615,0.3302353448793961,0.0,82.30000000000001,2.5,0.0,0.0,0.0,82.30000000000001,2.5,0.0,0.0,0.0,False,False,False
13,2511590377,3203569087,0,GaussianSensor,0.65,0.2,0.1,0.05,False,False,False,False,planning_failure,nan,nan,nan,nan,nan,nan,nan,nan,nan,nan,nan,nan,nan,nan,nan,nan,nan,nan,nan,nan,nan,nan,nan,,,,,,,,,,,,,
14,2274882830,1406550982,0,GaussianSensor,0.65,0.2,0.1,0.05,True,True,True,True,goal_reached,0.2272698541332733,72.0,14.128354402110967,14.294246726091595,0.05237466005628835,0.1721685574405993,0.059675129592275604,0.03073841311327089,0.09303660203058106,0.036250529102437465,0.041865478292820134,0.17494126050468436,0.053062039837883684,0.1295316995151997,0.07232512895784167,5.581649103773556,5.5816491037735565,0.0,7.887479693779923e-17,2.779024842816778e-16,0.3346845388901207,0.33468453889012073,0.0,69.7,2.299999999999997,0.0,0.0,0.0,69.39999999999999,2.6000000000000014,0.0,0.0,0.0,False,False,False
15,1306523764,2141035876,0,GaussianSensor,0.65,0.2,0.1,0.05,True,True,True,True,goal_reached,0.14959328893717655,66.9,13.762085100988426,13.87653413744178,0.049017414393460204,0.28696468008056514,0.05620719310467509,0.025773102619427078,0.07701813680240796,0.03225604881429466,0.04058583965349656,0.28629411527442844,0.051088318404273886,0.1528657757684974,0.12647568557230537,5.076508718160929,5.076508718160929,0.0,8.490634623040103e-17,2.7894008272968645e-16,0.22115563982295602,0.22115563982295605,0.0,66.60000000000001,0.29999999999999716,0.0,0.0,0.0,66.60000000000001,0.29999999999999716,0.0,0.0,0.0,False,False,False
16,1010042146,3658271060,0,GaussianSensor,0.65,0.2,0.1,0.05,True,True,True,True,goal_reached,0.2020153240211465,62.800000000000004,13.09991024759113,13.224511485496997,0.05093749575933464,0.1369117990509171,0.057271979618874855,0.02414211311004395,0.08365441280298826,0.030638021976012723,0.0391994730745192,0.1663582137559058,0.05041614854264234,0.12457377888274196,0.11024943009963462,4.898193696588267,4.898193696588267,0.0,8.778011667723851e-17,2.3263411494723067e-16,0.24705305722724763,0.2470530572272476,0.0,62.300000000000004,0.5,0.0,0.0,0.0,62.6,0.1999999999999993,0.0,0.0,0.0,False,False,False
17,2786688297,2335196008,0,GaussianSensor,0.65,0.2,0.1,0.05,True,True,True,True,goal_reached,0.19454135219860264,85.80000000000001,17.184880655516395,17.410254689511923,0.05300440732576863,0.21463806415724865,0.05972482829056803,0.031240119708678845,0.11535762175169051,0.040726991089368995,0.04537705409509022,0.20346445379589945,0.05800358027832926,0.13969745865877112,0.08369016525236717,6.855252634297132,6.855252634297132,0.0,8.169551586076547e-17,2.5018537765542007e-16,0.2814986957499769,0.2814986957499769,0.0,85.80000000000001,0.0,0.0,0.0,0.0,85.80000000000001,0.0,0.0,0.0,0.0,False,False,False
18,3018799164,2492545633,0,GaussianSensor,0.65,0.2,0.1,0.05,False,False,False,False,planning_failure,nan,nan,nan,nan,nan,nan,nan,nan,nan,nan,nan,nan,nan,nan,nan,nan,nan,nan,nan,nan,nan,nan,nan,,,,,,,,,,,,,
19,102116917,2305910465,0,GaussianSensor,0.65,0.2,0.1,0.05,True,True,True,True,goal_reached,0.17318477717274647,77.2,14.859333881928553,15.042558435004372,0.05167000073566116,0.2186896035703056,0.05801886430504064,0.022863777753944513,0.09032715134354666,0.02930357238464931,0.04214246282235363,0.2186896035703056,0.052171445712404604,0.11981040575024174,0.10800416626203779,6.151106665575947,6.151106665575947,0.0,7.837137909629153e-17,2.7755575615628914e-16,0.28130204868663844,0.2813020486866385,0.0,75.6,1.6000000000000014,0.0,0.0,0.0,75.39999999999999,1.8000000000000043,0.0,0.0,0.0,False,False,False
20,3818948148,4038365003,0,GaussianSensor,0.65,0.2,0.1,0.05,True,True,True,True,goal_reached,0.20315127953654066,74.5,14.877161534402783,15.082512929019515,0.05084629721901738,0.16194452914290697,0.0576768886611809,0.03654760260565725,0.13069932941938234,0.04786056818958639,0.04573727286284073,0.21277069294776396,0.057594671106757686,0.09688025127957131,0.05701039439423283,6.011681989924812,6.011681989924812,0.0,8.053852932986053e-17,2.5589376332604516e-16,0.2925218090550599,0.2925218090550599,0.0,67.0,7.5,0.0,0.0,0.0,66.5,8.0,0.0,0.0,0.0,False,False,False
21,1630693696,702805332,0,GaussianSensor,0.65,0.2,0.1,0.05,True,True,True,True,goal_reached,0.22102247902877908,68.5,13.690778984672535,13.886378204557053,0.05190842950101123,0.14433394317967219,0.0583477853082333,0.03015356809465116,0.09466804961663673,0.03651221809644334,0.044557062060889156,0.1703818610519211,0.05469814497747988,0.26093772153722256,0.22890529778201557,5.226813238916234,5.226813238916234,0.0,8.313603444912687e-17,2.776424787817943e-16,0.3420536928015384,0.3420536928015384,0.0,68.3,0.1999999999999993,0.0,0.0,0.0,67.99999999999999,0.5000000000000018,0.0,0.0,0.0,False,False,False
22,3668936892,1048787770,0,GaussianSensor,0.65,0.2,0.1,0.05,True,True,True,True,goal_reached,0.1913188497266276,82.4,16.082783097482256,16.2302663547148,0.05155611334979589,0.1863351484179322,0.05810248672503406,0.02609690327341098,0.10295927915733483,0.03398947607403131,0.04397863369431979,0.17759178981407464,0.05424035456802772,0.26630034353565685,0.22723478266360253,6.36635370127486,6.36635370127486,0.0,7.609756693276094e-17,2.776424787817943e-16,0.2806881500519691,0.28068815005196907,0.0,73.8,8.600000000000009,0.0,0.0,0.0,73.00000000000001,9.399999999999991,0.0,0.0,0.0,False,False,False
23,3826687389,3806095897,0,GaussianSensor,0.65,0.2,0.1,0.05,True,True,True,True,goal_reached,0.2059952561296733,68.0,13.914760782462494,14.082981755132565,0.05339371617228433,0.18233479495519408,0.06060024762705228,0.029960456623155475,0.11923305492194879,0.03852440781058307,0.04595452030311478,0.18889521942324528,0.05764507338237161,0.1551322640077761,0.061104780576754725,5.641136442899757,5.641136442899757,0.0,8.437959213863755e-17,2.7755575615628914e-16,0.2607947672769489,0.26079476727694895,0.0,68.0,0.0,0.0,0.0,0.0,68.0,0.0,0.0,0.0,0.0,False,False,False
24,173106281,2255675188,0,GaussianSensor,0.65,0.2,0.1,0.05,False,False,False,False,planning_failure,nan,nan,nan,nan,nan,nan,nan,nan,nan,nan,nan,nan,nan,nan,nan,nan,nan,nan,nan,nan,nan,nan,nan,,,,,,,,,,,,,
25,1785024439,1397878296,0,GaussianSensor,0.65,0.2,0.1,0.05,True,True,True,True,goal_reached,0.2093655341611272,60.2,12.787824770112906,12.956356810054947,0.05107756579432406,0.17239114899068259,0.05768123333652141,0.020513414672987448,0.06481428062490044,0.02692313376511948,0.03901536676323447,0.17018229045136896,0.04842373499223228,0.40192322842815853,0.3728607988097588,4.84905497872114,4.84905497872114,0.0,9.261834037324207e-17,1.7772239894833365e-16,0.3116657598929358,0.3116657598929358,0.0,59.50000000000001,0.6999999999999957,0.0,0.0,0.0,59.400000000000006,0.7999999999999972,0.0,0.0,0.0,False,False,False
26,417408578,3621816617,0,GaussianSensor,0.65,0.2,0.1,0.05,True,True,True,True,goal_reached,0.1672794873883329,70.10000000000001,13.728966433670614,13.87204259476485,0.051091356172325054,0.15175510579386806,0.05780845138550758,0.03267488263156158,0.10011559979925025,0.04230983260293181,0.045494440203070974,0.18956961316972173,0.05742608248386761,0.11616138355744002,0.1508503174945368,5.828773095233984,5.828773095233984,0.0,8.067021387641421e-17,2.498965354837e-16,0.26449397986607764,0.26449397986607764,0.0,69.60000000000001,0.5,0.0,0.0,0.0,69.3,0.7999999999999989,0.0,0.0,0.0,False,False,False
27,3501454577,3222647000,0,GaussianSensor,0.65,0.2,0.1,0.05,True,True,True,True,goal_reached,0.22327091322896198,70.0,14.043990577753217,14.285473828211131,0.051784936148918055,0.17656169687837595,0.05790915991681791,0.030080082306875377,0.11010029573716795,0.03965085107247759,0.04179616178648337,0.19903826480569,0.0538323074791607,0.0432504661214678,0.035422690090537175,5.379463034623239,5.379463034623239,0.0,7.946917837112167e-17,2.779024842816778e-16,0.3320105828335876,0.3320105828335876,0.0,69.8,0.1999999999999993,0.0,0.0,0.0,69.5,0.49999999999999645,0.0,0.0,0.0,False,False,False
28,2671864052,1579004851,0,GaussianSensor,0.65,0.2,0.1,0.05,True,True,True,True,goal_reached,0.22190007722371638,68.8,13.987869531793375,14.11244795448223,0.05132328518641112,0.16948369484162876,0.05788197545851766,0.028886571346464843,0.08105912087320814,0.03431065888740162,0.04113090512226257,0.16786892664624417,0.050510870304504324,0.10036183726194506,0.049025599129234126,5.359737398932049,5.359737398932049,0.0,8.362265516350743e-17,2.779024842816778e-16,0.2391870814186507,0.23918708141865067,0.0,67.0,1.7999999999999972,0.0,0.0,0.0,67.19999999999999,1.6000000000000014,0.0,0.0,0.0,False,False,False
29,3674706989,3306811554,0,GaussianSensor,0.65,0.2,0.1,0.05,True,True,True,True,goal_reached,0.20447997823908784,80.0,15.90083291104644,15.994182328996438,0.04852153056243125,0.14536918839217397,0.0549878896877082,0.03127905373878507,0.12689259019381502,0.040327753360999676,0.04385038401786742,0.16380480496887562,0.05496425790162388,0.14845295972985725,0.08881611065972127,6.342035813308112,6.342035813308112,0.0,7.806547817854857e-17,2.779024842816778e-16,0.24723653655160088,0.247236536551601,0.0,79.1,0.8999999999999986,0.0,0.0,0.0,78.89999999999999,1.1000000000000014,0.0,0.0,0.0,False,False,False
30,3431604673,467454945,0,GaussianSensor,0.65,0.2,0.1,0.05,True,True,True,True,goal_reached,0.17231139544792587,66.0,12.86896042197139,13.043996208433523,0.050748478314481836,0.15343754402028978,0.0570986336629876,0.029872718838334363,0.0766223191279436,0.037322408190384196,0.04034826076090443,0.18968289283498807,0.050982091806447166,0.5177566412060872,0.40124430429954455,5.179607047926805,5.179607047926805,0.0,8.72197084766142e-17,1.8670653977139892e-16,0.2787897930179183,0.2787897930179183,0.0,66.0,0.0,0.0,0.0,0.0,66.0,0.0,0.0,0.0,0.0,False,False,False
31,2772736690,475943986,0,GaussianSensor,0.65,0.2,0.1,0.05,True,True,True,True,goal_reached,0.2790141745374156,87.7,16.06436583366219,16.50339424103933,0.05005623487585629,0.1388004556831957,0.05662821505205581,0.03766605198229401,0.09252784115356584,0.04388054105692016,0.044075737029427686,0.1460208524331637,0.05409635478526871,0.1350734963314569,0.10728988713086698,6.716481610827041,6.716481610827042,0.0,7.89084178320863e-17,2.779024842816778e-16,0.2800414930027075,0.2800414930027074,0.0,77.3,10.400000000000006,0.0,0.0,0.0,77.2,10.5,0.0,0.0,0.0,False,False,False
32,34757296,3305648994,0,GaussianSensor,0.65,0.2,0.1,0.05,True,True,True,True,goal_reached,0.19858461494849053,74.7,14.952006578155551,15.089861156420515,0.04888297725053979,0.16578538921712577,0.05521792824157047,0.025530287282665865,0.07633177430434455,0.03182036867953542,0.039306643030042276,0.16116107257667323,0.04828424137308863,0.15550952726390765,0.13344811181735577,5.993254755152027,5.993254755152027,0.0,7.918129190319018e-17,2.779024842816778e-16,0.39999125017885406,0.39999125017885406,0.0,74.39999999999999,0.2999999999999998,0.0,0.0,0.0,73.89999999999999,0.7999999999999989,0.0,0.0,0.0,False,False,False
33,2257902095,2132756255,0,GaussianSensor,0.65,0.2,0.1,0.05,True,True,True,True,goal_reached,0.19199954379166773,86.10000000000001,15.760976898607218,15.78337546802301,0.05272743089093878,0.135326799662674,0.05871819026810287,0.029956352216895552,0.10259765024786267,0.03789176900531175,0.043974528640659365,0.15322239149340192,0.053605430438662865,0.039034697715825815,0.013648542745081649,6.432027668350239,6.432027668350238,0.0,7.148504230310887e-17,2.498965354837e-16,0.2844444446651256,0.2844444446651256,0.0,76.0,10.099999999999998,0.0,0.0,0.0,76.40000000000002,9.699999999999989,0.0,0.0,0.0,False,False,False
34,1990091749,1553859126,0,GaussianSensor,0.65,0.2,0.1,0.05,True,True,True,True,goal_reached,0.2495972523916869,82.60000000000001,15.845541104089637,15.947631262712578,0.053318974197176065,0.16236886959182292,0.059674960934259044,0.03247018836433267,0.1071222070720931,0.04044030349628173,0.045047651223927794,0.2098625209663009,0.05692422426691823,0.1857476157355936,0.12672463581016924,6.295932720558032,6.2959327205580315,0.0,7.01997281638814e-17,2.7755575615628914e-16,0.4375563961570058,0.4375563961570058,0.0,74.6,8.000000000000007,0.0,0.0,0.0,74.0,8.600000000000005,0.0,0.0,0.0,False,False,False
35,688663972,1741335336,0,GaussianSensor,0.65,0.2,0.1,0.05,True,True,True,True,goal_reached,0.19192849827013814,71.60000000000001,14.26000915943587,14.435076495230742,0.05199511435709511,0.26578198388078017,0.05915557702538919,0.029048514174115015,0.06962666249064542,0.03348039166945009,0.041996986341180875,0.26578198388078017,0.05381329128386759,0.10092801331209247,0.0121351871087918,5.539203152028881,5.539203152028881,0.0,7.796208189949628e-17,2.8066088919804617e-16,0.3356121020064417,0.3356121020064417,0.0,69.7,1.8999999999999986,0.0,0.0,0.0,70.1,1.5000000000000036,0.0,0.0,0.0,False,False,False
36,248667807,2779221576,0,GaussianSensor,0.65,0.2,0.1,0.05,True,True,True,True,goal_reached,0.1844522697979969,68.10000000000001,13.288025229210753,13.403006218872493,0.05244467617787731,0.16166309256831057,0.059415678067985166,0.032716811063345744,0.09047590178157441,0.03973685168234627,0.04330034172040574,0.18942337281180693,0.05424131103377889,0.09851534484179471,0.04706409721662852,5.140880124708634,5.140880124708634,0.0,8.215123551657194e-17,1.962615573354719e-16,0.2706258850978106,0.2706258850978106,0.0,67.4,0.6999999999999993,0.0,0.0,0.0,67.2,0.8999999999999986,0.0,0.0,0.0,False,False,False
37,3831690327,406686172,0,GaussianSensor,0.65,0.2,0.1,0.05,True,True,True,True,goal_reached,0.22838794294817175,82.0,16.337894645768245,16.446071623502114,0.05404445056453669,0.2601483775472804,0.06092318664389021,0.03266310612960667,0.11192092116538227,0.041619496010147944,0.04566453590784287,0.25960680233532657,0.057493056695051774,0.07052463390344907,0.05139250596309138,6.580706223873541,6.580706223873542,0.0,7.925134692833564e-17,2.779024842816778e-16,0.3352848518675517,0.33528485186755164,0.0,82.0,0.0,0.0,0.0,0.0,81.89999999999999,0.09999999999999964,0.0,0.0,0.0,False,False,False
38,3292381605,3853507458,0,GaussianSensor,0.65,0.2,0.1,0.05,True,True,True,True,goal_reached,0.22273544192575426,68.0,13.345195876779552,13.525727738509485,0.05391251060370717,0.290687384075358,0.061317488555724414,0.02969972745013184,0.11054248645228708,0.0397913082855044,0.03939668637816136,0.290687384075358,0.0511875093242498,0.10641196055208975,0.08069287242698098,5.094376304124893,5.094376304124893,0.0,8.203765978435279e-17,1.962615573354719e-16,0.24834414338785435,0.2483441433878543,0.0,68.0,0.0,0.0,0.0,0.0,68.0,0.0,0.0,0.0,0.0,False,False,False
39,2677946230,1366849576,0,GaussianSensor,0.65,0.2,0.1,0.05,True,True,True,True,goal_reached,0.18393754571864973,77.5,15.961138916083947,16.100837141203407,0.05289861000471049,0.1637545594676285,0.0597840602364945,0.03460187830401491,0.11499272702546319,0.043921847503724194,0.04142777172050746,0.19082429188680958,0.052453923406566544,0.13750262982206207,0.14528904436801326,6.3514284229998434,6.3514284229998434,0.0,8.439552297245122e-17,2.779024842816778e-16,0.4238581534064446,0.4238581534064446,0.0,77.09999999999998,0.40000000000000835,0.0,0.0,0.0,75.6,1.9000000000000088,0.0,0.0,0.0,False,False,False
40,3465243617,2315462378,0,GaussianSensor,0.65,0.2,0.1,0.05,True,True,True,True,goal_reached,0.22247193668267282,72.7,14.344389298974683,14.453592646022411,0.04920531237684912,0.16076238629797107,0.05546491403876211,0.03414868997388938,0.0957278427412628,0.040911630413522825,0.042954578919586345,0.15756225549193292,0.053752428026153085,0.09523564578541978,0.048226100865068476,5.439480493140994,5.4394804931409935,0.0,8.13445723960409e-17,2.777508439858666e-16,0.3493897576040578,0.34938975760405777,0.0,71.1,1.5999999999999996,0.0,0.0,0.0,71.1,1.599999999999996,0.0,0.0,0.0,False,False,False
41,2277377269,4090432965,0,GaussianSensor,0.65,0.2,0.1,0.05,True,True,True,True,goal_reached,0.21700412255790658,82.80000000000001,16.993555781413097,17.037486033229364,0.05357554506847715,0.17477659965183376,0.060817470916402605,0.032620997225806914,0.10933911483880099,0.04282624486986658,0.048205582140303745,0.17502748490372896,0.05982123367812743,0.06725164159587443,0.025337338075141602,6.585643191317634,6.585643191317633,0.0,8.386110891881707e-17,2.776424787817943e-16,0.25314926472340077,0.25314926472340077,0.0,80.3,2.5000000000000036,0.0,0.0,0.0,79.4,3.3999999999999986,0.0,0.0,0.0,False,False,False
42,4173135836,1061777408,0,GaussianSensor,0.65,0.2,0.1,0.05,True,True,True,True,goal_reached,0.23573310686165327,81.80000000000001,15.769003057160202,15.986864565147721,0.05062272248373882,0.1547351691311012,0.057592822879227165,0.02997935877634752,0.09626107119531384,0.03781405912989994,0.04273896824397343,0.15863192582703803,0.05355745480286861,0.14406928484651407,0.06582864800827223,6.6888926273921125,6.6888926273921125,0.0,7.685223639179099e-17,2.7894008272968645e-16,0.24112429179509745,0.2411242917950976,0.0,76.7,5.099999999999998,0.0,0.0,0.0,76.80000000000001,5.0,0.0,0.0,0.0,False,False,False
43,1315936761,1898025599,0,GaussianSensor,0.65,0.2,0.1,0.05,True,True,True,True,goal_reached,0.23119834509438705,67.8,12.91316066112882,13.090747802110927,0.049756504909758366,0.22093363218313639,0.05549960224618672,0.026252422235377715,0.07740695989607083,0.031725969912147524,0.038528999297086065,0.21733887471343458,0.047674457892074404,0.09115348378653043,0.05184000622710361,4.987793940585294,4.987793940585294,0.0,8.39318027292786e-17,1.8670653977139892e-16,0.29230498015980677,0.2923049801598067,0.0,67.8,0.0,0.0,0.0,0.0,67.8,0.0,0.0,0.0,0.0,False,False,False
44,476705537,3455327742,0,GaussianSensor,0.65,0.2,0.1,0.05,True,True,True,True,goal_reached,0.23080350918111095,82.60000000000001,15.938871838593203,16.179658923675962,0.054617814529985584,0.17443364677151169,0.061302577432153504,0.024251099599304164,0.0849194109691025,0.030562216990979354,0.03805911692856565,0.16718374829225535,0.04864052703227804,0.06391157542327724,0.09057324429697536,6.6265771309978145,6.6265771309978145,0.0,7.904549167703891e-17,2.220446049250313e-16,0.3550696950514273,0.3550696950514273,0.0,82.2,0.3999999999999986,0.0,0.0,0.0,81.70000000000002,0.8999999999999915,0.0,0.0,0.0,False,False,False
45,2193159741,4146204961,0,GaussianSensor,0.65,0.2,0.1,0.05,True,True,True,True,goal_reached,0.22021475898597953,74.60000000000001,13.660152530460058,13.729457533503187,0.051101576716245316,0.18073181060108032,0.058527308712704444,0.027970572901231627,0.09852704843320965,0.03587086696819901,0.04333280343189606,0.18149586279972846,0.0546178879612053,0.12162230149938956,0.1055311196406202,5.3234297274329005,5.3234297274329005,0.0,7.637876463706425e-17,1.7772239894833365e-16,0.43404258897642634,0.43404258897642634,0.0,72.80000000000001,1.7999999999999972,0.0,0.0,0.0,73.10000000000001,1.5,0.0,0.0,0.0,False,False,False
46,3193969877,1580823276,0,GaussianSensor,0.65,0.2,0.1,0.05,True,True,True,True,goal_reached,0.2167008297797903,80.2,16.381866588389588,16.566450996201333,0.054194923997656796,0.20346942756660785,0.060604272999550214,0.033962402203180676,0.10391106305649456,0.041589465625401584,0.044763173422992505,0.2029179090272576,0.055028551980600596,0.15993976381169941,0.11184795213665374,6.586227834359467,6.586227834359467,0.0,8.171400424265772e-17,2.830524433501838e-16,0.26039148298861053,0.2603914829886106,0.0,77.3,2.9000000000000004,0.0,0.0,0.0,77.7,2.4999999999999964,0.0,0.0,0.0,False,False,False
47,2977401754,3603991116,0,GaussianSensor,0.65,0.2,0.1,0.05,True,True,True,True,goal_reached,0.19817380840362703,79.80000000000001,15.52914882206538,15.673667802252485,0.0508680690304373,0.19802766269828062,0.05733768158575258,0.02478409384638086,0.0946168264247374,0.030937871383170272,0.041164777639960376,0.1973929501991327,0.052907243693409156,0.08335791106502315,0.05635902396218473,6.702844564924123,6.702844564924123,0.0,8.021101470140115e-17,2.4980620381344523e-16,0.3106638986683899,0.31066389866838984,0.0,78.0,1.8000000000000007,0.0,0.0,0.0,77.8,2.0000000000000124,0.0,0.0,0.0,False,False,False
48,96550472,615466156,0,GaussianSensor,0.65,0.2,0.1,0.05,True,True,True,True,goal_reached,0.1654357556519042,64.5,13.387054459742934,13.487642113528747,0.05327473922998224,0.21709894032849317,0.06065103463539204,0.033342608598972215,0.09666082592856143,0.038565766166369864,0.045269982069925184,0.21497800626053393,0.05629721326334238,0.11309532791607708,0.0394801924027494,5.215589473308825,5.215589473308825,0.0,8.985854977850707e-17,2.7755575615628914e-16,0.4556333293508114,0.45563332935081136,0.0,64.5,0.0,0.0,0.0,0.0,64.5,0.0,0.0,0.0,0.0,False,False,False
49,1777529677,4251989012,0,GaussianSensor,0.65,0.2,0.1,0.05,True,True,True,True,goal_reached,0.14726510812401217,75.9,15.735392906620714,15.764802063138351,0.05185239030332078,0.15555698136669924,0.058723110869451124,0.028303010284280766,0.09847971188117555,0.03647442498514698,0.04608337280482256,0.16064375148406285,0.05680717878257031,0.16864654357394687,0.15073260324386595,5.879249307543984,5.879249307543985,0.0,7.855493525544386e-17,2.776424787817943e-16,0.25390207507301715,0.25390207507301704,0.0,74.0,1.9000000000000004,0.0,0.0,0.0,73.8,2.0999999999999996,0.0,0.0,0.0,False,False,False
50,3863705637,2665314677,0,GaussianSensor,0.65,0.2,0.1,0.05,True,True,True,True,goal_reached,0.13698726726645122,63.7,12.951241409124137,13.022312943863652,0.05124482770205906,0.2561811855162576,0.05827308481844357,0.02025510733491212,0.06922419156408514,0.026253322192996358,0.041238843856184225,0.25611734248773155,0.051529070905984284,0.1430754160421311,0.1137604774998566,5.228007904282537,5.228007904282537,0.0,8.825947704837839e-17,1.7772239894833365e-16,0.34118748529632054,0.3411874852963205,0.0,63.6,0.10000000000000142,0.0,0.0,0.0,63.6,0.10000000000000142,0.0,0.0,0.0,False,False,False
51,4005499836,353644800,0,GaussianSensor,0.65,0.2,0.1,0.05,True,True,True,True,goal_reached,0.1495032365071542,65.7,12.685034279613395,12.802060485876815,0.050109209699236976,0.18488998718113475,0.05651520720792538,0.02114502763363155,0.07116028405260906,0.02681653121916507,0.03704856559799731,0.15138029441849823,0.04705664400454696,0.09198215094708635,0.08126370562511148,4.967408295540226,4.967408295540226,0.0,8.844606623428826e-17,1.962615573354719e-16,0.24326693930462803,0.24326693930462806,0.0,65.7,0.0,0.0,0.0,0.0,65.7,0.0,0.0,0.0,0.0,False,False,False
52,891226929,3904815875,0,GaussianSensor,0.65,0.2,0.1,0.05,True,True,True,True,goal_reached,0.2478862698703325,69.5,13.588501078988015,13.795802578984901,0.05381602813085568,0.19538618894875812,0.06059428329186399,0.0263740794848921,0.07569217055285016,0.031395676498819226,0.043399962194850636,0.21141168657261886,0.05414976462616946,0.12244977730030154,0.08693698168543351,5.468612993062791,5.468612993062791,0.0,8.283271804107152e-17,1.962615573354719e-16,0.3015934475765333,0.3015934475765332,0.0,68.2,1.2999999999999972,0.0,0.0,0.0,67.39999999999999,2.1000000000000014,0.0,0.0,0.0,False,False,False
53,2197124845,2770081290,0,GaussianSensor,0.65,0.2,0.1,0.05,True,True,True,True,goal_reached,0.26083734938456005,77.10000000000001,14.736834949352547,14.890047037927715,0.05299593829718144,0.2371141544147647,0.06094423125373934,0.031869161947636476,0.10135961591317999,0.03963855299914293,0.04688199765111061,0.16938242847222762,0.05955347533231173,0.05044893906140335,0.0,5.861071186193155,5.861071186193155,0.0,7.957012869485688e-17,2.7894008272968645e-16,0.3143536893544116,0.31435368935441155,0.0,73.5,3.599999999999998,0.0,0.0,0.0,73.20000000000003,3.8999999999999844,0.0,0.0,0.0,False,False,False
54,4033668095,794826118,0,GaussianSensor,0.65,0.2,0.1,0.05,True,True,True,True,goal_reached,0.15905047975772788,89.5,18.095474943993427,18.180004745758033,0.05455966542296949,0.2700389854641929,0.06200793777481575,0.02819817103904381,0.09358905707550112,0.03473633682810348,0.04107524731902907,0.26843768371507076,0.05153147904957833,0.06682557372579613,0.07158658492557102,7.1669185691732515,7.166918569173252,0.0,8.239314656795934e-17,2.8177377798042847e-16,0.34890558033158203,0.34890558033158203,0.0,89.39999999999999,0.10000000000000853,0.0,0.0,0.0,88.9,0.5999999999999943,0.0,0.0,0.0,False,False,False
55,2805449324,2103271234,0,GaussianSensor,0.65,0.2,0.1,0.05,True,True,True,True,goal_reached,0.2157715915352433,63.800000000000004,12.999811518649892,13.095827041443979,0.053810918047624556,0.15255371807521725,0.061244495199034195,0.03459258807287733,0.10595422969532349,0.04557652273392628,0.050184448081960605,0.18214632228998637,0.062374703570840885,0.04235192248806541,0.03734221673334481,5.14386366696999,5.143863666969989,0.0,8.944503903743737e-17,2.7894008272968645e-16,0.3511705499523303,0.3511705499523303,0.0,63.800000000000004,0.0,0.0,0.0,0.0,63.4,0.40000000000000124,0.0,0.0,0.0,False,False,False
56,3382419591,112816621,0,GaussianSensor,0.65,0.2,0.1,0.05,True,True,True,True,goal_reached,0.17106073206293587,77.30000000000001,14.98173637903642,15.003181023361757,0.049490563736493354,0.16936397666721367,0.0557486836141957,0.034464844617763314,0.12313190636197521,0.04461188586060493,0.047060752566925865,0.17418170816596198,0.0587768284491027,0.07539964529750519,0.08581209795231892,5.904315107353314,5.904315107353314,0.0,8.074610779065834e-17,2.776424787817943e-16,0.23120950773660134,0.23120950773660126,0.0,74.1,3.2000000000000064,0.0,0.0,0.0,73.30000000000001,3.9999999999999964,0.0,0.0,0.0,False,False,False
57,3238864453,1737177286,0,GaussianSensor,0.65,0.2,0.1,0.05,True,True,True,True,goal_reached,0.10774923021845884,72.60000000000001,14.649287863843508,14.654403185077205,0.05395728319773652,0.14668197370198274,0.06089009044023012,0.03052253255407381,0.09846437146115304,0.036727357660740666,0.04507699364561627,0.17350314006707543,0.05618451729013908,0.11207599539361239,0.09150298286688133,5.563511943191227,5.563511943191228,0.0,8.149442756140968e-17,2.2215299868541707e-16,0.33507392007057996,0.33507392007057996,0.0,72.4,0.1999999999999993,0.0,0.0,0.0,72.4,0.1999999999999993,0.0,0.0,0.0,False,False,False
58,765708987,849004654,0,GaussianSensor,0.65,0.2,0.1,0.05,True,True,True,True,goal_reached,0.19815204758532423,76.10000000000001,14.598766278595974,14.648608059649689,0.051204094586773205,0.23811057197166516,0.05831567722728191,0.03286956493428558,0.09618184156674481,0.03900447671446132,0.04641614978388183,0.1964223717205736,0.0579435952731563,0.1575389847152643,0.12737774950967165,6.09663494891807,6.09663494891807,0.0,7.514994548800655e-17,2.7833528704240246e-16,0.3211473137860503,0.3211473137860503,0.0,74.0,2.099999999999998,0.0,0.0,0.0,73.50000000000001,2.5999999999999943,0.0,0.0,0.0,False,False,False
59,3948529331,1523910091,0,GaussianSensor,0.65,0.2,0.1,0.05,False,False,False,False,planning_failure,nan,nan,nan,nan,nan,nan,nan,nan,nan,nan,nan,nan,nan,nan,nan,nan,nan,nan,nan,nan,nan,nan,nan,,,,,,,,,,,,,
60,581552647,1295379497,0,GaussianSensor,0.65,0.2,0.1,0.05,True,True,True,True,goal_reached,0.1774855797017062,88.60000000000001,17.509067135466285,17.583045552998804,0.05146592513735882,0.1587416494115229,0.05844399343694112,0.03401518564953043,0.10645009350983692,0.043006153099267086,0.04525071888745139,0.1582635678111587,0.056883421095398255,0.10887716089392527,0.10202345550236025,6.8989703873586485,6.8989703873586485,0.0,7.862633810557594e-17,2.7757743935277205e-16,0.3151883296022973,0.3151883296022973,0.0,88.20000000000002,0.3999999999999915,0.0,0.0,0.0,88.40000000000002,0.19999999999998863,0.0,0.0,0.0,False,False,False
61,106579484,4042782794,0,GaussianSensor,0.65,0.2,0.1,0.05,True,True,True,True,goal_reached,0.2470757512478727,65.5,13.826838932986206,13.945865961058432,0.04997638776885878,0.1481068550279157,0.056555029457888054,0.0321446584028732,0.10042772876512064,0.03943685714899092,0.03994181281660239,0.158253116112381,0.04973805053930883,0.10530871697149974,0.07906039740676434,5.24430962039405,5.24430962039405,0.0,8.621249506960505e-17,2.7894008272968645e-16,0.2573635365088052,0.25736353650880534,0.0,65.5,0.0,0.0,0.0,0.0,65.5,0.0,0.0,0.0,0.0,False,False,False
62,4075693272,1439449350,0,GaussianSensor,0.65,0.2,0.1,0.05,True,True,True,True,goal_reached,0.20681977989147432,61.400000000000006,12.675926194245967,12.798275605729689,0.05344396799233082,0.19003356777093816,0.06113873282735171,0.026509540990482472,0.09233416282611394,0.03362087079361976,0.04094629247171393,0.18210965822414646,0.051463737885496026,0.09207372835062674,0.04468607894612475,4.834149930356567,4.834149930356567,0.0,9.493783259819778e-17,2.633125101432526e-16,0.2969672785017929,0.29696727850179283,0.0,61.00000000000001,0.3999999999999986,0.0,0.0,0.0,60.7,0.7000000000000028,0.0,0.0,0.0,False,False,False
63,4067301700,2913743672,0,GaussianSensor,0.65,0.2,0.1,0.05,True,True,True,True,goal_reached,0.1629136510843811,67.10000000000001,13.430563551735862,13.538355434138468,0.05184353399103026,0.1436547919615466,0.05845453565383764,0.02323321762998154,0.07434480512147619,0.029369581557049825,0.041430156896089386,0.1766699290720208,0.051827843080124975,0.11852199167050366,0.07047575183955836,5.445420573780708,5.445420573780709,0.0,8.058891522138028e-17,1.7772239894833365e-16,0.28113489320035473,0.28113489320035484,0.0,67.10000000000001,0.0,0.0,0.0,0.0,67.10000000000001,0.0,0.0,0.0,0.0,False,False,False
64,408409058,2783164376,0,GaussianSensor,0.65,0.2,0.1,0.05,True,True,True,True,goal_reached,0.19268948543942876,64.3,12.961997511364146,13.080798939926119,0.05139783323916447,0.18823886091252234,0.05837080399911273,0.022350496996398187,0.07197906556401774,0.02875147544656696,0.040659339959618575,0.16704086299643034,0.05079187296733263,0.074731029780046,0.06114787455756183,5.093934280355603,5.093934280355603,0.0,8.732019632920511e-17,1.8670653977139892e-16,0.21969389455261268,0.21969389455261273,0.0,62.7,1.5999999999999943,0.0,0.0,0.0,62.89999999999999,1.4000000000000057,0.0,0.0,0.0,False,False,False
65,4054606464,2684696174,0,GaussianSensor,0.65,0.2,0.1,0.05,True,True,True,True,goal_reached,0.19911669098532633,67.2,13.75030287043252,13.843888700494844,0.04981197250377597,0.1723842075786499,0.05644102188477512,0.030388771855734898,0.08894814690008469,0.038006374431164794,0.043808867171623536,0.15517057201647688,0.05510686612645648,0.47498194936316196,0.37017825619511946,5.268461029900521,5.268461029900521,0.0,8.624647027149829e-17,2.237726045655905e-16,0.28292620831854665,0.2829262083185466,0.0,66.5,0.6999999999999957,0.0,0.0,0.0,65.9,1.2999999999999972,0.0,0.0,0.0,False,False,False
66,3584757783,812451508,0,GaussianSensor,0.65,0.2,0.1,0.05,True,True,True,True,goal_reached,0.14546046136318744,71.4,13.639855040257295,13.736320764015765,0.05102462645677767,0.1589758408233719,0.05792391633194875,0.022412248876621375,0.06215708070582149,0.026725447744699763,0.036574248196234393,0.15610995496208957,0.046104423456601235,0.12685067825928825,0.07663318855817186,5.347742564338675,5.347742564338675,0.0,8.00009875147002e-17,1.7772239894833365e-16,0.4289296236055373,0.4289296236055373,0.0,71.4,0.0,0.0,0.0,0.0,71.4,0.0,0.0,0.0,0.0,False,False,False
67,2242817554,3855248184,0,GaussianSensor,0.65,0.2,0.1,0.05,True,True,True,True,goal_reached,0.14653251897891176,82.7,14.695414295433363,14.820726001865717,0.051877085273689685,0.21014983149451982,0.058413485546649005,0.021791535992208608,0.11670694790472155,0.03046196863357652,0.041252108578233054,0.21199122700893677,0.05329794884142308,0.09723386973324448,0.062083601848538,6.155366495457464,6.155366495457464,0.0,7.361060902359112e-17,2.5066604164831255e-16,0.23949168083630978,0.2394916808363098,0.0,64.89999999999999,17.800000000000015,0.0,0.0,0.0,65.39999999999999,17.300000000000008,0.0,0.0,0.0,False,False,False
68,3870536607,2054617115,0,GaussianSensor,0.65,0.2,0.1,0.05,True,True,True,True,goal_reached,0.15582906737455438,91.0,17.297157631954164,17.461991725706696,0.0528341680836164,0.16242111024465616,0.05919246937516531,0.028328289876058572,0.09191193485270155,0.034687397222433164,0.0413027321531993,0.1960735464126444,0.05229206593503019,0.08506391124731899,0.04772524727840732,6.6660773010944245,6.666077301094425,0.0,7.776442313360869e-17,2.7833528704240246e-16,0.4125520251204794,0.41255202512047934,0.0,90.8,0.20000000000000284,0.0,0.0,0.0,90.60000000000001,0.3999999999999915,0.0,0.0,0.0,False,False,False
69,1473522219,4028730749,0,GaussianSensor,0.65,0.2,0.1,0.05,True,True,True,True,goal_reached,0.22160374004705294,67.0,13.450671983081747,13.599491289213846,0.04916647923299855,0.1387023097624638,0.05578451966986698,0.025158340690741163,0.09252825901424418,0.03260495256801003,0.04147097767705028,0.16738939281422435,0.05227876473150027,0.17515061074135335,0.11333762480340681,5.035740941415576,5.035740941415576,0.0,8.138514445005058e-17,1.7772239894833365e-16,0.29685074961647245,0.29685074961647245,0.0,66.69999999999999,0.3000000000000007,0.0,0.0,0.0,66.6,0.3999999999999986,0.0,0.0,0.0,False,False,False
70,865400509,2297404356,0,GaussianSensor,0.65,0.2,0.1,0.05,True,True,True,True,goal_reached,0.18319764453296306,68.8,13.568737743826947,13.601706299066652,0.05143074591266336,0.21919695731163324,0.05911754302327863,0.04138957323920552,0.1407695581313826,0.05110059773842702,0.05138021970477895,0.21067500231221423,0.06534119397868238,0.025863718971044926,0.02832075471456017,5.546583377198621,5.546583377198621,0.0,8.652121746859711e-17,1.8670653977139892e-16,0.3035174918761515,0.3035174918761515,0.0,68.5,0.29999999999999716,0.0,0.0,0.0,67.99999999999999,0.8000000000000007,0.0,0.0,0.0,False,False,False
71,1033281415,2164047885,0,GaussianSensor,0.65,0.2,0.1,0.05,True,True,True,True,goal_reached,0.21058672572581272,85.80000000000001,15.936041422079864,16.12550467866206,0.052497993761297004,0.2285080442051856,0.05926047719175401,0.026834417127217406,0.09057092580275361,0.0339131094145769,0.04436110763165828,0.2030065993592306,0.05577970526991412,0.08528173946873265,0.044101924915803684,6.2013583220782635,6.2013583220782635,0.0,7.109409386522016e-17,2.776424787817943e-16,0.23201590779648504,0.23201590779648512,0.0,75.60000000000001,10.200000000000001,0.0,0.0,0.0,75.9,9.899999999999999,0.0,0.0,0.0,False,False,False
72,600023430,990868258,0,GaussianSensor,0.65,0.2,0.1,0.05,True,True,True,True,goal_reached,0.26522276179418686,69.4,13.67330130003691,13.886256724835807,0.053711895361037494,0.15846745098674647,0.06073396972783805,0.042779016790156166,0.12928674617956099,0.050776176099571815,0.050832687981744444,0.18391451731836547,0.06337672241611159,0.08964666240340041,0.07957847687171668,5.238567207474758,5.238567207474757,0.0,8.02538148950969e-17,1.7772239894833365e-16,0.25020683785145986,0.25020683785145986,0.0,68.1,1.3000000000000043,0.0,0.0,0.0,68.0,1.3999999999999986,0.0,0.0,0.0,False,False,False
73,4212648003,1745885839,0,GaussianSensor,0.65,0.2,0.1,0.05,True,True,True,True,goal_reached,0.18981545218702597,65.5,13.061729640783845,13.09414318712273,0.05259931057881918,0.14718452819837177,0.05873585814358307,0.026031025945724998,0.10399938057454367,0.03245780970919244,0.04042326538984131,0.18376994086903284,0.05149285049410606,0.1305141211016724,0.06645624359605595,5.053601358944939,5.053601358944939,0.0,8.499453251435134e-17,1.962615573354719e-16,0.271099272448856,0.27109927244885607,0.0,65.5,0.0,0.0,0.0,0.0,65.5,0.0,0.0,0.0,0.0,False,False,False
74,3471671828,204828556,0,GaussianSensor,0.65,0.2,0.1,0.05,True,True,True,True,goal_reached,0.19497582720087334,65.9,13.199789354168047,13.360275794567073,0.05237427869523963,0.17041332965145545,0.059298646928597314,0.028424499632188224,0.08084448145491607,0.03511484576097605,0.037602467541391196,0.13840197705826005,0.04749726197182924,0.11797511548129268,0.10772082394859282,5.2214823028006565,5.221482302800656,0.0,8.764055481649426e-17,2.793066411846225e-16,0.2414518472546261,0.24145184725462612,0.0,65.9,0.0,0.0,0.0,0.0,65.9,0.0,0.0,0.0,0.0,False,False,False
75,565181289,3805150019,0,GaussianSensor,0.65,0.2,0.1,0.05,True,True,True,True,goal_reached,0.1950303173950315,64.60000000000001,13.212370793544821,13.340988169058384,0.050239678942371635,0.15181786752202486,0.05706580897866501,0.0325056796017521,0.08741467648524735,0.040207094651002646,0.04451275521910427,0.14740548928270492,0.05423873280926128,0.07871132612331007,0.06595955142619037,5.302362556944882,5.302362556944882,0.0,8.772724182052213e-17,1.7772239894833365e-16,0.25280975189373395,0.25280975189373395,0.0,63.80000000000001,0.7999999999999972,0.0,0.0,0.0,63.80000000000001,0.7999999999999972,0.0,0.0,0.0,False,False,False
76,493419000,2342670495,0,GaussianSensor,0.65,0.2,0.1,0.05,True,True,True,True,goal_reached,0.27639557236962375,72.7,13.649077502335437,13.802587450661914,0.05211757232909022,0.23404886328559596,0.059385450304784884,0.024374239555592207,0.09531978976435662,0.03152026026556786,0.039121471099017195,0.1682540681371018,0.04966225333260805,0.10872555388672218,0.07246719874862856,5.378069189315278,5.378069189315278,0.0,7.784127488428998e-17,2.5018537765542007e-16,0.3078481018951431,0.3078481018951431,0.0,58.39999999999999,14.300000000000011,0.0,0.0,0.0,57.89999999999999,14.800000000000006,0.0,0.0,0.0,False,False,False
77,2523805071,2573858176,0,GaussianSensor,0.65,0.2,0.1,0.05,True,True,True,True,goal_reached,0.1940232386223008,84.9,16.691195115596855,16.867092815892605,0.04837593239957285,0.13503033760317704,0.054295879557317184,0.022017678706376404,0.07480513312839676,0.027941711127078727,0.035827432961434535,0.143384506144713,0.045186440516785414,0.13336779201458487,0.09061866534065134,6.305606821151518,6.305606821151518,0.0,7.319098927649567e-17,2.779024842816778e-16,0.28376080196574244,0.28376080196574244,0.0,84.9,0.0,0.0,0.0,0.0,84.9,0.0,0.0,0.0,0.0,False,False,False
78,45677837,1364071988,0,GaussianSensor,0.65,0.2,0.1,0.05,True,True,True,True,goal_reached,0.2259689867230788,73.3,14.393719114514695,14.46980276976081,0.05059754630200006,0.14918843221745018,0.05776591915582167,0.04140973915974048,0.10168728143247197,0.048317823557126854,0.04446713130778896,0.18385762548206547,0.055490599228768825,0.23214314613661224,0.17438051731833337,5.809376753185017,5.809376753185017,0.0,8.076216614808614e-17,2.793066411846225e-16,0.25580583005730645,0.2558058300573065,0.0,73.3,0.0,0.0,0.0,0.0,73.3,0.0,0.0,0.0,0.0,False,False,False
79,2369212922,1884941461,0,GaussianSensor,0.65,0.2,0.1,0.05,True,True,True,True,goal_reached,0.2650455824430275,59.300000000000004,12.614055594037737,12.778526564505201,0.052098143803801324,0.24399413139374648,0.05952261082128313,0.037704735230644056,0.11196075921044546,0.04750327247868806,0.0501674845484171,0.24399413139374648,0.062195607244648884,0.04156874260826339,0.004832094308660828,5.038347614473494,5.038347614473494,0.0,9.919940912556455e-17,1.962615573354719e-16,0.21516842748454112,0.21516842748454112,0.0,59.300000000000004,0.0,0.0,0.0,0.0,59.300000000000004,0.0,0.0,0.0,0.0,False,False,False
80,4013271687,1413058190,0,GaussianSensor,0.65,0.2,0.1,0.05,True,True,True,True,goal_reached,0.1828961121654007,83.9,16.998090956235558,16.954707048870837,0.051513848859688315,0.15805407050117398,0.058164548271278045,0.03133579803509311,0.13722836766228463,0.042769248588467826,0.039369219379436986,0.17072795444188227,0.05030479384268392,0.08227621005350222,0.11391128521976385,6.7659146138947275,6.765914613894728,0.0,8.585454501204498e-17,2.779024842816778e-16,0.3316815286828267,0.3316815286828267,0.0,82.8,1.1000000000000014,0.0,0.0,0.0,82.69999999999999,1.2000000000000135,0.0,0.0,0.0,False,False,False
81,463264661,1517162635,0,GaussianSensor,0.65,0.2,0.1,0.05,False,False,False,False,planning_failure,nan,nan,nan,nan,nan,nan,nan,nan,nan,nan,nan,nan,nan,nan,nan,nan,nan,nan,nan,nan,nan,nan,nan,,,,,,,,,,,,,
82,2864355002,146698999,0,GaussianSensor,0.65,0.2,0.1,0.05,True,True,True,True,goal_reached,0.21279825546773426,76.0,15.06262611078763,15.269376772815441,0.05254503068647865,0.1711333531568861,0.05988949577547423,0.036614571138380854,0.113737992683693,0.04571971504702289,0.04634102941395031,0.20655018435493447,0.05782690949119579,0.072737812471229,0.0,5.946310659898078,5.946310659898078,0.0,8.103380640050874e-17,2.779024842816778e-16,0.27907556836863523,0.27907556836863523,0.0,75.3,0.7000000000000028,0.0,0.0,0.0,75.8,0.0,0.19999999999999574,0.0,0.0,False,False,False
83,2988069353,815718213,0,GaussianSensor,0.65,0.2,0.1,0.05,True,True,True,True,goal_reached,0.18580898803325016,66.10000000000001,13.112320464772734,13.235498357872594,0.0517545235293299,0.13176775038934305,0.058340954472854055,0.02284943031958596,0.08322947271065882,0.029516879365965067,0.03668030987331259,0.16980547454522574,0.04715368784597802,0.1305262972295586,0.07758041465269315,5.0730898441459775,5.0730898441459775,0.0,8.26962789575798e-17,2.3263411494723067e-16,0.29175924546390986,0.29175924546390986,0.0,66.10000000000001,0.0,0.0,0.0,0.0,66.0,0.10000000000000142,0.0,0.0,0.0,False,False,False
84,232323784,3866835605,0,GaussianSensor,0.65,0.2,0.1,0.05,True,True,True,True,goal_reached,0.2012813479992723,63.0,12.66982583986327,12.764523090598953,0.051416739450882834,0.2053603289292189,0.05818104676578378,0.03265669781584551,0.0923302403764953,0.04001045514462022,0.0448908669221325,0.17800337734213154,0.05647756367799205,0.549684809792001,0.43751922540716365,5.109388336789721,5.109388336789721,0.0,9.054058566830485e-17,1.962615573354719e-16,0.3914738140474869,0.39147381404748693,0.0,62.3,0.6999999999999997,0.0,0.0,0.0,61.5,1.5,0.0,0.0,0.0,False,False,False
85,2062693019,1463358873,0,GaussianSensor,0.65,0.2,0.1,0.05,True,True,True,True,goal_reached,0.19193324975683168,73.60000000000001,14.89165692279546,14.975352913488377,0.05334458059630487,0.16094533545734652,0.06036217957100248,0.034075703178288654,0.09387635807994514,0.04198267956286735,0.04262643943687428,0.17267345414979174,0.053397810939966005,0.09804348495471893,0.06546521183798817,5.804351988241972,5.804351988241972,0.0,8.157846809977234e-17,2.779024842816778e-16,0.3469561307559523,0.3469561307559523,0.0,73.60000000000001,0.0,0.0,0.0,0.0,73.60000000000001,0.0,0.0,0.0,0.0,False,False,False
86,2696811765,677721415,0,GaussianSensor,0.65,0.2,0.1,0.05,True,True,True,True,goal_reached,0.17054858473972098,76.0,15.512118169156482,15.524339555299969,0.051498777781570027,0.13921363731669492,0.0583299135878078,0.029660993087962495,0.1168520664460706,0.03774950710231232,0.04330080465839305,0.1822798948515636,0.054329483584244456,0.13133851399184496,0.0949404345832327,6.293766298899172,6.293766298899171,0.0,8.61327123450512e-17,2.7809732887839817e-16,0.3740132611074834,0.3740132611074834,0.0,74.8,1.1999999999999957,0.0,0.0,0.0,74.5,1.499999999999993,0.0,0.0,0.0,False,False,False
87,2431573722,4128245809,0,GaussianSensor,0.65,0.2,0.1,0.05,True,True,True,True,goal_reached,0.18143555468099015,76.80000000000001,15.252508280290728,15.310399830997074,0.04995835173046092,0.14725564197120722,0.05601991715207406,0.02901669931657547,0.07971771167453837,0.035502572797558855,0.0417527841955512,0.14728206888818346,0.05181348473090529,0.1369679783038103,0.08983028579162315,5.981604597232486,5.981604597232486,0.0,8.09420495697963e-17,2.7894008272968645e-16,0.2662882663570374,0.2662882663570374,0.0,74.40000000000002,2.3999999999999915,0.0,0.0,0.0,74.30000000000001,2.5,0.0,0.0,0.0,False,False,False
88,288904282,1334095557,0,GaussianSensor,0.65,0.2,0.1,0.05,True,True,True,True,goal_reached,0.21094615141347117,69.7,13.261404218765323,13.387495802690413,0.054339699091803646,0.20209774853868767,0.062118243010209614,0.0254386383856648,0.07870450177839809,0.03172087595423978,0.04418960730176152,0.19430338080514567,0.054619463610167736,0.14221145695275222,0.08006679833067487,5.099972725049685,5.099972725049685,0.0,8.284126300620205e-17,1.962615573354719e-16,0.2533394230814895,0.25333942308148943,0.0,68.3,1.3999999999999986,0.0,0.0,0.0,68.39999999999999,1.3000000000000007,0.0,0.0,0.0,False,False,False
89,2448428947,1044006471,0,GaussianSensor,0.65,0.2,0.1,0.05,False,False,False,False,planning_failure,nan,nan,nan,nan,nan,nan,nan,nan,nan,nan,nan,nan,nan,nan,nan,nan,nan,nan,nan,nan,nan,nan,nan,,,,,,,,,,,,,
90,3814120060,3172955040,0,GaussianSensor,0.65,0.2,0.1,0.05,True,True,True,True,goal_reached,0.21683067131434258,72.0,14.234198310315426,14.483054825044382,0.0498739143960599,0.16175659340246104,0.056831601580164454,0.02509049991637555,0.09622802336991179,0.03109174440674114,0.03767044346399943,0.16348453302826293,0.04697497070204519,0.08290850925107719,0.06968569744650577,5.257233207190298,5.257233207190298,0.0,8.243908102491232e-17,2.779024842816778e-16,0.25873141482900974,0.2587314148290098,0.0,69.1,2.8999999999999932,0.0,0.0,0.0,69.0,2.9999999999999964,0.0,0.0,0.0,False,False,False
91,2701641550,3221346186,0,GaussianSensor,0.65,0.2,0.1,0.05,True,True,True,True,goal_reached,0.15684917418130312,81.0,16.174956186868737,16.14275904173966,0.04865966720930894,0.17175936199378558,0.05543502024762688,0.03376299936423573,0.10682503853606871,0.04088557905402414,0.04670536115030155,0.17460424582034395,0.05811043053851069,0.19541498045031877,0.09884157391031323,6.281476777596227,6.281476777596227,0.0,7.894295374762768e-17,2.830524433501838e-16,0.3550995589845793,0.35509955898457934,0.0,74.0,7.0,0.0,0.0,0.0,73.69999999999999,7.300000000000011,0.0,0.0,0.0,False,False,False
92,1467073285,944703461,0,GaussianSensor,0.65,0.2,0.1,0.05,True,True,True,True,goal_reached,0.13313955918403672,64.2,13.3576315198493,13.418931985605992,0.04897822858441344,0.14661645736526138,0.05565322747256197,0.030178953167402347,0.0899783459854997,0.03600741809312702,0.041349767249060546,0.15492330145482822,0.051974274969042715,0.11619558205289267,0.09753094572460874,5.258234362747059,5.258234362747059,0.0,8.772948474550253e-17,2.7894008272968645e-16,0.3076239699414269,0.3076239699414269,0.0,64.0,0.20000000000000107,0.0,0.0,0.0,63.9,0.3000000000000007,0.0,0.0,0.0,False,False,False
93,169941178,1456512961,0,GaussianSensor,0.65,0.2,0.1,0.05,True,True,True,True,goal_reached,0.20106768459387528,63.900000000000006,12.894307053367601,12.96314542815297,0.05390843553622269,0.17641003170157682,0.06035420052836032,0.03009664296282589,0.10172894191201501,0.038008202403651395,0.043777666269232296,0.19584869846512518,0.055935680521473234,0.10909467276851066,0.09891290249802509,4.753897929207554,4.753897929207556,0.0,8.939149506527607e-17,1.962615573354719e-16,0.289319642740071,0.289319642740071,0.0,61.6,2.3000000000000007,0.0,0.0,0.0,62.0,1.9000000000000004,0.0,0.0,0.0,False,False,False
94,2253011611,405432984,0,GaussianSensor,0.65,0.2,0.1,0.05,True,True,True,True,goal_reached,0.17051867147335653,80.60000000000001,16.338372248954883,16.46309452189001,0.05038008477009143,0.16823934915031744,0.05748199064620849,0.03581444944332426,0.11299491147305481,0.04235653990620108,0.047119772388058846,0.19165075565129297,0.058588430050228,0.15186168388857085,0.09408351515179626,6.301737270692433,6.301737270692433,0.0,7.877779126071375e-17,2.2301825219878386e-16,0.37208157809153963,0.37208157809153963,0.0,78.3,2.300000000000006,0.0,0.0,0.0,77.90000000000002,2.6999999999999886,0.0,0.0,0.0,False,False,False
95,4089296776,1361720255,0,GaussianSensor,0.65,0.2,0.1,0.05,True,True,True,True,goal_reached,0.1493059514759252,74.0,15.507855976080512,15.602417696739689,0.05093270569926681,0.17087075708919838,0.05764438802388391,0.02838627753091017,0.08404629443245604,0.03448926308001683,0.04052165474752836,0.17748825277926958,0.04989522147683089,0.1452415956917321,0.10127227060976107,5.735861859527247,5.735861859527247,0.0,8.202748395458624e-17,2.779024842816778e-16,0.24559399377105098,0.2455939937710511,0.0,74.0,0.0,0.0,0.0,0.0,74.0,0.0,0.0,0.0,0.0,False,False,False
96,4024072039,3290223108,0,GaussianSensor,0.65,0.2,0.1,0.05,True,True,True,True,goal_reached,0.11713420376515081,71.2,13.525972435160991,13.635996910203634,0.051752456310731006,0.220373833044706,0.05828364689637331,0.030667886235165913,0.10264799679319554,0.03786359396347927,0.04244728860861395,0.21390083962517922,0.0545348571583339,0.04050225886865578,0.0,5.205617377523442,5.205617377523441,0.0,8.159624177223824e-17,1.962615573354719e-16,0.21336843624994298,0.21336843624994312,0.0,63.7,7.5,0.0,0.0,0.0,63.5,7.600000000000001,0.0,0.10000000000000142,0.0,False,False,False
97,4120847382,1005880465,0,GaussianSensor,0.65,0.2,0.1,0.05,True,True,True,True,goal_reached,0.09810623526976135,65.4,13.254772347208835,13.276122797005854,0.05022021812939656,0.16466042635029263,0.056159365612447,0.026774993382009702,0.07017233472159434,0.03197119898069217,0.0440079760205279,0.16466042635029263,0.05363810136036561,0.10940612498561397,0.1012529689728806,5.097554880193583,5.097554880193583,0.0,8.573651734360102e-17,1.8670653977139892e-16,0.2538180170665324,0.2538180170665324,0.0,63.300000000000004,2.0999999999999996,0.0,0.0,0.0,63.400000000000006,2.0,0.0,0.0,0.0,False,False,False
98,3675887853,1206917796,0,GaussianSensor,0.65,0.2,0.1,0.05,True,True,True,True,goal_reached,0.16696460372009245,75.7,14.538084785345912,14.748501048409201,0.052461452935689094,0.2004320877106943,0.05927530243694325,0.02376792607735531,0.07570526294820168,0.028813027735559826,0.03977167605170191,0.2004320877106943,0.05060039301614583,0.10537271953966813,0.09952183960293981,5.622616702157856,5.622616702157856,0.0,7.946911389535386e-17,2.498965354837e-16,0.32478861571673123,0.32478861571673123,0.0,67.3,8.399999999999999,0.0,0.0,0.0,67.3,8.399999999999999,0.0,0.0,0.0,False,False,False
99,279667856,3140931407,0,GaussianSensor,0.65,0.2,0.1,0.05,True,True,True,True,goal_reached,0.1723357140415169,65.7,13.08752776393844,13.179491784050253,0.05389130058260944,0.17959471506241134,0.06032812818731975,0.03337177006627757,0.10964162593131767,0.04180793095630073,0.045521335107196255,0.19562504344569645,0.05818399143995941,0.059277542715567205,0.008614126838868863,5.437140928528668,5.437140928528667,0.0,8.63018645692314e-17,1.962615573354719e-16,0.30166899693967675,0.3016689969396769,0.0,65.0,0.6999999999999957,0.0,0.0,0.0,64.8,0.8999999999999986,0.0,0.0,0.0,False,False,False
100,540232124,440410583,0,GaussianSensor,0.65,0.2,0.1,0.05,False,False,False,False,planning_failure,nan,nan,nan,nan,nan,nan,nan,nan,nan,nan,nan,nan,nan,nan,nan,nan,nan,nan,nan,nan,nan,nan,nan,,,,,,,,,,,,,
101,3396719581,2568424225,0,GaussianSensor,0.65,0.2,0.1,0.05,True,True,True,True,goal_reached,0.2634167743521926,72.3,14.050024443703217,14.154751212489092,0.05097959116743081,0.18175512752378747,0.05767568780096781,0.03205578143593459,0.09170632966360513,0.038944923936629516,0.04302314315796321,0.18175512752378747,0.05384336939880488,0.16403983230667118,0.13510525518358593,5.290056092474869,5.29005609247487,0.0,7.84916886650073e-17,1.7772239894833365e-16,0.4690451863501466,0.4690451863501466,0.0,72.3,0.0,0.0,0.0,0.0,72.3,0.0,0.0,0.0,0.0,False,False,False
102,4254502148,4115934492,0,GaussianSensor,0.65,0.2,0.1,0.05,False,False,False,False,planning_failure,nan,nan,nan,nan,nan,nan,nan,nan,nan,nan,nan,nan,nan,nan,nan,nan,nan,nan,nan,nan,nan,nan,nan,,,,,,,,,,,,,
103,52029571,1451775251,0,GaussianSensor,0.65,0.2,0.1,0.05,True,True,True,True,goal_reached,0.20288831286148648,61.800000000000004,12.879176961432297,13.034129845519349,0.05377918444103091,0.16611408679293396,0.06125040075089614,0.02674087875642779,0.08677275406998781,0.03331152733638658,0.043519474874370266,0.19472530506402172,0.05707743688425093,0.09689216533935228,0.07443812288184752,5.212461060059617,5.212461060059617,0.0,8.968003062622371e-17,1.962615573354719e-16,0.28611645024337223,0.28611645024337223,0.0,61.300000000000004,0.5,0.0,0.0,0.0,61.2,0.5999999999999979,0.0,0.0,0.0,False,False,False
104,2150617837,3318149514,0,GaussianSensor,0.65,0.2,0.1,0.05,False,False,False,False,planning_failure,nan,nan,nan,nan,nan,nan,nan,nan,nan,nan,nan,nan,nan,nan,nan,nan,nan,nan,nan,nan,nan,nan,nan,,,,,,,,,,,,,
105,1920392900,1186325760,0,GaussianSensor,0.65,0.2,0.1,0.05,True,True,True,True,goal_reached,0.22973473172667047,68.60000000000001,13.469272785196633,13.727342102410422,0.051334159511425684,0.30920870862575406,0.0593160129289964,0.027037964609499348,0.11265027850333122,0.03361772637842729,0.040682649187825805,0.30862943034968887,0.05189066455009384,0.11800729936178628,0.07946157455926736,5.214777082643265,5.2147770826432644,0.0,8.347272387970265e-17,2.5133742693021536e-16,0.30852220093814003,0.30852220093814003,0.0,68.60000000000001,0.0,0.0,0.0,0.0,68.60000000000001,0.0,0.0,0.0,0.0,False,False,False
106,3782786491,3318578905,0,GaussianSensor,0.65,0.2,0.1,0.05,True,True,True,True,goal_reached,0.2207170569523915,96.5,18.814005954129687,19.075314486598597,0.050305467030823475,0.16780650379995574,0.05716869577863917,0.026092206004728224,0.08333393359519084,0.03257648492798057,0.04111402546610776,0.152496565350403,0.050897788811039346,0.17056412751065267,0.1537045403408599,7.275523514512792,7.275523514512792,0.0,7.847107958962588e-17,2.7757743935277205e-16,0.256891684022536,0.25689168402253604,0.0,96.0,0.5,0.0,0.0,0.0,96.1,0.4000000000000057,0.0,0.0,0.0,False,False,False
107,1852949863,3905180727,0,GaussianSensor,0.65,0.2,0.1,0.05,True,True,True,True,goal_reached,0.13968881246211068,61.7,12.867846129607372,12.963459655396893,0.05036023808117355,0.31043178293053136,0.05793775447819585,0.018366969683155137,0.08520400981509545,0.024633770679529186,0.03704191728512994,0.31043178293053136,0.0476936291939424,0.11855844489204775,0.11236144777670969,5.120850025220086,5.120850025220086,0.0,8.84504018630284e-17,2.5018537765542007e-16,0.33712157911829843,0.33712157911829843,0.0,60.3,1.4000000000000004,0.0,0.0,0.0,59.800000000000004,1.8999999999999986,0.0,0.0,0.0,False,False,False
108,4292450816,2371327617,0,GaussianSensor,0.65,0.2,0.1,0.05,True,True,True,True,goal_reached,0.24824567896326988,71.60000000000001,13.905277393607173,14.065789132288357,0.051879528257254615,0.13392275810710955,0.058233826063237744,0.032458552337773616,0.12577552264344505,0.04211600200058958,0.04137724791756796,0.17359492834903353,0.05208457951436513,0.13754850294928803,0.08580870906523397,5.407616198443602,5.407616198443602,0.0,8.408287568561124e-17,2.2336880404788363e-16,0.24237305754727478,0.2423730575472748,0.0,65.0,6.6000000000000085,0.0,0.0,0.0,65.2,6.400000000000006,0.0,0.0,0.0,False,False,False
109,4267953794,845914130,0,GaussianSensor,0.65,0.2,0.1,0.05,True,True,True,True,goal_reached,0.18408773214509222,74.4,13.887467414324618,13.91088317017783,0.05372137330016911,0.15720620590209056,0.06053960743437591,0.031119040924179792,0.09394002585138353,0.03829912098302087,0.04599153167617649,0.14693692130310462,0.057054384366605634,0.14540426180502997,0.08547765402978058,5.790409252846519,5.790409252846519,0.0,8.03132854207796e-17,2.5133742693021536e-16,0.25155341669866005,0.25155341669866005,0.0,64.2,10.200000000000003,0.0,0.0,0.0,63.70000000000001,10.699999999999992,0.0,0.0,0.0,False,False,False
110,1963136374,3650030472,0,GaussianSensor,0.65,0.2,0.1,0.05,True,True,True,True,goal_reached,0.22418184939552102,69.9,13.75458781058956,13.954054799653434,0.05222044424501009,0.15848813471084072,0.05914547865636478,0.02888038903327936,0.09635279554641434,0.03605051527220729,0.03986248222993748,0.1554277225254694,0.04996147814146564,0.04574444546998409,0.03551603500176981,4.886639913354056,4.886639913354057,0.0,8.129567926417625e-17,2.2247786310271853e-16,0.22921780969977282,0.22921780969977285,0.0,69.9,0.0,0.0,0.0,0.0,69.9,0.0,0.0,0.0,0.0,False,False,False
111,212347388,3906612652,0,GaussianSensor,0.65,0.2,0.1,0.05,True,True,True,True,goal_reached,0.20956950941833805,67.5,13.320512341882282,13.426739253989066,0.05461152977757386,0.15233350062041948,0.061317202783187155,0.03337234228689293,0.1185340013821401,0.04192770722058769,0.043977312282335056,0.18177001497729425,0.055384159823063654,0.13340079516443912,0.059628398856937256,4.789742448583466,4.789742448583466,0.0,8.389709001974911e-17,1.962615573354719e-16,0.23235399883527658,0.23235399883527674,0.0,67.5,0.0,0.0,0.0,0.0,67.5,0.0,0.0,0.0,0.0,False,False,False
112,2133831415,1351782111,0,GaussianSensor,0.65,0.2,0.1,0.05,True,True,True,True,goal_reached,0.13523488725879151,69.10000000000001,13.483146508234881,13.501115955181671,0.04951803982532036,0.1613112167712723,0.05645516325700913,0.0269719580469503,0.09624295608251948,0.036076331406013816,0.040424989060775074,0.18405806443884024,0.05175745572254962,0.135477613368037,0.07967498654763865,5.46832429151303,5.46832429151303,0.0,8.564858470323898e-17,1.962615573354719e-16,0.3950410284089128,0.3950410284089128,0.0,69.10000000000001,0.0,0.0,0.0,0.0,69.10000000000001,0.0,0.0,0.0,0.0,False,False,False
113,2416155944,1610198770,0,GaussianSensor,0.65,0.2,0.1,0.05,True,True,True,True,goal_reached,0.19844135570182211,77.9,15.279360581631085,15.411848762058458,0.05152915144866817,0.20129986509994202,0.05780094230011172,0.028995262241072486,0.0918357305249741,0.03749825847246629,0.04256687543044754,0.20168297655396783,0.05266016737945134,0.09521367166259144,0.029764412533682425,5.988652097649375,5.988652097649376,0.0,7.681543185891857e-17,2.776424787817943e-16,0.2605848041055844,0.2605848041055844,0.0,77.3,0.5999999999999979,0.0,0.0,0.0,77.5,0.3999999999999986,0.0,0.0,0.0,False,False,False
114,1031285833,497434967,0,GaussianSensor,0.65,0.2,0.1,0.05,True,True,True,True,goal_reached,0.19013402519363665,67.4,13.01201744830291,13.06613176194582,0.05130704416904911,0.1892341344997907,0.05829062734024024,0.03270776701451708,0.0835914794438576,0.03923249886200643,0.04907083455639379,0.1892341344997907,0.06083744337273716,0.10679687242048301,0.0755916459570927,5.258025850362797,5.258025850362797,0.0,9.08922287817854e-17,1.962615573354719e-16,0.26590353509145437,0.2659035350914544,0.0,67.4,0.0,0.0,0.0,0.0,67.4,0.0,0.0,0.0,0.0,False,False,False
115,1491554370,1807222696,0,GaussianSensor,0.65,0.2,0.1,0.05,True,True,True,True,goal_reached,0.20256899523052135,69.8,14.285443091075695,14.41594986692382,0.05190903496087696,0.15580290158881405,0.058992201846024155,0.02552869177286544,0.07292363551966041,0.030753715579952632,0.038838363123368386,0.17537931850872482,0.04870834517962224,0.1604943477171458,0.14522246183216878,5.451303164245374,5.451303164245374,0.0,7.846939478156987e-17,2.779945112481107e-16,0.4427394522529291,0.4427394522529291,0.0,67.69999999999999,2.0999999999999996,0.0,0.0,0.0,68.1,1.6999999999999993,0.0,0.0,0.0,False,False,False
116,2111179620,4259083263,0,GaussianSensor,0.65,0.2,0.1,0.05,True,True,True,True,goal_reached,0.2199661137229691,79.9,15.369463831691357,15.59855160086682,0.04953520753619916,0.14217941091835548,0.05572561539218278,0.03222037769532874,0.11715250972526903,0.03940261229885358,0.04137066208437596,0.21485910418658882,0.05255740859654953,0.09108855774363746,0.04616902742014517,5.9907332743710136,5.9907332743710136,0.0,7.950301781412943e-17,2.5066604164831255e-16,0.29860721341573976,0.29860721341573976,0.0,69.7,10.2,0.0,0.0,0.0,69.3,10.600000000000003,0.0,0.0,0.0,False,False,False
117,3067009748,4125571272,0,GaussianSensor,0.65,0.2,0.1,0.05,True,True,True,True,goal_reached,0.1734381214613367,68.8,13.551334927206348,13.573458126017373,0.0502543826658221,0.2045141254420617,0.058129766162661654,0.02772808868357115,0.08873902161088411,0.035380154932063146,0.043231728135734525,0.2045242334331725,0.05505772023565057,0.1776097431451488,0.12384702577127818,5.3497326486756345,5.349732648675635,0.0,7.913756411583833e-17,2.779024842816778e-16,0.3781998268899767,0.3781998268899767,0.0,66.8,2.0,0.0,0.0,0.0,67.0,1.7999999999999972,0.0,0.0,0.0,False,False,False
118,1383855522,3437330170,0,GaussianSensor,0.65,0.2,0.1,0.05,False,False,False,False,planning_failure,nan,nan,nan,nan,nan,nan,nan,nan,nan,nan,nan,nan,nan,nan,nan,nan,nan,nan,nan,nan,nan,nan,nan,,,,,,,,,,,,,
119,1826956592,3051676881,0,GaussianSensor,0.65,0.2,0.1,0.05,True,True,True,True,goal_reached,0.12756338391016284,69.2,13.139480290660352,13.219154238819549,0.051882030939375975,0.16030549013230486,0.05794409905875132,0.027614401701908785,0.09821425451815013,0.03535964042103142,0.037906692329809005,0.16507204849251184,0.04909378970127762,0.16511964345724592,0.11905197779218568,5.21664471336907,5.21664471336907,0.0,8.381495391937938e-17,1.962615573354719e-16,0.37044900217989973,0.37044900217989973,0.0,62.2,7.0,0.0,0.0,0.0,63.1,6.1000000000000005,0.0,0.0,0.0,False,False,False
120,688581709,34371585,0,GaussianSensor,0.65,0.2,0.1,0.05,True,True,True,True,goal_reached,0.174371082019371,64.7,12.895013510014053,13.011385800545675,0.04835898423559535,0.19861639936607323,0.055311617096987224,0.024826812307843785,0.06753183726608933,0.030751108983006883,0.038891802285536355,0.1693504196905771,0.048653761729345775,0.13671701007075215,0.12683373578992582,5.265408353323971,5.265408353323971,0.0,9.026748638949659e-17,1.962615573354719e-16,0.2903204055547035,0.29032040555470356,0.0,64.3,0.3999999999999986,0.0,0.0,0.0,63.800000000000004,0.8999999999999986,0.0,0.0,0.0,False,False,False
121,3855786694,2553437302,0,GaussianSensor,0.65,0.2,0.1,0.05,True,True,True,True,goal_reached,0.13737043579357913,68.10000000000001,13.547054894138965,13.635750081806348,0.048437656837154515,0.14259647082726581,0.05415569924755982,0.029040556629061194,0.08306594578624456,0.036014645628312573,0.04072753677528703,0.1568445412779851,0.049608171134395807,0.13337036337434974,0.09603161126400693,5.116974658303462,5.116974658303462,0.0,8.377158575691226e-17,1.962615573354719e-16,0.29384008324307614,0.29384008324307614,0.0,68.10000000000001,0.0,0.0,0.0,0.0,68.10000000000001,0.0,0.0,0.0,0.0,False,False,False
122,4279156192,1134888897,0,GaussianSensor,0.65,0.2,0.1,0.05,True,True,True,True,goal_reached,0.17608006542870794,68.8,13.897873651465654,14.01747190962364,0.0529814309444126,0.18391532778687963,0.06046961197662594,0.027771132029219853,0.09112197650160708,0.03621593421457912,0.0455416325330893,0.1826163053259253,0.05653281405026898,0.1056984910724687,0.05795612596216637,5.561017448661387,5.561017448661387,0.0,8.491544447245695e-17,1.962615573354719e-16,0.30626787729945365,0.30626787729945365,0.0,66.39999999999999,2.400000000000002,0.0,0.0,0.0,66.6,2.1999999999999957,0.0,0.0,0.0,False,False,False
123,126927254,984246979,0,GaussianSensor,0.65,0.2,0.1,0.05,True,True,True,True,goal_reached,0.174177508654373,83.0,16.747823361989532,16.810006361152492,0.05026521678325732,0.285286349572879,0.05764545430572318,0.024747102075445164,0.08912956544716741,0.030965798613456687,0.04151766430588812,0.1972024130729464,0.0526054483310277,0.49455244280395405,0.48506075610517285,6.505921207645411,6.505921207645412,0.0,8.201833353009697e-17,2.779024842816778e-16,0.2542763854992952,0.2542763854992952,0.0,82.89999999999999,0.10000000000000142,0.0,0.0,0.0,82.3,0.7000000000000028,0.0,0.0,0.0,False,False,False
124,2258222714,325666615,0,GaussianSensor,0.65,0.2,0.1,0.05,True,True,True,True,goal_reached,0.17357646951616387,89.4,16.681769808671127,16.855686100052605,0.04987382234287942,0.2177624158840659,0.05697251109170543,0.028933063768506857,0.08937043127837377,0.03559180116922541,0.0414285399084779,0.21791298917537014,0.05279016710366284,0.11243533710415526,0.040722484498807,6.847766133174878,6.847766133174878,0.0,7.904144999699308e-17,2.7894008272968645e-16,0.39547393515318596,0.3954739351531861,0.0,88.8,0.6000000000000014,0.0,0.0,0.0,88.2,1.1999999999999993,0.0,0.0,0.0,False,False,False
125,2983517800,828412743,0,GaussianSensor,0.65,0.2,0.1,0.05,True,True,True,True,goal_reached,0.11199018721339532,61.6,12.844705718113218,12.874390514032358,0.05196859434160743,0.16670718575085547,0.059592764477749756,0.031997265937784104,0.10922191525751886,0.03985926037480473,0.042186247350941265,0.1807826594868351,0.05323165157603781,0.0887945898119645,0.06581011386127944,5.006664835868898,5.006664835868898,0.0,8.938612153748966e-17,1.962615573354719e-16,0.42464470358616785,0.42464470358616785,0.0,61.6,0.0,0.0,0.0,0.0,61.6,0.0,0.0,0.0,0.0,False,False,False
126,1251051613,3961295683,0,GaussianSensor,0.65,0.2,0.1,0.05,True,True,True,True,goal_reached,0.1923092816728707,83.80000000000001,15.590164689168805,15.717078919913822,0.04964055773848367,0.14245067667202077,0.05630546811818691,0.032621214098733656,0.09571843716944074,0.04109614467906682,0.044413151810804206,0.14435612973431983,0.05377411082120072,0.1361444573370741,0.09461667657601823,6.378764161875064,6.378764161875064,0.0,7.570728455432738e-17,2.776424787817943e-16,0.27319443754993045,0.2731944375499304,0.0,73.7,10.1,0.0,0.0,0.0,74.60000000000001,9.2,0.0,0.0,0.0,False,False,False
127,2952988485,3026545368,0,GaussianSensor,0.65,0.2,0.1,0.05,True,True,True,True,goal_reached,0.21080642581619144,81.2,15.55861113362231,15.712027520801213,0.05081633211365958,0.14832327369107814,0.05776117010753798,0.02824100243007068,0.07468895397460851,0.0337111147604879,0.04021234304659271,0.18937401271170637,0.05067715275577958,0.10110888303223446,0.03431171072282661,6.285288672636868,6.285288672636868,0.0,7.941364829738306e-17,2.797157557069881e-16,0.23786253149342998,0.23786253149343006,0.0,78.2,3.0,0.0,0.0,0.0,77.3,3.8999999999999986,0.0,0.0,0.0,False,False,False
128,293623351,4173873018,0,GaussianSensor,0.65,0.2,0.1,0.05,True,True,True,True,goal_reached,0.23683815883550652,70.5,13.465245627876783,13.649274369823553,0.0492919095781922,0.16236715827889775,0.05598469114057389,0.018196140150681776,0.07374417174126835,0.023399830832933722,0.034876977008307254,0.16187595878175695,0.04449837434495354,0.42010707536296577,0.39356954458817256,5.284115081704167,5.284115081704167,0.0,8.119705465563789e-17,2.592584715281538e-16,0.26909477549122107,0.26909477549122107,0.0,70.3,0.20000000000000018,0.0,0.0,0.0,69.89999999999999,0.6000000000000005,0.0,0.0,0.0,False,False,False
129,1511299177,2073675167,0,GaussianSensor,0.65,0.2,0.1,0.05,False,False,False,False,planning_failure,nan,nan,nan,nan,nan,nan,nan,nan,nan,nan,nan,nan,nan,nan,nan,nan,nan,nan,nan,nan,nan,nan,nan,,,,,,,,,,,,,
130,751479923,1103311033,0,GaussianSensor,0.65,0.2,0.1,0.05,True,True,True,True,goal_reached,0.1619317434477536,77.2,14.891548700065837,15.035252357596432,0.05096664828119824,0.16280973347882466,0.0575038287250552,0.02848272130776831,0.11550156504487415,0.03608190485302084,0.041634046441710086,0.17518268260125938,0.05273779480596274,0.112669147073189,0.07301050523259711,6.261131784706475,6.261131784706475,0.0,8.186147912907604e-17,2.776424787817943e-16,0.235878958732787,0.235878958732787,0.0,72.1,5.1,0.0,0.0,0.0,72.1,5.099999999999998,0.0,0.0,0.0,False,False,False
131,1991012891,3792124852,0,GaussianSensor,0.65,0.2,0.1,0.05,True,True,True,True,goal_reached,0.19086502269677877,71.9,13.613485686550913,13.707694835659535,0.050753094369886044,0.15646790950732087,0.05704537872761072,0.025600762474368016,0.0738510225405941,0.03109589264409924,0.04077141828266516,0.16884709823884736,0.05150703490733996,0.12237863577086691,0.039922484076289066,5.1035090777772645,5.1035090777772645,0.0,7.904067504455194e-17,1.962615573354719e-16,0.21705986431747393,0.21705986431747387,0.0,71.9,0.0,0.0,0.0,0.0,71.9,0.0,0.0,0.0,0.0,False,False,False
132,2860860257,1656021677,0,GaussianSensor,0.65,0.2,0.1,0.05,True,True,True,True,goal_reached,0.19539603518273457,64.0,13.247207193166517,13.418124290989446,0.052316407934440534,0.40805936585067304,0.0602659523270122,0.027585838274391702,0.09115542492027975,0.0337255508490684,0.04680245653635452,0.40157004985884537,0.058550656292392644,0.44401602924933137,0.25611261494334925,4.722386738347083,4.722386738347083,0.0,8.567752214322264e-17,2.498965354837e-16,0.26486640169635084,0.26486640169635084,0.0,64.0,0.0,0.0,0.0,0.0,64.0,0.0,0.0,0.0,0.0,False,False,False
133,3150799191,2735906809,0,GaussianSensor,0.65,0.2,0.1,0.05,True,True,True,True,goal_reached,0.23141465129074346,69.0,13.771469289589637,13.963128901628465,0.052411117321682583,0.228144282265893,0.06013592803441983,0.04363068058577109,0.13389278998100074,0.05295695485116177,0.048851076815682105,0.2361316882379341,0.06288442886711504,0.28745435092863947,0.28508393004936067,5.497303754245992,5.497303754245992,0.0,8.260744837965885e-17,2.7894008272968645e-16,0.2767057782532716,0.2767057782532716,0.0,68.89999999999999,0.10000000000000142,0.0,0.0,0.0,68.6,0.40000000000000213,0.0,0.0,0.0,False,False,False
134,2520119097,2511480234,0,GaussianSensor,0.65,0.2,0.1,0.05,True,True,True,True,goal_reached,0.1575741341146999,66.3,13.283285394435659,13.444499039089118,0.05146598272686924,0.20858474334272434,0.0586385236776022,0.027582062926116258,0.08315257372419733,0.034182897868879264,0.03874394676904346,0.18939842434116172,0.04943284018961385,0.09796627237798478,0.03391053779897035,5.163305037376089,5.16330503737609,0.0,8.600627226107814e-17,2.2887833992611187e-16,0.26138341272521287,0.26138341272521287,0.0,64.1,2.1999999999999957,0.0,0.0,0.0,64.5,1.79999999999999,0.0,0.0,0.0,False,False,False
135,992731555,3548265620,0,GaussianSensor,0.65,0.2,0.1,0.05,True,True,True,True,goal_reached,0.11304750027936415,68.4,13.198473724464588,13.18088669620137,0.05313852549454598,0.16375213059262145,0.06001779568219432,0.02766507067838214,0.0871957717801362,0.033129996475079096,0.04183048607988664,0.17157123409308284,0.05331298859853267,0.18402358902904048,0.08277349511080069,4.9793334652336005,4.9793334652336005,0.0,8.697599889171725e-17,1.962615573354719e-16,0.2747812232674582,0.2747812232674582,0.0,60.70000000000001,7.699999999999996,0.0,0.0,0.0,60.40000000000001,7.999999999999993,0.0,0.0,0.0,False,False,False
136,1778656040,1032768909,0,GaussianSensor,0.65,0.2,0.1,0.05,True,True,True,True,goal_reached,0.1871077208315136,65.3,13.427922213535684,13.558655759600958,0.05149435399072596,0.14350522183841782,0.05786728915923962,0.02875363890450733,0.07373058294703932,0.03424187013704642,0.04203659375725403,0.15336436047825766,0.05183542874158317,0.09019543935923548,0.06495542123233458,5.1965592083107905,5.1965592083107905,0.0,8.800621110732382e-17,2.68024601344063e-16,0.29764777304878237,0.29764777304878237,0.0,65.3,0.0,0.0,0.0,0.0,65.3,0.0,0.0,0.0,0.0,False,False,False
137,558936973,2014098144,0,GaussianSensor,0.65,0.2,0.1,0.05,True,True,True,True,goal_reached,0.21235713649544385,69.5,13.597087583147381,13.747571182590232,0.05453969113130643,0.22246001277669156,0.06214355446286511,0.03126453346672494,0.10094516033209171,0.04023619331909145,0.0430971786490485,0.17108417469053083,0.05496638562374385,0.12882086822675975,0.11294716869534897,5.441353436975797,5.441353436975797,0.0,8.225966487303539e-17,1.7772239894833365e-16,0.38831680535081037,0.38831680535081037,0.0,69.19999999999999,0.2999999999999998,0.0,0.0,0.0,69.19999999999999,0.2999999999999998,0.0,0.0,0.0,False,False,False
138,617682228,3068230679,0,GaussianSensor,0.65,0.2,0.1,0.05,True,True,True,True,goal_reached,0.23663319205290867,67.10000000000001,13.490925887642963,13.644767097043788,0.051112167930446074,0.13928285971337187,0.05731341067433839,0.032076391125191214,0.1073332292114154,0.04034462156252835,0.04464254113453092,0.17845317331440735,0.05591330409859879,0.0944139022387666,0.07091428695553947,5.170925008231617,5.170925008231617,0.0,8.227165293094243e-17,1.962615573354719e-16,0.2945429876472649,0.2945429876472649,0.0,67.0,0.10000000000000142,0.0,0.0,0.0,67.10000000000001,0.0,0.0,0.0,0.0,False,False,False
139,4061457540,273083801,0,GaussianSensor,0.65,0.2,0.1,0.05,True,True,True,True,goal_reached,0.257873978166356,71.10000000000001,13.738841359573513,13.942241676529102,0.052182238567306916,0.1333238565452702,0.05882799768945479,0.027830181300362147,0.07785020265882191,0.03380330424277303,0.04177553675790782,0.1772270466376877,0.052769983813285126,0.541736712091593,0.4215807837855508,5.2190854034686245,5.2190854034686245,0.0,8.539123249001644e-17,1.962615573354719e-16,0.3315862680218541,0.3315862680218541,0.0,69.9,1.199999999999994,0.0,0.0,0.0,69.8,1.3000000000000007,0.0,0.0,0.0,False,False,False
140,36204085,428051633,0,GaussianSensor,0.65,0.2,0.1,0.05,True,True,True,True,goal_reached,0.1855564245220339,71.3,13.587635599487086,13.721738084609239,0.05249431485121521,0.16934053277210923,0.058754143388332104,0.030559208227045165,0.08316447534181715,0.037066908022636416,0.04460760811805672,0.16934053277210923,0.05577829931150277,0.10868923297721804,0.05555304269044936,5.660355625005295,5.660355625005295,0.0,7.848268994763241e-17,2.776424787817943e-16,0.36519670050501074,0.36519670050501074,0.0,63.099999999999994,8.200000000000003,0.0,0.0,0.0,63.29999999999999,8.000000000000002,0.0,0.0,0.0,False,False,False
141,1511048123,3403416606,0,GaussianSensor,0.65,0.2,0.1,0.05,True,True,True,True,goal_reached,0.1734394112700128,68.2,13.243568683879118,13.38440284839991,0.05298389296280049,0.16442313833220262,0.059243606632481884,0.028226789761119878,0.09126034718822477,0.035934829916897656,0.04443551612345433,0.16354036534775185,0.05576336156572261,0.07904803330758695,0.018092506774517722,5.187814369934927,5.187814369934927,0.0,8.192877991062805e-17,1.962615573354719e-16,0.2839374801224222,0.28393748012242226,0.0,68.2,0.0,0.0,0.0,0.0,68.2,0.0,0.0,0.0,0.0,False,False,False
142,3562023227,3854600966,0,GaussianSensor,0.65,0.2,0.1,0.05,True,True,True,True,goal_reached,0.20935268454121414,79.0,15.200995329399234,15.218829888309227,0.05061071263067865,0.14826124600150525,0.05771383763114587,0.030700189749235267,0.10087280600674609,0.03893073254891817,0.045474969226653665,0.1553643092307846,0.055388677638192475,0.07466254358441564,0.07272241616651381,6.080761141591183,6.080761141591183,0.0,7.641584857622564e-17,1.8670653977139892e-16,0.2869827634430204,0.2869827634430204,0.0,70.6,8.4,0.0,0.0,0.0,71.2,7.799999999999995,0.0,0.0,0.0,False,False,False
143,4243938459,758232080,0,GaussianSensor,0.65,0.2,0.1,0.05,True,True,True,True,goal_reached,0.15057038334988604,69.10000000000001,13.125399345831724,13.214901214015018,0.050965706047700975,0.17281786768307247,0.05798370925256563,0.029076032264489616,0.0823160444482474,0.03468450647809429,0.03779065810398477,0.17278152883273862,0.04769418008801439,0.546522163924287,0.47956611914581426,5.0988242274316375,5.098824227431638,0.0,8.200752581113194e-17,1.962615573354719e-16,0.23504312421068357,0.23504312421068357,0.0,69.10000000000001,0.0,0.0,0.0,0.0,69.0,0.10000000000000142,0.0,0.0,0.0,False,False,False
144,3590091208,2608530522,0,GaussianSensor,0.65,0.2,0.1,0.05,True,True,True,True,goal_reached,0.16358636761515516,64.3,13.026777352357293,13.084485869531932,0.050935966368826004,0.14002031148355382,0.05731971324690987,0.030857692269073488,0.09796385214467786,0.039111323348376456,0.04374658041622978,0.16774764471438885,0.054804491083590125,0.17379949993050403,0.1469464362928382,5.093322363625863,5.093322363625862,0.0,8.797445270180359e-17,1.8670653977139892e-16,0.23885902935523817,0.23885902935523817,0.0,63.699999999999996,0.6000000000000014,0.0,0.0,0.0,63.699999999999996,0.6000000000000014,0.0,0.0,0.0,False,False,False
145,1561310123,3203553205,0,GaussianSensor,0.65,0.2,0.1,0.05,True,True,True,True,goal_reached,0.16984709722184602,67.8,13.375372202796479,13.455926642004906,0.048384408226292565,0.1423686833353815,0.0542221209891945,0.0272613997617622,0.07762968744783752,0.03239855124857143,0.04088981140173758,0.15899265961976708,0.050222903954176175,0.3972905364060324,0.35529167846108045,5.512054861541453,5.512054861541453,0.0,8.711693978746329e-17,1.962615573354719e-16,0.28589313904539776,0.28589313904539787,0.0,66.89999999999999,0.8999999999999986,0.0,0.0,0.0,66.99999999999999,0.8000000000000043,0.0,0.0,0.0,False,False,False
146,4272674245,4092905196,0,GaussianSensor,0.65,0.2,0.1,0.05,True,True,True,True,goal_reached,0.27193069860564917,75.9,14.493932980924077,14.650283064182613,0.0504731260648931,0.16597514723433557,0.05693424327123336,0.03155838652399177,0.12467895540538124,0.04023855240824415,0.04084004954414433,0.17038305274540835,0.05204275670149434,0.08522964371653806,0.07298885427470836,6.14828872429443,6.14828872429443,0.0,8.050246232886898e-17,2.776424787817943e-16,0.26195974026318347,0.26195974026318336,0.0,65.2,10.699999999999996,0.0,0.0,0.0,65.39999999999999,10.500000000000004,0.0,0.0,0.0,False,False,False
147,3804410766,43637163,0,GaussianSensor,0.65,0.2,0.1,0.05,True,True,True,True,goal_reached,0.25210007105982307,70.8,14.715301395634203,14.904876299009722,0.05370265169744549,0.15270296182436027,0.05970057144406946,0.032502003067536665,0.1007996240311896,0.04022454637151439,0.04264342529085024,0.16826834713834948,0.054518445677157315,0.0861102765861623,0.07202480149963186,5.690701057259547,5.690701057259547,0.0,8.349143088570875e-17,2.776424787817943e-16,0.3941202085370139,0.3941202085370139,0.0,70.8,0.0,0.0,0.0,0.0,70.8,0.0,0.0,0.0,0.0,False,False,False
148,2942001979,3949632329,0,GaussianSensor,0.65,0.2,0.1,0.05,True,True,True,True,goal_reached,0.14298108525276437,69.0,13.60218293269281,13.671332499842931,0.05403599507065092,0.1543538659801278,0.061199966799476264,0.030742967174686643,0.07972171043675749,0.03730236931772905,0.041252250622399726,0.14352055931498114,0.0510429505652639,0.11484171142907648,0.0843777581149587,5.028605642320507,5.028605642320508,0.0,8.136544948692425e-17,1.8670653977139892e-16,0.34963212622314294,0.34963212622314294,0.0,67.3,1.6999999999999993,0.0,0.0,0.0,67.1,1.9000000000000004,0.0,0.0,0.0,False,False,False
149,2622422237,3948635486,0,GaussianSensor,0.65,0.2,0.1,0.05,True,True,True,True,goal_reached,0.24221504574151487,73.9,15.169517684237228,15.344315570148288,0.052153992896382395,0.31472099986498103,0.06002275592900986,0.027403482454036242,0.09197977643875666,0.03379765195236232,0.04245721810909154,0.31503487189835383,0.05498398294905934,0.10997931309927396,0.06399464146687012,6.174451990974141,6.174451990974141,0.0,8.494633195186981e-17,2.7894008272968645e-16,0.28903072634618515,0.2890307263461851,0.0,73.3,0.6000000000000014,0.0,0.0,0.0,73.0,0.899999999999995,0.0,0.0,0.0,False,False,False
150,4292375466,970091554,0,GaussianSensor,0.65,0.2,0.1,0.05,True,True,True,True,goal_reached,0.18513454115115766,68.2,13.481498922974225,13.595179847331009,0.051427362859935516,0.1936544945912093,0.05889819750107298,0.034726893692183465,0.11665146151249202,0.04293520489078569,0.04655301178245342,0.1936544945912093,0.05692630550152697,0.07199425732592979,0.07043820228500053,5.184689745755923,5.184689745755923,0.0,7.932458726698797e-17,2.517441801362893e-16,0.40233498381985616,0.40233498381985633,0.0,68.2,0.0,0.0,0.0,0.0,68.2,0.0,0.0,0.0,0.0,False,False,False
151,2339108289,80255215,0,GaussianSensor,0.65,0.2,0.1,0.05,True,True,True,True,goal_reached,0.1646287652381567,64.3,12.93925127742993,13.035890899130465,0.051545624680045345,0.13239660736676276,0.05789463775152087,0.02439242879608478,0.09634462713877613,0.03199138587431184,0.03930060387017596,0.16304940894990608,0.049388831620051865,0.11836253425099483,0.10855817036405366,4.884470407779142,4.884470407779142,0.0,8.772677627354244e-17,2.7755575615628914e-16,0.30109401587044626,0.3010940158704463,0.0,62.4,1.8999999999999986,0.0,0.0,0.0,62.699999999999996,1.6000000000000014,0.0,0.0,0.0,False,False,False
152,2242091718,2669274835,0,GaussianSensor,0.65,0.2,0.1,0.05,True,True,True,True,goal_reached,0.16250429830644886,65.0,12.963043768419249,13.12254434533948,0.04970330256544054,0.20746863722781955,0.05692612537465765,0.033188836790283595,0.1277684840911899,0.04074169167011223,0.04385751408873359,0.2054958812434933,0.05599500293136199,0.11739816880645285,0.07682676069945948,4.914486047411108,4.914486047411108,0.0,8.831884189101008e-17,1.962615573354719e-16,0.29557980671672307,0.29557980671672307,0.0,57.300000000000004,7.699999999999996,0.0,0.0,0.0,57.0,8.0,0.0,0.0,0.0,False,False,False
153,3577544150,221483861,0,GaussianSensor,0.65,0.2,0.1,0.05,True,True,True,True,goal_reached,0.19676668985877094,78.4,15.003621671435027,15.085502619086474,0.05341521402746661,0.18412690663210793,0.061159994346621616,0.024242284778312417,0.08052688797634211,0.030330275300353288,0.03888978956954426,0.17763701857564743,0.049245667009819145,0.1293004982930576,0.09429143587614108,5.829395780328477,5.829395780328477,0.0,7.83646062193351e-17,2.2591401799415137e-16,0.2861432088933546,0.2861432088933546,0.0,78.4,0.0,0.0,0.0,0.0,78.4,0.0,0.0,0.0,0.0,False,False,False
154,667072100,1207010422,0,GaussianSensor,0.65,0.2,0.1,0.05,True,True,True,True,goal_reached,0.2584303877131246,77.30000000000001,14.043469492477357,14.207956590605793,0.051788497853763354,0.16307135930084152,0.058547623918078426,0.03365233736915155,0.09167411595752431,0.041762799051149116,0.0468687718323149,0.17827551218172705,0.05718515329038876,0.09178168057572637,0.08342475037695873,5.6598644883463365,5.6598644883463365,0.0,7.142651254855771e-17,1.6883057536160649e-16,0.2627032141219661,0.2627032141219662,0.0,69.7,7.6000000000000085,0.0,0.0,0.0,69.50000000000001,7.799999999999997,0.0,0.0,0.0,False,False,False
155,4209979507,961869777,0,GaussianSensor,0.65,0.2,0.1,0.05,True,True,True,True,goal_reached,0.16929855154459633,78.5,16.48264329167776,16.62281318968865,0.050908698702160096,0.147306308420546,0.057942193915369734,0.03276246163852137,0.121036708973984,0.04046721449101675,0.046370049749125404,0.18587291688906138,0.056810143528223604,0.13500029356337814,0.09873006257011434,6.314835897234211,6.314835897234211,0.0,8.173522275874106e-17,2.7755575615628914e-16,0.3404700799381885,0.34047007993818845,0.0,77.89999999999999,0.6000000000000014,0.0,0.0,0.0,77.19999999999999,1.3000000000000043,0.0,0.0,0.0,False,False,False
156,3915324021,814030660,0,GaussianSensor,0.65,0.2,0.1,0.05,False,False,False,False,planning_failure,nan,nan,nan,nan,nan,nan,nan,nan,nan,nan,nan,nan,nan,nan,nan,nan,nan,nan,nan,nan,nan,nan,nan,,,,,,,,,,,,,
157,2248235921,1154256923,0,GaussianSensor,0.65,0.2,0.1,0.05,True,True,True,True,goal_reached,0.1724698982982789,63.2,12.982824457664668,13.093177901501843,0.052458888912734376,0.17529810321428108,0.05915522910459596,0.023250191729398087,0.07359323807707273,0.029285823839389952,0.03832238929316614,0.1416154008876225,0.047605309913530916,0.08397848070047265,0.0615778168945571,4.838978116541615,4.838978116541615,0.0,8.926077777729161e-17,1.962615573354719e-16,0.23239740482888313,0.23239740482888313,0.0,62.4,0.8000000000000043,0.0,0.0,0.0,62.9,0.30000000000000426,0.0,0.0,0.0,False,False,False
158,2344631310,2304365659,0,GaussianSensor,0.65,0.2,0.1,0.05,True,True,True,True,goal_reached,0.15324518060288733,75.2,14.074107191490969,14.127933689508586,0.051179895256528087,0.1729247780521494,0.05864204065378005,0.028293309741567255,0.09294358482691537,0.034681489853640814,0.043690694499354754,0.18512498851048487,0.05434168359610967,0.10621802681987084,0.026055194447328844,5.486023129918209,5.486023129918209,0.0,7.546322538037068e-17,1.962615573354719e-16,0.4412996234499691,0.4412996234499691,0.0,72.7,2.5,0.0,0.0,0.0,72.60000000000001,2.5999999999999943,0.0,0.0,0.0,False,False,False
159,2077221000,2239487451,0,GaussianSensor,0.65,0.2,0.1,0.05,True,True,True,True,goal_reached,0.13055645887143677,70.10000000000001,13.69282376970957,13.734383934786441,0.051289343798470784,0.23179572533961657,0.05854132085829859,0.025112199201464347,0.09981541488844492,0.03196547847038736,0.04210468773940618,0.22448667978618025,0.0527373651011432,0.136836290725496,0.09511379687134731,5.425149842224018,5.425149842224019,0.0,8.009639422379273e-17,2.776424787817943e-16,0.24653420988227537,0.24653420988227545,0.0,70.10000000000001,0.0,0.0,0.0,0.0,70.10000000000001,0.0,0.0,0.0,0.0,False,False,False
160,4171941414,934373081,0,GaussianSensor,0.65,0.2,0.1,0.05,True,True,True,True,goal_reached,0.18175722229586783,75.5,14.518964729386795,14.627235590963128,0.05137682380260247,0.1614307818757136,0.05756467364243485,0.03729469423363489,0.0951923691457135,0.044274995908480566,0.05044790979367909,0.19214287155193577,0.061670816168179675,0.06970682448298862,0.04140028497069892,6.082781862108035,6.082781862108036,0.0,7.974925365426094e-17,2.797157557069881e-16,0.3220334983885077,0.3220334983885077,0.0,75.5,0.0,0.0,0.0,0.0,75.5,0.0,0.0,0.0,0.0,False,False,False
161,1729366613,1692179550,0,GaussianSensor,0.65,0.2,0.1,0.05,True,True,True,True,goal_reached,0.1684308959843151,73.60000000000001,15.51335900912268,15.542913915765,0.051333138438991455,0.17258717202742158,0.05891503444823755,0.030776574554897507,0.10381588536522575,0.038174765327458685,0.0423088407627525,0.19337051630684332,0.05323637709650717,0.07518703154430428,0.03120635469377575,5.905901140102706,5.905901140102706,0.0,8.558992855035613e-17,2.7833528704240246e-16,0.41800847312913963,0.41800847312913963,0.0,71.6,2.000000000000007,0.0,0.0,0.0,71.5,2.100000000000005,0.0,0.0,0.0,False,False,False
162,67660197,2588837785,0,GaussianSensor,0.65,0.2,0.1,0.05,True,True,True,True,goal_reached,0.18123509202660276,82.10000000000001,15.386654593475075,15.530642234653682,0.05168494140187918,0.23022608273010495,0.05896355798945061,0.03278538492123246,0.0913976973115007,0.03944956805323962,0.04576640840080898,0.23022608273010495,0.05648087264055769,0.11692978899327258,0.10486983861626757,6.5470045546630224,6.5470045546630224,0.0,7.545449993116167e-17,2.777508439858666e-16,0.24270414567630919,0.24270414567630932,0.0,70.70000000000002,11.39999999999999,0.0,0.0,0.0,70.10000000000002,11.999999999999991,0.0,0.0,0.0,False,False,False
163,3647637070,2498199066,0,GaussianSensor,0.65,0.2,0.1,0.05,True,True,True,True,goal_reached,0.1953389696456133,69.2,13.701632293307021,13.76700883918021,0.05320420925417323,0.1631295274864212,0.06028330048413052,0.025624291056315363,0.10060466677870243,0.03398962039467825,0.04234044369823166,0.1794662936410767,0.053485426274797666,0.1288428509436894,0.06440802802501328,5.330724820892597,5.330724820892597,0.0,8.030941472967711e-17,2.779024842816778e-16,0.4488576205033678,0.4488576205033678,0.0,67.89999999999999,1.299999999999999,0.0,0.0,0.0,68.0,1.1999999999999993,0.0,0.0,0.0,False,False,False
164,1097764499,438665298,0,GaussianSensor,0.65,0.2,0.1,0.05,True,True,True,True,goal_reached,0.19919561511063752,60.5,12.804565511547528,12.912799939636873,0.0521116666671016,0.18540291203647905,0.059639766760506065,0.044262197213535796,0.14342180806643612,0.05487274489218728,0.04862673603443213,0.18540291203647905,0.05990122228798434,0.1458220670585768,0.16404769454007637,5.045239021232817,5.045239021232817,0.0,9.069225803570658e-17,2.2887833992611187e-16,0.2538908192541872,0.25389081925418727,0.0,60.5,0.0,0.0,0.0,0.0,60.5,0.0,0.0,0.0,0.0,False,False,False
165,2415939641,2972775906,0,GaussianSensor,0.65,0.2,0.1,0.05,True,True,True,True,goal_reached,0.11204890279053915,85.5,16.239680853787885,16.433480076192048,0.05133726560150399,0.22098465047957333,0.05788551831697189,0.02589322332534051,0.10193126839204414,0.03156037663584855,0.04027188905205643,0.22037050040402711,0.05046276085505574,0.19648551119723331,0.14664941704484769,6.581812753003861,6.581812753003862,0.0,8.065890040764382e-17,2.776424787817943e-16,0.499391710137131,0.4993917101371311,0.0,85.39999999999999,0.10000000000000142,0.0,0.0,0.0,85.0,0.49999999999999645,0.0,0.0,0.0,False,False,False
166,3334599102,1751419161,0,GaussianSensor,0.65,0.2,0.1,0.05,True,True,True,True,goal_reached,0.18202709786834914,70.2,14.14657219674384,14.256490635604429,0.05181223586612157,0.15874770061427654,0.057977495595687815,0.0318472872476311,0.10065614491697804,0.03796638412906651,0.04121053594524532,0.15745619529911387,0.05051177827711991,0.12806898767623903,0.09591136139810041,5.439905542774348,5.439905542774348,0.0,8.10855527949132e-17,2.776424787817943e-16,0.36142378155821864,0.36142378155821864,0.0,70.2,0.0,0.0,0.0,0.0,70.1,0.10000000000000142,0.0,0.0,0.0,False,False,False
167,2779470929,255465974,0,GaussianSensor,0.65,0.2,0.1,0.05,True,True,True,True,goal_reached,0.17763382261573135,65.9,13.469825229168347,13.568431621235725,0.050798022383908105,0.1541809867009227,0.05710582251098914,0.03162838540477211,0.08706064987908942,0.03802130445053788,0.04201472427835319,0.15642530996629933,0.05142035658909846,0.11253694626811626,0.0825164714880671,5.2774131055390905,5.2774131055390905,0.0,8.588461602208615e-17,2.2215299868541707e-16,0.25360329376143825,0.2536032937614382,0.0,65.9,0.0,0.0,0.0,0.0,65.9,0.0,0.0,0.0,0.0,False,False,False
168,4090243799,2284752968,0,GaussianSensor,0.65,0.2,0.1,0.05,True,True,True,True,goal_reached,0.2220390863746276,81.2,14.473881372072967,14.720384574275752,0.04874365043532268,0.1373049730958126,0.054896914927901524,0.032190014763509245,0.10307033733399676,0.04062301850136881,0.042559066638655295,0.16620891196094512,0.05356566167507161,0.1168562730718087,0.08048380546759781,5.629588422780195,5.629588422780195,0.0,7.815421287514557e-17,2.7755575615628914e-16,0.2625442193246259,0.2625442193246259,0.0,79.0,2.200000000000003,0.0,0.0,0.0,77.70000000000002,3.499999999999986,0.0,0.0,0.0,False,False,False
169,3612385362,879771800,0,GaussianSensor,0.65,0.2,0.1,0.05,True,True,True,True,goal_reached,0.19648970641805583,76.2,14.566735551425708,14.721706692920808,0.0498327836872679,0.14258010499403673,0.055842127684164744,0.028678625984395762,0.07841454230637572,0.03326549537012529,0.04282513883709236,0.15083914213611616,0.052823988995580724,0.11947763034321819,0.07757540615877902,5.818297811533776,5.818297811533776,0.0,7.954416231676197e-17,2.7755575615628914e-16,0.278254187461169,0.278254187461169,0.0,74.8,1.3999999999999986,0.0,0.0,0.0,73.8,2.4000000000000092,0.0,0.0,0.0,False,False,False
170,2584319147,1028574110,0,GaussianSensor,0.65,0.2,0.1,0.05,True,True,True,True,goal_reached,0.17840971066158678,84.4,14.548960011958236,14.83115952703574,0.051112154164777754,0.2665998484217996,0.058358177585412896,0.031808547507965836,0.11391613301761074,0.038226854914066216,0.04491276783067615,0.2661273041996246,0.0552416476623095,0.07384897559890083,0.019327339928254514,5.986090924244748,5.986090924244749,0.0,7.175914380167984e-17,2.498001805406602e-16,0.4111814147882761,0.4111814147882761,0.0,66.0,18.400000000000013,0.0,0.0,0.0,66.5,17.899999999999995,0.0,0.0,0.0,False,False,False
171,436442763,675799786,0,GaussianSensor,0.65,0.2,0.1,0.05,True,True,True,True,goal_reached,0.18087938785324692,68.2,13.482927855544052,13.565278204299755,0.05188100652008037,0.21830031911858216,0.05937673794132629,0.0363441833829245,0.08833610633661705,0.044149621401706016,0.050946038668500795,0.2192543755723505,0.06326648070722586,0.07723578846249368,0.04448208388809279,5.2833592240481995,5.2833592240482,0.0,8.537626559449569e-17,2.5589376332604516e-16,0.30634846742832506,0.306348467428325,0.0,68.2,0.0,0.0,0.0,0.0,68.2,0.0,0.0,0.0,0.0,False,False,False
172,3794097624,2065298060,0,GaussianSensor,0.65,0.2,0.1,0.05,True,True,True,True,goal_reached,0.23639008383346244,70.7,13.457650642166055,13.62128251875911,0.05289984927450497,0.1556097061106751,0.059430414216029785,0.03261755388153176,0.10751776889582122,0.04058991977170641,0.043400052364573255,0.1715235744384461,0.05519901140634283,0.129429259872765,0.06023996834183676,5.357781623767437,5.357781623767437,0.0,7.880792633272327e-17,1.962615573354719e-16,0.2774118807620177,0.2774118807620178,0.0,63.0,7.7,0.0,0.0,0.0,63.1,7.6000000000000005,0.0,0.0,0.0,False,False,False
173,2911976809,774395539,0,GaussianSensor,0.65,0.2,0.1,0.05,True,True,True,True,goal_reached,0.24925466699687512,70.0,13.799450631040262,13.96359682575875,0.05145497859090813,0.1454736235966963,0.05828870763797486,0.027795858374186667,0.09804735929885026,0.035201010855045206,0.040406396115528966,0.15105198790272678,0.05226566219464494,0.16899849364295752,0.1577118926887504,5.274347244042437,5.274347244042437,0.0,7.950296495154553e-17,2.779024842816778e-16,0.406341322406349,0.406341322406349,0.0,70.0,0.0,0.0,0.0,0.0,70.0,0.0,0.0,0.0,0.0,False,False,False
174,3199249514,3002494220,0,GaussianSensor,0.65,0.2,0.1,0.05,True,True,True,True,goal_reached,0.22962389714595374,61.300000000000004,12.771213128473995,12.89827640685715,0.052347091812272095,0.1485239810858886,0.05991407327080304,0.034115967648522684,0.08706329049185833,0.04218681305329936,0.045452007037374446,0.15803396392495875,0.055525080975889284,0.55,0.49817940301013,4.7819955696252,4.781995569625201,0.0,9.28347021804398e-17,2.2247786310271853e-16,0.33142847803908143,0.33142847803908143,0.0,61.300000000000004,0.0,0.0,0.0,0.0,61.300000000000004,0.0,0.0,0.0,0.0,False,False,False
175,2681399514,1388369604,0,GaussianSensor,0.65,0.2,0.1,0.05,False,False,False,False,planning_failure,nan,nan,nan,nan,nan,nan,nan,nan,nan,nan,nan,nan,nan,nan,nan,nan,nan,nan,nan,nan,nan,nan,nan,,,,,,,,,,,,,
176,3029070720,845756978,0,GaussianSensor,0.65,0.2,0.1,0.05,True,True,True,True,goal_reached,0.20482723672792136,78.7,15.763559445403686,15.835785280049661,0.0528280687415964,0.34730134244405425,0.060352114646476884,0.033236559264515256,0.12890422204588023,0.043216517084691694,0.04988254715479945,0.3472323892391319,0.06236186874920021,0.1112585063661812,0.04781884944208703,6.311490932549129,6.311490932549129,0.0,8.363789498301724e-17,2.8066088919804617e-16,0.2487804293253135,0.24878042932531347,0.0,78.7,0.0,0.0,0.0,0.0,78.7,0.0,0.0,0.0,0.0,False,False,False
177,3812837130,3191976705,0,GaussianSensor,0.65,0.2,0.1,0.05,True,True,True,True,goal_reached,0.16949796015069138,61.800000000000004,12.871332936637536,12.983560668074558,0.04951502377405943,0.2094524712650447,0.05580056060879502,0.026772037878903726,0.0852081534644077,0.032947347166528626,0.03796952593615733,0.15461873493216519,0.04730266518532749,0.062166268962833234,0.07369282765519279,5.138586823583275,5.138586823583275,0.0,9.391206024530788e-17,1.962615573354719e-16,0.33555240973714323,0.33555240973714323,0.0,61.800000000000004,0.0,0.0,0.0,0.0,61.800000000000004,0.0,0.0,0.0,0.0,False,False,False
178,323190429,1915161174,0,GaussianSensor,0.65,0.2,0.1,0.05,True,True,True,True,goal_reached,0.1354494246878895,76.2,15.548191819756486,15.76101907002027,0.049308810652935214,0.16296534479534514,0.05556868893408691,0.032653604559961864,0.0982879074549572,0.040949940848329015,0.042678094727517185,0.16905583784560183,0.05351356806924342,0.05798579485946345,0.0239443130643211,6.518594499944525,6.518594499944525,0.0,7.776461970920617e-17,2.7894008272968645e-16,0.37223400855285094,0.37223400855285105,0.0,76.2,0.0,0.0,0.0,0.0,76.2,0.0,0.0,0.0,0.0,False,False,False
179,1930477740,3376499275,0,GaussianSensor,0.65,0.2,0.1,0.05,True,True,True,True,goal_reached,0.2001556030029474,68.3,13.898448174041839,14.07666421840072,0.05116921541403678,0.15611798104756888,0.05799617252626428,0.024645594671847314,0.08597847142495721,0.03185214281531315,0.0384769738105478,0.18640260992824764,0.049746717624221545,0.07316299372887095,0.06960151760039412,5.326783877982326,5.326783877982326,0.0,8.374697177553996e-17,2.830524433501838e-16,0.35458493378360295,0.35458493378360295,0.0,68.3,0.0,0.0,0.0,0.0,68.3,0.0,0.0,0.0,0.0,False,False,False
180,3664593863,1203705817,0,GaussianSensor,0.65,0.2,0.1,0.05,False,False,False,False,planning_failure,nan,nan,nan,nan,nan,nan,nan,nan,nan,nan,nan,nan,nan,nan,nan,nan,nan,nan,nan,nan,nan,nan,nan,,,,,,,,,,,,,
181,795718452,2131830739,0,GaussianSensor,0.65,0.2,0.1,0.05,True,True,True,True,goal_reached,0.1930178158269796,75.5,14.668966229358155,14.823383896247288,0.050763362635700686,0.27040073461006214,0.05726588097154181,0.030401589983060962,0.07814922699009244,0.03593404921770428,0.04119493393613806,0.2682957368984037,0.05178426039940129,0.13613922611642093,0.07307871837727253,5.8790775005677,5.8790775005677,0.0,8.251279505403593e-17,2.8066088919804617e-16,0.4223130726779364,0.4223130726779364,0.0,72.2,3.2999999999999954,0.0,0.0,0.0,72.7,2.799999999999999,0.0,0.0,0.0,False,False,False
182,2761085476,974724826,0,GaussianSensor,0.65,0.2,0.1,0.05,True,True,True,True,goal_reached,0.228291966205007,70.0,13.651193397987996,13.820021454225666,0.0509241870934213,0.17920010798765623,0.058354839514190696,0.033731703498498834,0.12968221282505948,0.04364172811284182,0.04423866147473518,0.17467303983228827,0.056325580960764385,0.11861045937558133,0.07810388365974681,5.044705389916832,5.044705389916832,0.0,7.995620940465809e-17,1.816082330116986e-16,0.3346019302911727,0.33460193029117274,0.0,69.5,0.5,0.0,0.0,0.0,69.3,0.6999999999999993,0.0,0.0,0.0,False,False,False
183,1532893928,1966218153,0,GaussianSensor,0.65,0.2,0.1,0.05,True,True,True,True,goal_reached,0.17454033843276778,65.9,13.116485888860382,13.18849200823006,0.04746482655957414,0.15908572075489252,0.05443626846432617,0.028037501891203305,0.08200727033591093,0.03516492608091437,0.04000452765290892,0.16133848026301453,0.05024100291234945,0.10167774638331498,0.0855695754443292,4.746713156355085,4.746713156355085,0.0,8.645034527605199e-17,1.962615573354719e-16,0.322882426633006,0.322882426633006,0.0,65.6,0.3000000000000007,0.0,0.0,0.0,65.6,0.3000000000000007,0.0,0.0,0.0,False,False,False
184,1112156342,1573685486,0,GaussianSensor,0.65,0.2,0.1,0.05,True,True,True,True,goal_reached,0.1448648862965343,79.10000000000001,14.943699443737174,15.017145078407609,0.05272977736965148,0.17635241123179432,0.05924506133056998,0.02784729789943972,0.10219045685681682,0.03594499335381833,0.043489832232199946,0.17390898843669395,0.05486001207168336,0.11484743604643377,0.04648003340861982,5.909760094592369,5.909760094592368,0.0,7.741120017179081e-17,2.7755575615628914e-16,0.2595972077566916,0.2595972077566916,0.0,77.10000000000001,2.0,0.0,0.0,0.0,77.10000000000001,2.0,0.0,0.0,0.0,False,False,False
185,1114021337,631108310,0,GaussianSensor,0.65,0.2,0.1,0.05,True,True,True,True,goal_reached,0.17336494451981221,62.0,12.9435885402291,13.049284251293617,0.05178049122453321,0.18426815116150438,0.059315927862863216,0.025250386061577274,0.06417336447097888,0.029385260249260088,0.042152632729536066,0.15870420155765785,0.05213753928048084,0.16532094280806442,0.08677673101507746,4.973065300716723,4.973065300716723,0.0,8.897647191016336e-17,1.8670653977139892e-16,0.42283683592205934,0.4228368359220594,0.0,62.0,0.0,0.0,0.0,0.0,62.0,0.0,0.0,0.0,0.0,False,False,False
186,1325414481,1605829894,0,GaussianSensor,0.65,0.2,0.1,0.05,False,False,False,False,planning_failure,nan,nan,nan,nan,nan,nan,nan,nan,nan,nan,nan,nan,nan,nan,nan,nan,nan,nan,nan,nan,nan,nan,nan,,,,,,,,,,,,,
187,176961545,636445662,0,GaussianSensor,0.65,0.2,0.1,0.05,True,True,True,True,goal_reached,0.1839281407350443,67.10000000000001,13.253457334147035,13.347211882798133,0.05237155730034025,0.15671103547043172,0.05918512200016383,0.026838223868786315,0.09808128502886647,0.0363779512226981,0.04443091308441768,0.15895118568552077,0.05594401937077633,0.20810381681936804,0.1567486770103511,5.213054396381809,5.213054396381809,0.0,8.691342749660774e-17,1.7772239894833365e-16,0.3199871448653136,0.31998714486531354,0.0,67.10000000000001,0.0,0.0,0.0,0.0,66.9,0.20000000000000284,0.0,0.0,0.0,False,False,False
188,1651782110,4107392115,0,GaussianSensor,0.65,0.2,0.1,0.05,False,False,False,False,planning_failure,nan,nan,nan,nan,nan,nan,nan,nan,nan,nan,nan,nan,nan,nan,nan,nan,nan,nan,nan,nan,nan,nan,nan,,,,,,,,,,,,,
189,1779023298,2158193279,0,GaussianSensor,0.65,0.2,0.1,0.05,True,True,True,True,goal_reached,0.17353715474877968,78.4,15.09497554228362,15.176230966976426,0.049926564134575954,0.1937570296419431,0.05694443686421724,0.029419447139141925,0.10646893227538241,0.03569307614718286,0.044086669875038516,0.1970257954983938,0.05494326044423611,0.09861606058585648,0.07387871256676086,6.1205354268621965,6.120535426862196,0.0,7.854733822789757e-17,1.8875832159447664e-16,0.3705100589138575,0.3705100589138575,0.0,76.9,1.5,0.0,0.0,0.0,76.9,1.5,0.0,0.0,0.0,False,False,False
190,4138237076,785607711,0,GaussianSensor,0.65,0.2,0.1,0.05,True,True,True,True,goal_reached,0.2505187758227611,90.60000000000001,17.791199407272014,18.050744462521013,0.051592638482039314,0.14860807976822993,0.05828886855228781,0.02130183897664443,0.06861638363872068,0.026302998790033113,0.039371737993150906,0.15925282772135393,0.04939780053913745,0.11986338409895371,0.07210803090710538,7.332660762376723,7.332660762376722,0.0,7.911867891374535e-17,2.776424787817943e-16,0.31662570729252265,0.31662570729252265,0.0,89.2,1.4000000000000057,0.0,0.0,0.0,87.7,2.8999999999999986,0.0,0.0,0.0,False,False,False
191,1190706895,3844410921,0,GaussianSensor,0.65,0.2,0.1,0.05,False,False,False,False,planning_failure,nan,nan,nan,nan,nan,nan,nan,nan,nan,nan,nan,nan,nan,nan,nan,nan,nan,nan,nan,nan,nan,nan,nan,,,,,,,,,,,,,
192,1376100548,2023100640,0,GaussianSensor,0.65,0.2,0.1,0.05,True,True,True,True,goal_reached,0.1709042067466475,73.8,15.183859332591425,15.237894692906497,0.05218652605623308,0.3570585641078199,0.060250323465072406,0.03343392687367588,0.10746809215034961,0.04065289480162661,0.04196723049021668,0.1640904228290289,0.052479478688108386,0.09643316966056142,0.06723176213884408,6.014615543101586,6.014615543101586,0.0,8.111987607534802e-17,2.7755575615628914e-16,0.30496042237175897,0.304960422371759,0.0,73.8,0.0,0.0,0.0,0.0,73.8,0.0,0.0,0.0,0.0,False,False,False
193,1014721197,1461180214,0,GaussianSensor,0.65,0.2,0.1,0.05,True,True,True,True,goal_reached,0.16469151152597242,76.7,14.512830973950468,14.586776757531226,0.05453444683022596,0.2556505856402037,0.06124154754086907,0.032698613297478966,0.1269078288255796,0.041078479809268445,0.04687598974635706,0.24522775265019933,0.05839033641080935,0.10486076203787849,0.008637201170965447,5.78019835612367,5.78019835612367,0.0,7.632148978573625e-17,2.7755575615628914e-16,0.2771679963302817,0.2771679963302817,0.0,67.1,9.600000000000009,0.0,0.0,0.0,67.2,9.5,0.0,0.0,0.0,False,False,False
194,1525762871,3126151894,0,GaussianSensor,0.65,0.2,0.1,0.05,True,True,True,True,goal_reached,0.2262384014330328,73.0,13.079502519256609,13.184606218982172,0.05143114001400998,0.15866522803134409,0.057785518506858036,0.030152904221859154,0.10467584289622493,0.038957796015634934,0.04364490282057509,0.1973693173716473,0.05454609666891036,0.12748432443854962,0.09284521361550446,5.252996976966351,5.252996976966351,0.0,7.934892378474474e-17,1.7772239894833365e-16,0.239129705321569,0.23912970532156902,0.0,72.19999999999999,0.8000000000000114,0.0,0.0,0.0,72.1,0.9000000000000057,0.0,0.0,0.0,False,False,False
195,1260217734,1227112746,0,GaussianSensor,0.65,0.2,0.1,0.05,True,True,True,True,goal_reached,0.2088460066573845,74.8,14.720297382499792,14.915236168161174,0.052833738044806004,0.15625372635513007,0.05946216139079407,0.023269730955989328,0.06291678051847782,0.02796105236008239,0.043090841582715,0.16624579497007994,0.05357902579099486,0.1235891903731441,0.0377732076060782,6.1210821477012285,6.1210821477012285,0.0,7.950212841700537e-17,2.2215299868541707e-16,0.29809518702544907,0.29809518702544907,0.0,67.19999999999999,7.6000000000000085,0.0,0.0,0.0,66.89999999999999,7.899999999999999,0.0,0.0,0.0,False,False,False
196,504774215,3149632713,0,GaussianSensor,0.65,0.2,0.1,0.05,True,True,True,True,goal_reached,0.19900674240461394,65.7,12.939163711298278,13.048456371294655,0.056301903765417195,0.27754924512871093,0.06418753530621474,0.025508565955194535,0.07486597639828325,0.031145291986968207,0.04167614768764957,0.2779241872836818,0.052969427194382884,0.09566535616133318,0.09483294611596094,5.177980316299085,5.177980316299086,0.0,8.507048738036448e-17,2.2247786310271853e-16,0.41696274700332475,0.41696274700332475,0.0,65.5,0.1999999999999993,0.0,0.0,0.0,64.39999999999999,1.3000000000000007,0.0,0.0,0.0,False,False,False
197,1106937606,493780939,0,GaussianSensor,0.65,0.2,0.1,0.05,True,True,True,True,goal_reached,0.2228512004299237,69.0,14.730510773086312,14.940541400623843,0.0478903991987574,0.14501557330240195,0.05512726666247851,0.03751805350515502,0.11937401461172646,0.046446509643562985,0.045082477932987454,0.18481730335046423,0.05708753078249107,0.1392103217481281,0.08084360864710097,5.751472523638704,5.751472523638704,0.0,8.790186924127648e-17,2.8066088919804617e-16,0.3610841036001107,0.3610841036001107,0.0,68.6,0.4000000000000057,0.0,0.0,0.0,68.4,0.5999999999999943,0.0,0.0,0.0,False,False,False
198,3459676030,3110934484,0,GaussianSensor,0.65,0.2,0.1,0.05,True,True,True,True,goal_reached,0.15674946867727932,67.0,13.214003669100508,13.226069899903175,0.05233078787509273,0.15496277575990205,0.05907844755761038,0.025171443150823522,0.09896413933623442,0.03394341009588481,0.03974400779268219,0.1665705062909776,0.04971189943204796,0.1201723966406914,0.09103151304669335,5.184718795915703,5.184718795915702,0.0,8.567171207590736e-17,2.2887833992611187e-16,0.22215350000359765,0.22215350000359757,0.0,66.6,0.40000000000000213,0.0,0.0,0.0,66.0,1.0,0.0,0.0,0.0,False,False,False
199,1781291391,1335936830,0,GaussianSensor,0.65,0.2,0.1,0.05,True,True,True,True,goal_reached,0.17922408786453237,77.9,15.913919405099161,15.95214252126026,0.04900771970424908,0.24306031533475833,0.05575063433898729,0.0336099806301384,0.1413676848066352,0.04283608970465516,0.04047626201925577,0.24265312097667469,0.0508666231102031,0.09937804099152463,0.09261030011085888,6.623856328261162,6.623856328261162,0.0,8.545051954043585e-17,2.776424787817943e-16,0.2587961347111993,0.25879613471119944,0.0,76.80000000000001,1.0999999999999943,0.0,0.0,0.0,76.6,1.3000000000000114,0.0,0.0,0.0,False,False,False
200,3523129448,2826415160,0,GaussianSensor,0.65,0.2,0.1,0.05,True,True,True,True,goal_reached,0.2992883059633711,86.2,15.757063132901006,16.097379334502563,0.050888109855218015,0.15305791209450065,0.057492742156367786,0.030265734340631043,0.08699579287312147,0.03704343297776717,0.04871511213631634,0.16805685858270875,0.05914627887567945,0.09655255236496703,0.046788048178101,6.540547991138049,6.540547991138049,0.0,7.66243073499908e-17,2.237726045655905e-16,0.26044167807169544,0.26044167807169544,0.0,75.3,10.900000000000002,0.0,0.0,0.0,74.5,11.699999999999992,0.0,0.0,0.0,False,False,False
201,1124748912,2844255851,0,GaussianSensor,0.65,0.2,0.1,0.05,True,True,True,True,goal_reached,0.22723833267283042,72.3,13.806981694966115,13.893367130916419,0.051869758892498605,0.26028948539933533,0.05915320815698889,0.03636248005552747,0.10533435617355325,0.045275459856209614,0.04458273054087928,0.26028948539933533,0.05515082050088338,0.08371815146186214,0.07956087398928524,5.308286105849679,5.308286105849679,0.0,8.109792337577863e-17,1.962615573354719e-16,0.286257909812685,0.28625790981268506,0.0,62.999999999999986,9.300000000000008,0.0,0.0,0.0,63.699999999999996,8.6,0.0,0.0,0.0,False,False,False
202,1766979982,1842838237,0,GaussianSensor,0.65,0.2,0.1,0.05,True,True,True,True,goal_reached,0.22604771297981519,73.5,13.836705671501502,14.043076492293679,0.049491256542857374,0.1414634863259736,0.05538081595436467,0.030615135694364567,0.10287616392242867,0.04031177665834687,0.04330303628815415,0.17264935348788157,0.054755034616363676,0.12606305855228575,0.07407038147065101,5.473730050480534,5.473730050480535,0.0,7.807259632586192e-17,1.962615573354719e-16,0.25061357329673817,0.25061357329673817,0.0,73.3,0.1999999999999993,0.0,0.0,0.0,73.1,0.40000000000000213,0.0,0.0,0.0,False,False,False
203,1379070658,2045846455,0,GaussianSensor,0.65,0.2,0.1,0.05,True,True,True,True,goal_reached,0.1725335143434201,70.5,14.26940783790667,14.395595904501274,0.05016833996860299,0.16152591626635884,0.05633779509960172,0.03567400189369741,0.09579226287112164,0.04169708841807799,0.045360169075808324,0.16720642747372239,0.05652763795399133,0.08634993602045785,0.05423208111440237,5.495285718777012,5.495285718777012,0.0,7.918330043354331e-17,2.498001805406602e-16,0.3216274729387503,0.3216274729387503,0.0,68.7,1.7999999999999972,0.0,0.0,0.0,68.99999999999999,1.500000000000007,0.0,0.0,0.0,False,False,False
204,902837847,4223214188,0,GaussianSensor,0.65,0.2,0.1,0.05,True,True,True,True,goal_reached,0.1747954910744437,77.10000000000001,15.402277702168242,15.363137892577496,0.05091463076767982,0.15610102067053908,0.05744787690021331,0.03566050129357035,0.09584445394018923,0.04353452289028113,0.046465826934963296,0.19375645212650844,0.05760720713388487,0.15129723165159903,0.09762888009617843,6.144137179549182,6.144137179549182,0.0,7.825415529559611e-17,2.7894008272968645e-16,0.2551420487775936,0.2551420487775936,0.0,75.2,1.8999999999999986,0.0,0.0,0.0,74.4,2.6999999999999957,0.0,0.0,0.0,False,False,False
205,2193816033,507685065,0,GaussianSensor,0.65,0.2,0.1,0.05,True,True,True,True,goal_reached,0.2189054337403282,65.0,12.953033793438895,13.066983389007387,0.05381687029778403,0.17257404344807306,0.06082278908192075,0.02656468996996351,0.11018238949809128,0.034539756629236786,0.043018366556402995,0.19285328960654333,0.0556614787522756,0.19645095485257247,0.1470562086843801,5.515393342842803,5.515393342842803,0.0,8.442232174181426e-17,1.962615573354719e-16,0.401038575383255,0.401038575383255,0.0,64.7,0.29999999999999716,0.0,0.0,0.0,64.9,0.09999999999999432,0.0,0.0,0.0,False,False,False
206,829894770,3799876144,0,GaussianSensor,0.65,0.2,0.1,0.05,True,True,True,True,goal_reached,0.22143963186728302,63.800000000000004,12.850977773245237,12.95985865928266,0.05631009906844291,0.2342584568559511,0.06377635937322766,0.028961041370067886,0.10750240048439288,0.04109209532982954,0.045265181320028616,0.23366606144519822,0.05572093152726089,0.1060253016732059,0.12894982857943196,5.21558359772767,5.21558359772767,0.0,8.642474534584e-17,1.962615573354719e-16,0.2813484948076203,0.28134849480762036,0.0,63.800000000000004,0.0,0.0,0.0,0.0,63.800000000000004,0.0,0.0,0.0,0.0,False,False,False
207,4130689922,2896272208,0,GaussianSensor,0.65,0.2,0.1,0.05,True,True,True,True,goal_reached,0.24865485121549818,87.80000000000001,16.940141930288007,17.131509892556423,0.052102628799317104,0.22778326452345735,0.05895679579847191,0.02921482221990564,0.09742062841910482,0.03722345557770871,0.04359638540985333,0.15599978498321274,0.054452248050779764,0.09245569084773375,0.06197335659079428,7.293814041986701,7.293814041986701,0.0,7.897030827298804e-17,2.779024842816778e-16,0.2892162489284222,0.2892162489284223,0.0,85.8,2.000000000000007,0.0,0.0,0.0,85.30000000000001,2.4999999999999964,0.0,0.0,0.0,False,False,False
208,2550648182,2877323974,0,GaussianSensor,0.65,0.2,0.1,0.05,True,True,True,True,goal_reached,0.16411438812376972,70.10000000000001,13.254512661586245,13.357277619880533,0.0510770684892732,0.15216936294469088,0.05779270362697399,0.020230137890648238,0.09200537790954859,0.026275616488352842,0.03695377369297725,0.15587107177906198,0.04639891055478116,0.09477485001700257,0.06831574059021328,5.051058591822994,5.051058591822994,0.0,8.061057805643549e-17,2.5018537765542007e-16,0.38311545402934527,0.3831154540293453,0.0,67.4,2.6999999999999993,0.0,0.0,0.0,67.2,2.900000000000002,0.0,0.0,0.0,False,False,False
209,4014434589,2002339998,0,GaussianSensor,0.65,0.2,0.1,0.05,True,True,True,True,goal_reached,0.18735021659282663,78.60000000000001,14.697356913137279,14.80657226161811,0.05173920903264927,0.17799437110252306,0.0588708049693869,0.030792841383151325,0.11331309454641515,0.03776124912581663,0.04298470050899307,0.18010316261283077,0.05387366304271772,0.10679436902627745,0.06475390868818622,6.164439207513828,6.164439207513829,0.0,7.730793775325616e-17,2.7756117711421305e-16,0.2872997943651824,0.28729979436518244,0.0,78.60000000000001,0.0,0.0,0.0,0.0,78.60000000000001,0.0,0.0,0.0,0.0,False,False,False
210,697825325,1529883739,0,GaussianSensor,0.65,0.2,0.1,0.05,False,False,False,False,planning_failure,nan,nan,nan,nan,nan,nan,nan,nan,nan,nan,nan,nan,nan,nan,nan,nan,nan,nan,nan,nan,nan,nan,nan,,,,,,,,,,,,,
211,2610880024,3515193591,0,GaussianSensor,0.65,0.2,0.1,0.05,True,True,True,True,goal_reached,0.13873780400978486,69.3,13.314022771664485,13.334012013210916,0.05186544174905811,0.17190373562999467,0.0593905000146184,0.03197356730893047,0.11425857303849542,0.04059653243860099,0.044507233416148734,0.17190373562999467,0.05539763897922256,0.06396834648201057,0.035937981035846,5.25248301232565,5.25248301232565,0.0,8.096015324411732e-17,2.498242727604723e-16,0.28188631094609,0.28188631094609,0.0,69.3,0.0,0.0,0.0,0.0,69.3,0.0,0.0,0.0,0.0,False,False,False
212,2765976715,3730418815,0,GaussianSensor,0.65,0.2,0.1,0.05,True,True,True,True,goal_reached,0.17190515444373233,64.9,12.873840397544488,12.943190555298937,0.0516567705207112,0.1727137119586095,0.05836335839204327,0.03130696995099689,0.1265137059687669,0.0388957720961991,0.044431150436468635,0.17564426048569243,0.05463684060184716,0.16547471146911236,0.08893128795683707,5.035106548409691,5.03510654840969,0.0,8.984003630785549e-17,1.962615573354719e-16,0.3050584010232104,0.30505840102321047,0.0,64.9,0.0,0.0,0.0,0.0,64.9,0.0,0.0,0.0,0.0,False,False,False
213,1522203079,4141194637,0,GaussianSensor,0.65,0.2,0.1,0.05,True,True,True,True,goal_reached,0.2602081933166215,66.4,13.156575097459235,13.311935452671486,0.05348811803082587,0.13895794342715728,0.0601873111857635,0.030456832666684225,0.08134209795427273,0.03577620831172628,0.04252414611754324,0.1740271814824587,0.053112098402400276,0.06650191129687748,0.04368533976133518,5.085537145449283,5.085537145449283,0.0,8.511073948546564e-17,1.8670653977139892e-16,0.39087944868397534,0.39087944868397534,0.0,63.6,2.8000000000000007,0.0,0.0,0.0,64.0,2.4000000000000004,0.0,0.0,0.0,False,False,False
214,844180384,4213348376,0,GaussianSensor,0.65,0.2,0.1,0.05,True,True,True,True,goal_reached,0.1842594351566656,96.7,17.799948003913762,17.715669931855253,0.0504793590088435,0.21177767754366916,0.05723009529045417,0.037817015494010585,0.16100378583307115,0.0482781716423183,0.04889318885800163,0.24741945284014083,0.06217858790755809,0.07103640300608227,0.02819363360847227,7.135995985976114,7.135995985976114,0.0,7.682298595847521e-17,2.7833528704240246e-16,0.3000766097096135,0.3000766097096135,0.0,82.89999999999999,13.80000000000001,0.0,0.0,0.0,83.5,13.199999999999996,0.0,0.0,0.0,False,False,False
215,2770669953,565027956,0,GaussianSensor,0.65,0.2,0.1,0.05,True,True,True,True,goal_reached,0.21122222777422525,70.2,13.523955250685583,13.670140818508274,0.05379236638246393,0.19735291074962086,0.060528380121760685,0.02380021411271159,0.10110622134151759,0.03128359271056318,0.04303070369247742,0.1924326003264145,0.054250619387693454,0.55,0.46481530164689094,5.15302342607526,5.15302342607526,0.0,8.250697126498355e-17,2.5133742693021536e-16,0.24460522747629432,0.2446052274762942,0.0,70.2,0.0,0.0,0.0,0.0,70.2,0.0,0.0,0.0,0.0,False,False,False
216,752442399,2170143469,0,GaussianSensor,0.65,0.2,0.1,0.05,True,True,True,True,goal_reached,0.2221277719187022,71.4,13.728506747676263,13.870195590284759,0.049015653122879206,0.15967239125161725,0.05625019126907384,0.029504971843196184,0.08103410139175253,0.036013806255425156,0.043495230996505534,0.17606049945797403,0.053466706879213725,0.08166258009093,0.06729287514743293,5.44844531355132,5.44844531355132,0.0,7.875466849664956e-17,1.962615573354719e-16,0.284304111846218,0.284304111846218,0.0,71.4,0.0,0.0,0.0,0.0,71.4,0.0,0.0,0.0,0.0,False,False,False
217,2836585270,2438147499,0,GaussianSensor,0.65,0.2,0.1,0.05,True,True,True,True,goal_reached,0.22931120594464702,66.4,13.8955031186415,14.13696273734433,0.05108952763480381,0.14311881361034587,0.05821377474271914,0.03661833328320876,0.11408091581773666,0.04613233462647047,0.04393226163510386,0.21544093817255774,0.05672442243966676,0.05100034220868896,0.05812777958808149,5.4678256363573485,5.4678256363573485,0.0,8.714358112911923e-17,2.779024842816778e-16,0.41788271066742666,0.4178827106674266,0.0,66.4,0.0,0.0,0.0,0.0,66.4,0.0,0.0,0.0,0.0,False,False,False
218,1258152814,4150384163,0,GaussianSensor,0.65,0.2,0.1,0.05,True,True,True,True,goal_reached,0.19562733817922667,70.7,13.245561066244804,13.42703633932868,0.05206509197049855,0.16192298740078495,0.05851262581886607,0.02809707929175098,0.09622573162544182,0.035724624051745715,0.03932749423858534,0.15797460479802383,0.048697706060805875,0.5455176123029601,0.4534249480274377,5.110199421202166,5.110199421202166,0.0,8.162615166073245e-17,1.7772239894833365e-16,0.31052267215470325,0.3105226721547032,0.0,63.7,7.000000000000001,0.0,0.0,0.0,63.8,6.9,0.0,0.0,0.0,False,False,False
219,1025412693,1539643235,0,GaussianSensor,0.65,0.2,0.1,0.05,True,True,True,True,goal_reached,0.14400545074285073,65.7,13.171839927143292,13.29233123011062,0.050868059700616634,0.15781766522540672,0.057711208068931645,0.029513871770052606,0.10053163687095601,0.03704479612623268,0.04335672799629204,0.19639201075525559,0.054326656984102835,0.052278921972169476,0.0,4.977853909355299,4.977853909355299,0.0,8.311375089317043e-17,2.7894008272968645e-16,0.2748699919607061,0.27486999196070616,0.0,65.0,0.6999999999999957,0.0,0.0,0.0,64.3,1.2000000000000028,0.20000000000000284,0.0,0.0,False,False,False
220,752715902,488982456,0,GaussianSensor,0.65,0.2,0.1,0.05,True,True,True,True,goal_reached,0.1686080875922519,86.7,16.942438302049037,17.066030036983,0.05174195042983952,0.19136920497497756,0.05841631183335837,0.029516603458836853,0.0783500728240022,0.03534524775816085,0.04124429770881949,0.19136920497497756,0.05062799047185223,0.14549510968733176,0.05910276324672026,6.820852175896867,6.820852175896867,0.0,7.871430435259088e-17,2.7755575615628914e-16,0.253809544425987,0.2538095444259871,0.0,84.9,1.7999999999999972,0.0,0.0,0.0,84.80000000000001,1.8999999999999915,0.0,0.0,0.0,False,False,False
221,512319883,815337352,0,GaussianSensor,0.65,0.2,0.1,0.05,True,True,True,True,goal_reached,0.22360643252115506,68.2,13.449568768397693,13.572238228452393,0.04888363529139243,0.156343345444269,0.055867570558664405,0.02943302289589536,0.09914740941462226,0.037398279102742384,0.03975978772677349,0.15375148124441618,0.049542875095306284,0.11085689046664769,0.06796533305865896,5.31891358311417,5.3189135831141705,0.0,8.151433887952509e-17,2.2247786310271853e-16,0.2125559214176176,0.21255592141761764,0.0,68.2,0.0,0.0,0.0,0.0,68.2,0.0,0.0,0.0,0.0,False,False,False
222,4032067323,2635905015,0,GaussianSensor,0.65,0.2,0.1,0.05,True,True,True,True,goal_reached,0.20340439795912824,65.0,13.221143578733273,13.309333744891855,0.05309687640417732,0.2251388879438175,0.06050717034473982,0.03593753524495972,0.07980256025943837,0.04266243203075879,0.045972672910779645,0.16893698728902157,0.056757429158891,0.19815847127635938,0.09396717278970389,5.150721303431,5.150721303431,0.0,8.653157278290343e-17,1.962615573354719e-16,0.3412338028716266,0.3412338028716266,0.0,65.0,0.0,0.0,0.0,0.0,65.0,0.0,0.0,0.0,0.0,False,False,False
223,2154464537,4206247815,0,GaussianSensor,0.65,0.2,0.1,0.05,False,False,False,False,planning_failure,nan,nan,nan,nan,nan,nan,nan,nan,nan,nan,nan,nan,nan,nan,nan,nan,nan,nan,nan,nan,nan,nan,nan,,,,,,,,,,,,,
224,382400512,3995035099,0,GaussianSensor,0.65,0.2,0.1,0.05,True,True,True,True,goal_reached,0.18256824065337837,90.10000000000001,17.572605342641737,17.936771878679533,0.05076913381849321,0.16209001034418838,0.057039931113218686,0.04280120504606988,0.1421154549978419,0.05155124550560102,0.04704195594810656,0.19365711375724182,0.058615350302398166,0.09414217526638047,0.02650746899487033,7.227874080880226,7.227874080880227,0.0,8.200544304359618e-17,2.500951503118635e-16,0.2567412982411168,0.25674129824111674,0.0,81.3,8.800000000000015,0.0,0.0,0.0,81.50000000000001,8.599999999999982,0.0,0.0,0.0,False,False,False
225,3055466972,3734794692,0,GaussianSensor,0.65,0.2,0.1,0.05,True,True,True,True,goal_reached,0.24874851481167562,64.3,12.888668204243471,13.037449313536642,0.05137195612371128,0.14894872362392142,0.057494127168308,0.030365606671611527,0.09865217245688576,0.036398169845019646,0.04406689196631305,0.1637371071336986,0.05550129367760675,0.47283223518834305,0.42844105708063973,5.021063484045257,5.021063484045259,0.0,8.926749053679626e-17,2.830524433501838e-16,0.30389271673246077,0.30389271673246077,0.0,64.19999999999999,0.09999999999999787,0.0,0.0,0.0,63.099999999999994,1.1999999999999984,0.0,0.0,0.0,False,False,False
226,3193199788,634261231,0,GaussianSensor,0.65,0.2,0.1,0.05,True,True,True,True,goal_reached,0.1915490315581644,73.5,13.880044436083502,14.015492127443329,0.04908011853974452,0.18271385906957874,0.05599134759065996,0.030028548793428284,0.08374043191610922,0.0370122645260596,0.043307792076131155,0.17045160445166002,0.05467847719384014,0.07889327212043756,0.03926821242081109,5.782349545362438,5.782349545362438,0.0,7.520759299039271e-17,1.7772239894833365e-16,0.3001359674286177,0.3001359674286177,0.0,65.6,7.900000000000002,0.0,0.0,0.0,65.3,8.199999999999996,0.0,0.0,0.0,False,False,False
227,2535396865,501233337,0,GaussianSensor,0.65,0.2,0.1,0.05,True,True,True,True,goal_reached,0.18981413827592603,71.7,13.773960090565943,13.848748400948898,0.05124345080577767,0.15081611912289886,0.057645838194518365,0.035845434630625825,0.09294875388169054,0.043655702980788295,0.04346462111664333,0.1747468254435086,0.055327978828359214,0.10899748064421393,0.10178773564735649,5.371150342822183,5.371150342822183,0.0,7.77605845057986e-17,2.220446049250313e-16,0.36030066468303223,0.36030066468303223,0.0,71.7,0.0,0.0,0.0,0.0,71.7,0.0,0.0,0.0,0.0,False,False,False
228,80660561,973294536,0,GaussianSensor,0.65,0.2,0.1,0.05,True,True,True,True,goal_reached,0.1531268081857155,66.0,13.153582586205369,13.21602115577858,0.04878808095000976,0.137492574076399,0.05545844005273685,0.02447464418541709,0.07564349077478613,0.03013763033481044,0.03811504453953516,0.17408443721079794,0.04952618037461616,0.11036818542114128,0.11695294073175751,5.271413367893278,5.271413367893279,0.0,8.44262467083474e-17,1.7772239894833365e-16,0.34192963606242005,0.34192963606242005,0.0,64.3,1.7000000000000002,0.0,0.0,0.0,64.3,1.7000000000000002,0.0,0.0,0.0,False,False,False
229,800819641,3241945518,0,GaussianSensor,0.65,0.2,0.1,0.05,True,True,True,True,goal_reached,0.17301853199335282,66.5,12.99044479060084,13.09848990930721,0.05017652236770496,0.1746230834075137,0.056799402031828344,0.025734622817583045,0.11180208209511519,0.03399915115509953,0.042814252599793635,0.1718607525800964,0.05243218082865094,0.05623633875102593,0.05963072905183432,5.154612900550764,5.154612900550764,0.0,8.542289311557791e-17,1.962615573354719e-16,0.21900658341065804,0.219006583410658,0.0,66.5,0.0,0.0,0.0,0.0,66.5,0.0,0.0,0.0,0.0,False,False,False
230,2410070537,1887917039,0,GaussianSensor,0.65,0.2,0.1,0.05,True,True,True,True,goal_reached,0.20164382717375842,77.5,15.07537870841159,15.24506679156158,0.049559828242559785,0.19594363924913186,0.05649737481956637,0.025146349020385227,0.0932742677228198,0.033528473396191416,0.040375728447734016,0.1745427231872625,0.051166514908440285,0.07084738860274545,0.06464648162791467,6.103593849581621,6.103593849581621,0.0,7.744298431682852e-17,2.7894008272968645e-16,0.2554017634861771,0.2554017634861771,0.0,77.5,0.0,0.0,0.0,0.0,77.5,0.0,0.0,0.0,0.0,False,False,False
231,1574677147,1569186631,0,GaussianSensor,0.65,0.2,0.1,0.05,True,True,True,True,goal_reached,0.20010641005502394,64.9,12.925378205008622,12.967144308262318,0.05235649000872034,0.18691351667041162,0.05979862412799042,0.034885127160106576,0.10315568994801982,0.04326206436627057,0.047456789940995996,0.22891576845518236,0.05997442642900102,0.11892782061102974,0.061481369667726674,5.118343953369812,5.118343953369812,0.0,8.91729899231126e-17,1.962615573354719e-16,0.3368905064595286,0.3368905064595286,0.0,61.7,3.1999999999999993,0.0,0.0,0.0,61.20000000000001,3.699999999999994,0.0,0.0,0.0,False,False,False
232,2426998121,1979405758,0,GaussianSensor,0.65,0.2,0.1,0.05,True,True,True,True,goal_reached,0.20843117802253594,67.3,13.731323065436593,13.997265150405923,0.05441936835514923,0.1571644768260229,0.061433205704309685,0.02897504757793164,0.10199082783783293,0.03677580693121566,0.0438903247854132,0.17179780702857791,0.056522764589088434,0.09831387902654716,0.042881483402821274,5.64482641593686,5.64482641593686,0.0,7.998531979294573e-17,2.5133742693021536e-16,0.3560906178553049,0.3560906178553049,0.0,67.3,0.0,0.0,0.0,0.0,67.3,0.0,0.0,0.0,0.0,False,False,False
233,4113121730,182882604,0,GaussianSensor,0.65,0.2,0.1,0.05,True,True,True,True,goal_reached,0.16814946719911844,65.10000000000001,12.971022416766823,13.113652483414157,0.05081034196257482,0.14067622533137586,0.05717086157370915,0.029312807923433958,0.09813094343304521,0.037196024839278766,0.042879811502614384,0.1458173183278726,0.05327028672147397,0.05744015414876676,0.05306990746161464,5.407974404577922,5.4079744045779226,0.0,8.983102998842871e-17,2.8066088919804617e-16,0.3273462710815146,0.3273462710815146,0.0,64.9,0.20000000000000284,0.0,0.0,0.0,64.9,0.20000000000000284,0.0,0.0,0.0,False,False,False
234,4132313933,1628314587,0,GaussianSensor,0.65,0.2,0.1,0.05,True,True,True,True,goal_reached,0.17239662139094591,74.10000000000001,13.642821588295753,13.737607561647412,0.05135774317338048,0.14528484825526214,0.058183441777635896,0.03577230187036588,0.09454233409969313,0.042999733408950226,0.049124922122934005,0.16670039691375382,0.06025866888179173,0.07871180198476949,0.027593349770018705,5.370983052810521,5.370983052810521,0.0,7.708291915158522e-17,2.7755575615628914e-16,0.2263646664533144,0.22636466645331438,0.0,72.7,1.4000000000000004,0.0,0.0,0.0,72.8,1.3000000000000043,0.0,0.0,0.0,False,False,False
235,4121474858,3718346006,0,GaussianSensor,0.65,0.2,0.1,0.05,True,True,True,True,goal_reached,0.1507860631629947,75.60000000000001,14.576928000500079,14.710858492698046,0.05286927897927919,0.15854100352645795,0.05868626780701584,0.03127088791902244,0.11152807473625392,0.03727267233047698,0.03890829630944727,0.14360521532362416,0.048833154855830854,0.08447182019784337,0.06350569258193284,6.0476317550679966,6.0476317550679966,0.0,7.978277254282609e-17,2.779024842816778e-16,0.2861188637980387,0.2861188637980387,0.0,75.60000000000001,0.0,0.0,0.0,0.0,75.60000000000001,0.0,0.0,0.0,0.0,False,False,False
236,1749518471,4218670630,0,GaussianSensor,0.65,0.2,0.1,0.05,True,True,True,True,goal_reached,0.13804158132015,62.300000000000004,12.753396141602243,12.875094456938722,0.04829805093141108,0.15932462208756343,0.055428685973388764,0.025335050063066713,0.07686948770348184,0.03117811190008272,0.03627997562410931,0.1469178952058682,0.04510222389868362,0.0848781871752354,0.09009244770836222,4.87299219083731,4.87299219083731,0.0,9.09010019444806e-17,1.962615573354719e-16,0.25386270182727866,0.25386270182727866,0.0,61.2,1.0999999999999996,0.0,0.0,0.0,61.2,1.0999999999999996,0.0,0.0,0.0,False,False,False
237,2050407800,812743304,0,GaussianSensor,0.65,0.2,0.1,0.05,True,True,True,True,goal_reached,0.1576479753596614,78.10000000000001,15.268648813030056,15.403549178278551,0.05324308466457065,0.15161972930552864,0.05980585446871175,0.03742719680184286,0.11137149904778454,0.04398137438349148,0.050418788938098556,0.17054016785651438,0.06134514946952918,0.09383388586340333,0.06514822598350634,6.30854298288696,6.30854298288696,0.0,7.865406236701924e-17,2.7833528704240246e-16,0.4291994176210555,0.4291994176210555,0.0,67.8,10.30000000000001,0.0,0.0,0.0,69.00000000000001,9.09999999999999,0.0,0.0,0.0,False,False,False
238,2768454339,1065980605,0,GaussianSensor,0.65,0.2,0.1,0.05,True,True,True,True,goal_reached,0.17743518754049867,74.4,14.554026777146603,14.60945431669804,0.05288319045164831,0.19169525531846063,0.0596792816782262,0.03589806645351383,0.11072165050009143,0.04409399189186894,0.047525052373639264,0.18114148217780368,0.0605438874034026,0.3533916146266537,0.3140970411942195,5.711294337643084,5.711294337643084,0.0,8.274062618760724e-17,2.779024842816778e-16,0.28450546951982897,0.28450546951982897,0.0,73.7,0.7000000000000028,0.0,0.0,0.0,73.3,1.0999999999999979,0.0,0.0,0.0,False,False,False
239,3941405442,1484742440,0,GaussianSensor,0.65,0.2,0.1,0.05,False,False,False,False,planning_failure,nan,nan,nan,nan,nan,nan,nan,nan,nan,nan,nan,nan,nan,nan,nan,nan,nan,nan,nan,nan,nan,nan,nan,,,,,,,,,,,,,
240,3869716259,3573157605,0,GaussianSensor,0.65,0.2,0.1,0.05,True,True,True,True,goal_reached,0.1974933442471613,63.6,13.010687053604556,13.09838379043322,0.05133812274520712,0.17385801502998294,0.058392852086053215,0.02630113368361286,0.07830940048391227,0.03193201091982241,0.04262376353923396,0.17473504077519647,0.05233452105640829,0.15675640480804048,0.12531756830713317,5.217155892640214,5.217155892640214,0.0,9.02644049722391e-17,1.962615573354719e-16,0.265821330298688,0.265821330298688,0.0,63.5,0.09999999999999964,0.0,0.0,0.0,63.4,0.1999999999999993,0.0,0.0,0.0,False,False,False
241,766761893,701999192,0,GaussianSensor,0.65,0.2,0.1,0.05,True,True,True,True,goal_reached,0.14033430262998312,65.60000000000001,13.320304617653115,13.333380275875031,0.04927088187898757,0.16391993572409003,0.05596045594570254,0.030175436398579326,0.10840624860513112,0.03820420913364934,0.041800426216367245,0.1620368367902049,0.05243937506692436,0.5036527042270809,0.42509045715991617,5.181706083807903,5.181706083807903,0.0,8.32357524783815e-17,1.962615573354719e-16,0.40623011318457775,0.40623011318457775,0.0,65.60000000000001,0.0,0.0,0.0,0.0,65.60000000000001,0.0,0.0,0.0,0.0,False,False,False
242,3654324957,1543357433,0,GaussianSensor,0.65,0.2,0.1,0.05,True,True,True,True,goal_reached,0.19692007701367603,63.300000000000004,12.739833970844282,12.83506051900368,0.052000447927979615,0.16155932518691354,0.05870993368484764,0.025359848780035093,0.09326140997728087,0.03165162119524313,0.04271003902830126,0.13633454678951096,0.05193549508788826,0.10421449500848856,0.07266324572468191,4.964182974286735,4.964182974286735,0.0,9.211733338490587e-17,1.962615573354719e-16,0.2528908201835938,0.25289082018359377,0.0,61.400000000000006,1.8999999999999986,0.0,0.0,0.0,61.099999999999994,2.2000000000000064,0.0,0.0,0.0,False,False,False
243,3055384314,3837704628,0,GaussianSensor,0.65,0.2,0.1,0.05,True,True,True,True,goal_reached,0.18619864447718695,75.10000000000001,14.750740579884592,14.951274140176894,0.05130804665318873,0.13451306757593468,0.057416597015045444,0.03363940026287582,0.09763981090451049,0.04128926477148943,0.045050841978659814,0.1681064712413205,0.05546351587064122,0.1127149765776747,0.06039965755102126,5.8141775267339675,5.8141775267339675,0.0,8.110534192604755e-17,2.776424787817943e-16,0.2418469348783672,0.24184693487836714,0.0,63.90000000000002,11.199999999999989,0.0,0.0,0.0,62.900000000000006,12.2,0.0,0.0,0.0,False,False,False
244,1392087708,763274201,0,GaussianSensor,0.65,0.2,0.1,0.05,True,True,True,True,goal_reached,0.23547746812750767,80.2,15.595833497115681,15.773350933718387,0.052792973327975695,0.2504444874278732,0.05966591052213889,0.0378909525488848,0.10875479106030317,0.04651449658969372,0.04879110828446345,0.2504396046361446,0.059694799533094325,0.1302202700879493,0.09504376541063042,6.335136027713574,6.335136027713574,0.0,7.652006987363472e-17,2.797157557069881e-16,0.2986922115980877,0.29869221159808756,0.0,79.2,1.0,0.0,0.0,0.0,78.9,1.2999999999999972,0.0,0.0,0.0,False,False,False
245,3206700546,809877950,0,GaussianSensor,0.65,0.2,0.1,0.05,True,True,True,True,goal_reached,0.21539178354462746,68.7,13.469027040741288,13.513749025232359,0.05324024857615482,0.2373832305158384,0.06001591667522552,0.03835987974739013,0.11190581268313074,0.04785098349400051,0.04465914005660701,0.1788456402214058,0.05640136391410872,0.1944938163608195,0.16727332651243634,5.22509081881781,5.22509081881781,0.0,8.341594328227562e-17,1.962615573354719e-16,0.2247660978123236,0.22476609781232362,0.0,68.3,0.3999999999999986,0.0,0.0,0.0,67.89999999999999,0.8000000000000007,0.0,0.0,0.0,False,False,False
246,3528407741,3617959806,0,GaussianSensor,0.65,0.2,0.1,0.05,True,True,True,True,goal_reached,0.15829334241170367,62.1,12.988490426377961,13.02918323861595,0.05197989870889664,0.23537256428804904,0.0599123641239826,0.030377506604375853,0.08827544409744155,0.037410854450087315,0.04440246699100612,0.23055631713867902,0.0554389285905922,0.17624893550030055,0.17736194888553589,4.904863168498269,4.90486316849827,0.0,9.34361834056691e-17,1.962615573354719e-16,0.24087911749348917,0.24087911749348917,0.0,62.1,0.0,0.0,0.0,0.0,62.1,0.0,0.0,0.0,0.0,False,False,False
247,2475004145,54769133,0,GaussianSensor,0.65,0.2,0.1,0.05,True,True,True,True,goal_reached,0.266727488917586,90.2,17.991049879348157,18.20432443152694,0.0517190466961985,0.21619962168303616,0.05907727066769488,0.031813460436774695,0.14536222025400747,0.04011186760358794,0.041888989356012346,0.2172109402878106,0.05435571620318957,0.1198158683930744,0.07346327288318952,7.1228645936951995,7.1228645936951995,0.0,8.193394124452266e-17,2.7894008272968645e-16,0.2699789500557314,0.26997895005573136,0.0,88.6,1.6000000000000085,0.0,0.0,0.0,87.79999999999998,2.400000000000013,0.0,0.0,0.0,False,False,False
248,250102834,10777752,0,GaussianSensor,0.65,0.2,0.1,0.05,True,True,True,True,goal_reached,0.18636827973494696,67.0,13.439932842447973,13.495694627712613,0.0531370330426948,0.17383261576253908,0.06045200694917806,0.038989516940661946,0.10714269990811959,0.048366701763660945,0.04816392743925936,0.18516833758460058,0.06019910304886283,0.1825285919410447,0.16804503887954145,5.296944498701903,5.296944498701903,0.0,8.569211607553333e-17,2.7833528704240246e-16,0.2986970400110685,0.2986970400110685,0.0,67.0,0.0,0.0,0.0,0.0,67.0,0.0,0.0,0.0,0.0,False,False,False
249,1567656518,446596209,0,GaussianSensor,0.65,0.2,0.1,0.05,True,True,True,True,goal_reached,0.19869569131488893,68.60000000000001,13.166394781263742,13.335454839488134,0.05109087731847834,0.17725203932814743,0.057461977978867096,0.02966629693500602,0.08703470794032765,0.03749869755802419,0.03829821486405035,0.1367679791952208,0.047818515554132225,0.0614069658824324,0.04556850838784232,4.781865145704502,4.781865145704501,0.0,8.355354343736657e-17,1.962615573354719e-16,0.21828699273768948,0.21828699273768956,0.0,68.3,0.3000000000000007,0.0,0.0,0.0,68.2,0.40000000000000036,0.0,0.0,0.0,False,False,False
250,1370524627,2884711889,0,GaussianSensor,0.65,0.2,0.1,0.05,True,True,True,True,goal_reached,0.2413090979824216,74.7,14.309269831566828,14.421540688707454,0.054971307392414875,0.21944018944922178,0.06196114442941192,0.029098842794683773,0.08342382002693399,0.03573142175929184,0.04014891342739292,0.2181748752473057,0.05042425139925365,0.1862459065214347,0.10423769410523087,5.85867784253271,5.85867784253271,0.0,8.577084713373088e-17,2.7894008272968645e-16,0.2653993615204132,0.2653993615204132,0.0,74.5,0.1999999999999993,0.0,0.0,0.0,74.2,0.5,0.0,0.0,0.0,False,False,False
251,3235678144,3559111741,0,GaussianSensor,0.65,0.2,0.1,0.05,True,True,True,True,goal_reached,0.20135634592847468,77.10000000000001,14.71029724934225,14.852385400111485,0.051015776092184675,0.15724509688311925,0.05723852391482087,0.02579488790557781,0.08157875094956858,0.032430152808823956,0.044080635699635703,0.1640420546563093,0.053538238068348586,0.09564114432706784,0.03650133715392874,5.7883038206390385,5.788303820639038,0.0,7.836697066938577e-17,2.498016863724722e-16,0.2957386313104642,0.2957386313104642,0.0,77.10000000000001,0.0,0.0,0.0,0.0,77.10000000000001,0.0,0.0,0.0,0.0,False,False,False
252,4069850,2347762154,0,GaussianSensor,0.65,0.2,0.1,0.05,True,True,True,True,goal_reached,0.16748915757818061,69.7,13.533958411502653,13.50903440304958,0.056258695374331584,0.15931885564868845,0.06321517989604422,0.037064853947669625,0.10536474482869954,0.04586314913915803,0.0518596007418991,0.16303958958111772,0.06329793232055748,0.1615736284133032,0.15381565624262616,5.44338579153414,5.443385791534141,0.0,8.483781441045664e-17,2.830524433501838e-16,0.25684304771207567,0.25684304771207556,0.0,69.7,0.0,0.0,0.0,0.0,69.7,0.0,0.0,0.0,0.0,False,False,False
253,971320180,4027294110,0,GaussianSensor,0.65,0.2,0.1,0.05,True,True,True,True,goal_reached,0.20309396564929005,74.0,14.687238461658694,14.789058567001753,0.05377943456251996,0.15567257504434034,0.06008930516637206,0.03005977673907235,0.10327824936653407,0.03762050460654591,0.04265238325549476,0.2020893441814889,0.054161761467983155,0.08728172931532684,0.057729139257997754,5.700957766735986,5.7009577667359865,0.0,8.143397467976448e-17,2.7756117711421305e-16,0.3006664453069899,0.3006664453069899,0.0,73.8,0.19999999999999574,0.0,0.0,0.0,73.19999999999999,0.8000000000000043,0.0,0.0,0.0,False,False,False
254,2099617389,1438848757,0,GaussianSensor,0.65,0.2,0.1,0.05,True,True,True,True,goal_reached,0.2091163508780256,78.30000000000001,15.720892987128776,15.798026474412326,0.049265563402888284,0.18456100094000588,0.05634615102535993,0.03087289360099894,0.11007554101546557,0.03966594702164805,0.043345468211737556,0.1885710447162765,0.05516617155923041,0.1851780434153422,0.09567059600536976,6.69170448909313,6.69170448909313,0.0,8.108443939852427e-17,2.8177377798042847e-16,0.2624478419308399,0.26244784193083986,0.0,75.60000000000001,2.700000000000003,0.0,0.0,0.0,75.7,2.6000000000000014,0.0,0.0,0.0,False,False,False
255,697894123,2229103892,0,GaussianSensor,0.65,0.2,0.1,0.05,True,True,True,True,goal_reached,0.24687153907627774,88.10000000000001,16.531439640001658,16.69973022934351,0.05333595140411046,0.17594328784043062,0.0604655351439018,0.029106700029655486,0.10288208053642123,0.037280742755521915,0.041194408420945926,0.18273824995713994,0.05280378662571241,0.3634810567868598,0.2783476091587666,6.654207238794867,6.654207238794868,0.0,7.009790477876816e-17,2.797157557069881e-16,0.2904898099782686,0.2904898099782686,0.0,72.10000000000001,15.999999999999993,0.0,0.0,0.0,72.0,16.1,0.0,0.0,0.0,False,False,False
256,2312331451,3874631184,0,GaussianSensor,0.65,0.2,0.1,0.05,True,True,True,True,goal_reached,0.12992951516522688,60.800000000000004,13.137226249502687,13.203189313648911,0.05132633803548007,0.1307270794572391,0.05772909203375401,0.022591509910128104,0.07686449415012309,0.028050868250762116,0.040719703663497656,0.1899040211970794,0.05159831005597544,0.09004308982225741,0.026584077513796482,4.641544788136894,4.641544788136894,0.0,9.161540343514738e-17,1.962615573354719e-16,0.362305144481144,0.3623051444811439,0.0,60.800000000000004,0.0,0.0,0.0,0.0,60.800000000000004,0.0,0.0,0.0,0.0,False,False,False
257,915480018,4151120313,0,GaussianSensor,0.65,0.2,0.1,0.05,False,False,False,False,planning_failure,nan,nan,nan,nan,nan,nan,nan,nan,nan,nan,nan,nan,nan,nan,nan,nan,nan,nan,nan,nan,nan,nan,nan,,,,,,,,,,,,,
258,3229257819,646055159,0,GaussianSensor,0.65,0.2,0.1,0.05,True,True,True,True,goal_reached,0.22271833901536484,79.0,14.828084439667657,15.048406444961289,0.04936087339756103,0.1839335468541113,0.05615797731965855,0.024219180591395058,0.0787485659088121,0.029946700117584813,0.03831464654239947,0.1797646084357934,0.047626218406318976,0.11393763779209373,0.08850310824580628,5.848583334342578,5.848583334342578,0.0,7.927503670742044e-17,2.7894008272968645e-16,0.3640737942886318,0.3640737942886318,0.0,76.1,2.8999999999999986,0.0,0.0,0.0,76.1,2.8999999999999986,0.0,0.0,0.0,False,False,False
259,375716469,3308732160,0,GaussianSensor,0.65,0.2,0.1,0.05,True,True,True,True,goal_reached,0.19927290390410926,70.0,13.664250579883864,13.773631974926262,0.051796761650721265,0.1454555348348132,0.05842057521824582,0.03228320585450926,0.10433232630423962,0.04114195249000128,0.04373381009378073,0.17859734408078187,0.05426856877754508,0.10333376371165702,0.06811145014112939,5.0613161216200595,5.0613161216200595,0.0,8.325030810523359e-17,2.779024842816778e-16,0.3591879816794043,0.3591879816794043,0.0,70.0,0.0,0.0,0.0,0.0,70.0,0.0,0.0,0.0,0.0,False,False,False
260,4187386334,184584446,0,GaussianSensor,0.65,0.2,0.1,0.05,False,False,False,False,planning_failure,nan,nan,nan,nan,nan,nan,nan,nan,nan,nan,nan,nan,nan,nan,nan,nan,nan,nan,nan,nan,nan,nan,nan,,,,,,,,,,,,,
261,2388139156,3812305768,0,GaussianSensor,0.65,0.2,0.1,0.05,True,True,True,True,goal_reached,0.1791742549281305,69.5,13.570862001339373,13.733648550680874,0.05159460839980167,0.18446170196755746,0.05818376668524513,0.029618788936823924,0.1035929160414144,0.0375891550353825,0.04790860577795942,0.18446170196755746,0.05908395524606291,0.08224411065709034,0.026176174092141034,5.454257306598167,5.454257306598167,0.0,8.583620571382963e-17,2.7755575615628914e-16,0.2915356350590021,0.2915356350590021,0.0,69.5,0.0,0.0,0.0,0.0,69.5,0.0,0.0,0.0,0.0,False,False,False
262,453140449,4267112886,0,GaussianSensor,0.65,0.2,0.1,0.05,True,True,True,True,goal_reached,0.14015324788462172,70.3,14.32838531225185,14.330351511426496,0.05245808251009128,0.18085782127519395,0.05897008235005954,0.03363946390192885,0.09175934890547809,0.04131415111644269,0.047736943119280034,0.17773574250492222,0.05956369204866075,0.45469243069374343,0.4461507464246904,5.543570489150711,5.543570489150711,0.0,8.840627977534737e-17,2.830524433501838e-16,0.24963946439489676,0.24963946439489682,0.0,70.3,0.0,0.0,0.0,0.0,70.3,0.0,0.0,0.0,0.0,False,False,False
263,3455058573,1492825667,0,GaussianSensor,0.65,0.2,0.1,0.05,True,True,True,True,goal_reached,0.1760790777733664,66.3,13.197560392860204,13.282147616712138,0.0527119903983494,0.31646927525442686,0.06174181346817442,0.027359386297361628,0.09219395212848658,0.03333080274828521,0.04295806039836765,0.3012138768423648,0.05571166883645736,0.108206011484565,0.07973357798188987,5.36927932483222,5.3692793248322195,0.0,8.84821174125052e-17,2.776424787817943e-16,0.2750801972352358,0.27508019723523575,0.0,66.1,0.20000000000000018,0.0,0.0,0.0,66.19999999999999,0.10000000000000009,0.0,0.0,0.0,False,False,False
264,1846112378,935440738,0,GaussianSensor,0.65,0.2,0.1,0.05,True,True,True,True,goal_reached,0.1712189709334686,66.7,13.431942438160341,13.589882097095554,0.0503859396658504,0.1432929566739487,0.05715107821536039,0.029450467104389994,0.09300656732006338,0.03643694866055348,0.041259144632270525,0.15444515391664612,0.05158918152788053,0.1273464182389079,0.0380522824596454,5.1999386980106514,5.1999386980106514,0.0,8.554725891080087e-17,1.962615573354719e-16,0.24349603822791627,0.2434960382279162,0.0,66.0,0.6999999999999957,0.0,0.0,0.0,65.7,1.0,0.0,0.0,0.0,False,False,False
265,4151916802,2328685090,0,GaussianSensor,0.65,0.2,0.1,0.05,True,True,True,True,goal_reached,0.20430380671017653,74.4,13.875861674888139,14.036019810736223,0.053883936129766954,0.18200548311363995,0.061154891640491496,0.023500477391818632,0.09906999099377392,0.030044899598716444,0.04126914475548698,0.18948617018661065,0.05306792648656598,0.15364469373086564,0.15217086808019756,5.791715421668853,5.791715421668853,0.0,8.071633265556235e-17,2.797157557069881e-16,0.29787144858920117,0.29787144858920117,0.0,66.8,7.6,0.0,0.0,0.0,66.7,7.700000000000004,0.0,0.0,0.0,False,False,False
266,3502127710,2151495928,0,GaussianSensor,0.65,0.2,0.1,0.05,True,True,True,True,goal_reached,0.24324988456205496,71.2,13.652858282198169,13.673492870303974,0.05156802615498797,0.16299230569538045,0.05798947088211755,0.035133135332619525,0.10539189549882802,0.04361302541885328,0.046393439774986514,0.16391263585162605,0.056631995859205086,0.1290129163798692,0.07669541226347126,5.334694868665152,5.334694868665152,0.0,8.24297264672302e-17,2.3263411494723067e-16,0.37111575867321894,0.37111575867321894,0.0,60.8,10.400000000000006,0.0,0.0,0.0,61.300000000000004,9.899999999999999,0.0,0.0,0.0,False,False,False
267,3747001689,1587324755,0,GaussianSensor,0.65,0.2,0.1,0.05,True,True,True,True,goal_reached,0.2131207446745898,73.0,13.632878965508997,13.73864767939436,0.05052751716007509,0.22619425080218655,0.05770105504838996,0.028408178076712455,0.07218289835034898,0.034306901294722095,0.0442872238884725,0.20142638950103356,0.05582170904940092,0.2044970421261443,0.12000882095545812,5.527710883219462,5.527710883219463,0.0,7.707709269801482e-17,1.7772239894833365e-16,0.30091237214732697,0.30091237214732713,0.0,72.39999999999999,0.6000000000000014,0.0,0.0,0.0,72.6,0.40000000000000213,0.0,0.0,0.0,False,False,False
268,3931630109,482995397,0,GaussianSensor,0.65,0.2,0.1,0.05,True,True,True,True,goal_reached,0.2539752790727226,68.7,13.392850204764333,13.506727049910824,0.050276783223128736,0.182429090678726,0.05692351750072002,0.03058392181497787,0.09923767167853045,0.037214761308188314,0.044662257771777625,0.182429090678726,0.05648998591721932,0.13743953431595457,0.1147283443947942,5.140219283636554,5.140219283636555,0.0,8.593085088978383e-17,1.962615573354719e-16,0.2991571015970647,0.2991571015970647,0.0,68.6,0.10000000000000142,0.0,0.0,0.0,68.39999999999999,0.30000000000000426,0.0,0.0,0.0,False,False,False
269,3343084945,1155353691,0,GaussianSensor,0.65,0.2,0.1,0.05,True,True,True,True,goal_reached,0.20980781556116349,68.5,13.40144990235672,13.511915487816182,0.05262301135953155,0.24667569673236503,0.059931981702269516,0.03252315613979641,0.11076626562330585,0.04066760213243976,0.048406665605023415,0.24546265502008968,0.06118439812967153,0.1639729725436443,0.14421828051780283,5.327447763046372,5.327447763046372,0.0,8.153670181620305e-17,1.7772239894833365e-16,0.2725476319478518,0.2725476319478518,0.0,67.8,0.6999999999999993,0.0,0.0,0.0,67.49999999999999,1.0000000000000036,0.0,0.0,0.0,False,False,False
270,2308215660,3359604399,0,GaussianSensor,0.65,0.2,0.1,0.05,True,True,True,True,goal_reached,0.17538596360182798,62.0,13.12474119301295,13.24732773604115,0.05252216900965233,0.1642244965525292,0.059257468894961064,0.02905164915856831,0.08306965742049835,0.03502997742173583,0.04152282665692981,0.166958425894019,0.05220166729060126,0.08072852315020612,0.03209951510109832,4.780248106329088,4.780248106329088,0.0,9.089419580234126e-17,1.962615573354719e-16,0.3842602261803769,0.3842602261803769,0.0,62.0,0.0,0.0,0.0,0.0,62.0,0.0,0.0,0.0,0.0,False,False,False
271,716948047,2914218226,0,GaussianSensor,0.65,0.2,0.1,0.05,True,True,True,True,goal_reached,0.21190222310009837,69.4,13.714041257900496,13.89911009316633,0.05284599609478386,0.2531932650544084,0.05920821590631354,0.029247754019646934,0.08906437355799361,0.03876177151198493,0.042481213099050855,0.2523916825496956,0.05171034373912674,0.06804956835701219,0.0838891809565192,5.2013610190644375,5.201361019064438,0.0,8.4343027840933e-17,2.2215299868541707e-16,0.30824183029870283,0.30824183029870283,0.0,69.3,0.09999999999999787,0.0,0.0,0.0,69.0,0.3999999999999986,0.0,0.0,0.0,False,False,False
272,3683843986,2185353725,0,GaussianSensor,0.65,0.2,0.1,0.05,True,True,True,True,goal_reached,0.21298244323465448,73.0,14.831785529877996,14.998498734746313,0.054738317849693345,0.1786627689974074,0.06117116874105703,0.02560201521385021,0.08633581875991671,0.03178628554536528,0.04205098035641035,0.1786627689974074,0.05245230830376424,0.1208750903651896,0.09022384791418105,5.850530170670737,5.850530170670737,0.0,7.910677843006413e-17,2.8576114088871287e-16,0.34623699124010665,0.3462369912401066,0.0,73.0,0.0,0.0,0.0,0.0,73.0,0.0,0.0,0.0,0.0,False,False,False
273,641729385,1443877831,0,GaussianSensor,0.65,0.2,0.1,0.05,True,True,True,True,goal_reached,0.23599820045678632,75.4,14.196512656111372,14.277748251215291,0.05428898275210042,0.17231270018710193,0.061078006888699625,0.031116951915905314,0.07972202290463024,0.037303544001307816,0.04589256656588372,0.16493020595324714,0.055969080815206455,0.11058889597016848,0.09987325876287192,5.8688413665920365,5.8688413665920365,0.0,7.812887386767919e-17,2.7894008272968645e-16,0.3101796474969596,0.3101796474969596,0.0,67.0,8.400000000000006,0.0,0.0,0.0,66.7,8.700000000000003,0.0,0.0,0.0,False,False,False
274,53817024,1444500207,0,GaussianSensor,0.65,0.2,0.1,0.05,True,True,True,True,goal_reached,0.15147325900639227,73.5,13.680419137114455,13.73445638112176,0.05251330281686719,0.15825309737350263,0.05913671739434948,0.029530751025319633,0.09386641204082267,0.038013463032604104,0.046110972342567995,0.15943588060772357,0.057009498742838,0.1280409270514573,0.05253606558018453,5.23280973389592,5.23280973389592,0.0,7.891590663261405e-17,2.237726045655905e-16,0.28410332068598887,0.28410332068598887,0.0,71.9,1.5999999999999943,0.0,0.0,0.0,72.3,1.2000000000000028,0.0,0.0,0.0,False,False,False
275,3940032784,3701184968,0,GaussianSensor,0.65,0.2,0.1,0.05,True,True,True,True,goal_reached,0.17250943224993492,66.3,13.144417684441862,13.255045748188467,0.05067739873956679,0.15783820982334892,0.057892032111618294,0.026342024688297837,0.09238451984603258,0.03174021949549055,0.04161940778302948,0.18782213245361035,0.05254318139007069,0.09940186769129507,0.07729411822029222,5.150389386693946,5.150389386693947,0.0,8.607329691212871e-17,1.962615573354719e-16,0.2838221885259177,0.2838221885259176,0.0,65.1,1.1999999999999957,0.0,0.0,0.0,64.8,1.5,0.0,0.0,0.0,False,False,False
276,4114063967,4248643499,0,GaussianSensor,0.65,0.2,0.1,0.05,True,True,True,True,goal_reached,0.16002534506992816,69.5,13.333531329478678,13.373529156277703,0.05338978893189308,0.13937011237832073,0.05996749155873102,0.026156089560085482,0.0751738955415213,0.0315349843219578,0.03834222454501071,0.14107337605901898,0.047966299073917446,0.19279184523988166,0.15733329986592662,5.4791063235974775,5.4791063235974775,0.0,8.04595136679497e-17,1.7772239894833365e-16,0.23610240601254903,0.236102406012549,0.0,69.5,0.0,0.0,0.0,0.0,69.5,0.0,0.0,0.0,0.0,False,False,False
277,2764423084,946444819,0,GaussianSensor,0.65,0.2,0.1,0.05,True,True,True,True,goal_reached,0.17897977851876173,76.5,14.474883366992383,14.5256703962741,0.049242460779614514,0.17577910534237495,0.055715935768388083,0.028261784561800837,0.08905268035491454,0.034877777184310316,0.042264259719591295,0.17859443001456504,0.053349763477498396,0.12760164717577202,0.07489837287354348,5.783536909615005,5.783536909615005,0.0,7.792943792080648e-17,2.7755575615628914e-16,0.26843110069504983,0.26843110069504983,0.0,70.19999999999999,6.3,0.0,0.0,0.0,70.39999999999999,6.1000000000000005,0.0,0.0,0.0,False,False,False
278,3095793555,2007649964,0,GaussianSensor,0.65,0.2,0.1,0.05,True,True,True,True,goal_reached,0.1855953535116047,64.4,13.115985143223023,13.257383632784174,0.050844256093818645,0.2071869149436652,0.0571185172606886,0.030310398942795507,0.08401455332385802,0.03803073524166374,0.04442468578270927,0.16718060860937578,0.05568985401286689,0.10119733512044142,0.05537125223272055,5.078099601906306,5.078099601906306,0.0,9.275112124948911e-17,1.962615573354719e-16,0.2819743043956324,0.28197430439563254,0.0,64.4,0.0,0.0,0.0,0.0,64.4,0.0,0.0,0.0,0.0,False,False,False
279,1232035917,1746799248,0,GaussianSensor,0.65,0.2,0.1,0.05,True,True,True,True,goal_reached,0.1854075721815692,65.9,13.289719531086664,13.421478114395976,0.049731165876509574,0.1978011051299721,0.05661199003004627,0.025635336437327,0.07993612658417452,0.031818091602775544,0.039595613499365155,0.18319138715036318,0.04958225627833087,0.08204382633181796,0.059961073603266454,5.065251546153037,5.065251546153038,0.0,8.207431683716626e-17,1.8670653977139892e-16,0.2693811612432898,0.26938116124328987,0.0,65.9,0.0,0.0,0.0,0.0,65.9,0.0,0.0,0.0,0.0,False,False,False
280,229561739,1691000978,0,GaussianSensor,0.65,0.2,0.1,0.05,True,True,True,True,goal_reached,0.21202680021827888,78.10000000000001,14.517437054100267,14.626515111917632,0.04985458190425666,0.16637222501340537,0.056419515618224565,0.024909585015791852,0.08261934479681185,0.03129344753249735,0.04444935998914779,0.1972554532830584,0.055303189023172244,0.10973865904411752,0.06899466846346078,5.699722465411134,5.699722465411134,0.0,7.466433518349591e-17,2.498001805406602e-16,0.26169462071357497,0.261694620713575,0.0,66.10000000000001,12.000000000000004,0.0,0.0,0.0,66.2,11.899999999999999,0.0,0.0,0.0,False,False,False
281,4056746478,1322814385,0,GaussianSensor,0.65,0.2,0.1,0.05,True,True,True,True,goal_reached,0.1386354840754006,69.4,13.831509352799923,13.878022559805629,0.0519107553380068,0.24602496901286117,0.058749831078772,0.03026210546337243,0.08704435392452727,0.03787600495162105,0.04464252038348627,0.1969001941428301,0.05532074270240365,0.08755754576773343,0.02486809122033444,5.294145062454458,5.29414506245446,0.0,8.417701445675446e-17,2.7755575615628914e-16,0.26248749265436105,0.26248749265436105,0.0,69.4,0.0,0.0,0.0,0.0,69.4,0.0,0.0,0.0,0.0,False,False,False
282,1490637715,235682852,0,GaussianSensor,0.65,0.2,0.1,0.05,True,True,True,True,goal_reached,0.16537134922908137,74.3,13.950541158591127,14.006517154977425,0.050796369449731336,0.16041098802515688,0.057689815766902124,0.028293671808461922,0.1058099322371581,0.037075493677230044,0.04085694201813972,0.1732709839922004,0.05027913580690608,0.13038203605081106,0.13214748513384394,5.366418145101246,5.366418145101246,0.0,7.732656769033925e-17,2.220446049250313e-16,0.27808499443250173,0.27808499443250173,0.0,74.3,0.0,0.0,0.0,0.0,74.3,0.0,0.0,0.0,0.0,False,False,False
283,3172887330,1257601206,0,GaussianSensor,0.65,0.2,0.1,0.05,True,True,True,True,goal_reached,0.2582050763122805,86.0,16.78711508115569,17.111562084757722,0.05367462432438345,0.2520196678905591,0.06068321416359993,0.03597768219537209,0.1434971842227819,0.04697580229923992,0.04601023634996815,0.2340933737592314,0.057341045770502884,0.05394820444746979,0.00560631719867688,7.134413314577088,7.134413314577088,0.0,8.162917170388268e-17,2.7833528704240246e-16,0.3297971705817594,0.3297971705817594,0.0,84.8,1.1999999999999957,0.0,0.0,0.0,84.6,1.4000000000000057,0.0,0.0,0.0,False,False,False
284,4059518722,4054307301,0,GaussianSensor,0.65,0.2,0.1,0.05,True,True,True,True,goal_reached,0.20911875438442293,67.2,13.15512400228269,13.224009901134586,0.0534254722388813,0.14424614776137476,0.05957658564681631,0.03431783646315004,0.08502350722269171,0.04022843036151456,0.04943076988389098,0.1776172747301208,0.06112757779978064,0.11309778446746459,0.06233791638225939,5.297328588508648,5.297328588508648,0.0,8.676442651970586e-17,2.2247786310271853e-16,0.23614605038402744,0.23614605038402742,0.0,67.2,0.0,0.0,0.0,0.0,67.2,0.0,0.0,0.0,0.0,False,False,False
285,3789557191,1481771505,0,GaussianSensor,0.65,0.2,0.1,0.05,True,True,True,True,goal_reached,0.21752710841496647,67.9,13.058550129959052,13.21383252467031,0.053050549581433654,0.21933941135444235,0.06030938308627336,0.02368260135146426,0.07753581775897067,0.030584581102355575,0.042374039536157704,0.20813836072719516,0.05289462684654938,0.12320376089491347,0.07975552499832084,5.159571922088183,5.159571922088185,0.0,8.626824257498482e-17,1.962615573354719e-16,0.30014526030913,0.3001452603091302,0.0,67.8,0.10000000000000142,0.0,0.0,0.0,67.9,0.0,0.0,0.0,0.0,False,False,False
286,3875003028,956792337,0,GaussianSensor,0.65,0.2,0.1,0.05,True,True,True,True,goal_reached,0.17181451440714218,71.3,13.675582322881306,13.732824434480323,0.05296983464266682,0.2367380106352458,0.05984947244120694,0.04001378553829795,0.10992904546791671,0.04812893337601089,0.049046004588380154,0.23657706623890107,0.05962579339061269,0.3870958000429784,0.3137736660730272,5.266821692741015,5.266821692741015,0.0,8.16857713588909e-17,2.779024842816778e-16,0.25959866225541517,0.25959866225541517,0.0,62.4,8.899999999999999,0.0,0.0,0.0,62.1,9.199999999999996,0.0,0.0,0.0,False,False,False
287,3836413122,1604764411,0,GaussianSensor,0.65,0.2,0.1,0.05,True,True,True,True,goal_reached,0.2620362431039485,69.0,13.561740612714065,13.861164428954167,0.05390139345326713,0.17188394027941922,0.06076509367059742,0.026243547809952035,0.11010232262072553,0.03291044141693396,0.04066061661024218,0.19476773934702604,0.0505044367737567,0.07287431236497312,0.0740156102796492,5.059317319720725,5.059317319720725,0.0,8.081119709451695e-17,2.500169269419937e-16,0.4023968240532466,0.4023968240532466,0.0,68.6,0.3999999999999986,0.0,0.0,0.0,68.5,0.5,0.0,0.0,0.0,False,False,False
288,2184115418,276814588,0,GaussianSensor,0.65,0.2,0.1,0.05,True,True,True,True,goal_reached,0.25699324683368446,83.9,15.030357774043969,15.292253592410969,0.047850384761574875,0.14731438769539137,0.054406993476908354,0.02567265299929135,0.0819036215802651,0.03270218486485496,0.039233587732571996,0.16747453875207574,0.04965482115787403,0.09374647602921315,0.07182732821216742,6.598070947506122,6.598070947506123,0.0,7.637862651345202e-17,2.779024842816778e-16,0.2832387333700822,0.28323873337008215,0.0,67.8,16.1,0.0,0.0,0.0,67.4,16.499999999999993,0.0,0.0,0.0,False,False,False
289,3267561147,1867115710,0,GaussianSensor,0.65,0.2,0.1,0.05,True,True,True,True,goal_reached,0.1557185430177061,75.5,14.317150934468973,14.367842514027659,0.0526572420070604,0.2563195249623422,0.05957686869022532,0.028962613417837676,0.08963975723518099,0.03673500378924902,0.045219946182908706,0.2541130601743752,0.05534123209609139,0.07073452120678635,0.008758364063695012,6.100193963356823,6.100193963356823,0.0,7.904116620466421e-17,2.2215299868541707e-16,0.3367687851839684,0.3367687851839684,0.0,72.8,2.6999999999999957,0.0,0.0,0.0,72.60000000000001,2.8999999999999915,0.0,0.0,0.0,False,False,False
290,1338960723,2020451545,0,GaussianSensor,0.65,0.2,0.1,0.05,True,True,True,True,goal_reached,0.21703137353896124,70.7,13.735221845058625,13.930725452995084,0.0525963178624052,0.14490589566179018,0.05926890820756262,0.02959334446801713,0.09138657763479863,0.037553560755674016,0.04314155900874021,0.1582618554792046,0.054300453068402255,0.3519516414229947,0.3044049043534138,5.574410653179148,5.574410653179148,0.0,8.33587355381734e-17,2.7894008272968645e-16,0.3176706759352144,0.31767067593521436,0.0,70.5,0.20000000000000284,0.0,0.0,0.0,70.5,0.20000000000000284,0.0,0.0,0.0,False,False,False
291,3105204066,3893728945,0,GaussianSensor,0.65,0.2,0.1,0.05,True,True,True,True,goal_reached,0.1829165879554853,75.2,15.978312501730011,16.17506821342259,0.0507129364005041,0.15119205268258923,0.0570529099489856,0.024966545295986322,0.07527763207875182,0.029145574243870917,0.0377248182522231,0.16259452470668556,0.04727365471270632,0.12572693215879308,0.07655233856128049,5.837497954601071,5.837497954601071,0.0,8.77287637449274e-17,2.7809732887839817e-16,0.269082968579635,0.269082968579635,0.0,74.8,0.4000000000000057,0.0,0.0,0.0,74.2,0.9999999999999929,0.0,0.0,0.0,False,False,False
292,3217045316,3144965389,0,GaussianSensor,0.65,0.2,0.1,0.05,False,False,False,False,planning_failure,nan,nan,nan,nan,nan,nan,nan,nan,nan,nan,nan,nan,nan,nan,nan,nan,nan,nan,nan,nan,nan,nan,nan,,,,,,,,,,,,,
293,3129666222,2804183316,0,GaussianSensor,0.65,0.2,0.1,0.05,False,False,False,False,planning_failure,nan,nan,nan,nan,nan,nan,nan,nan,nan,nan,nan,nan,nan,nan,nan,nan,nan,nan,nan,nan,nan,nan,nan,,,,,,,,,,,,,
294,1628645893,3900630187,0,GaussianSensor,0.65,0.2,0.1,0.05,True,True,True,True,goal_reached,0.20309887189831527,64.60000000000001,13.438172062851898,13.561152302258138,0.050230174025964545,0.18069311166313717,0.05750709636276175,0.03256320172016288,0.10989600664237076,0.04221408963207599,0.042150856678686156,0.18069311166313717,0.05428372940982427,0.13007806718688447,0.0754861029743711,5.029659405040439,5.029659405040439,0.0,8.865159283772704e-17,1.8670653977139892e-16,0.3186620632399333,0.3186620632399333,0.0,64.60000000000001,0.0,0.0,0.0,0.0,64.60000000000001,0.0,0.0,0.0,0.0,False,False,False
295,271103938,670980768,0,GaussianSensor,0.65,0.2,0.1,0.05,True,True,True,True,goal_reached,0.19395983378337678,81.5,16.193013814606434,16.27384566987828,0.05198479483241544,0.21967963971375062,0.058378633360994914,0.031891898126384086,0.09193723427334391,0.03899944018453975,0.0429999055114264,0.16181750342607082,0.054069095556689914,0.19115128257145092,0.09919294885635521,6.368450185279206,6.368450185279206,0.0,8.106391977546626e-17,2.786162483075207e-16,0.2809457611041247,0.2809457611041247,0.0,78.8,2.700000000000003,0.0,0.0,0.0,79.19999999999999,2.3000000000000007,0.0,0.0,0.0,False,False,False
296,930298321,3877237296,0,GaussianSensor,0.65,0.2,0.1,0.05,True,True,True,True,goal_reached,0.13430770717644702,69.0,13.29413672145441,13.363513462146779,0.05078568005330222,0.14247934822064018,0.05728533001638167,0.02944913729092335,0.07015421392933725,0.034109315044389694,0.0394055413611088,0.17212821660117628,0.04885700785106035,0.10887297520020593,0.0940463511660884,5.162055097339169,5.162055097339169,0.0,8.358264655456053e-17,1.962615573354719e-16,0.25444025256328545,0.25444025256328545,0.0,65.89999999999999,3.1000000000000014,0.0,0.0,0.0,65.69999999999999,3.3000000000000114,0.0,0.0,0.0,False,False,False
297,4247440162,64953539,0,GaussianSensor,0.65,0.2,0.1,0.05,True,True,True,True,goal_reached,0.1929693148702123,71.5,14.331860716713226,14.419063245532746,0.05135675989452361,0.2365811817676266,0.05832895210083138,0.030557174471194125,0.08729381963624382,0.036608801908875166,0.04206719677588601,0.1692929933244263,0.051882100975013466,0.09038685784406887,0.0254860118643847,5.59080414010202,5.59080414010202,0.0,8.312027970541828e-17,2.779024842816778e-16,0.30755631937080136,0.30755631937080136,0.0,71.5,0.0,0.0,0.0,0.0,71.5,0.0,0.0,0.0,0.0,False,False,False
298,2355914593,3287357915,0,GaussianSensor,0.65,0.2,0.1,0.05,True,True,True,True,goal_reached,0.16804979586221958,72.60000000000001,14.505788178168313,14.667736809214235,0.052474766714656874,0.184841615031224,0.059212137588532,0.028577930363092963,0.07528842853090045,0.03564679372755784,0.03816382555024558,0.184841615031224,0.04752924287578821,0.08159261152942489,0.04998995931149181,6.190312658356733,6.190312658356733,0.0,8.282908853448368e-17,2.7756795316273483e-16,0.3666443022149413,0.3666443022149413,0.0,71.4,1.1999999999999975,0.0,0.0,0.0,70.9,1.700000000000001,0.0,0.0,0.0,False,False,False
299,3155458668,3892778345,0,GaussianSensor,0.65,0.2,0.1,0.05,True,True,True,True,goal_reached,0.13642859686680778,62.1,13.070070582331361,13.150625669490854,0.049646137438267395,0.17701865492956095,0.0565956395346286,0.02890257594006716,0.07244561429880376,0.03415053299036145,0.04203549453169203,0.17697297568316067,0.05223823166082506,0.10357244596686892,0.07799412638011471,4.9255010384862175,4.925501038486218,0.0,8.990611408265217e-17,2.7894008272968645e-16,0.2560900517055627,0.2560900517055627,0.0,62.00000000000001,0.09999999999999432,0.0,0.0,0.0,61.800000000000004,0.29999999999999716,0.0,0.0,0.0,False,False,False
300,261694751,3306138721,0,GaussianSensor,0.65,0.2,0.1,0.05,True,True,True,True,goal_reached,0.16446245214208413,67.10000000000001,13.395695927701356,13.513510972761763,0.050480215777333026,0.1513888796575744,0.05754085909553194,0.023932030908115607,0.07705829952669402,0.03052926118484513,0.041887053507372735,0.17444717191638218,0.05233957154353729,0.10461271656298389,0.08213864561780387,5.353489279693212,5.353489279693212,0.0,8.566255367305767e-17,1.962615573354719e-16,0.2820485294214079,0.28204852942140796,0.0,67.10000000000001,0.0,0.0,0.0,0.0,66.8,0.30000000000000426,0.0,0.0,0.0,False,False,False
301,3070443799,2229780676,0,GaussianSensor,0.65,0.2,0.1,0.05,False,False,False,False,planning_failure,nan,nan,nan,nan,nan,nan,nan,nan,nan,nan,nan,nan,nan,nan,nan,nan,nan,nan,nan,nan,nan,nan,nan,,,,,,,,,,,,,
302,4014468795,3330966323,0,GaussianSensor,0.65,0.2,0.1,0.05,True,True,True,True,goal_reached,0.2155712981757141,77.5,14.048591830558816,14.144573109168253,0.05306494789851592,0.23594863002363684,0.05937567872416626,0.036284691315487214,0.10545834722723833,0.04347426842745805,0.04300539641251935,0.23516351140070935,0.05301162108027326,0.07893875672836959,0.07563688995613571,5.614017115148725,5.614017115148725,0.0,7.803835566143037e-17,2.776424787817943e-16,0.34361618197981014,0.34361618197981014,0.0,70.5,7.0,0.0,0.0,0.0,70.69999999999999,6.800000000000001,0.0,0.0,0.0,False,False,False
303,2297809352,309975942,0,GaussianSensor,0.65,0.2,0.1,0.05,True,True,True,True,goal_reached,0.21141935521993024,61.800000000000004,12.946603090718819,13.068526097224389,0.053640440584037975,0.2286434006386186,0.06094340312835888,0.0366610853580216,0.13086237111236662,0.04520120354915893,0.04827255040791263,0.22797438098522826,0.06059103647648689,0.08748291081407143,0.07312887314895128,5.088127449077248,5.088127449077248,0.0,9.545335881672331e-17,1.962615573354719e-16,0.2810800391524733,0.2810800391524733,0.0,61.800000000000004,0.0,0.0,0.0,0.0,61.800000000000004,0.0,0.0,0.0,0.0,False,False,False
304,1395041433,176894916,0,GaussianSensor,0.65,0.2,0.1,0.05,True,True,True,True,goal_reached,0.24410872648598114,73.10000000000001,14.217371705111432,14.39262568603269,0.055029830809038935,0.22329573047035825,0.06251785694564073,0.04024156535350727,0.12084274250514081,0.05150396566294892,0.05051112429870089,0.2230151921902461,0.06386599967152327,0.04250183582344143,0.0,5.5626605799472575,5.5626605799472575,0.0,8.283235239517617e-17,2.7755575615628914e-16,0.26985844629991657,0.2698584462999166,0.0,71.2,1.9000000000000057,0.0,0.0,0.0,71.5,1.5,0.10000000000000142,0.0,0.0,False,False,False
305,3864368792,234163914,0,GaussianSensor,0.65,0.2,0.1,0.05,True,True,True,True,goal_reached,0.23397937171184982,69.2,13.30651770615344,13.457192078962263,0.05213453213002811,0.2767651439507597,0.05885107941700782,0.02647694710243294,0.07922158743613822,0.0335164463743189,0.038370717427219696,0.2767651439507597,0.04936973980382611,0.11284554213894944,0.10997333702044337,5.181061846749412,5.181061846749412,0.0,8.391495797759084e-17,1.962615573354719e-16,0.28507319735073283,0.2850731973507329,0.0,61.9,7.300000000000004,0.0,0.0,0.0,61.699999999999996,7.5000000000000036,0.0,0.0,0.0,False,False,False
306,3165692786,152022987,0,GaussianSensor,0.65,0.2,0.1,0.05,True,True,True,True,goal_reached,0.19209156616808262,66.7,14.033779586594344,14.187243671452038,0.05161378936020821,0.19757407045761421,0.059460029728576544,0.02680588578302881,0.0766783971647239,0.03224069546276159,0.04359491196860508,0.1980049113147177,0.054136423615731205,0.1362789961850746,0.14824483783157746,5.512839278291187,5.512839278291188,0.0,8.676895793555545e-17,2.779024842816778e-16,0.3611269608529914,0.3611269608529914,0.0,66.7,0.0,0.0,0.0,0.0,66.7,0.0,0.0,0.0,0.0,False,False,False
307,2518834372,2627015822,0,GaussianSensor,0.65,0.2,0.1,0.05,True,True,True,True,goal_reached,0.22233919770508487,83.5,17.1687357552783,17.321256030368286,0.04884590504138379,0.19653128929059646,0.05582189805849124,0.018857052409452943,0.07673227541827113,0.024366993371850915,0.03611083706551151,0.18320845356016058,0.04584003394495671,0.12251220890949135,0.0637062260221124,7.050050764596431,7.050050764596431,0.0,8.388445146178827e-17,2.779024842816778e-16,0.2736634588354399,0.27366345883543985,0.0,83.2,0.2999999999999936,0.0,0.0,0.0,83.19999999999999,0.30000000000000426,0.0,0.0,0.0,False,False,False
308,1500926823,2702353126,0,GaussianSensor,0.65,0.2,0.1,0.05,True,True,True,True,goal_reached,0.1531433981577025,75.10000000000001,14.865505898149802,14.952522721250318,0.050321027284168096,0.28114858828295725,0.05754363895497357,0.03553688371461373,0.11194306889107598,0.0435617021407896,0.04219552866290512,0.28114858828295725,0.0536420370976911,0.11072516598088473,0.05652035176926915,5.95489996935778,5.954899969357781,0.0,8.032508132321972e-17,1.962615573354719e-16,0.257843673507648,0.25784367350764803,0.0,74.7,0.3999999999999986,0.0,0.0,0.0,74.5,0.6000000000000085,0.0,0.0,0.0,False,False,False
309,1478697371,1836739835,0,GaussianSensor,0.65,0.2,0.1,0.05,True,True,True,True,goal_reached,0.15043043372265757,63.800000000000004,12.920085414783124,13.00186908100141,0.053940714745145876,0.14112076576694463,0.060348755132703324,0.029490635443896202,0.14922036123053678,0.04102236526761907,0.045768953314169386,0.19892111978708177,0.05715067000444949,0.06970897998912609,0.06134512192448328,5.289283333073574,5.289283333073575,0.0,8.613566967476151e-17,1.962615573354719e-16,0.24439768103847112,0.24439768103847112,0.0,63.800000000000004,0.0,0.0,0.0,0.0,63.800000000000004,0.0,0.0,0.0,0.0,False,False,False
310,1997022228,3702656684,0,GaussianSensor,0.65,0.2,0.1,0.05,False,False,False,False,planning_failure,nan,nan,nan,nan,nan,nan,nan,nan,nan,nan,nan,nan,nan,nan,nan,nan,nan,nan,nan,nan,nan,nan,nan,,,,,,,,,,,,,
311,8808251,2699201123,0,GaussianSensor,0.65,0.2,0.1,0.05,True,True,True,True,goal_reached,0.2424324800002141,74.4,14.241417509435509,14.478923382257157,0.05244307330816301,0.1310658695335694,0.058522828647187455,0.03798697214115918,0.09297205138534187,0.04450117852085211,0.04897151697904933,0.1718613908580613,0.060204652307926355,0.06110373852522845,0.06018629293618786,5.717615686533913,5.717615686533914,0.0,8.076255969023668e-17,1.962615573354719e-16,0.2520610412596944,0.2520610412596945,0.0,69.9,4.5,0.0,0.0,0.0,70.39999999999999,4.0000000000000036,0.0,0.0,0.0,False,False,False
312,2510452995,877120150,0,GaussianSensor,0.65,0.2,0.1,0.05,True,True,True,True,goal_reached,0.1491301431792577,67.5,13.307053784401596,13.354782839437592,0.054399386259019536,0.23039885606531696,0.06292404321843384,0.03746907369431443,0.10456748823594904,0.045134007418551586,0.04414730656602025,0.19494089644399432,0.05529489205033883,0.12167629367728991,0.04259237325339871,5.17327307353327,5.17327307353327,0.0,8.543163224673309e-17,2.776424787817943e-16,0.2480560463433224,0.24805604634332246,0.0,67.0,0.5,0.0,0.0,0.0,67.3,0.19999999999999574,0.0,0.0,0.0,False,False,False
313,3662182205,3029917006,0,GaussianSensor,0.65,0.2,0.1,0.05,True,True,True,True,goal_reached,0.22812601754500572,109.2,21.437926162014683,21.71626269241645,0.04920550939011347,0.19699041811141993,0.055538681800562886,0.02634630680202383,0.09584940982079647,0.03291149413754946,0.03970839272108705,0.19699041811141993,0.0495574098233962,0.07866232184384943,0.020431435055257907,8.365718376543745,8.365718376543745,0.0,8.433568491571707e-17,2.7894008272968645e-16,0.3366490416818786,0.3366490416818786,0.0,106.3,2.900000000000004,0.0,0.0,0.0,105.89999999999999,3.3000000000000007,0.0,0.0,0.0,False,False,False
314,2529132381,1521881222,0,GaussianSensor,0.65,0.2,0.1,0.05,True,True,True,True,goal_reached,0.1846779480796265,74.2,15.315682697424505,15.355773961268351,0.05356532329951501,0.1371664874351613,0.05992345906991307,0.03330852330099507,0.10142387022806311,0.04070428105338636,0.05011767499329183,0.16430103760927992,0.06119404626844455,0.12546800522393436,0.06194658021608832,6.099821115811421,6.099821115811422,0.0,8.278263094042691e-17,2.7894008272968645e-16,0.2646427951941201,0.2646427951941201,0.0,74.0,0.1999999999999993,0.0,0.0,0.0,74.2,0.0,0.0,0.0,0.0,False,False,False
315,4244911519,1257395889,0,GaussianSensor,0.65,0.2,0.1,0.05,True,True,True,True,goal_reached,0.15794561132970142,61.5,12.698774037495362,12.76812408671319,0.052558401758590015,0.29538371757161763,0.059517470604593684,0.024916644626418256,0.06741006388347066,0.02985021885028684,0.03953680725079583,0.19242927882719876,0.050145601523855436,0.11860896873940033,0.10219330220273436,4.544410064056375,4.544410064056375,0.0,9.248093950685897e-17,1.962615573354719e-16,0.2594656388409823,0.2594656388409823,0.0,61.5,0.0,0.0,0.0,0.0,61.5,0.0,0.0,0.0,0.0,False,False,False
316,1076928853,2642541720,0,GaussianSensor,0.65,0.2,0.1,0.05,True,True,True,True,goal_reached,0.15091756628394196,75.4,13.75161169165737,13.941863047499226,0.0563225434531251,0.1772715978019468,0.06434718158372799,0.03180665128780666,0.10629975193909943,0.04108645304132822,0.04516871855498335,0.1827578868017209,0.0561945434607122,0.07078196920430915,0.02535404164613797,5.836031735055356,5.836031735055357,0.0,7.53948340496944e-17,2.797157557069881e-16,0.2431745904037317,0.24317459040373168,0.0,66.7,8.699999999999994,0.0,0.0,0.0,66.60000000000001,8.799999999999995,0.0,0.0,0.0,False,False,False
317,3900580241,3253598588,0,GaussianSensor,0.65,0.2,0.1,0.05,True,True,True,True,goal_reached,0.1639833163423164,75.5,15.813396236530465,15.845762716476678,0.05257344711111211,0.26058702799042516,0.05946564251764265,0.0348396226269648,0.17675350959273195,0.04829327367447305,0.0470900746760449,0.26058702799042516,0.06320704653825351,0.11776775098378085,0.08319195538818569,6.481166219771275,6.481166219771275,0.0,8.518364441107716e-17,2.786162483075207e-16,0.43945386031806233,0.43945386031806244,0.0,75.5,0.0,0.0,0.0,0.0,75.5,0.0,0.0,0.0,0.0,False,False,False
318,1443759745,4221436515,0,GaussianSensor,0.65,0.2,0.1,0.05,True,True,True,True,goal_reached,0.1789419536404032,68.5,13.806183712106261,13.875747082166004,0.050154089910431306,0.1737904385495948,0.056626309663301545,0.02507148880846969,0.08682185518105152,0.033110139216597965,0.03786506773868588,0.1617957766658207,0.0471131001924565,0.14259944470121463,0.15747582455863332,5.178036149365218,5.178036149365218,0.0,8.634370453508576e-17,2.779024842816778e-16,0.26186794036836214,0.26186794036836203,0.0,68.5,0.0,0.0,0.0,0.0,68.5,0.0,0.0,0.0,0.0,False,False,False
319,4114846692,1948432374,0,GaussianSensor,0.65,0.2,0.1,0.05,True,True,True,True,goal_reached,0.14907113206300285,77.80000000000001,14.138116997646028,14.222126349821945,0.050164884981366106,0.14140378237517393,0.056319944800421136,0.02976455369198778,0.10210782299733433,0.03853359167749991,0.044647189871865486,0.1891182168772688,0.0557551797722409,0.14009388441386367,0.08958691717325795,5.215471622837082,5.215471622837083,0.0,7.666967261015546e-17,1.8670653977139892e-16,0.4087065585069575,0.4087065585069575,0.0,68.9,8.899999999999999,0.0,0.0,0.0,68.9,8.9,0.0,0.0,0.0,False,False,False
320,1401556152,1596559168,0,GaussianSensor,0.65,0.2,0.1,0.05,True,True,True,True,goal_reached,0.28072295212373233,69.60000000000001,13.627970686141566,13.747941096045334,0.05180480359358348,0.1453472672686091,0.05795900394634695,0.03676563516683989,0.09858155786548028,0.04498261684011982,0.04643792627574638,0.19859006525418027,0.05729229870386251,0.09734416233092905,0.06182722688159139,5.314596784382838,5.314596784382838,0.0,8.242513089199045e-17,2.482534153247273e-16,0.39816066765715313,0.39816066765715313,0.0,59.400000000000006,10.199999999999998,0.0,0.0,0.0,59.40000000000002,10.199999999999985,0.0,0.0,0.0,False,False,False
321,3842624667,3668822796,0,GaussianSensor,0.65,0.2,0.1,0.05,True,True,True,True,goal_reached,0.19119097682250955,65.4,13.133410210355837,13.21212094160538,0.0513457261311173,0.15571420808627104,0.05800176823371623,0.025170305955852366,0.0905223487270445,0.03247956363418193,0.04162469614159996,0.1562871169579301,0.05271317584360898,0.09337196081254354,0.08512588548813327,5.107011482376433,5.107011482376434,0.0,8.308281283489884e-17,1.8875832159447664e-16,0.28543539136072704,0.28543539136072704,0.0,65.4,0.0,0.0,0.0,0.0,65.4,0.0,0.0,0.0,0.0,False,False,False
322,1983609201,1852087215,0,GaussianSensor,0.65,0.2,0.1,0.05,True,True,True,True,goal_reached,0.22098561430081684,79.0,15.357996960301762,15.586124948552436,0.052090617888920346,0.16401980549624975,0.05890491001984609,0.03337379229335531,0.08857974195337648,0.03875611155774428,0.04473821826179645,0.19079827611555145,0.05550772911362523,0.1722059543814649,0.10590942055758405,6.043622058459858,6.043622058459859,0.0,7.942152799503775e-17,2.776424787817943e-16,0.30441566037097695,0.30441566037097695,0.0,76.69999999999999,2.3000000000000025,0.0,0.0,0.0,77.10000000000001,1.8999999999999915,0.0,0.0,0.0,False,False,False
323,1265791630,93762455,0,GaussianSensor,0.65,0.2,0.1,0.05,True,True,True,True,goal_reached,0.20894216501415241,61.5,12.980308800856417,13.105130059498329,0.052741635141010976,0.14483608415268603,0.059513928687654635,0.029723724313806203,0.0725347914373739,0.03651426954955805,0.04338792705786227,0.15589889783148309,0.053279582525919564,0.12159628610149086,0.08978845652158765,4.770541327016588,4.7705413270165895,0.0,8.919041858611948e-17,1.7772239894833365e-16,0.23973130200961895,0.239731302009619,0.0,61.5,0.0,0.0,0.0,0.0,61.5,0.0,0.0,0.0,0.0,False,False,False
324,3546151447,4049281049,0,GaussianSensor,0.65,0.2,0.1,0.05,True,True,True,True,goal_reached,0.24544761950364868,71.10000000000001,14.580052003194387,14.710475013969818,0.05020820884354949,0.1585886605162257,0.05659727960086939,0.032739608249683,0.09899502840944623,0.038528659733606425,0.04177638046650593,0.17539795817414205,0.05314298667236664,0.13358482613038647,0.07460204182585795,5.717599266746987,5.717599266746987,0.0,8.317148561567837e-17,2.7755575615628914e-16,0.28001712186858346,0.28001712186858346,0.0,68.4,2.700000000000003,0.0,0.0,0.0,67.9,3.1999999999999993,0.0,0.0,0.0,False,False,False
325,525814137,3539809369,0,GaussianSensor,0.65,0.2,0.1,0.05,True,True,True,True,goal_reached,0.23397431447475228,68.3,13.837827860523113,13.97265984110122,0.05178916243321608,0.18262915297197949,0.05882839228692971,0.028316653675402828,0.08627749081020038,0.03510611150095728,0.042710009478952544,0.16248872300867676,0.053775283482156384,0.17142933751618186,0.11891255568502188,5.350800002100981,5.350800002100982,0.0,8.543056610777593e-17,2.779024842816778e-16,0.25532036332174757,0.2553203633217477,0.0,66.39999999999999,1.8999999999999986,0.0,0.0,0.0,66.69999999999999,1.6000000000000014,0.0,0.0,0.0,False,False,False
326,2481991110,814435279,0,GaussianSensor,0.65,0.2,0.1,0.05,True,True,True,True,goal_reached,0.16730293683789887,72.9,13.936340855270178,14.046832930131115,0.050634777718246024,0.18811651108168664,0.05728369877619234,0.028656291562987185,0.1057360452596094,0.03870951228379379,0.040746538443759105,0.18811651108168664,0.05129272047793811,0.12178334701099669,0.07808600061658902,5.435000755962134,5.435000755962135,0.0,8.292898019355045e-17,1.962615573354719e-16,0.3153551993622778,0.3153551993622778,0.0,72.9,0.0,0.0,0.0,0.0,72.9,0.0,0.0,0.0,0.0,False,False,False
327,3166319258,2915168923,0,GaussianSensor,0.65,0.2,0.1,0.05,True,True,True,True,goal_reached,0.2202220692892725,71.5,14.493400400354158,14.640587634158473,0.052447417570457185,0.16366835371351934,0.059421165033363255,0.026296356687426064,0.1131223243782431,0.03530928535118903,0.0429334739124827,0.15572576860255039,0.05266145888508565,0.0762865204881879,0.1399910603579946,5.735045311626983,5.735045311626983,0.0,8.166101434621785e-17,2.3714374201337736e-16,0.3026606566094767,0.3026606566094767,0.0,69.99999999999999,1.500000000000007,0.0,0.0,0.0,69.39999999999999,2.1000000000000014,0.0,0.0,0.0,False,False,False
328,4202554975,263124526,0,GaussianSensor,0.65,0.2,0.1,0.05,True,True,True,True,goal_reached,0.23394699074383687,59.2,12.622140392321544,12.790201583174564,0.051906798185211434,0.14860354519856822,0.05818141978345488,0.03088429423054122,0.09776576495485703,0.03786872219049372,0.040464316768651934,0.15601835293790875,0.05098953694993185,0.11912173157652553,0.05984208198577523,4.581894958366515,4.581894958366515,0.0,9.676230820383872e-17,1.962615573354719e-16,0.211952069405183,0.21195206940518307,0.0,57.5,1.6999999999999993,0.0,0.0,0.0,57.199999999999996,2.0000000000000036,0.0,0.0,0.0,False,False,False
329,1090630675,260126566,0,GaussianSensor,0.65,0.2,0.1,0.05,True,True,True,True,goal_reached,0.16845169694634446,72.9,14.382889656985435,14.51182142588808,0.05122238539169939,0.14473768456120348,0.05740452378526172,0.029913798733639405,0.10513973439721679,0.03779194707063458,0.04156646814550652,0.16195677439306,0.05266539821790353,0.1690298459047688,0.11421883559560511,5.995026860765444,5.995026860765442,0.0,8.50671810501187e-17,1.986996825864056e-16,0.323618850005478,0.323618850005478,0.0,65.5,7.399999999999999,0.0,0.0,0.0,65.2,7.699999999999999,0.0,0.0,0.0,False,False,False
330,805194769,1062113203,0,GaussianSensor,0.65,0.2,0.1,0.05,True,True,True,True,goal_reached,0.18349808221377567,68.3,13.665588366083702,13.71640255129987,0.04883101026258613,0.17013138212848564,0.05522726193947066,0.032944806327838735,0.10605041278117952,0.041826883999508735,0.03999170704589683,0.1464847278447386,0.05037282114302845,0.12140761493000646,0.09681765361355846,5.3220609828125385,5.322060982812539,0.0,8.672604892297771e-17,2.5133742693021536e-16,0.24534398774830415,0.24534398774830432,0.0,68.3,0.0,0.0,0.0,0.0,68.3,0.0,0.0,0.0,0.0,False,False,False
331,151607691,3837345201,0,GaussianSensor,0.65,0.2,0.1,0.05,True,True,True,True,goal_reached,0.21644135547571292,70.5,14.731793861602005,14.87074102547106,0.05407647517409058,0.14404220385595584,0.06070366534056995,0.03151042562969024,0.10294980602948314,0.03886587702124465,0.04188072066612811,0.1682744878820673,0.05241670759099264,0.135563526963778,0.08723652907372728,5.603986576508352,5.603986576508352,0.0,8.301509249009024e-17,2.8066088919804617e-16,0.27597633774930636,0.27597633774930636,0.0,68.6,1.8999999999999986,0.0,0.0,0.0,68.6,1.8999999999999986,0.0,0.0,0.0,False,False,False
332,2177655872,698235934,0,GaussianSensor,0.65,0.2,0.1,0.05,True,True,True,True,goal_reached,0.2246769532317892,68.3,13.17240015290307,13.299325849022418,0.053654692612202126,0.22656075096185227,0.06147095311831603,0.02616025496773846,0.1083873799601607,0.034208719902518815,0.043559068918901565,0.18540530007174702,0.05426084058220599,0.15609973289022647,0.03236459246896587,5.270825731927157,5.270825731927157,0.0,8.169441394217741e-17,1.7772239894833365e-16,0.24819485019871707,0.24819485019871704,0.0,67.6,0.7000000000000028,0.0,0.0,0.0,67.39999999999999,0.9000000000000057,0.0,0.0,0.0,False,False,False
333,897873287,471136995,0,GaussianSensor,0.65,0.2,0.1,0.05,True,True,True,True,goal_reached,0.19819770891550859,77.10000000000001,14.305612570938214,14.538948435464514,0.053059550547947885,0.17883760094534493,0.06048373918020592,0.023204990458732033,0.10588977331279555,0.030430393028847542,0.04078808955709157,0.17402615831807874,0.05208060600238047,0.10581608226956804,0.04140037101784458,5.828187686508618,5.828187686508619,0.0,7.520417194148153e-17,2.793066411846225e-16,0.4231840321227806,0.4231840321227806,0.0,61.30000000000001,15.799999999999995,0.0,0.0,0.0,59.599999999999994,17.50000000000001,0.0,0.0,0.0,False,False,False
334,763514114,294386062,0,GaussianSensor,0.65,0.2,0.1,0.05,True,True,True,True,goal_reached,0.2746459073545115,68.4,13.207492590152356,13.440880006873606,0.05135608642143594,0.2309237610028808,0.05807005782681675,0.0279052153265125,0.0727472847555416,0.032866220187094945,0.04296909556664241,0.2309237610028808,0.0536498300816581,0.07805586450441751,0.04280424198845307,5.184117398842812,5.184117398842812,0.0,7.998686790124384e-17,2.5018537765542007e-16,0.2691348003370458,0.2691348003370458,0.0,68.4,0.0,0.0,0.0,0.0,68.4,0.0,0.0,0.0,0.0,False,False,False
335,4175213812,861520140,0,GaussianSensor,0.65,0.2,0.1,0.05,False,False,False,False,planning_failure,nan,nan,nan,nan,nan,nan,nan,nan,nan,nan,nan,nan,nan,nan,nan,nan,nan,nan,nan,nan,nan,nan,nan,,,,,,,,,,,,,
336,2954388502,1276276491,0,GaussianSensor,0.65,0.2,0.1,0.05,True,True,True,True,goal_reached,0.16169459025976077,90.2,17.66239697297692,17.715591447625584,0.054688988699129,0.22841612783189882,0.06107936279173953,0.031665669123761,0.11077086260191371,0.0397236788092826,0.04315614913783406,0.1730313866952244,0.05431303858606177,0.13336246542359217,0.021192533125523383,7.140379340249417,7.1403793402494165,0.0,7.777164247933382e-17,2.779024842816778e-16,0.2752790717510063,0.2752790717510064,0.0,81.0,9.2,0.0,0.0,0.0,81.3,8.899999999999997,0.0,0.0,0.0,False,False,False
337,2235943386,2895981783,0,GaussianSensor,0.65,0.2,0.1,0.05,False,False,False,False,planning_failure,nan,nan,nan,nan,nan,nan,nan,nan,nan,nan,nan,nan,nan,nan,nan,nan,nan,nan,nan,nan,nan,nan,nan,,,,,,,,,,,,,
338,3470333287,392077091,0,GaussianSensor,0.65,0.2,0.1,0.05,True,True,True,True,goal_reached,0.16847260508847373,73.0,13.80170565590798,13.908116575767608,0.0517539579458672,0.22926201217955905,0.05798026818033316,0.03137262865296618,0.11211832395758252,0.03990182745758481,0.03965796850411558,0.22865551752279603,0.04883241551600808,0.10506068203190509,0.07155538166124131,5.451823609622043,5.451823609622043,0.0,7.768727472788574e-17,2.5018537765542007e-16,0.32653501954207975,0.3265350195420798,0.0,68.39999999999999,4.600000000000014,0.0,0.0,0.0,68.2,4.799999999999997,0.0,0.0,0.0,False,False,False
339,229694451,761326547,0,GaussianSensor,0.65,0.2,0.1,0.05,True,True,True,True,goal_reached,0.1358409427954755,66.4,13.303800041969147,13.292468545309122,0.0540629084340087,0.14534779867523193,0.06047987564198244,0.03404426545856074,0.08285195352370102,0.03981488168191826,0.042646779096455686,0.1665489736271319,0.05303896472355306,0.21948133379952459,0.14191354140865553,4.781539380421398,4.781539380421399,0.0,8.278081920540845e-17,1.7772239894833365e-16,0.2572010482701761,0.25720104827017615,0.0,66.3,0.10000000000000009,0.0,0.0,0.0,66.3,0.10000000000000009,0.0,0.0,0.0,False,False,False
340,3389984200,584043030,0,GaussianSensor,0.65,0.2,0.1,0.05,True,True,True,True,goal_reached,0.16525742906551727,62.5,13.004579310512472,13.068654509036953,0.05372261169922413,0.17053522723115405,0.05959928687848354,0.027922576344315282,0.12356713864243876,0.0386551828074798,0.042847904847635995,0.2011335439191214,0.05554891857172614,0.13485045740177293,0.03951003891325725,4.971796715822901,4.971796715822901,0.0,9.167102696625083e-17,2.2215299868541707e-16,0.38416406164582434,0.38416406164582434,0.0,62.5,0.0,0.0,0.0,0.0,62.5,0.0,0.0,0.0,0.0,False,False,False
341,2259846060,1430329713,0,GaussianSensor,0.65,0.2,0.1,0.05,True,True,True,True,goal_reached,0.10218093461097279,67.5,13.318132283345921,13.339907335204687,0.051474864425077226,0.16575742591978856,0.05888302661418295,0.029067802135758262,0.1031400470922403,0.03511427756923695,0.043664081194056195,0.17876652732770407,0.05436878918413248,0.04946082963753683,0.023149072182558683,5.166322336148757,5.166322336148756,0.0,8.392004293435425e-17,1.962615573354719e-16,0.2372537183574404,0.23725371835744033,0.0,67.0,0.5,0.0,0.0,0.0,66.8,0.6999999999999957,0.0,0.0,0.0,False,False,False
342,1100808599,3351678227,0,GaussianSensor,0.65,0.2,0.1,0.05,True,True,True,True,goal_reached,0.19560151410794324,89.60000000000001,16.29644606755492,16.508489315849637,0.04930201278576081,0.14284435837471085,0.0550828955804412,0.030850940273789797,0.08786520271855368,0.037928008852117986,0.0431036247276819,0.17732476673103115,0.05410620566095534,0.10026005410262791,0.06345596189039604,6.515632354240839,6.515632354240839,0.0,7.317000832780601e-17,2.2215299868541707e-16,0.34817133841489367,0.34817133841489367,0.0,75.60000000000001,13.999999999999993,0.0,0.0,0.0,75.9,13.699999999999998,0.0,0.0,0.0,False,False,False
343,2810020882,1743223712,0,GaussianSensor,0.65,0.2,0.1,0.05,True,True,True,True,goal_reached,0.18918955360948078,76.80000000000001,14.448959976758989,14.6258837217525,0.05157648673681927,0.1914121791431546,0.05833886215396251,0.03639296777184427,0.10183705105516648,0.04369084706885697,0.04379817513276678,0.19961009694207177,0.05526189571719777,0.10276587211425635,0.058432099192655094,5.907747851484217,5.907747851484219,0.0,7.85947110273166e-17,2.2591401799415137e-16,0.24849941538758558,0.24849941538758555,0.0,74.5,2.299999999999998,0.0,0.0,0.0,73.5,3.300000000000005,0.0,0.0,0.0,False,False,False
344,1838110112,3276323680,0,GaussianSensor,0.65,0.2,0.1,0.05,True,True,True,True,goal_reached,0.14657230474922742,66.2,13.10375895112665,13.17268582317923,0.05131260616893688,0.22617075776027556,0.05827828077405592,0.026910909136891217,0.11339992184622882,0.03469712213394831,0.038232072488718745,0.1731440191209662,0.04843860860401621,0.08375520658660644,0.04753031329855399,4.995245300591234,4.995245300591234,0.0,8.507032400216882e-17,1.962615573354719e-16,0.29859205179406273,0.29859205179406273,0.0,66.2,0.0,0.0,0.0,0.0,66.2,0.0,0.0,0.0,0.0,False,False,False
345,731381694,614159404,0,GaussianSensor,0.65,0.2,0.1,0.05,True,True,True,True,goal_reached,0.22309316281301378,68.3,13.318535839994812,13.445549563044473,0.05273635673675182,0.268577965029524,0.05973782466878987,0.028776172240853156,0.09782671361354724,0.03742591585152761,0.043717169638702265,0.20275715390832966,0.05397053677558596,0.09821263378205118,0.0657783530176929,5.214708095053174,5.214708095053174,0.0,7.838254120504684e-17,2.220717083251841e-16,0.2682535720624291,0.2682535720624291,0.0,68.3,0.0,0.0,0.0,0.0,68.3,0.0,0.0,0.0,0.0,False,False,False
346,1019929013,2368979340,0,GaussianSensor,0.65,0.2,0.1,0.05,True,True,True,True,goal_reached,0.19989839406653737,70.2,13.016223469758483,13.316074102706246,0.05231729839730479,0.16687070689579747,0.05865992743278056,0.035224310906155146,0.10486127050959576,0.04217796977115165,0.04551212024366427,0.16318948882824963,0.05636049092156232,0.04822061660815202,0.019486358765354757,5.258559322402078,5.258559322402078,0.0,8.217674851711839e-17,1.962615573354719e-16,0.37885985974025266,0.37885985974025266,0.0,61.9,8.299999999999999,0.0,0.0,0.0,62.0,8.200000000000001,0.0,0.0,0.0,False,False,False
347,1630963745,1016495745,0,GaussianSensor,0.65,0.2,0.1,0.05,True,True,True,True,goal_reached,0.2565397521384767,80.30000000000001,15.493811481384956,15.812357477552045,0.05231314671267918,0.16818336002412257,0.059410204666715635,0.02539629895999635,0.09891233852121,0.03366829514575016,0.04349383742242742,0.18707541062517152,0.05407792709101726,0.1303745461370555,0.03724943177399259,6.434294873037951,6.43429487303795,0.0,8.03797725686977e-17,2.830524433501838e-16,0.2827952028592338,0.28279520285923376,0.0,76.9,3.4000000000000057,0.0,0.0,0.0,76.7,3.600000000000014,0.0,0.0,0.0,False,False,False
348,1598967659,144808118,0,GaussianSensor,0.65,0.2,0.1,0.05,True,True,True,True,goal_reached,0.18537239535163508,80.0,15.667483639495677,15.707094862346022,0.05055556803739633,0.17927069850181032,0.057237130713441636,0.029007690674021144,0.09819499313434991,0.03539135424905168,0.04168231453820451,0.1652571738918173,0.05291537182400253,0.19732384917582732,0.1110190696861375,6.27656712009871,6.27656712009871,0.0,8.211037200845862e-17,2.7755575615628914e-16,0.3349002943898175,0.3349002943898175,0.0,78.4,1.5999999999999908,0.0,0.0,0.0,78.0,1.9999999999999964,0.0,0.0,0.0,False,False,False
349,2574130385,485301375,0,GaussianSensor,0.65,0.2,0.1,0.05,True,True,True,True,goal_reached,0.16051131496277316,72.10000000000001,13.93702405443,14.086894108889286,0.05510008118559755,0.18272529686074537,0.06286175716023866,0.032649316249555464,0.1118217866049308,0.039677556796629335,0.045190291227398365,0.19346579355877472,0.05661491473576045,0.09250773798556261,0.07628781266807194,5.44041661546092,5.44041661546092,0.0,8.332227199000625e-17,2.5018537765542007e-16,0.2359680271816238,0.23596802718162377,0.0,67.80000000000001,4.299999999999997,0.0,0.0,0.0,68.10000000000001,4.0,0.0,0.0,0.0,False,False,False
350,2436862538,653863678,0,GaussianSensor,0.65,0.2,0.1,0.05,True,True,True,True,goal_reached,0.16178059930214908,64.9,13.019607875956115,13.131256953434642,0.05092544968474042,0.18316778754282503,0.057538950011948004,0.028705327978886058,0.07312605197414931,0.03522035832814616,0.041950153893470093,0.18333153918397904,0.0517371951250775,0.1925533923673212,0.1741475720926504,5.137991871058606,5.137991871058606,0.0,8.720352387569965e-17,2.830524433501838e-16,0.39938613114766675,0.39938613114766675,0.0,64.9,0.0,0.0,0.0,0.0,64.9,0.0,0.0,0.0,0.0,False,False,False
351,3095716540,1916771770,0,GaussianSensor,0.65,0.2,0.1,0.05,False,False,False,False,planning_failure,nan,nan,nan,nan,nan,nan,nan,nan,nan,nan,nan,nan,nan,nan,nan,nan,nan,nan,nan,nan,nan,nan,nan,,,,,,,,,,,,,
352,2576106544,2838034749,0,GaussianSensor,0.65,0.2,0.1,0.05,True,True,True,True,goal_reached,0.2215459591895181,71.0,13.743880038285791,13.901465100007927,0.053865140544897175,0.1849694374787581,0.061569104101340234,0.027285996587598175,0.11035713237426634,0.03488213354282356,0.043846958729230875,0.17176216295611085,0.05504712645775979,0.10915397030554658,0.07462904508132294,5.547733396416995,5.547733396416994,0.0,8.231504965156915e-17,2.779024842816778e-16,0.23012299321903887,0.230122993219039,0.0,71.0,0.0,0.0,0.0,0.0,71.0,0.0,0.0,0.0,0.0,False,False,False
353,1685133821,2163483778,0,GaussianSensor,0.65,0.2,0.1,0.05,True,True,True,True,goal_reached,0.17228736112708887,86.0,16.098423941656506,16.243740798456972,0.051474201252168963,0.2507032869332659,0.05794975840996367,0.029927785659924686,0.1188474231863843,0.037887918891198205,0.04151829691156438,0.23338047272773124,0.051767406257483856,0.047967073488397835,0.014411920038224224,6.843261756592875,6.843261756592875,0.0,7.635786261386336e-17,2.7757743935277205e-16,0.22347915699490603,0.22347915699490606,0.0,83.1,2.9000000000000004,0.0,0.0,0.0,82.89999999999999,3.1000000000000023,0.0,0.0,0.0,False,False,False
354,377070815,2836130717,0,GaussianSensor,0.65,0.2,0.1,0.05,True,True,True,True,goal_reached,0.20331430019749763,78.0,14.82878547612742,14.934631089682833,0.05250268647717516,0.15920494645584715,0.059301527453357414,0.025795184345733198,0.08068764966656172,0.03192573029991927,0.04619948499961426,0.18695992220324154,0.05695544413712833,0.11513116681768669,0.01782859410599332,6.17595526149677,6.17595526149677,0.0,7.773155275928363e-17,2.7894008272968645e-16,0.2764172342121814,0.2764172342121814,0.0,70.6,7.399999999999999,0.0,0.0,0.0,70.3,7.700000000000003,0.0,0.0,0.0,False,False,False
355,1676031673,2356379600,0,GaussianSensor,0.65,0.2,0.1,0.05,True,True,True,True,goal_reached,0.17841896638015453,68.0,13.882514063438666,14.013899122387851,0.05245975377808904,0.144419188007109,0.05873014221033024,0.03059445731308901,0.09614228283823326,0.04020029493709074,0.043525290692082046,0.1484061299970274,0.05500068663410299,0.10514871109350037,0.10666071922693501,5.187269668860493,5.187269668860493,0.0,8.322186173790704e-17,2.5589376332604516e-16,0.29974873000013197,0.2997487300001319,0.0,65.8,2.2000000000000046,0.0,0.0,0.0,65.3,2.6999999999999975,0.0,0.0,0.0,False,False,False
356,1362685604,2558954947,0,GaussianSensor,0.65,0.2,0.1,0.05,False,False,False,False,planning_failure,nan,nan,nan,nan,nan,nan,nan,nan,nan,nan,nan,nan,nan,nan,nan,nan,nan,nan,nan,nan,nan,nan,nan,,,,,,,,,,,,,
357,2583425228,2520709038,0,GaussianSensor,0.65,0.2,0.1,0.05,True,True,True,True,goal_reached,0.1435654224783192,70.4,14.184618545577308,14.224466016869615,0.05530765087946442,0.21656826186138753,0.06184724539615937,0.026494651167058608,0.10280069643973933,0.035083683345798075,0.045716672364801446,0.1803044274746146,0.05677899420964664,0.12449638454908053,0.028079738260198384,5.708483467618244,5.708483467618244,0.0,8.200871701181219e-17,2.777508439858666e-16,0.2378258805601222,0.2378258805601222,0.0,70.4,0.0,0.0,0.0,0.0,70.4,0.0,0.0,0.0,0.0,False,False,False
358,2098428785,2023430440,0,GaussianSensor,0.65,0.2,0.1,0.05,True,True,True,True,goal_reached,0.1357440033321193,72.4,13.43517317113521,13.470304643586502,0.05484650632451132,0.15664909955147835,0.061335950721906035,0.04134524307756339,0.10761534953172279,0.048446523504525225,0.05281062715647828,0.1965883505588003,0.06546367605791471,0.06689918086900196,0.0,5.770463361299736,5.770463361299736,0.0,8.082486256288636e-17,1.8670653977139892e-16,0.3589412677386049,0.3589412677386049,0.0,69.2,3.200000000000003,0.0,0.0,0.0,69.0,3.3000000000000034,0.10000000000000142,0.0,0.0,False,False,False
359,101576323,3201341764,0,GaussianSensor,0.65,0.2,0.1,0.05,True,True,True,True,goal_reached,0.19452728713974543,67.60000000000001,13.833954983461082,13.980505462103173,0.051566571221501906,0.17602126092056214,0.059001311789149864,0.0326539149456606,0.09917977255818983,0.04007522206760502,0.04776165632198879,0.16076484995169094,0.05807985205142704,0.10233539994133962,0.07757600003995563,5.286819959582537,5.286819959582537,0.0,8.204667388890845e-17,2.220717083251841e-16,0.3442100765294129,0.3442100765294129,0.0,67.60000000000001,0.0,0.0,0.0,0.0,67.60000000000001,0.0,0.0,0.0,0.0,False,False,False
360,573381417,519949555,0,GaussianSensor,0.65,0.2,0.1,0.05,True,True,True,True,goal_reached,0.1946630334534927,66.10000000000001,13.430687053654154,13.58164579114933,0.052804363869810314,0.14161862547817783,0.059103322855431385,0.027240309056183944,0.0787147103651019,0.03325710867414716,0.04254561586511632,0.18153989731901715,0.05373169660951282,0.06831543424154676,0.07831486562920986,5.268354379940249,5.268354379940249,0.0,8.27824801497681e-17,1.7772239894833365e-16,0.2426087989282654,0.24260879892826542,0.0,65.2,0.8999999999999986,0.0,0.0,0.0,65.10000000000001,0.9999999999999929,0.0,0.0,0.0,False,False,False
361,1236351334,3142182448,0,GaussianSensor,0.65,0.2,0.1,0.05,True,True,True,True,goal_reached,0.17322996759759163,69.4,13.386892890415062,13.434623699958866,0.05242948726175449,0.2890239312305927,0.059616382610000414,0.03402695247373171,0.1332372349617672,0.04602944270839482,0.04852099094735359,0.2890239312305927,0.06269793905738978,0.15484368972765875,0.12056492387639457,4.9857213018983035,4.9857213018983035,0.0,8.337498043242444e-17,1.8670653977139892e-16,0.3371381034815132,0.33713810348151313,0.0,62.300000000000004,7.099999999999998,0.0,0.0,0.0,62.1,7.300000000000001,0.0,0.0,0.0,False,False,False
362,63961417,2180460835,0,GaussianSensor,0.65,0.2,0.1,0.05,True,True,True,True,goal_reached,0.29139998285394686,81.0,15.343419591533884,15.602307578807222,0.05002595517296602,0.15839508331382743,0.05671460893318578,0.04343905013458843,0.1480615741485236,0.05370460728060808,0.052721938910152144,0.20008905990454848,0.06588226815644668,0.04636079536086265,0.0,6.365385570657483,6.365385570657482,0.0,7.961587483781792e-17,2.776424787817943e-16,0.32770216015575565,0.32770216015575565,0.0,78.5,2.4999999999999982,0.0,0.0,0.0,78.7,2.199999999999993,0.0,0.09999999999999964,0.0,False,False,False
363,2327535258,2332584592,0,GaussianSensor,0.65,0.2,0.1,0.05,True,True,True,True,goal_reached,0.21897256680981683,72.9,14.64433075113249,14.840529429410578,0.04859495653228477,0.17307018255054477,0.05533882574969866,0.028515768339490977,0.12030813519650967,0.03564299437817678,0.04268086517268467,0.16996447744365045,0.05355580214023008,0.11418790848336813,0.10388193021246296,6.0064157485388545,6.006415748538855,0.0,8.390660946809694e-17,2.7894008272968645e-16,0.24064424561357106,0.24064424561357106,0.0,72.6,0.3000000000000007,0.0,0.0,0.0,72.7,0.1999999999999993,0.0,0.0,0.0,False,False,False
364,3304647400,2364466265,0,GaussianSensor,0.65,0.2,0.1,0.05,True,True,True,True,goal_reached,0.17102974860472547,61.7,12.876660583352399,12.949976240364116,0.053763286225758586,0.1800635067643131,0.060058235339511004,0.03234690270538462,0.11098043313898515,0.04198141034402468,0.04595057637500697,0.1745441437505604,0.05623563296738574,0.13267044680186535,0.0839509077645193,4.944734409317364,4.944734409317364,0.0,9.259549146169179e-17,1.962615573354719e-16,0.44658362360435166,0.44658362360435166,0.0,58.300000000000004,3.3999999999999986,0.0,0.0,0.0,58.9,2.8000000000000025,0.0,0.0,0.0,False,False,False
365,2933610517,1293969616,0,GaussianSensor,0.65,0.2,0.1,0.05,True,True,True,True,goal_reached,0.2307760114445033,71.8,13.643206697370045,13.836725428293725,0.05289124251859204,0.16868139142282332,0.060527387645909494,0.029706327917964844,0.08819801336231645,0.03605255021621956,0.0412319024603656,0.18323722993747452,0.05212120183055268,0.08096212863341153,0.08436085106346244,5.352186304736735,5.352186304736735,0.0,7.836809860355396e-17,1.962615573354719e-16,0.4111149815342538,0.4111149815342538,0.0,70.8,1.0,0.0,0.0,0.0,70.3,1.5,0.0,0.0,0.0,False,False,False
366,2011425080,2499175835,0,GaussianSensor,0.65,0.2,0.1,0.05,True,True,True,True,goal_reached,0.22383125867870385,72.60000000000001,14.446279101811944,14.639761954783534,0.0527486212919575,0.13868057081258786,0.05961003317159596,0.029475387970855554,0.09964377363639088,0.035751736784117284,0.04152616491211804,0.14637965303249523,0.051235073836998254,0.14941047455842726,0.11834180813479504,5.882396401981515,5.882396401981515,0.0,8.411842697628832e-17,2.8576114088871287e-16,0.2566192322646587,0.2566192322646587,0.0,71.80000000000001,0.7999999999999936,0.0,0.0,0.0,72.0,0.5999999999999979,0.0,0.0,0.0,False,False,False
367,3444746836,3000099893,0,GaussianSensor,0.65,0.2,0.1,0.05,True,True,True,True,goal_reached,0.21921753469269595,67.2,13.089728021858908,13.248333042611682,0.055197466521511904,0.3476510656379039,0.06356439293388111,0.027233786760927005,0.08710805343888957,0.03489483926192502,0.04270553583921077,0.151531677192417,0.054243504400881874,0.13772849701139972,0.09957868304219009,5.029083801768071,5.029083801768071,0.0,8.445667931360449e-17,2.063081476116683e-16,0.3261263695923906,0.3261263695923906,0.0,65.7,1.5,0.0,0.0,0.0,65.5,1.6999999999999957,0.0,0.0,0.0,False,False,False
368,3197083060,1875886390,0,GaussianSensor,0.65,0.2,0.1,0.05,True,True,True,True,goal_reached,0.18502417149653727,60.900000000000006,12.693735248543714,12.820185014770773,0.05619777442477529,0.24537876696945984,0.06351233465173543,0.030380537021501886,0.0943416321864857,0.03907068010791665,0.04502135549313807,0.24537876696945984,0.05662861328919889,0.0903556214343079,0.04455092445664821,4.864645861492374,4.864645861492374,0.0,9.16158547163379e-17,1.962615573354719e-16,0.22959029032383524,0.22959029032383527,0.0,60.900000000000006,0.0,0.0,0.0,0.0,60.900000000000006,0.0,0.0,0.0,0.0,False,False,False
369,1703573391,4141906095,0,GaussianSensor,0.65,0.2,0.1,0.05,True,True,True,True,goal_reached,0.2206996942828539,69.60000000000001,13.29851836011088,13.442509670238396,0.05146832470618354,0.15122109698067993,0.05850575430750475,0.02942832189242346,0.0945787234663643,0.03567576008709424,0.04230445676878052,0.2077668155267161,0.05390872763222383,0.08650613992791827,0.028976603590906185,5.093983065365877,5.093983065365877,0.0,8.298836420831238e-17,1.7772239894833365e-16,0.2677079617813556,0.2677079617813556,0.0,61.20000000000001,8.399999999999999,0.0,0.0,0.0,60.80000000000001,8.799999999999994,0.0,0.0,0.0,False,False,False
370,4240319741,880666480,0,GaussianSensor,0.65,0.2,0.1,0.05,False,False,False,False,planning_failure,nan,nan,nan,nan,nan,nan,nan,nan,nan,nan,nan,nan,nan,nan,nan,nan,nan,nan,nan,nan,nan,nan,nan,,,,,,,,,,,,,
371,830787861,3668575417,0,GaussianSensor,0.65,0.2,0.1,0.05,True,True,True,True,goal_reached,0.17964754723971588,77.7,15.235924974449667,15.277361924372878,0.05210910742630653,0.28970474074813257,0.05926800673461992,0.028939471643530005,0.0957203820028827,0.03566808759705011,0.04358662199622651,0.15851483757214302,0.054947054761738154,0.15672525249850527,0.06550313951548328,6.184690556352979,6.184690556352979,0.0,8.050220438785768e-17,2.7336071744532853e-16,0.38420335825985646,0.38420335825985646,0.0,75.39999999999999,2.299999999999999,0.0,0.0,0.0,75.3,2.3999999999999986,0.0,0.0,0.0,False,False,False
372,3072657155,1241217907,0,GaussianSensor,0.65,0.2,0.1,0.05,True,True,True,True,goal_reached,0.16032411983706668,79.7,15.21226863967836,15.208063277177647,0.05316591261939318,0.1425564227871319,0.05901573254932372,0.03652785901434391,0.10000854569700879,0.04447912762825075,0.04663781709554956,0.21109360444304287,0.059386952345457954,0.1356380260207825,0.08917237077928597,6.1909185379661364,6.1909185379661364,0.0,7.871407039513163e-17,2.7755575615628914e-16,0.2335351526243937,0.23353515262439375,0.0,77.19999999999999,2.500000000000007,0.0,0.0,0.0,76.99999999999999,2.700000000000017,0.0,0.0,0.0,False,False,False
373,157659641,2151582790,0,GaussianSensor,0.65,0.2,0.1,0.05,False,False,False,False,planning_failure,nan,nan,nan,nan,nan,nan,nan,nan,nan,nan,nan,nan,nan,nan,nan,nan,nan,nan,nan,nan,nan,nan,nan,,,,,,,,,,,,,
374,1980307858,4207273182,0,GaussianSensor,0.65,0.2,0.1,0.05,True,True,True,True,goal_reached,0.20678255966768458,72.2,14.063818791191624,14.137713556738092,0.05208479182548867,0.13866316405994486,0.05854205171488265,0.02778284168499762,0.09171129340203207,0.035164422271921555,0.04401660189154573,0.1535651373225455,0.05460357684098308,0.1930491821517429,0.17094147347594202,5.2891731310104015,5.289173131010402,0.0,7.602510286349659e-17,2.237726045655905e-16,0.23612894270226018,0.23612894270226018,0.0,72.0,0.1999999999999993,0.0,0.0,0.0,71.6,0.5999999999999979,0.0,0.0,0.0,False,False,False
375,2569596517,1337955276,0,GaussianSensor,0.65,0.2,0.1,0.05,True,True,True,True,goal_reached,0.2403093996771334,64.5,13.25985537564965,13.44468294049941,0.0521564209458796,0.14540965492641927,0.058270659421355536,0.022656151144317054,0.07677450779540701,0.0288718841774998,0.04225911147565189,0.17888851037646872,0.05304615380629813,0.19357351847291349,0.13729724531306786,5.003360699154179,5.003360699154179,0.0,8.641457577540784e-17,2.220446049250313e-16,0.24694306625174092,0.2469430662517409,0.0,64.5,0.0,0.0,0.0,0.0,63.9,0.6000000000000014,0.0,0.0,0.0,False,False,False
376,801353321,3573266896,0,GaussianSensor,0.65,0.2,0.1,0.05,True,True,True,True,goal_reached,0.21594365916573377,61.800000000000004,13.19904049319831,13.318545142406958,0.05024272898620554,0.32206123366688616,0.058911664152830806,0.027455434365719525,0.08318703006670725,0.03510321729215516,0.044428556620855944,0.3212533870423744,0.05663578606322594,0.3379303185118515,0.3022240089469157,4.909193799256201,4.909193799256201,0.0,8.958795425963177e-17,2.592584715281538e-16,0.39044452719825024,0.39044452719825024,0.0,61.800000000000004,0.0,0.0,0.0,0.0,61.800000000000004,0.0,0.0,0.0,0.0,False,False,False
377,1281658130,1819150923,0,GaussianSensor,0.65,0.2,0.1,0.05,True,True,True,True,goal_reached,0.1564315541163934,64.4,12.881257142313244,12.981936155744034,0.05020042207876788,0.13589244496223776,0.05631933905161618,0.027391239145891696,0.0896503596430817,0.03292271610917161,0.04025796579029448,0.16321112732354787,0.050231523185562774,0.06372796496540489,0.022792165541156262,5.003717636891779,5.003717636891779,0.0,8.821120880576048e-17,1.7772239894833365e-16,0.2111716594371947,0.21117165943719474,0.0,64.4,0.0,0.0,0.0,0.0,64.4,0.0,0.0,0.0,0.0,False,False,False
378,2145417192,196741682,0,GaussianSensor,0.65,0.2,0.1,0.05,True,True,True,True,goal_reached,0.2132474612322278,75.9,14.192460563423818,14.310452368355724,0.05165809909140231,0.14491594851312212,0.05814175844677328,0.03217614658998067,0.10160339790760016,0.04052135945712203,0.04132140807159435,0.1811675335853843,0.05307961088724489,0.11369416597378047,0.036506446046906345,5.578278994331527,5.578278994331527,0.0,7.790275565082414e-17,2.7757743935277205e-16,0.4024227391003281,0.4024227391003281,0.0,67.7,8.200000000000005,0.0,0.0,0.0,67.3,8.600000000000005,0.0,0.0,0.0,False,False,False
379,162770764,2517905783,0,GaussianSensor,0.65,0.2,0.1,0.05,True,True,True,True,goal_reached,0.10862261805697138,69.0,13.826004111224378,13.811552278374165,0.04919087465288747,0.2354347954302115,0.05636623155863767,0.028097103057121625,0.08869819612899787,0.03444191718437793,0.04345519045336131,0.23506788660066738,0.05399423635017016,0.11681706975828487,0.06149116155063164,5.313405396189211,5.31340539618921,0.0,8.180448457850753e-17,2.633125101432526e-16,0.39146984881895647,0.39146984881895647,0.0,60.699999999999996,8.3,0.0,0.0,0.0,60.4,8.600000000000001,0.0,0.0,0.0,False,False,False
380,3590034308,3616669174,0,GaussianSensor,0.65,0.2,0.1,0.05,True,True,True,True,goal_reached,0.2060662525159441,85.9,16.574707105193564,16.98720319471521,0.051410222398223744,0.22712404752316218,0.0575297508106791,0.028214205024512527,0.10610700096748804,0.037945996629151026,0.03964753156435246,0.2271454881306231,0.05049464400408793,0.06806019510087916,0.0917027777375424,6.599808077296559,6.599808077296559,0.0,7.806848413047964e-17,2.7757743935277205e-16,0.265545939605898,0.265545939605898,0.0,81.39999999999999,4.5000000000000036,0.0,0.0,0.0,81.69999999999999,4.200000000000006,0.0,0.0,0.0,False,False,False
381,2539382802,3553283520,0,GaussianSensor,0.65,0.2,0.1,0.05,True,True,True,True,goal_reached,0.18326823070260306,76.2,14.677382553065378,14.792979441187368,0.050997075403389006,0.20498261279079116,0.05782646143213288,0.023167361981018087,0.08091423125881435,0.029768678839643906,0.04058481534876221,0.2040351091532615,0.051802899328144754,0.11628337135451869,0.08394233556935457,5.712932921530488,5.712932921530488,0.0,7.571085699915769e-17,2.7755575615628914e-16,0.22759113077095647,0.2275911307709565,0.0,68.5,7.700000000000001,0.0,0.0,0.0,69.2,7.000000000000001,0.0,0.0,0.0,False,False,False
382,1982957362,1878632133,0,GaussianSensor,0.65,0.2,0.1,0.05,False,False,False,False,planning_failure,nan,nan,nan,nan,nan,nan,nan,nan,nan,nan,nan,nan,nan,nan,nan,nan,nan,nan,nan,nan,nan,nan,nan,,,,,,,,,,,,,
383,167986647,1158930486,0,GaussianSensor,0.65,0.2,0.1,0.05,True,True,True,True,goal_reached,0.13546081063945187,77.10000000000001,14.53828767797392,14.649202817685206,0.046410862597459156,0.16483775643029655,0.05282767451870642,0.03888808539562844,0.12797101877840697,0.04929442841575127,0.04390428765840831,0.1845348068186682,0.05629833240073287,0.01588204717981064,0.0,5.812721015472025,5.812721015472026,0.0,7.661396796011576e-17,2.5133742693021536e-16,0.43170220578641977,0.4317022057864198,0.0,74.9,2.200000000000003,0.0,0.0,0.0,75.1,1.9000000000000057,0.09999999999999787,0.0,0.0,False,False,False
384,1835590301,968835980,0,GaussianSensor,0.65,0.2,0.1,0.05,True,True,True,True,goal_reached,0.2153565500220841,107.10000000000001,22.403495503003924,22.430547736146266,0.05236903755918891,0.1613259570837539,0.059442740998807475,0.035825330274493916,0.10153146904823959,0.043031030543789414,0.0459278170642139,0.182374257709885,0.05697375552089459,0.10285842177580246,0.08493898168596115,9.077728320562162,9.077728320562162,0.0,8.252210707839468e-17,2.7833528704240246e-16,0.30226560286830834,0.3022656028683083,0.0,105.10000000000001,2.0,0.0,0.0,0.0,104.80000000000001,2.299999999999997,0.0,0.0,0.0,False,False,False
385,381046993,3729855211,0,GaussianSensor,0.65,0.2,0.1,0.05,True,True,True,True,goal_reached,0.28267285227479877,73.0,14.142187489534322,14.358484761666574,0.05388663647897862,0.183801465642574,0.06044744876557572,0.03057925725271053,0.10022003989783834,0.038963099912864445,0.0466599120778171,0.1929123322081863,0.05906990745131784,0.15346188617467288,0.12015953443704928,5.550196960380614,5.550196960380613,0.0,7.90547487571907e-17,1.962615573354719e-16,0.27524306316934877,0.2752430631693488,0.0,72.8,0.1999999999999975,0.0,0.0,0.0,72.2,0.7999999999999972,0.0,0.0,0.0,False,False,False
386,1640121633,2425369201,0,GaussianSensor,0.65,0.2,0.1,0.05,True,True,True,True,goal_reached,0.17657651851075598,70.60000000000001,14.042425619557495,14.091750291235236,0.05363980373983842,0.1586921265664568,0.0610129824942863,0.027105817202315936,0.10821370380760875,0.03472484130213422,0.04251357231416846,0.18002255379419196,0.05317738145117453,0.1345864308198164,0.14782688428570703,5.321990705118992,5.321990705118993,0.0,7.951244759876294e-17,2.779024842816778e-16,0.2620317941737505,0.2620317941737505,0.0,70.60000000000001,0.0,0.0,0.0,0.0,70.3,0.3000000000000007,0.0,0.0,0.0,False,False,False
387,2681951609,244179877,0,GaussianSensor,0.65,0.2,0.1,0.05,True,True,True,True,goal_reached,0.11421403780297766,87.60000000000001,14.933388870684249,14.956531286216276,0.050308747990477715,0.15488214655833185,0.05695485415747198,0.03431139797502509,0.12697362946681245,0.04386829563912184,0.045562060171557305,0.18074141721558945,0.05600472494751553,0.0994777394817297,0.06495338458477141,6.283283462700542,6.283283462700542,0.0,7.211145491757682e-17,2.237726045655905e-16,0.3155164317007421,0.3155164317007421,0.0,59.6,28.000000000000004,0.0,0.0,0.0,59.599999999999994,28.00000000000001,0.0,0.0,0.0,False,False,False
388,1209594724,1105627878,0,GaussianSensor,0.65,0.2,0.1,0.05,True,True,True,True,goal_reached,0.2648979518405365,68.7,13.072690184051034,13.288484381417192,0.054559447005872695,0.17930537193733131,0.06194593322235066,0.036318164197120445,0.0923361218531644,0.042826939594221444,0.045334411514588044,0.16505411094382524,0.055148160025558404,0.053424195652485254,0.06968667270355383,4.98542762245237,4.98542762245237,0.0,8.200984167156758e-17,1.962615573354719e-16,0.29321686637928557,0.29321686637928557,0.0,68.7,0.0,0.0,0.0,0.0,68.2,0.5,0.0,0.0,0.0,False,False,False
389,470721726,970358315,0,GaussianSensor,0.65,0.2,0.1,0.05,True,True,True,True,goal_reached,0.16101966526640205,71.4,13.58665632940714,13.681743106071476,0.05278220879988322,0.15882737080095483,0.05975376393522521,0.03310312785103058,0.11916374790974087,0.041221195751866425,0.04280743673319051,0.15558204014466814,0.05426196100669686,0.10337779886150625,0.0913913181211301,5.300844942348601,5.300844942348601,0.0,8.097044994634464e-17,2.220446049250313e-16,0.23445434385883251,0.23445434385883246,0.0,63.7,7.699999999999999,0.0,0.0,0.0,63.800000000000004,7.6,0.0,0.0,0.0,False,False,False
390,67846621,1218254757,0,GaussianSensor,0.65,0.2,0.1,0.05,True,True,True,True,goal_reached,0.20676574321374117,77.5,15.699492618099494,15.925678068923444,0.05153506011648278,0.1456731361567253,0.05858594695795525,0.02672909062345348,0.07643246800900338,0.032823782165077364,0.042664584913677445,0.15189844679550707,0.05265170132603006,0.12219406570427307,0.06623024040222926,6.122249249870136,6.122249249870135,0.0,8.260050849937953e-17,2.786162483075207e-16,0.33329793004410635,0.33329793004410635,0.0,75.3,2.1999999999999975,0.0,0.0,0.0,75.1,2.400000000000002,0.0,0.0,0.0,False,False,False
391,3412605371,608249195,0,GaussianSensor,0.65,0.2,0.1,0.05,True,True,True,True,goal_reached,0.18395650670809746,66.4,13.831318740622184,13.897229815087098,0.051181525655248306,0.2187514783660037,0.05887618878872814,0.03248705748952169,0.11174664222244836,0.040194493336662675,0.041573918528261485,0.1739073994002457,0.052681452756506604,0.11693802244284784,0.08379342772120293,5.229490310512761,5.2294903105127615,0.0,8.714354448549326e-17,2.7755575615628914e-16,0.28517917689351574,0.28517917689351574,0.0,66.4,0.0,0.0,0.0,0.0,66.4,0.0,0.0,0.0,0.0,False,False,False
392,1321953011,4213641362,0,GaussianSensor,0.65,0.2,0.1,0.05,True,True,True,True,goal_reached,0.23218960629274737,78.30000000000001,14.769534492935968,14.926133914620586,0.05146842159133831,0.1383066169301752,0.05722731949232492,0.02899223037732937,0.09368823890264272,0.03555325836554795,0.0420161620242616,0.1698779830045221,0.052714618204949694,0.15635819280979477,0.13940431898905237,5.885784098573724,5.885784098573724,0.0,7.997473422249625e-17,2.830524433501838e-16,0.26505481198369657,0.26505481198369657,0.0,70.4,7.900000000000002,0.0,0.0,0.0,70.5,7.800000000000008,0.0,0.0,0.0,False,False,False
393,872354663,2461054940,0,GaussianSensor,0.65,0.2,0.1,0.05,True,True,True,True,goal_reached,0.14341924097793385,62.2,12.865787128167227,12.916976207237255,0.053840104863774364,0.1374858797844046,0.060565615638913946,0.02703667877555645,0.1087019507588197,0.03757419565413519,0.04848823521118857,0.1754268189225202,0.06040049670271931,0.12365156820577163,0.06156483092620402,5.072422993895553,5.072422993895554,0.0,9.080752090058403e-17,1.962615573354719e-16,0.31521170106672414,0.3152117010667241,0.0,62.2,0.0,0.0,0.0,0.0,62.2,0.0,0.0,0.0,0.0,False,False,False
394,1373533898,2386604706,0,GaussianSensor,0.65,0.2,0.1,0.05,True,True,True,True,goal_reached,0.13927527400427614,73.10000000000001,14.079162640971923,14.07599469981976,0.05349417982990402,0.22931709165598785,0.060418875363637575,0.03025592169713561,0.10493946032338293,0.03925086985226897,0.04565282004423234,0.18707396478269955,0.0580342238437411,0.1974668404763584,0.13084884761931992,5.378543019983736,5.378543019983736,0.0,8.343475696336475e-17,2.7755575615628914e-16,0.25025695491797934,0.25025695491797945,0.0,73.10000000000001,0.0,0.0,0.0,0.0,73.00000000000001,0.09999999999999432,0.0,0.0,0.0,False,False,False
395,2532253106,2816233351,0,GaussianSensor,0.65,0.2,0.1,0.05,True,True,True,True,goal_reached,0.2222346998943839,65.3,12.995761679103751,13.104776872857123,0.05447271077910337,0.14810464649063598,0.061130004027355925,0.030557932726149352,0.08671602855862261,0.0375997315688739,0.045467699899727015,0.18930433656388493,0.057291344230721054,0.08132297525152386,0.05950121804863492,5.402691672368789,5.402691672368788,0.0,8.700083013904098e-17,2.1677797545656835e-16,0.30444226126169754,0.3044422612616975,0.0,55.89999999999999,9.400000000000002,0.0,0.0,0.0,56.0,9.299999999999997,0.0,0.0,0.0,False,False,False
396,3273084152,2467234986,0,GaussianSensor,0.65,0.2,0.1,0.05,True,True,True,True,goal_reached,0.20286348519877248,75.3,14.41002172884738,14.463309347328916,0.05399908633683452,0.25675105004378407,0.06067673355391647,0.038073726894943594,0.1100674999993515,0.04805199667987147,0.049426883559449034,0.25675105004378407,0.0616017587926905,0.1445438683117122,0.10182162081546142,5.78494629531767,5.7849462953176705,0.0,7.973839571833328e-17,2.7894008272968645e-16,0.268070893081164,0.26807089308116405,0.0,75.3,0.0,0.0,0.0,0.0,75.3,0.0,0.0,0.0,0.0,False,False,False
397,1043526963,2208891233,0,GaussianSensor,0.65,0.2,0.1,0.05,True,True,True,True,goal_reached,0.18359220879698032,82.60000000000001,16.160854992197606,16.43240545124904,0.053650461096273847,0.391475900756098,0.06066480124640386,0.033946240753495706,0.09985093603431813,0.04156341732217828,0.0448227357358823,0.1902700627256028,0.05629754123234951,0.0979208316963991,0.07345886094286566,6.1341616160507435,6.1341616160507435,0.0,8.344101624496887e-17,2.776424787817943e-16,0.34591049776732996,0.34591049776732996,0.0,79.60000000000001,2.9999999999999964,0.0,0.0,0.0,79.5,3.100000000000012,0.0,0.0,0.0,False,False,False
398,41399160,3984272595,0,GaussianSensor,0.65,0.2,0.1,0.05,True,True,True,True,goal_reached,0.24099458434205343,78.2,13.95960486023591,14.010127931297164,0.05064923073226764,0.168012321120628,0.05697582529306412,0.029976330692743875,0.10483768176723278,0.03737086702856476,0.04424703653231088,0.16721827103110276,0.05430771404715901,0.12695780299349754,0.06363862941137982,5.9525091645720964,5.952509164572096,0.0,7.611878227212297e-17,2.2215299868541707e-16,0.26028193411160305,0.26028193411160305,0.0,76.39999999999999,1.8000000000000007,0.0,0.0,0.0,75.8,2.4000000000000004,0.0,0.0,0.0,False,False,False
399,2201137154,3104227786,0,GaussianSensor,0.65,0.2,0.1,0.05,True,True,True,True,goal_reached,0.23235968215065228,75.2,14.649914574142365,14.825526430080826,0.05129759643161801,0.1660729188569223,0.057513453416543465,0.027322562728014758,0.08432353106781765,0.03548638293801813,0.038875212035154844,0.1484396875919512,0.04818959504060773,0.1318461496152707,0.12317191237506275,5.426964870463317,5.426964870463318,0.0,8.114921001543863e-17,2.7755575615628914e-16,0.32796328020719623,0.32796328020719623,0.0,74.89999999999999,0.3000000000000007,0.0,0.0,0.0,74.7,0.5,0.0,0.0,0.0,False,False,False
400,2366020441,2010926479,0,GaussianSensor,0.65,0.2,0.1,0.05,True,True,True,True,goal_reached,0.19892390624357703,66.3,13.117312695473139,13.224809837367516,0.05105522118907887,0.15414704983398686,0.057794214058966946,0.03092860788927021,0.10077576730882942,0.038631519546650166,0.04426217132418636,0.1844586572934851,0.05677822605436953,0.12379287225581086,0.0628586345513078,5.242534541872817,5.242534541872817,0.0,8.734678011670585e-17,2.5133742693021536e-16,0.25484159846499066,0.2548415984649907,0.0,64.69999999999999,1.5999999999999996,0.0,0.0,0.0,64.49999999999999,1.8000000000000007,0.0,0.0,0.0,False,False,False
401,1535119728,1565580028,0,GaussianSensor,0.65,0.2,0.1,0.05,True,True,True,True,goal_reached,0.21114600857947122,67.5,13.208829072426823,13.369192931540663,0.05107484234688742,0.1336665906668596,0.05735435040080836,0.03362465575946028,0.08739380121134235,0.041697426112605226,0.04424833590284058,0.16126914711570167,0.05529742340545535,0.10232458025683376,0.07580266665756864,4.886270043017067,4.886270043017068,0.0,8.539400648295989e-17,1.962615573354719e-16,0.20060860556146454,0.20060860556146462,0.0,67.5,0.0,0.0,0.0,0.0,67.5,0.0,0.0,0.0,0.0,False,False,False
402,955248925,1124633429,0,GaussianSensor,0.65,0.2,0.1,0.05,True,True,True,True,goal_reached,0.1792144759096447,63.5,12.696484315028515,12.826282553542189,0.05306695044872891,0.25164317046437423,0.059926165739308555,0.027954735953436914,0.07678085904210707,0.03283604586991532,0.038441453471686586,0.24965772681426154,0.049026655391121325,0.10715104583904854,0.1006151232535466,4.922881825020762,4.922881825020761,0.0,9.26834500177451e-17,1.962615573354719e-16,0.22376101323525596,0.22376101323525602,0.0,62.2,1.2999999999999972,0.0,0.0,0.0,62.5,1.0,0.0,0.0,0.0,False,False,False
403,3485541319,3483450660,0,GaussianSensor,0.65,0.2,0.1,0.05,True,True,True,True,goal_reached,0.18954084839693044,101.60000000000001,17.487140885794673,17.440543486691112,0.05156470123728122,0.14779857518063905,0.058203073948881454,0.03151841558162451,0.10707326413697427,0.03856818735349559,0.043114086817390145,0.17670834688653336,0.05370475041147902,0.17219433507616497,0.15402558386160256,7.106843909290655,7.106843909290655,0.0,7.158643738823127e-17,2.4980620381344523e-16,0.2771193952144951,0.2771193952144951,0.0,77.8,23.800000000000004,0.0,0.0,0.0,77.80000000000001,23.799999999999994,0.0,0.0,0.0,False,False,False
404,3184790339,631315687,0,GaussianSensor,0.65,0.2,0.1,0.05,True,True,True,True,goal_reached,0.20121033367508728,62.900000000000006,13.092406193998873,13.189705898616134,0.05251280231702373,0.18671033933836825,0.05960739634796478,0.02932275517956722,0.10182857731244929,0.03841029779596347,0.04561082282946998,0.15161931587012534,0.056491744835084096,0.09747496919426182,0.08191337952760044,4.880902801465217,4.880902801465217,0.0,8.956862356552058e-17,2.7894008272968645e-16,0.2700856101133861,0.2700856101133861,0.0,62.7,0.1999999999999993,0.0,0.0,0.0,62.10000000000001,0.7999999999999972,0.0,0.0,0.0,False,False,False
405,3285429448,1207168295,0,GaussianSensor,0.65,0.2,0.1,0.05,True,True,True,True,goal_reached,0.2044082833215701,71.4,13.827272066174139,14.056064862046496,0.051738915562505504,0.15740048491732958,0.05922714671766161,0.034856458238596115,0.10714306774738244,0.04272305491782121,0.040226595862885385,0.17042844924362688,0.05185466013305659,0.09765054298535641,0.04570993418601599,5.025440947806527,5.025440947806527,0.0,8.005384230019143e-17,2.5018537765542007e-16,0.2538175358294122,0.25381753582941213,0.0,71.2,0.1999999999999993,0.0,0.0,0.0,71.1,0.3000000000000007,0.0,0.0,0.0,False,False,False
406,1711414769,768036703,0,GaussianSensor,0.65,0.2,0.1,0.05,True,True,True,True,goal_reached,0.18194739876407134,65.2,13.508390652444016,13.603671939263664,0.052560580790574074,0.17080043461869443,0.05894891047740013,0.027230683625291224,0.08638413432807646,0.03337229142008051,0.04476479587788413,0.1772119521926232,0.057049990764828404,0.11359113210897692,0.03471090735337226,5.4293586148319175,5.4293586148319175,0.0,8.69329940133775e-17,2.498001805406602e-16,0.35977718988977925,0.35977718988977925,0.0,63.800000000000004,1.3999999999999986,0.0,0.0,0.0,63.800000000000004,1.3999999999999986,0.0,0.0,0.0,False,False,False
407,739438903,1521726463,0,GaussianSensor,0.65,0.2,0.1,0.05,True,True,True,True,goal_reached,0.24409282993748996,79.0,15.079820020133962,15.257390759222913,0.05155905664537702,0.16960479851952226,0.05841093797721775,0.03443763963974978,0.14567589020023664,0.04621399973990096,0.045939593812031304,0.2185045119701368,0.059270830005993265,0.2644759184063009,0.20938896406255417,6.323957278478534,6.323957278478534,0.0,7.72639561589894e-17,2.7894008272968645e-16,0.37183681719445233,0.37183681719445233,0.0,70.69999999999999,8.300000000000011,0.0,0.0,0.0,69.89999999999998,9.100000000000023,0.0,0.0,0.0,False,False,False
408,1071255186,4062200957,0,GaussianSensor,0.65,0.2,0.1,0.05,True,True,True,True,goal_reached,0.22479609103778134,78.80000000000001,15.402287627098271,15.540502581160762,0.04905728591639834,0.16175153152035077,0.05616579458265137,0.023356217432595066,0.07269722580137189,0.028951038544525912,0.0408253187336935,0.1513323853533226,0.050369831039355904,0.3999647417095284,0.3572838227062368,5.922172430569831,5.92217243056983,0.0,8.013089177524034e-17,2.779024842816778e-16,0.23632746761468854,0.23632746761468854,0.0,72.0,6.8,0.0,0.0,0.0,72.0,6.8,0.0,0.0,0.0,False,False,False
409,2658645016,3539954061,0,GaussianSensor,0.65,0.2,0.1,0.05,True,True,True,True,goal_reached,0.14865269703354664,64.8,13.211512729577453,13.285983143512933,0.051926640853014,0.17072756728118307,0.058863179213388725,0.024168563220913743,0.0703189276246885,0.029612116734973763,0.04118879565184619,0.17072756728118307,0.05142647960301219,0.12398890778353096,0.05285326710961409,4.64967836996403,4.649678369964031,0.0,9.082217169943859e-17,1.962615573354719e-16,0.3205196827940038,0.3205196827940038,0.0,64.49999999999999,0.2999999999999998,0.0,0.0,0.0,64.39999999999999,0.3999999999999999,0.0,0.0,0.0,False,False,False
410,1637467688,2950014254,0,GaussianSensor,0.65,0.2,0.1,0.05,True,True,True,True,goal_reached,0.147556655593953,84.4,16.52092237528458,16.51768891544721,0.05454360793743712,0.16860243391315452,0.06155052241357553,0.030418219900503616,0.10412443854813347,0.03873326978480941,0.04449527972992514,0.1613569723931273,0.055970772838161285,0.2226784289469934,0.20668203042612437,6.739711737555655,6.739711737555654,0.0,7.280426355128115e-17,2.779024842816778e-16,0.25617738880381147,0.25617738880381147,0.0,83.60000000000001,0.7999999999999972,0.0,0.0,0.0,84.10000000000001,0.29999999999999005,0.0,0.0,0.0,False,False,False
411,3012103856,3939154953,0,GaussianSensor,0.65,0.2,0.1,0.05,True,True,True,True,goal_reached,0.1795107352722582,66.8,13.079734409489115,13.19881728673221,0.048178263384649034,0.13655263519573596,0.05443822889438652,0.021405259772165827,0.06657217232934941,0.026350283993488596,0.03558703182420494,0.14203766177484428,0.04418344598946635,0.13696742437398104,0.057828287441824756,5.117983323918832,5.117983323918832,0.0,8.710198052214682e-17,1.7772239894833365e-16,0.2748512342903909,0.2748512342903909,0.0,66.69999999999999,0.09999999999999964,0.0,0.0,0.0,66.29999999999998,0.5000000000000036,0.0,0.0,0.0,False,False,False
412,1061496009,4126919586,0,GaussianSensor,0.65,0.2,0.1,0.05,True,True,True,True,goal_reached,0.19808036306066143,61.6,12.641626449937224,12.78695255851351,0.05418457539785491,0.28712461185568805,0.06293826407617163,0.02847500714374453,0.0773628066050346,0.03418994868143945,0.04379152537623516,0.1798281536282267,0.05376194254339775,0.07463501213218507,0.04975706529920698,4.9715833591678855,4.9715833591678855,0.0,9.123567695261571e-17,1.962615573354719e-16,0.383213006973277,0.383213006973277,0.0,60.8,0.7999999999999998,0.0,0.0,0.0,59.8,1.7999999999999998,0.0,0.0,0.0,False,False,False
413,149354069,3266337438,0,GaussianSensor,0.65,0.2,0.1,0.05,True,True,True,True,goal_reached,0.1264409925512057,77.7,14.349570181641973,14.465162247511152,0.052512706844955966,0.1625666522771368,0.06002819012130094,0.03728119204499013,0.10724983287548351,0.047359299586246566,0.046543001944156476,0.15949651635668582,0.057376490288879624,0.22056217154165525,0.13267689887612688,5.320630791885396,5.320630791885396,0.0,7.695187350132169e-17,2.2247786310271853e-16,0.19903271260758762,0.19903271260758765,0.0,69.89999999999999,7.8000000000000025,0.0,0.0,0.0,70.0,7.700000000000005,0.0,0.0,0.0,False,False,False
414,4081168298,314093331,0,GaussianSensor,0.65,0.2,0.1,0.05,True,True,True,True,goal_reached,0.17821952241703762,68.4,14.032240265386017,14.153435943708628,0.05462348603684475,0.19744324093804225,0.061995081246521366,0.025185964072271853,0.09614303905022296,0.03273401774905062,0.04097056439941302,0.16811293135627528,0.05169500928986082,0.07152496840149768,0.07578697433463766,5.424908401633932,5.424908401633932,0.0,8.508579540349414e-17,2.7755575615628914e-16,0.3151130320495201,0.3151130320495201,0.0,66.0,2.399999999999997,0.0,0.0,0.0,65.3,3.1000000000000014,0.0,0.0,0.0,False,False,False
415,292210110,1564487867,0,GaussianSensor,0.65,0.2,0.1,0.05,True,True,True,True,goal_reached,0.16412699916178045,62.800000000000004,12.97598882830997,13.072226456278987,0.05108396075515942,0.17164964973255054,0.057889027707962844,0.021786504382567854,0.07470769906420337,0.02692923272591858,0.04087207731369017,0.1628002874584036,0.04974980896698216,0.13561438359518754,0.07909966938881052,4.883579888715231,4.88357988871523,0.0,9.084183675561618e-17,1.962615573354719e-16,0.25477654020822305,0.2547765402082232,0.0,61.3,1.5000000000000053,0.0,0.0,0.0,61.6,1.2000000000000002,0.0,0.0,0.0,False,False,False
416,471779139,902910705,0,GaussianSensor,0.65,0.2,0.1,0.05,True,True,True,True,goal_reached,0.1788909289912247,67.5,13.724431233467705,13.880591346082332,0.04876064104549821,0.1428265633506121,0.05500481096688582,0.02026843046395693,0.06550868607247073,0.025588096325327988,0.03742523924410962,0.16050299794360134,0.04690352294446328,0.12774994125478933,0.09846079639971521,4.9680705101178955,4.9680705101178955,0.0,8.444741291426866e-17,2.2247786310271853e-16,0.33306443704896993,0.3330644370489699,0.0,67.5,0.0,0.0,0.0,0.0,67.5,0.0,0.0,0.0,0.0,False,False,False
417,1257730118,169908158,0,GaussianSensor,0.65,0.2,0.1,0.05,True,True,True,True,goal_reached,0.15831755512153856,68.2,13.44165740840656,13.471497137059792,0.05238054847717676,0.1420950240092841,0.059623448102257844,0.03293464755717657,0.11111147419375207,0.043423461302254614,0.042491379190570465,0.21665755114018276,0.055726556445443276,0.0719561134107689,0.04033638088499384,5.586948646461093,5.586948646461093,0.0,8.250646669419711e-17,2.498965354837e-16,0.29138137584309515,0.29138137584309515,0.0,68.10000000000001,0.09999999999999432,0.0,0.0,0.0,67.8,0.4000000000000057,0.0,0.0,0.0,False,False,False
418,1055095300,2099702196,0,GaussianSensor,0.65,0.2,0.1,0.05,True,True,True,True,goal_reached,0.17860156778612593,61.2,13.094400484077665,13.212245795413697,0.0542476966788711,0.1413072852304603,0.05982251975588663,0.024783195784634712,0.0694717958121263,0.03010267102188493,0.04065943594081174,0.16817694554431775,0.05055793188915988,0.14395078615717496,0.08106940355513763,4.529598008911136,4.529598008911136,0.0,9.186449088040836e-17,1.962615573354719e-16,0.21806058347276291,0.21806058347276291,0.0,60.8,0.40000000000000036,0.0,0.0,0.0,59.9,1.3000000000000007,0.0,0.0,0.0,False,False,False
419,2411947258,1651693406,0,GaussianSensor,0.65,0.2,0.1,0.05,True,True,True,True,goal_reached,0.27055690500545554,63.1,13.519299763004959,13.808413724321099,0.05360140763165293,0.15548793300187677,0.06052781177507901,0.028059805860389385,0.09046916983841316,0.03455965460296201,0.04186742366020133,0.17070789386309468,0.054124854714292105,0.39513258658044403,0.33426341935715836,5.033641285083779,5.033641285083779,0.0,8.915669642587687e-17,2.7894008272968645e-16,0.5513520211139992,0.5513520211139992,0.0,63.00000000000001,0.09999999999999432,0.0,0.0,0.0,63.1,0.0,0.0,0.0,0.0,False,False,False
420,2914634240,2192700923,0,GaussianSensor,0.65,0.2,0.1,0.05,True,True,True,True,goal_reached,0.1815065314163844,81.9,14.86494913956245,14.857613583810268,0.05316399177684773,0.14391446083441853,0.06020995903947835,0.03249029569581547,0.10950523793890207,0.03943390682806851,0.04536917888822786,0.16269623091817284,0.05655863142257251,0.15759878148101852,0.11397903816458023,6.142632646644312,6.142632646644311,0.0,7.632172556535376e-17,2.779024842816778e-16,0.32506216617732525,0.3250621661773253,0.0,74.7,7.199999999999996,0.0,0.0,0.0,74.5,7.399999999999999,0.0,0.0,0.0,False,False,False
421,3582409163,1846612564,0,GaussianSensor,0.65,0.2,0.1,0.05,True,True,True,True,goal_reached,0.18838563283370502,66.4,13.725204882158359,13.805677342631498,0.049687933095708195,0.15501971694342526,0.05584553441643022,0.0341508869371951,0.11855143120424269,0.042163999300396646,0.04322227476190962,0.1499996959170659,0.05394806759996666,0.07870608824793993,0.053425560142916564,5.56807698770147,5.56807698770147,0.0,8.67922918685987e-17,2.779024842816778e-16,0.3553998673796244,0.3553998673796245,0.0,66.4,0.0,0.0,0.0,0.0,66.4,0.0,0.0,0.0,0.0,False,False,False
422,4008422370,2004689862,0,GaussianSensor,0.65,0.2,0.1,0.05,True,True,True,True,goal_reached,0.164958231918413,76.2,14.199712106028022,14.235809250499704,0.05314475188138939,0.16139927039884047,0.05922628903990339,0.03778631364848909,0.12705078643321296,0.04605317575769251,0.04997651652069045,0.19050012978739586,0.06135553886431169,0.03322840972486679,0.04605547687535878,5.691933193015553,5.691933193015553,0.0,7.918963568401548e-17,2.77678040775991e-16,0.35834321068328373,0.3583432106832837,0.0,75.7,0.5,0.0,0.0,0.0,76.1,0.10000000000000142,0.0,0.0,0.0,False,False,False
423,2882814493,1061927593,0,GaussianSensor,0.65,0.2,0.1,0.05,True,True,True,True,goal_reached,0.22592571020621324,65.60000000000001,12.92747211457965,13.09355147073649,0.051545288575677715,0.1689653101657757,0.058091426088772935,0.023205657923200434,0.07709365005534989,0.0298243889800868,0.039713803681661684,0.17987972693594567,0.04979538843764248,0.10399215765560826,0.06895275805707235,5.1149916173832555,5.114991617383256,0.0,9.12536210767626e-17,1.962615573354719e-16,0.2633332537638525,0.2633332537638525,0.0,65.60000000000001,0.0,0.0,0.0,0.0,65.60000000000001,0.0,0.0,0.0,0.0,False,False,False
424,3680502530,1923750527,0,GaussianSensor,0.65,0.2,0.1,0.05,True,True,True,True,goal_reached,0.20292106321666986,81.2,16.12399684227574,16.245444967448716,0.053954342551008096,0.14138947191356147,0.060736387361000094,0.025479866052922514,0.07051466907744626,0.030307700764215843,0.04149320779853802,0.17121922274729584,0.05260740312569781,0.15283693150812935,0.12297008546442732,6.523559330974647,6.523559330974647,0.0,7.607677225336308e-17,2.8066088919804617e-16,0.24441419589082047,0.2444141958908204,0.0,79.1,2.1000000000000014,0.0,0.0,0.0,80.0,1.1999999999999957,0.0,0.0,0.0,False,False,False
425,2946213435,2839389369,0,GaussianSensor,0.65,0.2,0.1,0.05,True,True,True,True,goal_reached,0.23800288836104386,64.8,12.76329581787115,12.94054317757104,0.051156916031284805,0.13042508046220716,0.05771256538625707,0.03554310274746555,0.09185125174501543,0.040862161359722676,0.04482618987773184,0.14600072694272062,0.05540354820954529,0.0677111044904707,0.04321895174382969,5.230684640745421,5.230684640745421,0.0,8.639718049456975e-17,1.962615573354719e-16,0.36582808474506623,0.36582808474506623,0.0,62.3,2.5,0.0,0.0,0.0,62.7,2.0999999999999943,0.0,0.0,0.0,False,False,False
426,2667510470,1232235575,0,GaussianSensor,0.65,0.2,0.1,0.05,True,True,True,True,goal_reached,0.15137496792422628,66.2,13.209077494968046,13.262814313921586,0.05242003852193318,0.17386169688612532,0.058902631169721824,0.031535386129679335,0.09072959293529,0.03918827155338248,0.044033457578718335,0.17386169688612532,0.055111587009454524,0.10403163513935958,0.07645901105172759,5.338778929342313,5.338778929342315,0.0,8.72964269962856e-17,2.5589376332604516e-16,0.2696254562978744,0.26962545629787443,0.0,64.8,1.3999999999999986,0.0,0.0,0.0,64.8,1.3999999999999986,0.0,0.0,0.0,False,False,False
427,2775479302,3129694536,0,GaussianSensor,0.65,0.2,0.1,0.05,False,False,False,False,planning_failure,nan,nan,nan,nan,nan,nan,nan,nan,nan,nan,nan,nan,nan,nan,nan,nan,nan,nan,nan,nan,nan,nan,nan,,,,,,,,,,,,,
428,583548122,2742868653,0,GaussianSensor,0.65,0.2,0.1,0.05,True,True,True,True,goal_reached,0.1552097598928174,76.3,14.84048791667323,14.919245316396585,0.054892383850104205,0.22100657965878978,0.061978631950074047,0.026074417257345252,0.07654517560513953,0.0321151134241773,0.04164717346178921,0.22027910877236795,0.05167824202742017,0.14523432003011663,0.10995120897530934,5.6432905165913665,5.6432905165913665,0.0,7.529437683441779e-17,2.8066088919804617e-16,0.27957405453603884,0.27957405453603884,0.0,76.3,0.0,0.0,0.0,0.0,75.89999999999999,0.40000000000000213,0.0,0.0,0.0,False,False,False
429,395063575,893168507,0,GaussianSensor,0.65,0.2,0.1,0.05,True,True,True,True,goal_reached,0.21014637256592075,66.10000000000001,13.485572464967825,13.663613017589098,0.049943479285713716,0.19296665447608574,0.056894392595561685,0.024962830117770993,0.10710552140207112,0.034229896236551205,0.04166967786552476,0.22813394368484666,0.05497061273414889,0.11859098213235161,0.09895527786878273,5.023469030210339,5.023469030210338,0.0,8.918301867090861e-17,1.7772239894833365e-16,0.3069363790156931,0.30693637901569304,0.0,66.10000000000001,0.0,0.0,0.0,0.0,66.10000000000001,0.0,0.0,0.0,0.0,False,False,False
430,3316604475,3569072220,0,GaussianSensor,0.65,0.2,0.1,0.05,True,True,True,True,goal_reached,0.2650365453758279,71.7,13.926841280325826,14.121849051352752,0.05167611678872995,0.17156216200862737,0.05777336917668921,0.027238523408114834,0.08989035255108908,0.03504307660333485,0.040614863383526295,0.17435055576356107,0.05104899490825087,0.15726007487495772,0.12459544213628938,5.206347715108661,5.206347715108661,0.0,7.760344065717867e-17,2.5133742693021536e-16,0.3705992292409038,0.3705992292409038,0.0,63.599999999999994,8.100000000000009,0.0,0.0,0.0,63.099999999999994,8.600000000000009,0.0,0.0,0.0,False,False,False
431,2622342899,1742826588,0,GaussianSensor,0.65,0.2,0.1,0.05,True,True,True,True,goal_reached,0.15961919305989436,64.0,13.108065723898811,13.146259327792986,0.05226767774134065,0.19717401878002316,0.05962379265675727,0.031030902033631617,0.110141550968507,0.04062532868259834,0.04509419821638768,0.19717401878002316,0.057575772160289376,0.11137068347945381,0.02957596451350093,5.2384440101627625,5.2384440101627625,0.0,8.605726180987179e-17,1.962615573354719e-16,0.31999480228494537,0.31999480228494537,0.0,64.0,0.0,0.0,0.0,0.0,64.0,0.0,0.0,0.0,0.0,False,False,False
432,3286438300,234230365,0,GaussianSensor,0.65,0.2,0.1,0.05,True,True,True,True,goal_reached,0.1800910486276994,67.0,13.63502183552226,13.798278241102556,0.049294884618315146,0.16613687810550687,0.05541609661686212,0.022039082538047663,0.08117540350373567,0.027706810843599463,0.039151646390137934,0.17042847543532813,0.048802552189627486,0.10009913379187964,0.05237470976347432,5.059271739226925,5.059271739226926,0.0,7.9992951251922e-17,2.830524433501838e-16,0.2106978328961982,0.2106978328961982,0.0,67.0,0.0,0.0,0.0,0.0,67.0,0.0,0.0,0.0,0.0,False,False,False
433,2750417563,1262226921,0,GaussianSensor,0.65,0.2,0.1,0.05,True,True,True,True,goal_reached,0.19486398946930694,76.10000000000001,14.66644900642084,14.708195288721084,0.053491917414340874,0.1688216114074501,0.059964303226800963,0.03074184363442812,0.09124670369865841,0.03728091165465788,0.04643170140006339,0.20695568430227593,0.05826774545803305,0.15437388209303232,0.08922526217452775,6.13392299512852,6.133922995128519,0.0,8.103345773677098e-17,2.4985438476838744e-16,0.2646008707700689,0.2646008707700689,0.0,74.0,2.1000000000000014,0.0,0.0,0.0,75.00000000000001,1.0999999999999943,0.0,0.0,0.0,False,False,False
434,4219808666,4170911108,0,GaussianSensor,0.65,0.2,0.1,0.05,True,True,True,True,goal_reached,0.1520399882341863,77.5,14.28496245750492,14.312196309914876,0.051382483372413724,0.23305126487674113,0.05807847614003703,0.030116606294361067,0.11456977792840989,0.03741981322007442,0.04399970678438354,0.23251842910798137,0.055957116813861056,0.14612459717267637,0.09357462880633437,5.800805276799181,5.800805276799181,0.0,7.37939323279541e-17,2.777508439858666e-16,0.2851189361615309,0.285118936161531,0.0,74.5,3.0,0.0,0.0,0.0,74.39999999999999,3.099999999999998,0.0,0.0,0.0,False,False,False
435,2996272099,2135640333,0,GaussianSensor,0.65,0.2,0.1,0.05,False,False,False,False,planning_failure,nan,nan,nan,nan,nan,nan,nan,nan,nan,nan,nan,nan,nan,nan,nan,nan,nan,nan,nan,nan,nan,nan,nan,,,,,,,,,,,,,
436,2404354633,3116284140,0,GaussianSensor,0.65,0.2,0.1,0.05,True,True,True,True,goal_reached,0.2004252852029648,65.3,13.462542511176908,13.623259958123192,0.04992778751381894,0.1478861167914374,0.0574299033815087,0.03002201285365547,0.09341125390026997,0.03657178807836103,0.04340668480237979,0.17861415956013021,0.05506142851592501,0.12607685397660673,0.07896362692595771,4.988381817446202,4.988381817446202,0.0,8.699729303896408e-17,2.779024842816778e-16,0.324364120186789,0.324364120186789,0.0,65.3,0.0,0.0,0.0,0.0,65.3,0.0,0.0,0.0,0.0,False,False,False
437,1785047775,2412942496,0,GaussianSensor,0.65,0.2,0.1,0.05,False,False,False,False,planning_failure,nan,nan,nan,nan,nan,nan,nan,nan,nan,nan,nan,nan,nan,nan,nan,nan,nan,nan,nan,nan,nan,nan,nan,,,,,,,,,,,,,
438,1137720147,103076549,0,GaussianSensor,0.65,0.2,0.1,0.05,True,True,False,False,false_completion,0.30083825836417616,67.8,13.067163024823943,13.347874498327796,0.05125328793613732,0.24946253931323162,0.057682728305746014,0.029444503848130604,0.08015431983145341,0.03560257512161829,0.04335664755308528,0.15348255385933518,0.05497537783985705,0.12548626166887403,0.0741543509432382,5.0618577863016405,5.0618577863016405,0.0,8.393967446699486e-17,1.962615573354719e-16,0.2415468834522902,0.2415468834522902,0.0,59.599999999999994,8.200000000000003,0.0,0.0,0.0,58.89999999999999,8.900000000000006,0.0,0.0,0.0,False,False,False
439,4162669629,1339972080,0,GaussianSensor,0.65,0.2,0.1,0.05,True,True,True,True,goal_reached,0.23910085125334554,83.60000000000001,16.859335959116773,17.225490922715807,0.05041141876997474,0.17289510414300271,0.0569888051285021,0.03302609197910014,0.11448972755575917,0.04084671884955283,0.04527141456550344,0.17244774990241954,0.05627411335875224,0.04949779853974553,0.0,6.7422007654954,6.742200765495399,0.0,7.368445710504627e-17,2.8066088919804617e-16,0.2813498289170323,0.2813498289170323,0.0,83.60000000000001,0.0,0.0,0.0,0.0,83.60000000000001,0.0,0.0,0.0,0.0,False,False,False
440,4238156698,1041179357,0,GaussianSensor,0.65,0.2,0.1,0.05,True,True,True,True,goal_reached,0.20456605389436378,66.9,13.388420929529207,13.555506616879688,0.05192355729650884,0.15978741900013185,0.059284837439833905,0.02990959314949742,0.09533484820179074,0.03773411119104886,0.03966948255911009,0.15260951597327396,0.050905806846152285,0.12421776612805152,0.1081477269384088,5.188318878078952,5.188318878078952,0.0,8.670139707162506e-17,2.779024842816778e-16,0.2563765901936624,0.25637659019366243,0.0,66.7,0.19999999999999574,0.0,0.0,0.0,66.7,0.19999999999999574,0.0,0.0,0.0,False,False,False
441,2321526583,4105025827,0,GaussianSensor,0.65,0.2,0.1,0.05,True,True,True,True,goal_reached,0.22655189878748513,75.8,14.80310730895308,14.987450110675596,0.050195734686049695,0.16974821577381605,0.05651501572736583,0.02946144717942147,0.10211094844692553,0.03728823136143874,0.04343453292532455,0.16860813082865306,0.05379345127983774,0.13169885544106358,0.07066473602452775,5.732260012908247,5.732260012908247,0.0,8.165895354775943e-17,2.7755575615628914e-16,0.32379437474398215,0.32379437474398215,0.0,67.79999999999998,8.00000000000001,0.0,0.0,0.0,67.19999999999997,8.600000000000012,0.0,0.0,0.0,False,False,False
442,2806551846,2921142390,0,GaussianSensor,0.65,0.2,0.1,0.05,True,True,True,True,goal_reached,0.1945051497157871,68.3,13.904817809553645,14.030118215588029,0.05048602578469689,0.15830499615960497,0.05711802411190933,0.03287787455602836,0.10290574094580887,0.04104428335149413,0.043675624608126594,0.177309999058012,0.05427885187112047,0.13336090472100995,0.08428541063153899,5.230192649291386,5.230192649291386,0.0,8.163451123607607e-17,1.7772239894833365e-16,0.24099515413970177,0.24099515413970177,0.0,68.3,0.0,0.0,0.0,0.0,68.3,0.0,0.0,0.0,0.0,False,False,False
443,530442452,3520819212,0,GaussianSensor,0.65,0.2,0.1,0.05,True,True,True,True,goal_reached,0.18565100756141573,73.0,13.797663346596632,14.004125537493472,0.05562871993191924,0.16378132936466488,0.06279636338767641,0.033755752716820936,0.10829893033683502,0.04153882017950419,0.04696712954910555,0.17738584740020533,0.0582450090805801,0.03999465280916174,0.0,5.448115907189133,5.448115907189133,0.0,7.666403641854366e-17,1.7772239894833365e-16,0.252177421289217,0.25217742128921694,0.0,71.39999999999999,1.6000000000000014,0.0,0.0,0.0,72.1,0.6999999999999993,0.20000000000000284,0.0,0.0,False,False,False
444,1845962377,664921687,0,GaussianSensor,0.65,0.2,0.1,0.05,True,True,True,True,goal_reached,0.12879708463106682,76.7,14.568870916280126,14.61833827725021,0.052670174389725745,0.14866854554031553,0.05940608026703689,0.025216603701520093,0.0895314876393325,0.03352411667196856,0.04450168322630358,0.1458605187650876,0.05400766556138948,0.1403194218011653,0.09148371312655308,5.702115963697935,5.702115963697936,0.0,8.020314719136803e-17,2.7894008272968645e-16,0.25158587095510343,0.25158587095510343,0.0,70.19999999999999,6.500000000000007,0.0,0.0,0.0,69.4,7.299999999999997,0.0,0.0,0.0,False,False,False
445,127337084,683216640,0,GaussianSensor,0.65,0.2,0.1,0.05,True,True,True,True,goal_reached,0.19594029579011096,69.4,13.768603157528695,13.940530907883833,0.052760638146159534,0.15845594010056635,0.058756251885885055,0.026877390000646467,0.07853469600341006,0.03298364001362522,0.04397897650614318,0.16533838889846758,0.05346160931882892,0.08216076052434,0.06908749083096599,5.0411970228758936,5.0411970228758936,0.0,7.966577203880544e-17,2.498001805406602e-16,0.2901018213611203,0.2901018213611203,0.0,69.0,0.3999999999999986,0.0,0.0,0.0,69.2,0.20000000000000284,0.0,0.0,0.0,False,False,False
446,2775364023,2422759464,0,GaussianSensor,0.65,0.2,0.1,0.05,True,True,True,True,goal_reached,0.20073361540224396,74.9,15.03094069314416,15.160596743805442,0.05035693998955158,0.181035857122738,0.05681217580767916,0.036965037218411184,0.10193898537199478,0.04316441289778559,0.04395625004820202,0.1675413673641594,0.05322013200452679,0.07234489742998614,0.09818130629421243,6.054851244377735,6.054851244377735,0.0,7.741480106472164e-17,2.779024842816778e-16,0.2966207005837845,0.2966207005837845,0.0,74.9,0.0,0.0,0.0,0.0,74.9,0.0,0.0,0.0,0.0,False,False,False
447,769208838,2108056196,0,GaussianSensor,0.65,0.2,0.1,0.05,True,True,True,True,goal_reached,0.2046609650087593,68.4,13.014388245580488,13.192561259083547,0.05572360040609429,0.21463063766435458,0.06271306041026188,0.03445713347125978,0.10356559007810758,0.04375832571113629,0.04584068298903965,0.21463063766435458,0.056839013224882266,0.3017695190243139,0.2711635980838865,5.014413216959795,5.014413216959795,0.0,8.480668614611294e-17,2.7625164985270986e-16,0.24270641307985868,0.24270641307985863,0.0,67.9,0.5,0.0,0.0,0.0,68.2,0.20000000000000284,0.0,0.0,0.0,False,False,False
448,3043459404,2731378376,0,GaussianSensor,0.65,0.2,0.1,0.05,True,True,True,True,goal_reached,0.2716435482622049,76.4,16.17730515607837,16.404734594823882,0.05184212648696009,0.1948780202436336,0.058731376659790786,0.0278273025723934,0.11236912902815124,0.03449906291008416,0.04631565547824935,0.19437143285751107,0.058079361057101514,0.1764192141887403,0.14239870204819532,6.247481060897794,6.247481060897794,0.0,8.424367283610932e-17,2.786162483075207e-16,0.2733580344415302,0.27335803444153006,0.0,76.1,0.30000000000000426,0.0,0.0,0.0,76.4,0.0,0.0,0.0,0.0,False,False,False
449,4010961629,3768035838,0,GaussianSensor,0.65,0.2,0.1,0.05,True,True,True,True,goal_reached,0.16645556844199705,77.60000000000001,13.91039238383827,13.95175763116448,0.052107454669645045,0.17703321039242176,0.05871229597732048,0.03470454355243579,0.09934673504594081,0.043228231569009894,0.049761996378662715,0.17703321039242176,0.06115847724209194,0.06563360180105395,0.005340176797852346,5.505843899569538,5.505843899569538,0.0,7.613864791030787e-17,1.962615573354719e-16,0.28041987949464897,0.2804198794946489,0.0,66.8,10.800000000000004,0.0,0.0,0.0,65.8,11.8,0.0,0.0,0.0,False,False,False
450,1928687484,2584878143,0,GaussianSensor,0.65,0.2,0.1,0.05,False,False,False,False,planning_failure,nan,nan,nan,nan,nan,nan,nan,nan,nan,nan,nan,nan,nan,nan,nan,nan,nan,nan,nan,nan,nan,nan,nan,,,,,,,,,,,,,
451,4152053962,3199768913,0,GaussianSensor,0.65,0.2,0.1,0.05,True,True,True,True,goal_reached,0.23701576001569807,70.9,13.564829909401475,13.770528481463339,0.04773334202079797,0.15351812687573416,0.05449654697530309,0.02690762436292294,0.12051857886782459,0.038711452135099335,0.04157096718658715,0.20413509350704584,0.0529224617966178,0.0907443810850582,0.0961475682091124,5.471385331191245,5.471385331191245,0.0,8.492065217980954e-17,2.2247786310271853e-16,0.4233915132907926,0.4233915132907926,0.0,61.699999999999996,9.200000000000008,0.0,0.0,0.0,62.2,8.699999999999998,0.0,0.0,0.0,False,False,False
452,4168572242,1705565391,0,GaussianSensor,0.65,0.2,0.1,0.05,True,True,True,True,goal_reached,0.15912679029119473,88.4,17.387824962518287,17.444704650191554,0.05314551697679667,0.19031647277871463,0.059811283069125455,0.03430643750197128,0.13291333312234055,0.04403103395522818,0.04534973213230683,0.2270934181370885,0.05684298477940579,0.08008178283161214,0.02548428871947785,6.993983484058077,6.993983484058077,0.0,8.178394040052226e-17,2.7755575615628914e-16,0.2907492257769463,0.2907492257769462,0.0,87.60000000000001,0.7999999999999972,0.0,0.0,0.0,86.8,1.6000000000000014,0.0,0.0,0.0,False,False,False
453,139743901,2440869414,0,GaussianSensor,0.65,0.2,0.1,0.05,True,True,True,True,goal_reached,0.21643210067458976,67.60000000000001,13.282838048786568,13.330044751853372,0.053406126831381864,0.1609502412894816,0.05946168787147929,0.04174847557780228,0.09875269659808526,0.04869801407996242,0.04878289486700038,0.1922039338332098,0.06110285113841129,0.19096605259041102,0.09871299459717342,5.567346898652283,5.567346898652283,0.0,8.663187661491293e-17,2.5589376332604516e-16,0.3889373232898121,0.3889373232898121,0.0,67.3,0.30000000000000426,0.0,0.0,0.0,66.80000000000001,0.7999999999999972,0.0,0.0,0.0,False,False,False
454,535639341,2753489956,0,GaussianSensor,0.65,0.2,0.1,0.05,True,True,True,True,goal_reached,0.09441892377838657,74.3,14.172685551415615,14.208271140672885,0.0540672377652384,0.34827768373587004,0.06112447372684655,0.029169354732754938,0.06281489150570892,0.03328790373104229,0.044016511820161086,0.34827768373587004,0.05509671226776075,0.11055058669656313,0.07238965413604705,5.7125072196376925,5.712507219637693,0.0,8.037566329759598e-17,2.498001805406602e-16,0.2475182185825032,0.24751821858250322,0.0,70.99999999999999,3.3000000000000007,0.0,0.0,0.0,70.20000000000002,4.099999999999987,0.0,0.0,0.0,False,False,False
455,1358971682,2777370745,0,GaussianSensor,0.65,0.2,0.1,0.05,True,True,True,True,goal_reached,0.17351725158324777,70.10000000000001,13.379801899839613,13.607215316736763,0.05289177751514648,0.17494162204079824,0.05996989979768664,0.03522800062376626,0.1467879303026471,0.04572117848848961,0.046978085396122735,0.1791192299285511,0.058369289185398465,0.05315966053093492,0.010620887825879525,5.336933056086386,5.336933056086386,0.0,8.15175034209536e-17,1.962615573354719e-16,0.33658082479763407,0.33658082479763407,0.0,62.7,7.3999999999999995,0.0,0.0,0.0,63.00000000000001,7.1000000000000005,0.0,0.0,0.0,False,False,False
456,2249758613,3075958973,0,GaussianSensor,0.65,0.2,0.1,0.05,True,True,True,True,goal_reached,0.23404659675803585,70.4,13.337422137286527,13.46404042876235,0.05208610993607933,0.1535316952284434,0.05900013483222122,0.027126446441467687,0.07292442015048616,0.03395442227207743,0.04632488034456404,0.1523375281238907,0.05560384084760772,0.20519675548749575,0.17558717675559193,5.497878823115842,5.497878823115842,0.0,8.134002286148136e-17,1.962615573354719e-16,0.4012407894694472,0.4012407894694472,0.0,67.2,3.200000000000003,0.0,0.0,0.0,66.6,3.8000000000000043,0.0,0.0,0.0,False,False,False
457,3234002399,399691633,0,GaussianSensor,0.65,0.2,0.1,0.05,True,True,True,True,goal_reached,0.15933042610335119,65.9,13.093487014970524,13.20029673963428,0.052888598041316105,0.21005290768900506,0.05970994041792864,0.028144039503545666,0.10861010941316085,0.03508716778515369,0.0416208914018228,0.164943946554528,0.052714880289834475,0.033932987576307486,0.001536276278167854,5.556811581803742,5.556811581803741,0.0,8.535348458221327e-17,1.962615573354719e-16,0.23054127928016316,0.23054127928016316,0.0,65.9,0.0,0.0,0.0,0.0,65.9,0.0,0.0,0.0,0.0,False,False,False
458,2203017644,679757135,0,GaussianSensor,0.65,0.2,0.1,0.05,True,True,True,True,goal_reached,0.25893745687734226,68.9,13.820823920453904,13.93454242366369,0.05228263247342418,0.23588004409994798,0.05953499386807526,0.03254778914872665,0.10030633688798284,0.04030880640872492,0.04895661664715715,0.20981110446930268,0.060516320613340634,0.4320078693863003,0.3532245187016212,5.344397783626443,5.344397783626444,0.0,8.1923906480917e-17,1.962615573354719e-16,0.26391123713298165,0.26391123713298165,0.0,68.9,0.0,0.0,0.0,0.0,68.9,0.0,0.0,0.0,0.0,False,False,False
459,506516199,1391648510,0,GaussianSensor,0.65,0.2,0.1,0.05,True,True,True,True,goal_reached,0.17421085237011355,72.10000000000001,14.463962421295129,14.556656875077852,0.05026829600850572,0.20567807997044446,0.05671849755809901,0.023010732469853547,0.09277262928929127,0.03138232062451737,0.04065503954736958,0.21097723933679552,0.051734097998641725,0.18635970829079487,0.13881851466144948,5.573999487764153,5.573999487764153,0.0,7.990529925354597e-17,2.797157557069881e-16,0.35179458772933314,0.35179458772933314,0.0,71.9,0.1999999999999993,0.0,0.0,0.0,71.9,0.1999999999999993,0.0,0.0,0.0,False,False,False
460,3148336134,4052583908,0,GaussianSensor,0.65,0.2,0.1,0.05,True,True,True,True,goal_reached,0.19107996459442558,63.5,13.131734667085889,13.223321098548368,0.05306463880519757,0.1705763641415803,0.060212514104750814,0.034607685893247274,0.12341394022030555,0.04573795036671903,0.04499693064675258,0.18094619764479317,0.05668443574822309,0.4494996399281437,0.3781306299964058,4.882561245656279,4.88256124565628,0.0,9.068429542101359e-17,2.237726045655905e-16,0.30666735933951655,0.3066673593395166,0.0,63.5,0.0,0.0,0.0,0.0,63.5,0.0,0.0,0.0,0.0,False,False,False
461,2541265752,4115274506,0,GaussianSensor,0.65,0.2,0.1,0.05,False,False,False,False,planning_failure,nan,nan,nan,nan,nan,nan,nan,nan,nan,nan,nan,nan,nan,nan,nan,nan,nan,nan,nan,nan,nan,nan,nan,,,,,,,,,,,,,
462,1485890029,2960204149,0,GaussianSensor,0.65,0.2,0.1,0.05,True,True,True,True,goal_reached,0.23200157646488845,82.5,14.679052524308197,14.826533869950005,0.05223706206211954,0.16667510784168074,0.05801136583066767,0.03519364263844802,0.1263563736274751,0.044189784792777166,0.04555130569944063,0.16732732037714262,0.056723826004373507,0.15146219916227938,0.10377286632315501,5.794892977401347,5.794892977401347,0.0,7.576136874699157e-17,1.7772239894833365e-16,0.38624448861791155,0.38624448861791155,0.0,72.1,10.400000000000006,0.0,0.0,0.0,73.3,9.2,0.0,0.0,0.0,False,False,False
463,301383822,2172981111,0,GaussianSensor,0.65,0.2,0.1,0.05,True,True,True,True,goal_reached,0.14979814081098472,64.9,13.34736130944228,13.468698551563826,0.04957057293260135,0.14100587748209298,0.0564608944582268,0.018934977796001486,0.060437647159644725,0.023350924524581533,0.03558988698351137,0.14908824592022069,0.046055712434464574,0.17987289528696535,0.10880246252353691,5.2356080404891205,5.2356080404891205,0.0,8.791987213524643e-17,2.8609792490763985e-16,0.40274640300566494,0.40274640300566494,0.0,64.80000000000001,0.09999999999999432,0.0,0.0,0.0,64.8,0.10000000000000142,0.0,0.0,0.0,False,False,False
464,2308831160,1833916880,0,GaussianSensor,0.65,0.2,0.1,0.05,True,True,True,True,goal_reached,0.15500092357585793,69.10000000000001,13.443077002356183,13.433085819952963,0.05535771614151226,0.2074828849665392,0.062086092491228664,0.05024805011718773,0.12928866789195329,0.06089884102996628,0.05050255470842429,0.20624219990710355,0.0632238452864863,0.05172586048502121,0.06077658521331362,5.403207530385924,5.403207530385924,0.0,8.186689177413998e-17,1.962615573354719e-16,0.48994395112667916,0.48994395112667916,0.0,67.19999999999999,1.9000000000000075,0.0,0.0,0.0,66.10000000000001,3.0,0.0,0.0,0.0,False,False,False
465,3560128294,3313768472,0,GaussianSensor,0.65,0.2,0.1,0.05,False,False,False,False,planning_failure,nan,nan,nan,nan,nan,nan,nan,nan,nan,nan,nan,nan,nan,nan,nan,nan,nan,nan,nan,nan,nan,nan,nan,,,,,,,,,,,,,
466,776986923,4124742154,0,GaussianSensor,0.65,0.2,0.1,0.05,True,True,True,True,goal_reached,0.18560943115484474,73.2,15.002838617029875,15.088269693052162,0.050253964818288525,0.247145989784423,0.05750014755269703,0.030642988838154514,0.08480058490577404,0.03603539598663525,0.03947374950003511,0.22305201580199888,0.04876673226037075,0.10671397715858005,0.08563975540160432,5.718635788161383,5.718635788161382,0.0,7.655215228988122e-17,2.7755575615628914e-16,0.3317855128903176,0.3317855128903176,0.0,73.2,0.0,0.0,0.0,0.0,73.2,0.0,0.0,0.0,0.0,False,False,False
467,2850336734,11142806,0,GaussianSensor,0.65,0.2,0.1,0.05,True,True,True,True,goal_reached,0.21117339465990953,68.60000000000001,13.432640430225646,13.563281425051782,0.05032225925792227,0.15442080849024314,0.05693927512066825,0.023191756505516147,0.09059057516770477,0.03098857667613411,0.03816114960587426,0.1367688584937043,0.047939538976164986,0.12510527753203363,0.11606837697126793,5.463460334666671,5.463460334666671,0.0,8.316988454279155e-17,2.498965354837e-16,0.24321962026409344,0.24321962026409347,0.0,68.4,0.20000000000000284,0.0,0.0,0.0,68.30000000000001,0.29999999999999716,0.0,0.0,0.0,False,False,False
468,506447374,1862155830,0,GaussianSensor,0.65,0.2,0.1,0.05,True,True,True,True,goal_reached,0.21127712172931382,72.60000000000001,14.0752609482483,14.282539594382005,0.05082224982024887,0.1500536243022952,0.05741045943324309,0.024511244527030764,0.09810415966672954,0.032799436248175114,0.03797277306012253,0.14754236161360418,0.04925497175773528,0.10310804819743576,0.06648517605343374,5.735051088745953,5.735051088745953,0.0,7.745026111234315e-17,2.7833528704240246e-16,0.2672914259586627,0.2672914259586627,0.0,72.60000000000001,0.0,0.0,0.0,0.0,72.60000000000001,0.0,0.0,0.0,0.0,False,False,False
469,38382694,611277468,0,GaussianSensor,0.65,0.2,0.1,0.05,True,True,True,True,goal_reached,0.16819266925137016,68.60000000000001,13.225626762521975,13.305373328062533,0.05202161084517142,0.16513526792777025,0.05832268753263603,0.026635617430256546,0.08304211900820962,0.03340003947717939,0.044194182534324916,0.15975925268754781,0.05360865931304032,0.06733301539942488,0.045861488049077886,5.261374520695675,5.261374520695674,0.0,8.465482558831788e-17,1.8670653977139892e-16,0.23687922218120575,0.23687922218120583,0.0,68.60000000000001,0.0,0.0,0.0,0.0,68.60000000000001,0.0,0.0,0.0,0.0,False,False,False
470,1614957771,2769797369,0,GaussianSensor,0.65,0.2,0.1,0.05,True,True,True,True,goal_reached,0.1834924126220517,78.2,15.007926841985904,15.130362609931689,0.05170977034014924,0.1729553187776631,0.058327318729940694,0.0372992750804063,0.1253114532207142,0.046906128709941215,0.046881156240800276,0.21162647117147726,0.05976031236741799,0.21198325888168787,0.14011505723730996,6.156605103934136,6.156605103934135,0.0,7.744854034788488e-17,2.779024842816778e-16,0.42987514474936256,0.42987514474936256,0.0,69.19999999999999,9.000000000000004,0.0,0.0,0.0,67.8,10.400000000000004,0.0,0.0,0.0,False,False,False
471,1947553387,2982980601,0,GaussianSensor,0.65,0.2,0.1,0.05,True,True,True,True,goal_reached,0.20747994295016123,61.7,12.911835770999204,12.97421410464209,0.05257334751089094,0.2896160003117672,0.05964173209021539,0.03649833771834015,0.1204979541444985,0.04565532829083299,0.04678689383399058,0.28918960669895444,0.05906046335263462,0.10995464502368647,0.11180486933079666,4.925807672715184,4.925807672715185,0.0,9.168033418349417e-17,1.962615573354719e-16,0.27333590177249384,0.2733359017724938,0.0,61.7,0.0,0.0,0.0,0.0,61.7,0.0,0.0,0.0,0.0,False,False,False
472,1889259062,1512499680,0,GaussianSensor,0.65,0.2,0.1,0.05,True,True,True,True,goal_reached,0.16168986745295644,74.5,13.864583086770892,13.963291816527235,0.05131142461054459,0.17702116204363597,0.05857375479035221,0.030188899028014252,0.08912873282869584,0.03673615351716848,0.042928471847009986,0.17292627581260875,0.053314874473676575,0.10259189164257859,0.07821433647242525,5.4415675287042315,5.441567528704232,0.0,7.968816511524363e-17,1.7772239894833365e-16,0.28081424013843737,0.2808142401384373,0.0,65.6,8.899999999999995,0.0,0.0,0.0,64.99999999999999,9.500000000000004,0.0,0.0,0.0,False,False,False
473,3323850896,2015045576,0,GaussianSensor,0.65,0.2,0.1,0.05,True,True,True,True,goal_reached,0.24680755861135487,68.10000000000001,13.240202838683302,13.417281401805523,0.05402709305089114,0.21413937399151042,0.06022448908719835,0.027981597252940103,0.11648597353602402,0.03694146292194591,0.041773210822053784,0.15777453946715975,0.05282791339009855,0.10620136624565413,0.0959957373953568,5.14536566286391,5.14536566286391,0.0,8.513479631499728e-17,1.7772239894833365e-16,0.2937737790594219,0.2937737790594219,0.0,68.00000000000001,0.09999999999999432,0.0,0.0,0.0,67.8,0.30000000000000426,0.0,0.0,0.0,False,False,False
474,301557636,2102269319,0,GaussianSensor,0.65,0.2,0.1,0.05,True,True,True,True,goal_reached,0.14375699978647033,70.3,13.727415648517319,13.77137280739389,0.05299475691953932,0.19376676467182677,0.06000701572781517,0.022771140854686636,0.07618289176093776,0.0291101867425894,0.03963713256453744,0.1631997711066367,0.04933540828973735,0.10605556164827869,0.07519247428564224,5.4434320300568535,5.4434320300568535,0.0,8.267369330812273e-17,2.7757743935277205e-16,0.30184002348343386,0.30184002348343386,0.0,70.3,0.0,0.0,0.0,0.0,70.3,0.0,0.0,0.0,0.0,False,False,False
475,2131969918,99288110,0,GaussianSensor,0.65,0.2,0.1,0.05,True,True,True,True,goal_reached,0.15854346607822808,68.8,13.211160332228356,13.259308553198496,0.04960912832850596,0.18928471839121924,0.05650878838849829,0.029768828081195905,0.08552345116803597,0.036491894365358366,0.04449062111553593,0.18138604818799386,0.0558684573547302,0.09959034312730923,0.03002504697670716,5.314841615467618,5.314841615467618,0.0,8.325234193620442e-17,1.962615573354719e-16,0.24338515138503855,0.24338515138503855,0.0,66.8,2.0,0.0,0.0,0.0,66.79999999999998,2.000000000000007,0.0,0.0,0.0,False,False,False
476,447607539,1053281374,0,GaussianSensor,0.65,0.2,0.1,0.05,True,True,True,True,goal_reached,0.14102449760369795,63.1,12.741171082711219,12.780503048288914,0.05188281448925658,0.1493405699558562,0.05916103437457212,0.02990840983360257,0.10348587784977825,0.03775573187243897,0.04397862292934549,0.18480940095574283,0.05588127943529974,0.06868100548822414,0.0,5.106798608734071,5.106798608734071,0.0,8.977553201870153e-17,2.5589376332604516e-16,0.34878765072235135,0.34878765072235135,0.0,63.1,0.0,0.0,0.0,0.0,63.1,0.0,0.0,0.0,0.0,False,False,False
477,2621228370,2580436250,0,GaussianSensor,0.65,0.2,0.1,0.05,True,True,True,True,goal_reached,0.24410496511584587,76.60000000000001,15.40496062818525,15.600237712270033,0.05075735465123298,0.13137382407167233,0.05670310793903247,0.02684668347724744,0.10948147460995263,0.03526344553671417,0.04136046346560963,0.17020231771854688,0.05276540202525196,0.1485381424996741,0.13385963339261409,5.9933221178794795,5.9933221178794795,0.0,8.357971182652894e-17,2.7833528704240246e-16,0.24005508933595493,0.24005508933595496,0.0,76.60000000000001,0.0,0.0,0.0,0.0,76.60000000000001,0.0,0.0,0.0,0.0,False,False,False
478,2875798271,4241047379,0,GaussianSensor,0.65,0.2,0.1,0.05,False,False,False,False,planning_failure,nan,nan,nan,nan,nan,nan,nan,nan,nan,nan,nan,nan,nan,nan,nan,nan,nan,nan,nan,nan,nan,nan,nan,,,,,,,,,,,,,
479,97946494,3150012955,0,GaussianSensor,0.65,0.2,0.1,0.05,True,True,True,True,goal_reached,0.2094723513865695,69.8,14.126879852708571,14.187933605339115,0.05120983474016898,0.1737200912419176,0.05754257180331155,0.0324640876584418,0.10077297306109215,0.03934504480007703,0.04205544719834403,0.17847865164120186,0.053704024952428035,0.45286096688164257,0.38980954833721576,5.683234732266543,5.683234732266543,0.0,7.921760202034895e-17,2.779024842816778e-16,0.33620121972322375,0.33620121972322375,0.0,69.8,0.0,0.0,0.0,0.0,69.69999999999999,0.09999999999999964,0.0,0.0,0.0,False,False,False
480,2941189654,1656477099,0,GaussianSensor,0.65,0.2,0.1,0.05,True,True,True,True,goal_reached,0.14420745059522558,77.10000000000001,13.901620198033491,13.985643129571551,0.051883093418463616,0.15125200155277713,0.05859787820347255,0.023171607436514197,0.08704584055359561,0.02944896007726585,0.03993045246077936,0.14670921293581354,0.04876995868576663,0.11934969502427945,0.105952545805506,5.609194155143868,5.609194155143868,0.0,7.748889085897455e-17,1.962615573354719e-16,0.3648313443718213,0.3648313443718213,0.0,69.60000000000001,7.5,0.0,0.0,0.0,69.5,7.6,0.0,0.0,0.0,False,False,False
481,1120920137,1371190207,0,GaussianSensor,0.65,0.2,0.1,0.05,True,True,True,True,goal_reached,0.14782011365562628,65.9,13.10872846698058,13.152581967892145,0.05207077619119268,0.15748004713365824,0.05884505379102022,0.02797383572902035,0.08039304840170008,0.03477613874146091,0.045365143421393195,0.1691281432647877,0.05642000159591335,0.10700932507857029,0.10549785632980296,5.238236958200689,5.238236958200689,0.0,8.806638324038869e-17,1.962615573354719e-16,0.41300515281910083,0.41300515281910083,0.0,65.9,0.0,0.0,0.0,0.0,65.6,0.30000000000000426,0.0,0.0,0.0,False,False,False
482,1441686073,3249876181,0,GaussianSensor,0.65,0.2,0.1,0.05,True,True,True,True,goal_reached,0.1758971845649995,63.7,13.064340984132166,13.163717657989839,0.048794978980793546,0.15903934001028847,0.05566095658045228,0.032122318507866995,0.11968049414799883,0.04168616645152523,0.04186497494642899,0.15340968310424863,0.053865474987340706,0.12005250334426222,0.08163534957973116,5.324237780740834,5.324237780740835,0.0,8.916514756119119e-17,2.897767167584095e-16,0.23985507050656107,0.23985507050656096,0.0,62.0,1.6999999999999993,0.0,0.0,0.0,62.49999999999999,1.2000000000000046,0.0,0.0,0.0,False,False,False
483,1404618197,1265139002,0,GaussianSensor,0.65,0.2,0.1,0.05,True,True,True,True,goal_reached,0.19297694769117038,74.5,13.900941690375426,13.94795515332586,0.052825778390379434,0.25533524396395524,0.0599941696113422,0.03365498043646096,0.08753019978377896,0.0401788250466667,0.04636780202375922,0.25533524396395524,0.057011271926706256,0.14608425657157997,0.11259574009154481,5.888241041659876,5.888241041659876,0.0,7.494262679366515e-17,2.498001805406602e-16,0.25485881537594746,0.25485881537594746,0.0,74.19999999999999,0.3000000000000007,0.0,0.0,0.0,74.0,0.5,0.0,0.0,0.0,False,False,False
484,1244476722,2560154243,0,GaussianSensor,0.65,0.2,0.1,0.05,True,True,True,True,goal_reached,0.19428686094840433,79.9,14.23502705212591,14.333053900446181,0.05201402647396778,0.135047698630779,0.05828927883484175,0.021774726654627187,0.06809636087805866,0.028053258618247562,0.04149382951740611,0.1705854899346093,0.051700592148966586,0.10547379238879172,0.07104030166027758,5.777487371541126,5.777487371541125,0.0,7.475984662954918e-17,1.7772239894833365e-16,0.2999611646608837,0.2999611646608837,0.0,70.3,9.600000000000009,0.0,0.0,0.0,70.99999999999999,8.900000000000013,0.0,0.0,0.0,False,False,False
485,3564904496,3242463166,0,GaussianSensor,0.65,0.2,0.1,0.05,True,True,True,True,goal_reached,0.19600043430282077,70.7,14.463834066194746,14.679280203408691,0.05047091337380219,0.18367715098669912,0.05717390153814982,0.025216429022875138,0.0799447066902704,0.03253731855718074,0.04111295407066706,0.14864036861222343,0.05064906258541582,0.10353542804413499,0.07990918432715667,5.427083488274887,5.427083488274887,0.0,8.039348935660725e-17,2.7809732887839817e-16,0.21972195364615457,0.21972195364615463,0.0,69.5,1.2000000000000002,0.0,0.0,0.0,69.1,1.5999999999999996,0.0,0.0,0.0,False,False,False
486,844619944,1080847503,0,GaussianSensor,0.65,0.2,0.1,0.05,True,True,True,True,goal_reached,0.20288569704127757,73.9,14.628478042492835,14.794502091481203,0.05081351551636297,0.1713139003633808,0.057396895355150405,0.026333833719282156,0.08966234620611467,0.033559752331898486,0.03981446949599023,0.15250340134175627,0.050361605608971786,0.14140687977858207,0.11017864649218577,5.850683107868147,5.850683107868147,0.0,7.960308385452726e-17,2.220446049250313e-16,0.29436661438955253,0.29436661438955264,0.0,66.9,7.0,0.0,0.0,0.0,66.7,7.200000000000003,0.0,0.0,0.0,False,False,False
487,2665329952,3776639358,0,GaussianSensor,0.65,0.2,0.1,0.05,True,True,True,True,goal_reached,0.18908361516620778,68.60000000000001,13.59492381214805,13.623159402513556,0.05729033131848945,0.1683293923378405,0.06450908790569299,0.03422569778415277,0.11338861392896722,0.04344290562801365,0.04867542482331907,0.20595779660923325,0.062181421548048635,0.09550314564049206,0.013108825825709713,5.474831239292037,5.474831239292037,0.0,7.860214026266938e-17,1.7772239894833365e-16,0.25594326500912706,0.255943265009127,0.0,68.3,0.3000000000000007,0.0,0.0,0.0,68.2,0.3999999999999986,0.0,0.0,0.0,False,False,False
488,206684354,2480945970,0,GaussianSensor,0.65,0.2,0.1,0.05,True,True,True,True,goal_reached,0.264046167726131,70.3,13.973977573699532,14.15849784209751,0.05289506870669518,0.1969036345580491,0.05992993082431883,0.029463384782098635,0.08898766788581507,0.03614937490215543,0.04385063914767668,0.1965770941988419,0.05472056241581566,0.11900843396683919,0.038719420398085,5.631324934085513,5.631324934085514,0.0,8.590289212290713e-17,2.7894008272968645e-16,0.2879612750880163,0.2879612750880163,0.0,70.19999999999999,0.09999999999999787,0.0,0.0,0.0,69.99999999999999,0.3000000000000007,0.0,0.0,0.0,False,False,False
489,230487301,332724478,0,GaussianSensor,0.65,0.2,0.1,0.05,True,True,True,True,goal_reached,0.12907965847432556,66.0,13.05836280834696,13.080278881052648,0.05122797305356333,0.18772990188626534,0.05809071639902017,0.032263385055311206,0.0895653696822281,0.03887440541221873,0.044966385998114464,0.18797607027919092,0.056089654027940465,0.10743534586770842,0.04288211369687657,5.0900263646097335,5.0900263646097335,0.0,8.725042128169594e-17,1.962615573354719e-16,0.29208147201988655,0.29208147201988655,0.0,66.0,0.0,0.0,0.0,0.0,66.0,0.0,0.0,0.0,0.0,False,False,False
490,2649271792,2500886733,0,GaussianSensor,0.65,0.2,0.1,0.05,True,True,True,True,goal_reached,0.27311238306454333,74.10000000000001,15.112101898930879,15.278709279998882,0.05222707506206719,0.1882556349731959,0.060062759316369875,0.031075485253508346,0.07730585925893763,0.037485412662444345,0.040894375336569797,0.19693041181023663,0.05189988734040597,0.1381284303336139,0.05306958818976337,5.904608825537048,5.904608825537049,0.0,7.997322120160976e-17,2.2247786310271853e-16,0.28096602640814633,0.28096602640814633,0.0,73.50000000000001,0.5999999999999943,0.0,0.0,0.0,73.60000000000001,0.5,0.0,0.0,0.0,False,False,False
491,1901333916,3597879735,0,GaussianSensor,0.65,0.2,0.1,0.05,True,True,True,True,goal_reached,0.19876388356637412,64.10000000000001,13.177918696183147,13.302007599516942,0.04899197609543219,0.13227926423209863,0.054850428968796695,0.028087143297871438,0.08978951744251895,0.035046815599281876,0.04339321214602715,0.1465204360411276,0.05404236881449578,0.5468968457349952,0.4731793923696192,5.147981704471071,5.1479817044710705,0.0,8.8301375960338e-17,1.9141791241147513e-16,0.2663360897143563,0.2663360897143563,0.0,63.7,0.40000000000000213,0.0,0.0,0.0,63.400000000000006,0.7000000000000028,0.0,0.0,0.0,False,False,False
492,731024186,1289400343,0,GaussianSensor,0.65,0.2,0.1,0.05,True,True,True,True,goal_reached,0.1833513235722306,65.9,13.029753207514023,13.120101993638757,0.048358348389246075,0.132214583157021,0.054792141259887725,0.02984000984638175,0.08641534194946962,0.03668076535875244,0.04218264214777063,0.18067120283229338,0.052962545227790356,0.13031344804985384,0.09616140815409559,4.87807664431677,4.878076644316771,0.0,8.564484754917747e-17,1.962615573354719e-16,0.4099499162758741,0.4099499162758741,0.0,63.699999999999996,2.2000000000000046,0.0,0.0,0.0,63.600000000000016,2.29999999999999,0.0,0.0,0.0,False,False,False
493,602705326,1652745490,0,GaussianSensor,0.65,0.2,0.1,0.05,True,True,True,True,goal_reached,0.1782109228982294,64.3,13.149751227031736,13.251413979852442,0.052514675849281996,0.22310840106819688,0.05994510324440253,0.03270512787962508,0.10479400140198397,0.03976061660134847,0.04445183482919418,0.13802199097704923,0.05463172153746209,0.05291867899169685,0.018207249200561194,4.867219807173672,4.867219807173672,0.0,8.561239087047223e-17,1.7772239894833365e-16,0.2947238156090614,0.2947238156090614,0.0,64.0,0.29999999999999716,0.0,0.0,0.0,63.8,0.5,0.0,0.0,0.0,False,False,False
494,1847664839,2928025270,0,GaussianSensor,0.65,0.2,0.1,0.05,True,True,True,True,goal_reached,0.21517358296319236,70.5,13.806799943791486,13.95312727972906,0.05252585182149149,0.19852472725602027,0.05968809760682232,0.03151840866843444,0.08990262640649684,0.039189021126685875,0.04705473891559388,0.15700569617298563,0.05703700562284363,0.12419132263289676,0.06637004607032672,5.446928259058266,5.446928259058266,0.0,8.317093680036394e-17,2.7755575615628914e-16,0.33159629888477166,0.33159629888477166,0.0,70.5,0.0,0.0,0.0,0.0,70.5,0.0,0.0,0.0,0.0,False,False,False
495,4098558235,3215272856,0,GaussianSensor,0.65,0.2,0.1,0.05,True,True,True,True,goal_reached,0.2075885812223137,82.30000000000001,16.595709299950016,16.781250622304388,0.05201228108959612,0.1742544253765724,0.05915126669632185,0.028672116980465498,0.09371585129042152,0.03669258776510605,0.04304928343455991,0.18633877377790894,0.05382073398554141,0.1219047770431523,0.09132905783738872,6.340744769442328,6.340744769442328,0.0,7.909317857185068e-17,2.8609792490763985e-16,0.3492768440410156,0.3492768440410156,0.0,82.30000000000001,0.0,0.0,0.0,0.0,82.30000000000001,0.0,0.0,0.0,0.0,False,False,False
496,2717390137,1350678647,0,GaussianSensor,0.65,0.2,0.1,0.05,True,True,True,True,goal_reached,0.19541360640682223,76.10000000000001,15.302442519091061,15.50475082287444,0.05134498857759826,0.1481598248025987,0.058279251696330456,0.02581875453054322,0.09199608358582596,0.03188390337052888,0.036981284309433225,0.14637221873814624,0.04653969016449398,0.11512170368831388,0.08169292377853246,6.072239303294023,6.072239303294023,0.0,8.238587124778404e-17,2.779024842816778e-16,0.2822550825830071,0.2822550825830071,0.0,73.60000000000001,2.5,0.0,0.0,0.0,73.3,2.8000000000000114,0.0,0.0,0.0,False,False,False
497,640233742,749597644,0,GaussianSensor,0.65,0.2,0.1,0.05,True,True,True,True,goal_reached,0.1761877050415516,64.5,13.597640907762647,13.692390610965997,0.04949741623560266,0.15908250691303435,0.05606709395233991,0.023573689395453127,0.09877798549633221,0.03015119150215241,0.03953454194883984,0.1656552840936265,0.0490784128307031,0.14910759692678363,0.09062750900761615,5.255825842385935,5.255825842385935,0.0,9.096745267846901e-17,2.779024842816778e-16,0.2601448846683069,0.2601448846683069,0.0,64.5,0.0,0.0,0.0,0.0,64.39999999999999,0.10000000000000142,0.0,0.0,0.0,False,False,False
498,2648700291,2637678906,0,GaussianSensor,0.65,0.2,0.1,0.05,True,True,True,True,goal_reached,0.19312801497550575,74.10000000000001,14.644347425949189,14.753130450666411,0.05444243276314513,0.22725285079316407,0.06148879519147766,0.026314143952253254,0.10897037233798601,0.03400659961621503,0.04410013961828931,0.22690016633020174,0.05616987152665355,0.16609152632521854,0.09271482413905291,6.015323444623048,6.015323444623047,0.0,8.539831204423612e-17,2.2247786310271853e-16,0.26620956957704894,0.266209569577049,0.0,72.3,1.8000000000000007,0.0,0.0,0.0,72.60000000000001,1.5,0.0,0.0,0.0,False,False,False
499,3219993521,3284632546,0,GaussianSensor,0.65,0.2,0.1,0.05,True,True,True,True,goal_reached,0.22212080968797226,71.7,13.24242587379739,13.483708138674476,0.051614865497805265,0.22124776930003365,0.05839088118359852,0.0309059979086825,0.08491144094172931,0.03740536352478615,0.04246476491771869,0.22124776930003365,0.052688826144074795,0.1108059408974922,0.0721574705494219,5.252475893067713,5.252475893067713,0.0,8.12829679486556e-17,1.962615573354719e-16,0.2520247682891447,0.2520247682891447,0.0,63.0,8.700000000000003,0.0,0.0,0.0,63.2,8.5,0.0,0.0,0.0,False,False,False
