trial,environment_seed,sensor_seed,sensor_scenario,sensor_scenario_name,sensor_model,free_probability,occupied_probability,disallowed_probability,restricted_probability,planning_success,onboard_completion,true_goal_reached,true_mission_success,termination_state,final_true_distance,completion_time,actual_path_length,planned_path_length,mean_estimation_error,max_estimation_error,rmse_estimation_error,mean_true_cross_track_error,max_true_cross_track_error,rmse_true_cross_track_error,mean_estimated_cross_track_error,max_estimated_cross_track_error,rmse_estimated_cross_track_error,minimum_true_clearance,minimum_estimated_clearance,commanded_control_effort,applied_control_effort,control_saturation_fraction,mean_control_saturation_error,max_control_saturation_error,max_commanded_acceleration,max_applied_acceleration,measurement_dropout_fraction,true_free_time,true_occupied_time,true_disallowed_time,true_restricted_time,true_out_of_bounds_time,estimated_free_time,estimated_occupied_time,estimated_disallowed_time,estimated_restricted_time,estimated_out_of_bounds_time,restricted_violation,disallowed_violation,out_of_bounds_violation
0,2730937650,2972426433,0,gaussian_nominal,GaussianSensor,0.65,0.2,0.1,0.05,True,True,True,True,goal_reached,0.1533648783688304,70.2,14.366191965634982,14.454892214981566,0.0504322929319001,0.1806183557789073,0.057486147117636076,0.02588899107190625,0.07112806387276524,0.03172379188121593,0.03930584689960169,0.1796459795263673,0.04933586446892344,0.1493776713889125,0.09257929812373186,5.228991817253129,5.22899181725313,0.0,8.218317356687363e-17,2.7757743935277205e-16,0.348355106363294,0.348355106363294,0.0,70.2,0.0,0.0,0.0,0.0,70.2,0.0,0.0,0.0,0.0,False,False,False
1,725595369,1766001812,0,gaussian_nominal,GaussianSensor,0.65,0.2,0.1,0.05,True,True,True,True,goal_reached,0.14941146876436578,70.2,14.02589013767032,14.18806012461787,0.05189708763445572,0.1685285608516428,0.0584498416912333,0.02403111096364452,0.08126383619346364,0.028978536640952204,0.041048358772037545,0.17803386063856677,0.05263274265878544,0.1491346072971921,0.09465825965299127,5.4902054781724035,5.4902054781724035,0.0,7.906630581323448e-17,1.7772239894833365e-16,0.2581986482774677,0.2581986482774677,0.0,70.2,0.0,0.0,0.0,0.0,70.2,0.0,0.0,0.0,0.0,False,False,False
2,696368142,856203148,0,gaussian_nominal,GaussianSensor,0.65,0.2,0.1,0.05,True,True,True,True,goal_reached,0.2057588350279709,62.900000000000006,12.731436628280012,12.835580577877149,0.053086024483973815,0.1638883874419859,0.05971206520064643,0.030367440090975955,0.07804799573002423,0.036233640617595875,0.04359980477419182,0.1654515165302886,0.05286401300210746,0.16527465302189256,0.12014664775062874,5.125541087765946,5.125541087765947,0.0,8.969860216228299e-17,1.962615573354719e-16,0.40040802295766803,0.40040802295766803,0.0,62.900000000000006,0.0,0.0,0.0,0.0,62.900000000000006,0.0,0.0,0.0,0.0,False,False,False
3,707573593,2121814943,0,gaussian_nominal,GaussianSensor,0.65,0.2,0.1,0.05,True,True,True,True,goal_reached,0.16550004056935633,70.2,13.98030924382498,13.975985827963239,0.054446515338758175,0.17183111550733582,0.06089430319531045,0.02988767076282557,0.107255269113971,0.03857931137314563,0.04516831559742032,0.22267418323322835,0.058121535825482976,0.23489740815540028,0.21474858648558381,5.400629724710178,5.40062972471018,0.0,7.850066658369724e-17,2.2591401799415137e-16,0.36229687030493957,0.36229687030493957,0.0,65.4,4.799999999999997,0.0,0.0,0.0,65.60000000000001,4.599999999999994,0.0,0.0,0.0,False,False,False
4,1443673076,4002826033,0,gaussian_nominal,GaussianSensor,0.65,0.2,0.1,0.05,True,True,True,True,goal_reached,0.177537355712315,75.0,15.252783818825087,15.333738415326255,0.05435515801515875,0.13715548815947487,0.06044753773901843,0.03455995452498836,0.0923903925258815,0.04068978389830546,0.0453526871866619,0.18984519490793458,0.05720627220980549,0.16599201584461806,0.13737038498291376,6.098486192635759,6.098486192635758,0.0,8.152957804438704e-17,2.7756117711421305e-16,0.33177307850969584,0.33177307850969584,0.0,74.6,0.4000000000000057,0.0,0.0,0.0,73.8,1.1999999999999957,0.0,0.0,0.0,False,False,False
5,1283743613,2132980747,0,gaussian_nominal,GaussianSensor,0.65,0.2,0.1,0.05,True,True,True,True,goal_reached,0.20345236930255514,69.3,13.754789306154576,13.845509908924008,0.053814403179375414,0.17550831008478332,0.06036476361549865,0.032496274545182655,0.12831831121757745,0.040318553401861475,0.04717769664669444,0.21642535127370677,0.05958499068564285,0.17222138507808119,0.11648900489959679,5.677181679780893,5.677181679780892,0.0,8.126215972629856e-17,2.8066088919804617e-16,0.26625884346953754,0.2662588434695376,0.0,69.3,0.0,0.0,0.0,0.0,69.3,0.0,0.0,0.0,0.0,False,False,False
6,2118442539,3858050010,0,gaussian_nominal,GaussianSensor,0.65,0.2,0.1,0.05,True,True,True,True,goal_reached,0.16196690660968602,76.5,15.32949954658245,15.480072929749646,0.0504928243670405,0.16363105084564283,0.0578528105890797,0.02798710530236555,0.11203503754143394,0.0360298853699154,0.04352254928002981,0.16954087417703945,0.05486385663257127,0.17022710298393254,0.1299843966454448,5.702778051575084,5.702778051575084,0.0,7.830915094448861e-17,2.592584715281538e-16,0.23954286105917494,0.23954286105917505,0.0,76.1,0.3999999999999986,0.0,0.0,0.0,75.8,0.7000000000000028,0.0,0.0,0.0,False,False,False
7,1122514226,3692069387,0,gaussian_nominal,GaussianSensor,0.65,0.2,0.1,0.05,True,True,True,True,goal_reached,0.1851911154969691,68.60000000000001,14.240503861235775,14.29819271388575,0.05506405834365249,0.14298388020011457,0.06136051283862985,0.043045163161585756,0.11685838861306834,0.05181133766551296,0.052989666367153375,0.18262341771881074,0.06522703810583708,0.14487211342835585,0.08633480744348294,5.684139980978747,5.684139980978747,0.0,8.717246145865866e-17,2.830524433501838e-16,0.2695543255931842,0.26955432559318426,0.0,62.0,6.600000000000002,0.0,0.0,0.0,61.0,7.60000000000001,0.0,0.0,0.0,False,False,False
8,2945440137,252367688,0,gaussian_nominal,GaussianSensor,0.65,0.2,0.1,0.05,True,True,True,True,goal_reached,0.18825777463837862,70.5,14.515202516470588,14.679742900388355,0.050872073923501154,0.23648022724177067,0.05809528246608157,0.027576035655433314,0.13353414739335623,0.03824893450992336,0.04035815184664831,0.1577472274349807,0.05080310614467367,0.16332162670486214,0.12713207580684,5.899221980034277,5.899221980034277,0.0,8.110289458069262e-17,2.220446049250313e-16,0.4542624157175222,0.4542624157175222,0.0,70.5,0.0,0.0,0.0,0.0,70.5,0.0,0.0,0.0,0.0,False,False,False
9,278029302,3907757283,0,gaussian_nominal,GaussianSensor,0.65,0.2,0.1,0.05,True,True,True,True,goal_reached,0.23098101262818216,67.5,13.976578541271392,14.10187113209799,0.0518947456067341,0.25437904505895437,0.05877425825855815,0.03140371425719495,0.09595975549872336,0.03853724945383299,0.04443432280300998,0.25317941649609976,0.05611707323094726,0.267549047948175,0.22018289519924839,5.41208465424147,5.41208465424147,0.0,8.553679835093952e-17,2.7894008272968645e-16,0.40020935126432744,0.40020935126432744,0.0,67.5,0.0,0.0,0.0,0.0,67.5,0.0,0.0,0.0,0.0,False,False,False
10,3616197823,2935630276,0,gaussian_nominal,GaussianSensor,0.65,0.2,0.1,0.05,True,True,True,True,goal_reached,0.2467858236187261,67.10000000000001,13.836507603912418,14.041210033374572,0.05239274062915529,0.33049750337269757,0.061201897251846125,0.027579734067365642,0.10514088900003672,0.0344140662415972,0.045358233231808626,0.30542784219562213,0.05834432892198594,0.09849478940062006,0.03532331882594296,5.168549401063043,5.168549401063044,0.0,8.33773882035502e-17,2.830524433501838e-16,0.431897062033203,0.431897062033203,0.0,67.10000000000001,0.0,0.0,0.0,0.0,67.10000000000001,0.0,0.0,0.0,0.0,False,False,False
11,1745707571,4237896947,0,gaussian_nominal,GaussianSensor,0.65,0.2,0.1,0.05,True,True,True,True,goal_reached,0.15540913526690311,68.5,13.702392186257729,13.79375447390864,0.05182606543700502,0.1653263737545184,0.058016007455273015,0.0348034707958714,0.09189512755128693,0.04339555916258155,0.04565684113938978,0.18354902038378595,0.05650874652956152,0.1564452761215346,0.13940064820276038,5.341691714724913,5.341691714724913,0.0,8.320797792943121e-17,2.5066604164831255e-16,0.3810420958762701,0.3810420958762701,0.0,68.5,0.0,0.0,0.0,0.0,68.5,0.0,0.0,0.0,0.0,False,False,False
12,2210454256,3908414215,0,gaussian_nominal,GaussianSensor,0.65,0.2,0.1,0.05,True,True,True,True,goal_reached,0.18801956333814399,84.80000000000001,17.009523094892096,17.111446185678226,0.05192160477893248,0.15352686074473845,0.05863450746617513,0.02715143708480739,0.091556289908055,0.033705537794481814,0.04346756551365753,0.18892733542567974,0.05476037907183171,0.15045155757912632,0.07579548028210688,6.70352515948076,6.70352515948076,0.0,8.326559289471201e-17,2.7755575615628914e-16,0.2709074398939858,0.27090743989398575,0.0,82.3,2.5000000000000036,0.0,0.0,0.0,82.60000000000001,2.1999999999999993,0.0,0.0,0.0,False,False,False
13,2511590377,3203569087,0,gaussian_nominal,GaussianSensor,0.65,0.2,0.1,0.05,False,False,False,False,planning_failure,nan,nan,nan,nan,nan,nan,nan,nan,nan,nan,nan,nan,nan,nan,nan,nan,nan,nan,nan,nan,nan,nan,nan,,,,,,,,,,,,,
14,2274882830,1406550982,0,gaussian_nominal,GaussianSensor,0.65,0.2,0.1,0.05,True,True,True,True,goal_reached,0.2220320857204626,69.60000000000001,14.154743602206779,14.352066650916205,0.05254965633471943,0.1721685574405993,0.05983965134316373,0.030381949336137415,0.0939082245845947,0.036269615105860735,0.041274503178553947,0.17748275909547412,0.05284852327545179,0.15640662957246343,0.09511358347018131,5.489119310664269,5.489119310664269,0.0,8.355881321159798e-17,2.8066088919804617e-16,0.26571303631406723,0.26571303631406723,0.0,67.7,1.8999999999999986,0.0,0.0,0.0,68.30000000000001,1.2999999999999972,0.0,0.0,0.0,False,False,False
15,1306523764,2141035876,0,gaussian_nominal,GaussianSensor,0.65,0.2,0.1,0.05,True,True,True,True,goal_reached,0.1901131760753458,67.5,13.707612028073969,13.899657054491193,0.04881893540962588,0.28696468008056514,0.056019075120496656,0.02713792148003506,0.07645753147191528,0.03360106704986908,0.04115947369152893,0.28629411527442844,0.05168258304250063,0.16419052803579073,0.13040450034882353,5.325736461195143,5.325736461195143,0.0,8.300213538655125e-17,2.5133742693021536e-16,0.2278580079507398,0.22785800795073968,0.0,67.2,0.29999999999999716,0.0,0.0,0.0,67.1,0.4000000000000057,0.0,0.0,0.0,False,False,False
16,1010042146,3658271060,0,gaussian_nominal,GaussianSensor,0.65,0.2,0.1,0.05,True,True,True,True,goal_reached,0.1557433392001854,72.9,14.359145387908807,14.44750680147757,0.05030519738146726,0.1369117990509177,0.05652324178498799,0.025743363015363445,0.11339380679057415,0.033977895053505715,0.03935850395934355,0.18797101737345404,0.05106409647337598,0.3919968003722606,0.3685264486656734,5.527476824096569,5.527476824096568,0.0,7.882846432618311e-17,2.8609792490763985e-16,0.2350605486914028,0.2350605486914028,0.0,72.9,0.0,0.0,0.0,0.0,72.9,0.0,0.0,0.0,0.0,False,False,False
17,2786688297,2335196008,0,gaussian_nominal,GaussianSensor,0.65,0.2,0.1,0.05,True,True,True,True,goal_reached,0.22295980844823493,83.60000000000001,17.202959889157196,17.42815837391544,0.05279223732327703,0.21463806415724865,0.05952562669305204,0.032043892557163764,0.11153730292938153,0.040923198470506905,0.04503201400981046,0.20320303866670855,0.057454178200182095,0.1656969883194617,0.11187521602374773,6.684651930442509,6.684651930442509,0.0,8.180737366431141e-17,2.7757743935277205e-16,0.3155277851587174,0.3155277851587174,0.0,83.60000000000001,0.0,0.0,0.0,0.0,83.60000000000001,0.0,0.0,0.0,0.0,False,False,False
18,3018799164,2492545633,0,gaussian_nominal,GaussianSensor,0.65,0.2,0.1,0.05,False,False,False,False,planning_failure,nan,nan,nan,nan,nan,nan,nan,nan,nan,nan,nan,nan,nan,nan,nan,nan,nan,nan,nan,nan,nan,nan,nan,,,,,,,,,,,,,
19,102116917,2305910465,0,gaussian_nominal,GaussianSensor,0.65,0.2,0.1,0.05,True,True,True,True,goal_reached,0.22462855298357082,76.2,14.836068497544451,15.069904982644191,0.05159601479282947,0.2186896035703056,0.05797996483067295,0.022502952230265397,0.07955429944327792,0.02877617379479703,0.04176727052446789,0.2186896035703056,0.05153423722768645,0.13218653616137976,0.04270083457562017,5.773402751152111,5.77340275115211,0.0,7.744541015436324e-17,2.2215299868541707e-16,0.26449478670614673,0.2644947867061468,0.0,74.3,1.8999999999999986,0.0,0.0,0.0,74.5,1.6999999999999993,0.0,0.0,0.0,False,False,False
20,3818948148,4038365003,0,gaussian_nominal,GaussianSensor,0.65,0.2,0.1,0.05,True,True,True,True,goal_reached,0.2213783417714844,73.5,15.207483989243446,15.53475537394618,0.050851752874390144,0.16194452914290697,0.05767536466767161,0.024408865321690745,0.07822169865774083,0.03087992913672928,0.04059184289557218,0.1419795256262028,0.04991770013013415,0.18431987915153297,0.09390821410239458,6.329715902461919,6.329715902461919,0.0,8.615260975593642e-17,2.8449465006019636e-16,0.3405287558665455,0.3405287558665455,0.0,68.9,4.599999999999994,0.0,0.0,0.0,68.9,4.599999999999994,0.0,0.0,0.0,False,False,False
21,1630693696,702805332,0,gaussian_nominal,GaussianSensor,0.65,0.2,0.1,0.05,True,True,True,True,goal_reached,0.21777756738674975,68.60000000000001,13.73162560204631,13.96383903277059,0.051865634329199,0.144333943179673,0.05831162775896115,0.030537274576027465,0.09275232345627103,0.03783555192110237,0.04522755988333529,0.16854822231205246,0.05550287485582928,0.2638811427552152,0.1980149230251108,5.378503731274813,5.378503731274813,0.0,8.23864507743598e-17,2.7809732887839817e-16,0.41050094052080777,0.41050094052080777,0.0,68.4,0.20000000000000107,0.0,0.0,0.0,68.2,0.40000000000000036,0.0,0.0,0.0,False,False,False
22,3668936892,1048787770,0,gaussian_nominal,GaussianSensor,0.65,0.2,0.1,0.05,True,True,True,True,goal_reached,0.18709660129752867,77.4,16.0572767377489,16.18835733924556,0.05128373330576008,0.18633514841793114,0.057816267150485524,0.027356370489304883,0.08203096435363309,0.03437604468289916,0.043594973111674304,0.16833936011201012,0.05353124015847973,0.20776584118946614,0.10284178827831703,6.495668080927926,6.495668080927926,0.0,8.163957151797271e-17,2.7757743935277205e-16,0.2597299942067002,0.25972999420670023,0.0,71.2,6.199999999999996,0.0,0.0,0.0,71.00000000000001,6.3999999999999915,0.0,0.0,0.0,False,False,False
23,3826687389,3806095897,0,gaussian_nominal,GaussianSensor,0.65,0.2,0.1,0.05,True,True,True,True,goal_reached,0.20470473225981545,69.60000000000001,13.975464269036424,14.111939694775828,0.05357290187059852,0.18233479495519408,0.06068222993921273,0.0289966624083038,0.12276819068184981,0.03695692448926612,0.04569146620498095,0.17617878513409713,0.05691918431056294,0.1781424937412961,0.058146806536464535,5.599306327022427,5.599306327022427,0.0,8.117949408940238e-17,2.779024842816778e-16,0.3588199665676852,0.3588199665676852,0.0,69.60000000000001,0.0,0.0,0.0,0.0,69.60000000000001,0.0,0.0,0.0,0.0,False,False,False
24,173106281,2255675188,0,gaussian_nominal,GaussianSensor,0.65,0.2,0.1,0.05,False,False,False,False,planning_failure,nan,nan,nan,nan,nan,nan,nan,nan,nan,nan,nan,nan,nan,nan,nan,nan,nan,nan,nan,nan,nan,nan,nan,,,,,,,,,,,,,
25,1785024439,1397878296,0,gaussian_nominal,GaussianSensor,0.65,0.2,0.1,0.05,True,True,True,True,goal_reached,0.20864518820251085,61.400000000000006,12.83109573578577,12.984916865703093,0.05107336528544199,0.17239114899068259,0.05762535322679636,0.021058296747131174,0.07071815279479061,0.027995806212354552,0.039433702803717476,0.1645816376498301,0.04908486952373696,0.3731888757782311,0.3533711143848011,4.812554708053607,4.812554708053608,0.0,9.109048745863951e-17,2.7894008272968645e-16,0.34202606310454864,0.34202606310454864,0.0,60.7,0.7000000000000028,0.0,0.0,0.0,60.400000000000006,1.0,0.0,0.0,0.0,False,False,False
26,417408578,3621816617,0,gaussian_nominal,GaussianSensor,0.65,0.2,0.1,0.05,True,True,True,True,goal_reached,0.16608235727874116,72.60000000000001,13.898570919278427,14.030958523617288,0.05087964779433905,0.15175510579386714,0.05751174154811864,0.03207118583537742,0.10664869815106728,0.0416749001396603,0.045660470468246665,0.18834325957929846,0.057600634399073536,0.18348701459486083,0.19261399468156593,5.725124168276425,5.725124168276425,0.0,7.848613032652316e-17,1.7772239894833365e-16,0.3324115196282346,0.3324115196282346,0.0,72.60000000000001,0.0,0.0,0.0,0.0,72.10000000000001,0.4999999999999982,0.0,0.0,0.0,False,False,False
27,3501454577,3222647000,0,gaussian_nominal,GaussianSensor,0.65,0.2,0.1,0.05,True,True,True,True,goal_reached,0.14266087984890047,69.4,14.166561014132991,14.31390757960287,0.052029447766250195,0.17656169687837595,0.058110885041449366,0.02957230140244532,0.10993877853914875,0.03894680138251675,0.040936967245652746,0.1988715403521576,0.052930680193776045,0.1081487330722735,0.13898774853718388,5.529686198324692,5.529686198324692,0.0,7.958684491424415e-17,2.7833528704240246e-16,0.3440978399345278,0.3440978399345277,0.0,69.3,0.10000000000000142,0.0,0.0,0.0,69.2,0.1999999999999993,0.0,0.0,0.0,False,False,False
28,2671864052,1579004851,0,gaussian_nominal,GaussianSensor,0.65,0.2,0.1,0.05,True,True,True,True,goal_reached,0.21528322435050054,71.8,14.089412955107695,14.22146749133639,0.05146224368012098,0.16948369484162865,0.0579493424373876,0.02998670065345685,0.08255235315772111,0.03553274488880751,0.04165097327660887,0.16723510944938594,0.05116136193557225,0.14235526593954212,0.10763518777232438,5.375666471537761,5.375666471537761,0.0,7.977245967674483e-17,2.5066604164831255e-16,0.26187690760428944,0.26187690760428944,0.0,69.39999999999999,2.3999999999999986,0.0,0.0,0.0,69.5,2.299999999999997,0.0,0.0,0.0,False,False,False
29,3674706989,3306811554,0,gaussian_nominal,GaussianSensor,0.65,0.2,0.1,0.05,True,True,True,True,goal_reached,0.2780942204845902,81.4,15.946475484613467,16.108721854566653,0.04869324048415834,0.14536918839217403,0.0552205485049002,0.03127578964534883,0.1012794720709902,0.03939068806016414,0.04374899689600727,0.17495501112925188,0.05463464143182775,0.1818193015270246,0.1275052628600637,6.44061893998574,6.440618939985741,0.0,7.856879016043763e-17,2.779024842816778e-16,0.2897448286478751,0.2897448286478751,0.0,80.3,1.1000000000000014,0.0,0.0,0.0,80.60000000000001,0.7999999999999972,0.0,0.0,0.0,False,False,False
30,3431604673,467454945,0,gaussian_nominal,GaussianSensor,0.65,0.2,0.1,0.05,True,True,True,True,goal_reached,0.20007751539058308,66.10000000000001,12.871584006214338,13.076476182686914,0.05079823470897093,0.15343754402028978,0.05714812762417208,0.030037774342398182,0.08036178135833989,0.03737691094434298,0.04057143552674541,0.18854717776288965,0.05120361135443418,0.488098705627578,0.40124430429954455,4.938327877880251,4.938327877880251,0.0,8.941466874944438e-17,2.0014830212433605e-16,0.2787897930179183,0.2787897930179183,0.0,66.10000000000001,0.0,0.0,0.0,0.0,66.10000000000001,0.0,0.0,0.0,0.0,False,False,False
31,2772736690,475943986,0,gaussian_nominal,GaussianSensor,0.65,0.2,0.1,0.05,True,True,True,True,goal_reached,0.1609656560806106,81.80000000000001,15.843163486019481,16.22636236568617,0.04940524484034349,0.13880045568319577,0.05583264154038624,0.03743272741196734,0.08296240374209965,0.04260854867702607,0.04172563035156056,0.1460208524331637,0.05154850837928484,0.09758228921715797,0.07856761073273955,6.44454153670493,6.44454153670493,0.0,7.841352942145658e-17,2.5133742693021536e-16,0.29590951293725193,0.29590951293725204,0.0,75.10000000000002,6.699999999999978,0.0,0.0,0.0,74.1,7.700000000000005,0.0,0.0,0.0,False,False,False
32,34757296,3305648994,0,gaussian_nominal,GaussianSensor,0.65,0.2,0.1,0.05,True,True,True,True,goal_reached,0.22070287556997598,73.2,15.059734221749657,15.205261390424752,0.04883104434361216,0.16578538921712577,0.05520341122345055,0.02463109943926868,0.07597383615119645,0.0309410535520208,0.038931361204502996,0.16259075046832952,0.048114731667774344,0.1687254681606537,0.15051377271783295,6.139275946699093,6.139275946699093,0.0,8.067997411369976e-17,2.7757743935277205e-16,0.399991250178855,0.399991250178855,0.0,73.2,0.0,0.0,0.0,0.0,72.89999999999999,0.2999999999999998,0.0,0.0,0.0,False,False,False
33,2257902095,2132756255,0,gaussian_nominal,GaussianSensor,0.65,0.2,0.1,0.05,True,True,True,True,goal_reached,0.2208316442754174,80.2,15.712545873339959,15.83915422536744,0.05248026177750591,0.135326799662674,0.05859981884197932,0.02817873365983488,0.07420416764600454,0.03416282642360297,0.043858341540031036,0.14347698404027356,0.053512598135099315,0.17910990404308696,0.12514370493404506,6.392649294291922,6.392649294291923,0.0,7.777046874093163e-17,2.8066088919804617e-16,0.2844444446651256,0.2844444446651256,0.0,72.5,7.699999999999996,0.0,0.0,0.0,73.0,7.199999999999999,0.0,0.0,0.0,False,False,False
34,1990091749,1553859126,0,gaussian_nominal,GaussianSensor,0.65,0.2,0.1,0.05,True,True,True,True,goal_reached,0.15874478305095366,81.0,15.997494250938312,16.043512163472563,0.05347460894049123,0.16236886959182292,0.05986581964946176,0.033148252915989135,0.1071222070720931,0.04187618007710067,0.047077500662934695,0.2098625209663009,0.05909065999146357,0.2111818217967345,0.14301429976431437,6.323612052034623,6.323612052034622,0.0,7.676971163336743e-17,2.779024842816778e-16,0.4375563961570058,0.4375563961570058,0.0,75.89999999999999,5.1,0.0,0.0,0.0,74.7,6.299999999999994,0.0,0.0,0.0,False,False,False
35,688663972,1741335336,0,gaussian_nominal,GaussianSensor,0.65,0.2,0.1,0.05,True,True,True,True,goal_reached,0.19690839469250762,72.2,14.325627910404492,14.497929398860107,0.05200501174400997,0.26578198388078017,0.0591562195936899,0.027589045350126483,0.07119469573752835,0.031944547432240164,0.04188783911137972,0.26578198388078017,0.052897284911323686,0.15984326016496422,0.08610581800100532,5.551781473300773,5.551781473300773,0.0,7.940466578732814e-17,2.7755575615628914e-16,0.2692361265214091,0.2692361265214091,0.0,70.0,2.1999999999999993,0.0,0.0,0.0,69.89999999999999,2.300000000000006,0.0,0.0,0.0,False,False,False
36,248667807,2779221576,0,gaussian_nominal,GaussianSensor,0.65,0.2,0.1,0.05,True,True,True,True,goal_reached,0.1672245412748711,73.60000000000001,14.269905920151336,14.39724933927625,0.05259658043257067,0.16166309256831266,0.05950940660732349,0.02683148039584013,0.09054453275654495,0.03305162468312656,0.04185477429721106,0.15312697837864025,0.05265112236699265,0.13121316172137495,0.09250287225367139,5.677800102049186,5.677800102049186,0.0,7.356947148109217e-17,1.4946834900704541e-16,0.21605266289562114,0.21605266289562114,0.0,73.60000000000001,0.0,0.0,0.0,0.0,73.60000000000001,0.0,0.0,0.0,0.0,False,False,False
37,3831690327,406686172,0,gaussian_nominal,GaussianSensor,0.65,0.2,0.1,0.05,True,True,True,True,goal_reached,0.22745201109615762,81.0,16.491557938931095,16.59948279152174,0.05425383284389749,0.2601483775472803,0.061132794685729956,0.0346858744740394,0.11277384176982287,0.04364819428144132,0.0470364352186717,0.2599060726210626,0.05917837927100428,0.12585062765885904,0.10534508693493372,6.566195107665093,6.566195107665093,0.0,7.829764041127658e-17,2.779024842816778e-16,0.28317982766459293,0.28317982766459293,0.0,81.0,0.0,0.0,0.0,0.0,81.0,0.0,0.0,0.0,0.0,False,False,False
38,3292381605,3853507458,0,gaussian_nominal,GaussianSensor,0.65,0.2,0.1,0.05,True,True,True,True,goal_reached,0.15410278024810195,69.0,13.472093788226866,13.556277141521099,0.05402295737300135,0.290687384075358,0.06144112839864893,0.02928997225392032,0.10483528772195469,0.03857404589336096,0.039567356396544184,0.290687384075358,0.05170689860853394,0.1856699366016688,0.1618615393919727,5.0346579965742615,5.034657996574261,0.0,8.088887663987105e-17,2.5219801032797316e-16,0.2363710507142881,0.2363710507142881,0.0,69.0,0.0,0.0,0.0,0.0,69.0,0.0,0.0,0.0,0.0,False,False,False
39,2677946230,1366849576,0,gaussian_nominal,GaussianSensor,0.65,0.2,0.1,0.05,True,True,True,True,goal_reached,0.19761504038897798,67.10000000000001,13.56213616276526,13.670414520754132,0.05282724631092747,0.16375455946762843,0.05988088929033075,0.03426288018174735,0.11241249835518945,0.04445423697202503,0.045158794598832125,0.1880059256057666,0.05617156762205103,0.18260192836759098,0.14040651098171741,5.395236903154036,5.395236903154036,0.0,8.44532863530289e-17,1.8875832159447664e-16,0.36476765933256555,0.36476765933256555,0.0,64.8,2.2999999999999985,0.0,0.0,0.0,64.3,2.800000000000003,0.0,0.0,0.0,False,False,False
40,3465243617,2315462378,0,gaussian_nominal,GaussianSensor,0.65,0.2,0.1,0.05,True,True,True,True,goal_reached,0.1541531262702444,75.3,14.586204721128043,14.575855982264368,0.04902632388948809,0.16076238629797082,0.05519653321408358,0.03331143585159743,0.09453474063247999,0.039964376952069884,0.04184621067177055,0.165891923301153,0.05228695356413492,0.18076160058528,0.11835173326050454,5.680107911446655,5.6801079114466555,0.0,7.884383972755255e-17,2.7755575615628914e-16,0.30662708818044326,0.30662708818044326,0.0,73.39999999999999,1.9000000000000004,0.0,0.0,0.0,73.3,2.0,0.0,0.0,0.0,False,False,False
41,2277377269,4090432965,0,gaussian_nominal,GaussianSensor,0.65,0.2,0.1,0.05,True,True,True,True,goal_reached,0.19363430743531543,79.2,16.94159423289709,17.023272470856263,0.05359397118867813,0.17477659965183395,0.06088691442390322,0.03250965977210718,0.10570395270471611,0.04293240481952929,0.047686200386591916,0.1641093179560226,0.0592351519435564,0.14256784405922351,0.0918269711600019,6.192463095973839,6.192463095973839,0.0,8.331177199907463e-17,2.7833528704240246e-16,0.2526442978338034,0.2526442978338033,0.0,76.1,3.1000000000000014,0.0,0.0,0.0,75.5,3.6999999999999957,0.0,0.0,0.0,False,False,False
42,4173135836,1061777408,0,gaussian_nominal,GaussianSensor,0.65,0.2,0.1,0.05,True,True,True,True,goal_reached,0.20083942579034963,81.80000000000001,15.833752148764951,15.985618836298341,0.05062272248373887,0.15473516913110172,0.05759282287922723,0.029102510092079537,0.09535038648794697,0.03662446845620217,0.04342521845912649,0.15863192582703764,0.054040424693393214,0.14166124429862775,0.11283153420192864,6.555419688366548,6.555419688366548,0.0,8.059199906573958e-17,2.7757743935277205e-16,0.2819998716131379,0.2819998716131379,0.0,77.8,4.000000000000007,0.0,0.0,0.0,78.0,3.8000000000000043,0.0,0.0,0.0,False,False,False
43,1315936761,1898025599,0,gaussian_nominal,GaussianSensor,0.65,0.2,0.1,0.05,True,True,True,True,goal_reached,0.24023643625207317,66.9,12.923777193755413,13.123085893377983,0.04952567553628485,0.22093363218313639,0.05531044474779769,0.026237221275337005,0.07740832309861118,0.03185621680396952,0.0380005746747091,0.220722194073805,0.04727406071726601,0.1396021854044302,0.08436206010664232,5.073902204136897,5.073902204136897,0.0,8.434949844668308e-17,1.7772239894833365e-16,0.33283234299579406,0.33283234299579406,0.0,66.9,0.0,0.0,0.0,0.0,66.9,0.0,0.0,0.0,0.0,False,False,False
44,476705537,3455327742,0,gaussian_nominal,GaussianSensor,0.65,0.2,0.1,0.05,True,True,True,True,goal_reached,0.204574487218581,84.5,16.125739216890832,16.363285689674875,0.05489118015765502,0.17443364677151169,0.061520312129894006,0.024891958639204563,0.0831086848292717,0.031012170729286005,0.038249282414689195,0.16403643950803204,0.04868953986888818,0.1333051796910377,0.1469595507666137,6.504698666903559,6.504698666903561,0.0,7.534381118090345e-17,1.7772239894833365e-16,0.3550696950514273,0.3550696950514273,0.0,84.2,0.29999999999999716,0.0,0.0,0.0,83.60000000000001,0.8999999999999844,0.0,0.0,0.0,False,False,False
45,2193159741,4146204961,0,gaussian_nominal,GaussianSensor,0.65,0.2,0.1,0.05,True,True,True,True,goal_reached,0.1964624836678987,73.3,13.681148339472324,13.78997689693724,0.051214691369440124,0.18073181060108023,0.05868305646267531,0.02799419098241583,0.09816922872163766,0.0354385092434464,0.043200502644938694,0.17969904991677896,0.05482138469401688,0.17049681637822553,0.1533573289429417,5.481596969755551,5.481596969755551,0.0,7.877349648490825e-17,2.220717083251841e-16,0.4695190020241359,0.4695190020241359,0.0,71.1,2.1999999999999957,0.0,0.0,0.0,71.1,2.1999999999999957,0.0,0.0,0.0,False,False,False
46,3193969877,1580823276,0,gaussian_nominal,GaussianSensor,0.65,0.2,0.1,0.05,True,True,True,True,goal_reached,0.24942823067601902,78.5,16.33809551852535,16.50915893035879,0.05373970899717322,0.20346942756660785,0.06009121370533758,0.03374986228296926,0.11488788043653418,0.03948059285975119,0.044396823731113186,0.20346942756660785,0.05478873473505933,0.20758632274707567,0.15359024733930376,6.509676036053321,6.509676036053321,0.0,8.363253207205936e-17,2.830524433501838e-16,0.2592476848044754,0.25924768480447513,0.0,75.69999999999999,2.8000000000000007,0.0,0.0,0.0,76.8,1.7000000000000028,0.0,0.0,0.0,False,False,False
47,2977401754,3603991116,0,gaussian_nominal,GaussianSensor,0.65,0.2,0.1,0.05,True,True,True,True,goal_reached,0.16861233624367802,78.4,15.526058122281619,15.711237766357758,0.0510385577341276,0.19802766269828062,0.05749376996608644,0.027838633054082632,0.09439378100327622,0.034413046192233114,0.043600688557740734,0.1973929501991327,0.05582137786797595,0.14375517315179331,0.10157638165657445,6.285329747434283,6.285329747434283,0.0,8.07662847153425e-17,2.779024842816778e-16,0.2447633732542214,0.2447633732542214,0.0,76.5,1.9000000000000004,0.0,0.0,0.0,76.50000000000001,1.8999999999999897,0.0,0.0,0.0,False,False,False
48,96550472,615466156,0,gaussian_nominal,GaussianSensor,0.65,0.2,0.1,0.05,True,True,True,True,goal_reached,0.1917083362595702,63.900000000000006,13.456118062196035,13.556989025696764,0.053443752404243525,0.21709894032849317,0.06081591489020063,0.03345348618526567,0.09618114549364433,0.038473226863934264,0.04480830958033325,0.2156844049778723,0.055710588593183466,0.1590235733787827,0.09242040922707721,5.472838361097745,5.472838361097745,0.0,8.938833040643872e-17,2.5018537765542007e-16,0.39120295549326634,0.39120295549326634,0.0,63.900000000000006,0.0,0.0,0.0,0.0,63.900000000000006,0.0,0.0,0.0,0.0,False,False,False
49,1777529677,4251989012,0,gaussian_nominal,GaussianSensor,0.65,0.2,0.1,0.05,True,True,True,True,goal_reached,0.17656405825214178,74.8,15.855296035926909,15.858911505110303,0.05183628644582478,0.15555698136669846,0.05878007964651138,0.02958233990705839,0.09881097253120963,0.03785192628450103,0.04694111427359479,0.16701577138521057,0.05792429417062269,0.19036725305941338,0.13126440213772966,5.995501869042986,5.995501869042986,0.0,8.386658317344102e-17,2.7894008272968645e-16,0.2383445887987199,0.23834458879871992,0.0,72.8,2.0000000000000018,0.0,0.0,0.0,72.69999999999999,2.0999999999999996,0.0,0.0,0.0,False,False,False
50,3863705637,2665314677,0,gaussian_nominal,GaussianSensor,0.65,0.2,0.1,0.05,True,True,True,True,goal_reached,0.15260232267502874,65.0,12.980254460347265,13.066678025253246,0.051774041832123655,0.2561811855162576,0.058839052727499515,0.020458015821892606,0.06192257126336913,0.02579444970338445,0.041003388871296106,0.2559373644156953,0.05156103868264713,0.17061387577991238,0.14824535371213224,5.131740694601305,5.131740694601306,0.0,8.615906791502538e-17,1.8670653977139892e-16,0.38081484817757266,0.38081484817757266,0.0,64.8,0.19999999999999574,0.0,0.0,0.0,64.2,0.7999999999999972,0.0,0.0,0.0,False,False,False
51,4005499836,353644800,0,gaussian_nominal,GaussianSensor,0.65,0.2,0.1,0.05,True,True,True,True,goal_reached,0.21597991178719642,63.6,12.68592136122906,12.844006571885457,0.04958445412158366,0.18488998718113475,0.05607247219693216,0.019565446149415085,0.0644172166970808,0.024683915116362302,0.03631894078518806,0.15137996335523413,0.04585844508525863,0.19146108288833483,0.16385974244908033,5.0043371603230105,5.0043371603230105,0.0,9.293116303899449e-17,1.962615573354719e-16,0.21659843456339384,0.2165984345633938,0.0,63.6,0.0,0.0,0.0,0.0,63.6,0.0,0.0,0.0,0.0,False,False,False
52,891226929,3904815875,0,gaussian_nominal,GaussianSensor,0.65,0.2,0.1,0.05,True,True,True,True,goal_reached,0.17220519681334198,67.0,13.684723903963347,13.809080382915246,0.053108917745905176,0.19538618894875812,0.059839095348723705,0.025186668585640528,0.07592139633808044,0.03076164767426526,0.04234957577410746,0.21111752114129057,0.05323078315342319,0.1458978890824347,0.13808899092521884,5.2268080275209075,5.2268080275209075,0.0,8.339071232269463e-17,1.962615573354719e-16,0.40121668221652595,0.40121668221652595,0.0,65.8,1.1999999999999993,0.0,0.0,0.0,66.1,0.9000000000000021,0.0,0.0,0.0,False,False,False
53,2197124845,2770081290,0,gaussian_nominal,GaussianSensor,0.65,0.2,0.1,0.05,True,True,True,True,goal_reached,0.2589066003501463,73.3,14.697835843678838,14.951218435556825,0.05239051315087353,0.2371141544147647,0.06009181732248576,0.03075165778987612,0.09887004836251982,0.037715583621513726,0.0461667475161572,0.1595819720297773,0.058054154976968066,0.08963915631381665,0.06250485776169246,5.908499581787596,5.908499581787596,0.0,8.018728783453596e-17,2.7757743935277205e-16,0.302996486279601,0.30299648627960113,0.0,69.99999999999999,3.3000000000000043,0.0,0.0,0.0,69.39999999999999,3.8999999999999986,0.0,0.0,0.0,False,False,False
54,4033668095,794826118,0,gaussian_nominal,GaussianSensor,0.65,0.2,0.1,0.05,True,True,True,True,goal_reached,0.18750498126262996,85.5,18.149381973584212,18.27043447087648,0.05395438628282186,0.2700389854641929,0.061298682282021635,0.027307699570961155,0.09358905707550123,0.033790579052411396,0.03998299456696666,0.26843768371507076,0.05071265314518433,0.17249570894015892,0.08081396157959411,7.103194290838841,7.103194290838841,0.0,9.100192362026413e-17,2.8066088919804617e-16,0.34890558033158203,0.34890558033158203,0.0,84.69999999999999,0.8000000000000114,0.0,0.0,0.0,84.6,0.9000000000000057,0.0,0.0,0.0,False,False,False
55,2805449324,2103271234,0,gaussian_nominal,GaussianSensor,0.65,0.2,0.1,0.05,True,True,True,True,goal_reached,0.22306349739740727,63.800000000000004,13.075684745433268,13.172160644955955,0.053810918047624556,0.15255371807521687,0.061244495199034146,0.03397698794724839,0.10552053362360478,0.04457477259021793,0.04918331523219433,0.173961277327322,0.06098273187591639,0.11349939834381642,0.08129434728992535,5.021659430854816,5.021659430854816,0.0,8.720184694992821e-17,2.7894008272968645e-16,0.3511705499523303,0.3511705499523303,0.0,63.5,0.2999999999999998,0.0,0.0,0.0,63.7,0.09999999999999964,0.0,0.0,0.0,False,False,False
56,3382419591,112816621,0,gaussian_nominal,GaussianSensor,0.65,0.2,0.1,0.05,True,True,True,True,goal_reached,0.14862021493201855,74.2,15.073145023439283,15.11126690932932,0.049564854371408416,0.16936397666721356,0.05587568495628069,0.03206660159250381,0.11754896314191168,0.04164585660755017,0.04591710690528419,0.1765351751197118,0.05706791141198384,0.1202094481236948,0.06416120355632225,6.03818747154285,6.038187471542849,0.0,8.103849385425912e-17,2.7755575615628914e-16,0.25479130159568214,0.25479130159568214,0.0,71.4,2.799999999999997,0.0,0.0,0.0,71.30000000000001,2.8999999999999915,0.0,0.0,0.0,False,False,False
57,3238864453,1737177286,0,gaussian_nominal,GaussianSensor,0.65,0.2,0.1,0.05,True,True,True,True,goal_reached,0.2240951762299352,70.4,14.58107603223694,14.710773529519802,0.05404076360028642,0.1466819737019842,0.06104432965581629,0.028596330876574892,0.09842580666382006,0.03512969233200931,0.04425315187661625,0.16957069663275195,0.05539296557556881,0.1548418232231788,0.11914099781773464,5.530622126623241,5.530622126623241,0.0,8.52576774812776e-17,2.797157557069881e-16,0.3683458219599763,0.3683458219599763,0.0,69.9,0.5,0.0,0.0,0.0,70.4,0.0,0.0,0.0,0.0,False,False,False
58,765708987,849004654,0,gaussian_nominal,GaussianSensor,0.65,0.2,0.1,0.05,True,True,True,True,goal_reached,0.22019546420761826,77.0,14.88577134745108,15.174970372963122,0.051010708977396915,0.23811057197166516,0.05814907379580174,0.030488668266846666,0.09434997031502043,0.035789263571735445,0.043962582385310624,0.1964223717205736,0.05493039008167702,0.20666225304872454,0.17618439756164328,6.147764399376969,6.147764399376969,0.0,8.026457610996757e-17,2.779024842816778e-16,0.36021361275156133,0.3602136127515613,0.0,74.6,2.4000000000000057,0.0,0.0,0.0,74.3,2.700000000000003,0.0,0.0,0.0,False,False,False
59,3948529331,1523910091,0,gaussian_nominal,GaussianSensor,0.65,0.2,0.1,0.05,False,False,False,False,planning_failure,nan,nan,nan,nan,nan,nan,nan,nan,nan,nan,nan,nan,nan,nan,nan,nan,nan,nan,nan,nan,nan,nan,nan,,,,,,,,,,,,,
60,581552647,1295379497,0,gaussian_nominal,GaussianSensor,0.65,0.2,0.1,0.05,True,True,True,True,goal_reached,0.19227318491439258,87.5,17.55477833441238,17.654056520141058,0.05150510694906675,0.1587416494115228,0.058467211891949165,0.035537868468160747,0.10607181163253143,0.04399119121353969,0.046434737635568595,0.1584450128159898,0.05821621862819295,0.14923337223167568,0.1086259665221796,6.980475695991576,6.980475695991576,0.0,7.685780275220175e-17,2.797157557069881e-16,0.3146404515821907,0.3146404515821908,0.0,87.30000000000001,0.19999999999998863,0.0,0.0,0.0,86.9,0.5999999999999943,0.0,0.0,0.0,False,False,False
61,106579484,4042782794,0,gaussian_nominal,GaussianSensor,0.65,0.2,0.1,0.05,True,True,True,True,goal_reached,0.16637663567914654,67.3,13.957074944023752,14.010662299509333,0.05004670653891588,0.1481068550279157,0.05662470039716309,0.031143419101738873,0.1018244821362044,0.03830685943127789,0.039043654424769,0.1564301833245943,0.04856056653602337,0.17285811779680213,0.14878192710234828,5.335034324488986,5.335034324488986,0.0,8.057249243984035e-17,2.7755575615628914e-16,0.3115892122493323,0.3115892122493322,0.0,67.3,0.0,0.0,0.0,0.0,67.3,0.0,0.0,0.0,0.0,False,False,False
62,4075693272,1439449350,0,gaussian_nominal,GaussianSensor,0.65,0.2,0.1,0.05,True,True,True,True,goal_reached,0.24508127970720237,59.1,12.646687130156888,12.818376618407356,0.05324300215428104,0.19003356777093836,0.06096253902227657,0.026628636966814005,0.09519106778322488,0.03300468431345368,0.04112172453717483,0.17895547777489443,0.05151865273476325,0.21957441592816662,0.18841090188153484,5.151311978650748,5.151311978650748,0.0,9.258103290005458e-17,1.962615573354719e-16,0.32215737702526975,0.3221573770252697,0.0,58.300000000000004,0.7999999999999972,0.0,0.0,0.0,57.9,1.2000000000000028,0.0,0.0,0.0,False,False,False
63,4067301700,2913743672,0,gaussian_nominal,GaussianSensor,0.65,0.2,0.1,0.05,True,True,True,True,goal_reached,0.1338658004584904,69.2,13.573690791243994,13.69255011416258,0.051551341240489816,0.1436547919615466,0.05814075406456094,0.025221585542506086,0.07447807630816763,0.031140998228233945,0.041253562227452724,0.17515186196363278,0.051673777439330354,0.1621890139596134,0.10884242248138468,5.376672955571758,5.376672955571759,0.0,8.257781719038435e-17,1.8670653977139892e-16,0.3037449891781261,0.3037449891781261,0.0,69.2,0.0,0.0,0.0,0.0,69.2,0.0,0.0,0.0,0.0,False,False,False
64,408409058,2783164376,0,gaussian_nominal,GaussianSensor,0.65,0.2,0.1,0.05,True,True,True,True,goal_reached,0.17466697639412795,64.2,13.072461731048062,13.187005726782258,0.05145451776342648,0.18823886091252234,0.05841320069685961,0.023829765620790373,0.08189698955397925,0.030712847178756855,0.04129917501829186,0.18862341232772367,0.052271501812427124,0.13356188806206873,0.11697298730973245,5.305383305963998,5.305383305963998,0.0,8.850185795077992e-17,1.962615573354719e-16,0.2641880171453236,0.26418801714532364,0.0,62.50000000000001,1.6999999999999957,0.0,0.0,0.0,63.00000000000001,1.1999999999999957,0.0,0.0,0.0,False,False,False
65,4054606464,2684696174,0,gaussian_nominal,GaussianSensor,0.65,0.2,0.1,0.05,True,True,True,True,goal_reached,0.1771944952594699,68.7,13.838579691599282,13.91013874870581,0.04944003925589109,0.17238420757865167,0.05616817402161943,0.030258897967352073,0.08456102295680688,0.0375543781085207,0.0430487717401371,0.14817062311158757,0.05405905889757978,0.460869282028316,0.383650527492998,5.277639113180374,5.277639113180374,0.0,8.039104579591584e-17,2.779024842816778e-16,0.27719742906537387,0.27719742906537387,0.0,68.3,0.4000000000000057,0.0,0.0,0.0,68.6,0.10000000000000142,0.0,0.0,0.0,False,False,False
66,3584757783,812451508,0,gaussian_nominal,GaussianSensor,0.65,0.2,0.1,0.05,True,True,True,True,goal_reached,0.18089566634997403,69.4,13.68207567513821,13.799104854570611,0.05092136578283781,0.1589758408233719,0.05781680239659223,0.021207478829330786,0.06113149218260205,0.025523027722839597,0.036599448103286275,0.15611934568882513,0.04621704280387485,0.16692354775505996,0.11520954822844878,5.176892502001627,5.176892502001627,0.0,7.786731410302124e-17,1.962615573354719e-16,0.2725350194589279,0.2725350194589279,0.0,69.4,0.0,0.0,0.0,0.0,69.4,0.0,0.0,0.0,0.0,False,False,False
67,2242817554,3855248184,0,gaussian_nominal,GaussianSensor,0.65,0.2,0.1,0.05,True,True,True,True,goal_reached,0.17305722607868276,75.7,14.830290143712155,14.983308196635617,0.05211135493339109,0.21014983149451982,0.05870229703264224,0.0222722274346429,0.10695656286941066,0.029934296508791963,0.040920947784791356,0.17931586334388358,0.051400286961564935,0.13374153887431148,0.10718557184433132,5.922479237374242,5.922479237374242,0.0,7.89979383713485e-17,2.897767167584095e-16,0.262247798984779,0.262247798984779,0.0,62.39999999999999,13.30000000000001,0.0,0.0,0.0,62.699999999999996,13.000000000000002,0.0,0.0,0.0,False,False,False
68,3870536607,2054617115,0,gaussian_nominal,GaussianSensor,0.65,0.2,0.1,0.05,True,True,True,True,goal_reached,0.24972065738667218,87.60000000000001,17.35191913731358,17.59314835776028,0.05280015892978257,0.16242111024465616,0.05917776924462277,0.028106570410287142,0.09081509061972655,0.03363710082969354,0.041042949711635426,0.19882357791811905,0.052272055585271364,0.13520172664226449,0.10800162535877066,6.635119972864688,6.635119972864687,0.0,7.761642759063596e-17,2.779024842816778e-16,0.38677381032007685,0.38677381032007685,0.0,87.30000000000001,0.29999999999999716,0.0,0.0,0.0,87.0,0.6000000000000085,0.0,0.0,0.0,False,False,False
69,1473522219,4028730749,0,gaussian_nominal,GaussianSensor,0.65,0.2,0.1,0.05,True,True,True,True,goal_reached,0.24115873474406838,68.0,13.465342042667832,13.635326972871313,0.049077105610040514,0.1387023097624638,0.055657027908888775,0.025039702953857605,0.09026826887161568,0.03246738405152846,0.041440947705793284,0.16507086287715977,0.052023211423596234,0.19094880252980678,0.1724652742163315,5.250841270556188,5.250841270556188,0.0,7.820366777107845e-17,1.8670653977139892e-16,0.22747763877270588,0.22747763877270594,0.0,67.7,0.29999999999999716,0.0,0.0,0.0,67.8,0.1999999999999993,0.0,0.0,0.0,False,False,False
70,865400509,2297404356,0,gaussian_nominal,GaussianSensor,0.65,0.2,0.1,0.05,True,True,True,True,goal_reached,0.19561736504870902,66.9,13.643944848219022,13.703833814098969,0.05178593433134275,0.21919695731163313,0.059472981060876284,0.04224552028725399,0.13720659305608476,0.05149397114054899,0.05230882910651837,0.2032998430309999,0.0658903805109584,0.10768745850871758,0.08553335049876942,5.394964287637817,5.394964287637817,0.0,8.427353284889457e-17,2.793066411846225e-16,0.44612321117199116,0.44612321117199116,0.0,66.4,0.5,0.0,0.0,0.0,66.60000000000001,0.29999999999999716,0.0,0.0,0.0,False,False,False
71,1033281415,2164047885,0,gaussian_nominal,GaussianSensor,0.65,0.2,0.1,0.05,True,True,True,True,goal_reached,0.22969539698366168,78.0,15.946552142978817,16.22484740770011,0.0521193878464879,0.22850804420518556,0.05883231332880222,0.025370689866116694,0.08975666299126273,0.03221009699076551,0.04059865456176712,0.20311840275810553,0.050987097962392744,0.15032065312407503,0.10762867373390006,6.5497994920102265,6.549799492010227,0.0,7.656605343369101e-17,2.776424787817943e-16,0.2725997429846938,0.27259974298469386,0.0,71.1,6.8999999999999995,0.0,0.0,0.0,70.8,7.200000000000001,0.0,0.0,0.0,False,False,False
72,600023430,990868258,0,gaussian_nominal,GaussianSensor,0.65,0.2,0.1,0.05,True,True,True,True,goal_reached,0.24908102126009668,68.2,13.679613460894686,13.84624783671449,0.054010196427648434,0.15846745098674803,0.0610192492233411,0.04202472049385657,0.12923487016914484,0.050250474079935166,0.0511192206859915,0.1838855196061872,0.0636704133574517,0.13094822287072497,0.10386089103184418,5.269529688514137,5.269529688514136,0.0,8.251271187659525e-17,2.498001805406602e-16,0.2792694559865888,0.2792694559865888,0.0,66.8,1.3999999999999986,0.0,0.0,0.0,66.60000000000001,1.5999999999999943,0.0,0.0,0.0,False,False,False
73,4212648003,1745885839,0,gaussian_nominal,GaussianSensor,0.65,0.2,0.1,0.05,True,True,True,True,goal_reached,0.20406748519236978,62.6,13.062888661099521,13.196270702155047,0.052436187555247475,0.14718452819837177,0.05859361235795395,0.02668030493034671,0.08702457761431863,0.03262247468765895,0.04042090317942716,0.17564294012745385,0.05141450295429686,0.15558314303916368,0.11086376717776202,5.062142012991742,5.062142012991741,0.0,9.142045056008308e-17,1.962615573354719e-16,0.2958124216299923,0.2958124216299923,0.0,62.6,0.0,0.0,0.0,0.0,62.6,0.0,0.0,0.0,0.0,False,False,False
74,3471671828,204828556,0,gaussian_nominal,GaussianSensor,0.65,0.2,0.1,0.05,True,True,True,True,goal_reached,0.19472439067048064,65.9,13.24553975198985,13.398100825588008,0.05237427869523962,0.17041332965145545,0.059298646928597334,0.028911481208902287,0.0747939885518134,0.03526285035744678,0.03753265767226934,0.13964469551589065,0.047523509729066396,0.13895369241575856,0.13402065179749895,4.960327042319205,4.9603270423192045,0.0,8.605208007198561e-17,2.7894008272968645e-16,0.2024244017994447,0.2024244017994447,0.0,65.9,0.0,0.0,0.0,0.0,65.9,0.0,0.0,0.0,0.0,False,False,False
75,565181289,3805150019,0,gaussian_nominal,GaussianSensor,0.65,0.2,0.1,0.05,True,True,True,True,goal_reached,0.1927148496391944,69.0,13.416430338583814,13.499651398158973,0.05094825798565611,0.18349983859273644,0.05821165226789792,0.0318141270931981,0.08934112257121617,0.03912480490805944,0.04776295725283905,0.18435088193646523,0.05796653858650714,0.17028451901678487,0.1033429932339358,5.2398673167177385,5.2398673167177385,0.0,8.37825625690821e-17,1.7772239894833365e-16,0.3495139471575571,0.3495139471575572,0.0,67.39999999999999,1.6000000000000014,0.0,0.0,0.0,67.7,1.2999999999999972,0.0,0.0,0.0,False,False,False
76,493419000,2342670495,0,gaussian_nominal,GaussianSensor,0.65,0.2,0.1,0.05,True,True,True,True,goal_reached,0.2010735620375016,67.8,13.602887816663694,13.787639354823126,0.051071471353134314,0.23404886328559596,0.05821645792251774,0.02212784061446961,0.08317257337401354,0.029698756366294696,0.03878274408461315,0.17599127624278185,0.04887661932724102,0.12377776552910871,0.15624664719132084,5.1190415447914335,5.1190415447914335,0.0,8.255492728624929e-17,2.498001805406602e-16,0.29785295303338527,0.2978529530333852,0.0,58.099999999999994,9.7,0.0,0.0,0.0,57.79999999999999,10.000000000000002,0.0,0.0,0.0,False,False,False
77,2523805071,2573858176,0,gaussian_nominal,GaussianSensor,0.65,0.2,0.1,0.05,True,True,True,True,goal_reached,0.19159602032798223,82.2,16.777904860399858,16.977207591867344,0.048442865892999905,0.13503033760317723,0.05441502290236844,0.021367422238537215,0.07001851781426893,0.026887014343925483,0.034912486990521185,0.13992621137516537,0.04453747644042068,0.15884119568957653,0.13072584788481006,6.582918726303015,6.582918726303015,0.0,7.652423691017013e-17,2.776424787817943e-16,0.4071771576654665,0.40717715766546647,0.0,82.2,0.0,0.0,0.0,0.0,82.2,0.0,0.0,0.0,0.0,False,False,False
78,45677837,1364071988,0,gaussian_nominal,GaussianSensor,0.65,0.2,0.1,0.05,True,True,True,True,goal_reached,0.21417639758612708,74.0,14.521593339956052,14.560166396954905,0.05049917690877242,0.14918843221745018,0.05763917350711275,0.0406052020608471,0.10232707460923823,0.04744653140747488,0.04365407297997258,0.18994766614672395,0.05469005592136131,0.26485239917231523,0.20537029897703626,5.7001288237229755,5.7001288237229755,0.0,8.07323144627541e-17,2.5066604164831255e-16,0.28770707551253377,0.28770707551253366,0.0,74.0,0.0,0.0,0.0,0.0,74.0,0.0,0.0,0.0,0.0,False,False,False
79,2369212922,1884941461,0,gaussian_nominal,GaussianSensor,0.65,0.2,0.1,0.05,True,True,True,True,goal_reached,0.16984542683379258,59.0,12.74043026514503,12.809550113848358,0.05199956649441533,0.24399413139374648,0.05940937750203793,0.035360470861382116,0.0954155783916109,0.04457232602450743,0.048714365192246735,0.24399413139374648,0.06014333629905344,0.08194042413018024,0.04329483061844985,4.78217968705757,4.782179687057569,0.0,9.625201577208719e-17,1.962615573354719e-16,0.2117996615188738,0.2117996615188739,0.0,59.0,0.0,0.0,0.0,0.0,59.0,0.0,0.0,0.0,0.0,False,False,False
80,4013271687,1413058190,0,gaussian_nominal,GaussianSensor,0.65,0.2,0.1,0.05,True,True,True,True,goal_reached,0.10543317929230625,86.60000000000001,17.675024982194515,17.637940709573318,0.05189087351036435,0.17023031056128454,0.058739518769703826,0.03349021620039744,0.11364062889484375,0.04147514949919149,0.042813289142999277,0.1709953868905436,0.05408054232049446,0.14653228484489192,0.14342313983986146,7.443287588879405,7.4432875888794054,0.0,8.761818475533425e-17,2.7756117711421305e-16,0.31065558454063374,0.3106555845406337,0.0,84.1,2.500000000000007,0.0,0.0,0.0,83.8,2.800000000000008,0.0,0.0,0.0,False,False,False
81,463264661,1517162635,0,gaussian_nominal,GaussianSensor,0.65,0.2,0.1,0.05,False,False,False,False,planning_failure,nan,nan,nan,nan,nan,nan,nan,nan,nan,nan,nan,nan,nan,nan,nan,nan,nan,nan,nan,nan,nan,nan,nan,,,,,,,,,,,,,
82,2864355002,146698999,0,gaussian_nominal,GaussianSensor,0.65,0.2,0.1,0.05,True,True,True,True,goal_reached,0.26279172653783917,76.4,15.13121714539593,15.422148076891489,0.05257147707927687,0.1711333531568861,0.05990347858169494,0.040381929143936075,0.10770913373752942,0.049836606719911976,0.04833112182509056,0.2216570246645701,0.0603338808896199,0.12098287013734486,0.019744577408411075,5.60722701784659,5.607227017846588,0.0,7.82005506157118e-17,2.5018537765542007e-16,0.32283716876672497,0.32283716876672497,0.0,75.0,1.3999999999999986,0.0,0.0,0.0,76.0,0.3999999999999986,0.0,0.0,0.0,False,False,False
83,2988069353,815718213,0,gaussian_nominal,GaussianSensor,0.65,0.2,0.1,0.05,True,True,True,True,goal_reached,0.1910437394100243,65.9,13.181274576174042,13.316694613064472,0.05183204498796493,0.13176775038934327,0.05841102990760983,0.022155715942619204,0.07741614777119808,0.028416581224453324,0.03718865807301975,0.1727100336383641,0.047697415158462694,0.1792560009091776,0.10799859489783586,5.1667474693252835,5.1667474693252835,0.0,8.39111034200368e-17,1.7772239894833365e-16,0.3449325248098324,0.3449325248098324,0.0,65.9,0.0,0.0,0.0,0.0,65.9,0.0,0.0,0.0,0.0,False,False,False
84,232323784,3866835605,0,gaussian_nominal,GaussianSensor,0.65,0.2,0.1,0.05,True,True,True,True,goal_reached,0.22271970095072863,67.2,13.948993683384618,14.145014427064732,0.051176969507405703,0.2053603289292189,0.05784696329044342,0.03464885502220339,0.09640411026143707,0.04150531188462224,0.04137136684266086,0.1849371707007303,0.05322301870384805,0.13451706306918243,0.13600201617095573,6.122114331978413,6.122114331978414,0.0,8.774156883402756e-17,2.7894008272968645e-16,0.33081470870444263,0.33081470870444263,0.0,67.0,0.20000000000000018,0.0,0.0,0.0,66.6,0.6000000000000001,0.0,0.0,0.0,False,False,False
85,2062693019,1463358873,0,gaussian_nominal,GaussianSensor,0.65,0.2,0.1,0.05,True,True,True,True,goal_reached,0.1807241222885222,71.7,14.901459376744123,15.023182538306214,0.05348269629664145,0.16094533545734652,0.0605749969004408,0.03070565416357014,0.08273927350600574,0.03825273617132979,0.040316162004809655,0.1752487661077412,0.0509562182675484,0.12469714284254686,0.11307180670941742,6.1447202488747585,6.144720248874758,0.0,8.333942717134513e-17,2.7757743935277205e-16,0.4014510259697467,0.40145102596974674,0.0,71.7,0.0,0.0,0.0,0.0,71.7,0.0,0.0,0.0,0.0,False,False,False
86,2696811765,677721415,0,gaussian_nominal,GaussianSensor,0.65,0.2,0.1,0.05,True,True,True,True,goal_reached,0.17055133168763978,76.0,15.570675079013107,15.591234552412937,0.05149877778157004,0.13921363731669442,0.05832991358780781,0.03104123514392547,0.10108116260932487,0.038199682470923806,0.04309564505354729,0.17681954873498168,0.053899130896927154,0.1552647092513742,0.100056612046459,6.226460853697201,6.226460853697201,0.0,8.527451318427695e-17,2.7833528704240246e-16,0.3740132611074834,0.3740132611074834,0.0,73.89999999999999,2.1000000000000014,0.0,0.0,0.0,73.8,2.200000000000003,0.0,0.0,0.0,False,False,False
87,2431573722,4128245809,0,gaussian_nominal,GaussianSensor,0.65,0.2,0.1,0.05,True,True,True,True,goal_reached,0.12652039347988184,75.5,15.400997216034732,15.415705060348422,0.04987059590329647,0.14725564197120705,0.055952137348962386,0.029163331294607953,0.11064960977290017,0.03761435181766602,0.04388442147685131,0.1795792833834602,0.055346049107745904,0.1751811269587302,0.08227252685099937,6.260827732907796,6.260827732907796,0.0,8.799607659652831e-17,2.830524433501838e-16,0.47273952817882947,0.47273952817882947,0.0,73.2,2.299999999999997,0.0,0.0,0.0,73.19999999999999,2.3000000000000114,0.0,0.0,0.0,False,False,False
88,288904282,1334095557,0,gaussian_nominal,GaussianSensor,0.65,0.2,0.1,0.05,True,True,True,True,goal_reached,0.238243881722772,67.7,13.232244615225886,13.436783614632725,0.05445924954898345,0.2020977485386895,0.06227227582571254,0.026751353924745765,0.08073453387201959,0.03284679900213329,0.04452750326427969,0.19477599022493824,0.05464747572515778,0.1416261030457252,0.10185047192547587,5.509310358076666,5.509310358076666,0.0,8.297855725581468e-17,1.962615573354719e-16,0.2909970113050234,0.2909970113050234,0.0,66.3,1.3999999999999986,0.0,0.0,0.0,66.0,1.7000000000000028,0.0,0.0,0.0,False,False,False
89,2448428947,1044006471,0,gaussian_nominal,GaussianSensor,0.65,0.2,0.1,0.05,False,False,False,False,planning_failure,nan,nan,nan,nan,nan,nan,nan,nan,nan,nan,nan,nan,nan,nan,nan,nan,nan,nan,nan,nan,nan,nan,nan,,,,,,,,,,,,,
90,3814120060,3172955040,0,gaussian_nominal,GaussianSensor,0.65,0.2,0.1,0.05,True,True,True,True,goal_reached,0.21542150264839996,72.5,14.477015060850517,14.73870634403929,0.04984040765516717,0.16175659340246104,0.05677143769521044,0.02503383898522044,0.09884184324340435,0.03052894014651404,0.03721712214063342,0.15249025039477254,0.04634501607756142,0.09676151053348449,0.12391958264169947,5.416449018156715,5.416449018156717,0.0,8.464702359554743e-17,2.0014830212433605e-16,0.23644601502484106,0.2364460150248411,0.0,70.0,2.5,0.0,0.0,0.0,69.49999999999999,3.0000000000000053,0.0,0.0,0.0,False,False,False
91,2701641550,3221346186,0,gaussian_nominal,GaussianSensor,0.65,0.2,0.1,0.05,True,True,True,True,goal_reached,0.18713640573261076,76.2,16.17105990259576,16.227412520385947,0.04913684653254252,0.17175936199378602,0.05599106445649335,0.03379228161057395,0.09572757126488485,0.04159757364890319,0.048279785524427805,0.1761787612276437,0.06025028179395066,0.24919785568503255,0.18159937105384105,5.95146696882863,5.95146696882863,0.0,8.290432975922619e-17,2.779024842816778e-16,0.2916552466158551,0.2916552466158552,0.0,70.8,5.399999999999999,0.0,0.0,0.0,70.8,5.399999999999995,0.0,0.0,0.0,False,False,False
92,1467073285,944703461,0,gaussian_nominal,GaussianSensor,0.65,0.2,0.1,0.05,True,True,True,True,goal_reached,0.19684713951701993,67.2,14.05002783537245,14.257050344922432,0.04885326289740961,0.14661645736526138,0.055508286578332414,0.026558261015349388,0.11841108504712662,0.0349147575041859,0.03956444003176121,0.1509926615033611,0.05028814007413761,0.15068832754724085,0.1456168535486869,5.314438884434299,5.314438884434298,0.0,8.483660943430692e-17,2.7894008272968645e-16,0.24548773553355896,0.245487735533559,0.0,67.2,0.0,0.0,0.0,0.0,67.0,0.20000000000000284,0.0,0.0,0.0,False,False,False
93,169941178,1456512961,0,gaussian_nominal,GaussianSensor,0.65,0.2,0.1,0.05,True,True,True,True,goal_reached,0.24181664831469865,64.9,12.862958862983712,12.980656642879222,0.05385566785262662,0.17641003170157524,0.06028469052179434,0.031575991272458685,0.101694265130058,0.03974199400645164,0.04450687226923648,0.19582962596920162,0.056933951596208135,0.14048492485151434,0.11575292434727164,4.812993036909615,4.812993036909615,0.0,8.859703282858765e-17,1.962615573354719e-16,0.289319642740071,0.289319642740071,0.0,62.900000000000006,2.0,0.0,0.0,0.0,63.300000000000004,1.5999999999999996,0.0,0.0,0.0,False,False,False
94,2253011611,405432984,0,gaussian_nominal,GaussianSensor,0.65,0.2,0.1,0.05,True,True,True,True,goal_reached,0.19256987417151342,79.7,16.32648712548823,16.462791178128928,0.05053700173351184,0.16823934915031744,0.05763910938627069,0.03422974442859221,0.11509783333337263,0.041353966361267154,0.0478154953112635,0.19368382964026454,0.05890855453539704,0.14855680798571091,0.11020013157977915,6.133830839195735,6.133830839195735,0.0,8.019900371501506e-17,2.7757743935277205e-16,0.2603627683841242,0.26036276838412425,0.0,77.2,2.4999999999999964,0.0,0.0,0.0,77.3,2.3999999999999932,0.0,0.0,0.0,False,False,False
95,4089296776,1361720255,0,gaussian_nominal,GaussianSensor,0.65,0.2,0.1,0.05,True,True,True,True,goal_reached,0.17601368328769912,73.3,15.596023059958492,15.711525403929658,0.050773577551813866,0.17087075708920085,0.05748452218225451,0.02817068406018806,0.08577425283889539,0.034311421911852914,0.04151340719304766,0.1853085274065488,0.05144285340002005,0.16587469139326758,0.10731980950985562,5.940988476907922,5.940988476907921,0.0,8.920756768438462e-17,2.777508439858666e-16,0.24320943395611122,0.2432094339561111,0.0,73.3,0.0,0.0,0.0,0.0,73.19999999999999,0.10000000000000142,0.0,0.0,0.0,False,False,False
96,4024072039,3290223108,0,gaussian_nominal,GaussianSensor,0.65,0.2,0.1,0.05,True,True,True,True,goal_reached,0.21694955302527857,68.10000000000001,13.47940307538778,13.693095294430385,0.05183513773586608,0.22037383304470592,0.05838948599829503,0.026877911131906688,0.09640856738610576,0.03437072494802083,0.040403515842051124,0.21390083962517922,0.05140022391957473,0.11932504937291179,0.08222577685821333,5.159781130538842,5.159781130538841,0.0,8.218487710703528e-17,1.962615573354719e-16,0.25020886134908293,0.25020886134908293,0.0,62.60000000000001,5.5,0.0,0.0,0.0,62.00000000000001,6.100000000000001,0.0,0.0,0.0,False,False,False
97,4120847382,1005880465,0,gaussian_nominal,GaussianSensor,0.65,0.2,0.1,0.05,True,True,True,True,goal_reached,0.18083015013046133,67.60000000000001,13.238305869384345,13.37263259066347,0.050356876954752064,0.16466042635029263,0.05627583150126153,0.028050969960258538,0.06933421150812809,0.03311149923390696,0.045287844726802744,0.16466042635029263,0.05496521394933585,0.16238608637251803,0.14562540210769637,5.290103461068676,5.290103461068676,0.0,8.328079294922896e-17,2.7757743935277205e-16,0.24245919551630288,0.2424591955163029,0.0,65.3,2.3000000000000007,0.0,0.0,0.0,65.2,2.4000000000000004,0.0,0.0,0.0,False,False,False
98,3675887853,1206917796,0,gaussian_nominal,GaussianSensor,0.65,0.2,0.1,0.05,True,True,True,True,goal_reached,0.18956716960183034,70.4,14.5649194495254,14.816033545162263,0.05269769201103792,0.2004320877106943,0.05955354059229046,0.0255216946822234,0.11721704016782328,0.03302849097708629,0.043158587388984905,0.1992934045501421,0.054626298898867796,0.12814437922893807,0.0969140037368944,5.883257268810975,5.883257268810974,0.0,8.57271669201868e-17,2.779024842816778e-16,0.3312445071627118,0.3312445071627118,0.0,63.900000000000006,6.5,0.0,0.0,0.0,63.50000000000001,6.899999999999999,0.0,0.0,0.0,False,False,False
99,279667856,3140931407,0,gaussian_nominal,GaussianSensor,0.65,0.2,0.1,0.05,True,True,True,True,goal_reached,0.10071980496127954,66.7,13.269820170553821,13.324543534291855,0.05402602183692287,0.17959471506241134,0.06046183531928889,0.03471380756789578,0.11211774674904701,0.0435793851045749,0.04772569137735897,0.1914212540895705,0.06092071878647961,0.09743654929509171,0.00474037475752942,5.1131196235066465,5.113119623506646,0.0,8.547249403051706e-17,1.7772239894833365e-16,0.2504549461888737,0.25045494618887376,0.0,66.4,0.29999999999999716,0.0,0.0,0.0,65.9,0.7999999999999972,0.0,0.0,0.0,False,False,False
100,540232124,440410583,0,gaussian_nominal,GaussianSensor,0.65,0.2,0.1,0.05,False,False,False,False,planning_failure,nan,nan,nan,nan,nan,nan,nan,nan,nan,nan,nan,nan,nan,nan,nan,nan,nan,nan,nan,nan,nan,nan,nan,,,,,,,,,,,,,
101,3396719581,2568424225,0,gaussian_nominal,GaussianSensor,0.65,0.2,0.1,0.05,True,True,True,True,goal_reached,0.1551314811215247,73.8,14.247805292117139,14.251142023692957,0.051439619718914434,0.18175512752378747,0.058155274262560244,0.031725467448940364,0.0907135106016121,0.03886499766621185,0.04473584161580929,0.18175512752378747,0.05569650175328288,0.18243356242797826,0.18565386845762658,5.715633233464969,5.715633233464969,0.0,7.647090263154036e-17,2.5018537765542007e-16,0.3592949190492311,0.3592949190492311,0.0,73.8,0.0,0.0,0.0,0.0,73.8,0.0,0.0,0.0,0.0,False,False,False
102,4254502148,4115934492,0,gaussian_nominal,GaussianSensor,0.65,0.2,0.1,0.05,False,False,False,False,planning_failure,nan,nan,nan,nan,nan,nan,nan,nan,nan,nan,nan,nan,nan,nan,nan,nan,nan,nan,nan,nan,nan,nan,nan,,,,,,,,,,,,,
103,52029571,1451775251,0,gaussian_nominal,GaussianSensor,0.65,0.2,0.1,0.05,True,True,True,True,goal_reached,0.23594639175443005,61.1,12.85289737390401,13.039707325417293,0.053886113804390526,0.16611408679293396,0.061338325158438026,0.026590013151860416,0.0856057180527328,0.033478946841574056,0.04315716080685935,0.19464835233047512,0.0567101200616827,0.13480753141341714,0.12340599069839489,5.075147831924136,5.075147831924136,0.0,9.240033257211664e-17,2.063081476116683e-16,0.28611645024337223,0.28611645024337223,0.0,60.4,0.6999999999999993,0.0,0.0,0.0,60.5,0.5999999999999996,0.0,0.0,0.0,False,False,False
104,2150617837,3318149514,0,gaussian_nominal,GaussianSensor,0.65,0.2,0.1,0.05,False,False,False,False,planning_failure,nan,nan,nan,nan,nan,nan,nan,nan,nan,nan,nan,nan,nan,nan,nan,nan,nan,nan,nan,nan,nan,nan,nan,,,,,,,,,,,,,
105,1920392900,1186325760,0,gaussian_nominal,GaussianSensor,0.65,0.2,0.1,0.05,True,True,True,True,goal_reached,0.24373505684004845,67.10000000000001,13.587831614793636,13.870143291862115,0.05147581778082938,0.30920870862575406,0.059525327439897004,0.02682783196097706,0.09103131315266105,0.03295889247430597,0.04053282722859732,0.3082806676672293,0.051697188567551886,0.15783935802241247,0.12385001576441329,5.413175494332835,5.413175494332835,0.0,8.650097021563847e-17,2.797157557069881e-16,0.3750352581762943,0.3750352581762943,0.0,67.10000000000001,0.0,0.0,0.0,0.0,67.10000000000001,0.0,0.0,0.0,0.0,False,False,False
106,3782786491,3318578905,0,gaussian_nominal,GaussianSensor,0.65,0.2,0.1,0.05,True,True,True,True,goal_reached,0.20816473285775453,97.7,18.82431386373982,19.06729382584731,0.050264423569747876,0.16780650379995576,0.05712564523761759,0.025778605080757265,0.08315603614431634,0.03288258072434479,0.04065152549841641,0.14711694355508476,0.05065604593597189,0.18131654324639485,0.1215386620747978,7.551567891670702,7.551567891670702,0.0,7.934551772989994e-17,2.776424787817943e-16,0.3352602737602756,0.3352602737602756,0.0,97.1,0.6000000000000014,0.0,0.0,0.0,96.9,0.7999999999999972,0.0,0.0,0.0,False,False,False
107,1852949863,3905180727,0,gaussian_nominal,GaussianSensor,0.65,0.2,0.1,0.05,True,True,True,True,goal_reached,0.16763981617098603,59.7,12.88081644231138,12.98297627349098,0.05014331983116323,0.31043178293053136,0.05771667342945156,0.018513030454397072,0.07710705316616932,0.02321092422686474,0.036830935011159395,0.31043178293053136,0.047326622319857056,0.15014439716331412,0.12989579888036212,4.855779668031694,4.855779668031694,0.0,9.383108931835994e-17,1.962615573354719e-16,0.33712157911829843,0.33712157911829843,0.0,57.9,1.8000000000000007,0.0,0.0,0.0,58.3,1.4000000000000004,0.0,0.0,0.0,False,False,False
108,4292450816,2371327617,0,gaussian_nominal,GaussianSensor,0.65,0.2,0.1,0.05,True,True,True,True,goal_reached,0.2163500694004545,69.3,13.996134494666318,14.126482364289728,0.05186361894636502,0.1339227581071095,0.05825905900049707,0.03099405437252734,0.11558533437557184,0.04095211670287442,0.04036859138240139,0.16272933276629503,0.050728394472604445,0.19780254374737094,0.13839511318675382,5.293573685186146,5.293573685186146,0.0,8.252013440869559e-17,2.5133742693021536e-16,0.28486977321639906,0.28486977321639906,0.0,64.29999999999998,5.0000000000000036,0.0,0.0,0.0,64.19999999999999,5.099999999999998,0.0,0.0,0.0,False,False,False
109,4267953794,845914130,0,gaussian_nominal,GaussianSensor,0.65,0.2,0.1,0.05,True,True,True,True,goal_reached,0.1539196470265992,71.4,13.947112869075731,13.983985346720244,0.05300428542698178,0.15720620590209056,0.059643532100938965,0.03250760194492662,0.09590921984432689,0.03918428423706544,0.04626031438254987,0.14547428157602826,0.05718936357533845,0.1868754649941053,0.09664654315447442,5.903438487837279,5.90343848783728,0.0,8.29667601753212e-17,2.498001805406602e-16,0.2783088813645222,0.2783088813645222,0.0,64.6,6.800000000000001,0.0,0.0,0.0,64.7,6.699999999999999,0.0,0.0,0.0,False,False,False
110,1963136374,3650030472,0,gaussian_nominal,GaussianSensor,0.65,0.2,0.1,0.05,True,True,True,True,goal_reached,0.2794957941768713,67.9,13.725643838862037,13.992355391233788,0.052134203645130064,0.1584881347108406,0.05907196770348407,0.028990050712956135,0.1047614590540574,0.03634125310995062,0.04061427912452454,0.15724132907430777,0.050724421815253516,0.07828126046913435,0.059396071684996166,4.713681836362105,4.713681836362106,0.0,8.310152435644634e-17,2.7755575615628914e-16,0.20655858520815865,0.20655858520815865,0.0,67.9,0.0,0.0,0.0,0.0,67.9,0.0,0.0,0.0,0.0,False,False,False
111,212347388,3906612652,0,gaussian_nominal,GaussianSensor,0.65,0.2,0.1,0.05,True,True,True,True,goal_reached,0.2704005174942939,68.10000000000001,13.37025407790027,13.481097350535608,0.0545540069011339,0.15233350062041948,0.06127220887664573,0.03263964639846019,0.12320254918112661,0.04137483851523221,0.04315277412418545,0.18136997283310224,0.054768070215316246,0.17459011779542194,0.14928302123554596,5.101221250604526,5.101221250604526,0.0,8.305204569375872e-17,1.962615573354719e-16,0.3043536887826402,0.30435368878264013,0.0,68.10000000000001,0.0,0.0,0.0,0.0,68.10000000000001,0.0,0.0,0.0,0.0,False,False,False
112,2133831415,1351782111,0,gaussian_nominal,GaussianSensor,0.65,0.2,0.1,0.05,True,True,True,True,goal_reached,0.19687304519092685,69.9,13.53842847541576,13.66748811505712,0.04927237489974896,0.1613112167712723,0.056233225046124824,0.027704910084358117,0.09701396670818443,0.03690824767414976,0.041888650088352346,0.18452561498932366,0.05412984860209855,0.14225199860446724,0.08649639899002327,5.467193664809022,5.467193664809022,0.0,8.123053152945804e-17,1.962615573354719e-16,0.3950410284089128,0.3950410284089128,0.0,69.9,0.0,0.0,0.0,0.0,69.9,0.0,0.0,0.0,0.0,False,False,False
113,2416155944,1610198770,0,gaussian_nominal,GaussianSensor,0.65,0.2,0.1,0.05,True,True,True,True,goal_reached,0.17868679240231405,81.7,16.41601850877648,16.577535728694823,0.05175376474801391,0.20129986509994202,0.05802092760944625,0.030415866411525855,0.09251115315316993,0.03787474988256788,0.04063675130029975,0.16847575359322414,0.05048553262027543,0.1992172215234624,0.14234884294876582,6.301757662467082,6.301757662467082,0.0,8.038474386369325e-17,2.776424787817943e-16,0.3024477175495274,0.30244771754952743,0.0,81.5,0.20000000000000284,0.0,0.0,0.0,81.6,0.10000000000000142,0.0,0.0,0.0,False,False,False
114,1031285833,497434967,0,gaussian_nominal,GaussianSensor,0.65,0.2,0.1,0.05,True,True,True,True,goal_reached,0.17605856213470256,65.7,13.041531460659291,13.112993385992597,0.05087628022646274,0.1892341344997907,0.05778659982827042,0.034836419170602845,0.09912492150800244,0.04157658115161224,0.05003652307701134,0.1892341344997907,0.06183376994267777,0.13900056241986034,0.06881349496234357,5.20830495053459,5.20830495053459,0.0,8.752863840675883e-17,2.063081476116683e-16,0.2933875851168045,0.2933875851168045,0.0,65.7,0.0,0.0,0.0,0.0,65.7,0.0,0.0,0.0,0.0,False,False,False
115,1491554370,1807222696,0,gaussian_nominal,GaussianSensor,0.65,0.2,0.1,0.05,True,True,True,True,goal_reached,0.2399288296320914,72.10000000000001,14.394860497466023,14.543839183296573,0.051440114941162435,0.15580290158881413,0.05852224261014698,0.02771951136125083,0.0950100621815752,0.03380243631968602,0.04102862602070312,0.178305873907445,0.050923672309186235,0.22797082242560793,0.17377526252898998,5.368800254531385,5.368800254531384,0.0,8.065468451441455e-17,2.779024842816778e-16,0.3900693857499636,0.3900693857499636,0.0,69.9,2.1999999999999993,0.0,0.0,0.0,69.8,2.299999999999999,0.0,0.0,0.0,False,False,False
116,2111179620,4259083263,0,gaussian_nominal,GaussianSensor,0.65,0.2,0.1,0.05,True,True,True,True,goal_reached,0.17356820493172812,75.9,15.623045777584572,15.710209563364499,0.04936839089113908,0.14217941091835548,0.05565480614992342,0.034062286456283855,0.09617099062473548,0.04208332769631681,0.04246951355789853,0.18276178548239705,0.05349199272984554,0.13272566625476756,0.1116497603020507,6.09188009586229,6.09188009586229,0.0,8.349985242640405e-17,2.779024842816778e-16,0.3264919848191525,0.3264919848191525,0.0,67.6,8.300000000000002,0.0,0.0,0.0,68.1,7.800000000000001,0.0,0.0,0.0,False,False,False
117,3067009748,4125571272,0,gaussian_nominal,GaussianSensor,0.65,0.2,0.1,0.05,True,True,True,True,goal_reached,0.1734381163529974,68.8,13.565517803552467,13.603822448650888,0.05025438266582208,0.2045141254420617,0.05812976616266158,0.028193190114056847,0.08737198601154439,0.035887947324945525,0.04360285251795682,0.20398624127068132,0.0553875266305425,0.15381898345020828,0.10579485611887515,5.534380044685726,5.534380044685726,0.0,8.057075478398687e-17,2.7755575615628914e-16,0.47741598207689656,0.47741598207689656,0.0,66.99999999999999,1.8000000000000007,0.0,0.0,0.0,67.3,1.5,0.0,0.0,0.0,False,False,False
118,1383855522,3437330170,0,gaussian_nominal,GaussianSensor,0.65,0.2,0.1,0.05,False,False,False,False,planning_failure,nan,nan,nan,nan,nan,nan,nan,nan,nan,nan,nan,nan,nan,nan,nan,nan,nan,nan,nan,nan,nan,nan,nan,,,,,,,,,,,,,
119,1826956592,3051676881,0,gaussian_nominal,GaussianSensor,0.65,0.2,0.1,0.05,True,True,True,True,goal_reached,0.18819949335714586,64.60000000000001,13.105676014860496,13.269360601224458,0.051347674504767016,0.16030549013230427,0.05745902792178008,0.025413036775134696,0.09844687310428078,0.032799663202758046,0.03743098212947796,0.16505433566305833,0.04866757559006848,0.12579263905025626,0.09449098238575114,4.934072104152049,4.934072104152048,0.0,8.787390548902892e-17,2.498001805406602e-16,0.41578656740258313,0.41578656740258313,0.0,60.00000000000001,4.6000000000000005,0.0,0.0,0.0,60.300000000000004,4.300000000000001,0.0,0.0,0.0,False,False,False
120,688581709,34371585,0,gaussian_nominal,GaussianSensor,0.65,0.2,0.1,0.05,True,True,True,True,goal_reached,0.19865614303758045,69.5,13.737586359413367,13.860366735070237,0.048923395670527704,0.19861639936607323,0.0559761789574986,0.02321951360888769,0.07280750155360106,0.02949123538045578,0.041306643952101305,0.1693504196905771,0.05010692060934606,0.1754640013982761,0.13428158527077558,5.679510175890569,5.679510175890569,0.0,8.099683253870152e-17,1.962615573354719e-16,0.39314521635966826,0.39314521635966826,0.0,69.5,0.0,0.0,0.0,0.0,69.5,0.0,0.0,0.0,0.0,False,False,False
121,3855786694,2553437302,0,gaussian_nominal,GaussianSensor,0.65,0.2,0.1,0.05,True,True,True,True,goal_reached,0.2617657221589819,64.0,13.461209952324863,13.65387461070031,0.04832093991364112,0.1425964708272661,0.05408652832256771,0.028947687016381167,0.0824968847693177,0.034865262295294075,0.040838125928218706,0.1568445412779857,0.04927655342236879,0.16497115207297008,0.12588702433674195,5.1186403363790784,5.118640336379078,0.0,8.536219882763244e-17,2.7755575615628914e-16,0.23401956655981282,0.23401956655981285,0.0,64.0,0.0,0.0,0.0,0.0,64.0,0.0,0.0,0.0,0.0,False,False,False
122,4279156192,1134888897,0,gaussian_nominal,GaussianSensor,0.65,0.2,0.1,0.05,True,True,True,True,goal_reached,0.22649890240288342,66.5,13.684306797936863,13.888451242031596,0.05307281321404786,0.18391532778687963,0.06065647266500734,0.030361033835503464,0.10032797651718017,0.03944565600255032,0.046509258072067516,0.1826163053259253,0.05772283008404596,0.13498045755382085,0.10505703196882929,5.496559908812721,5.49655990881272,0.0,8.362006937296032e-17,1.962615573354719e-16,0.30626787729945365,0.30626787729945365,0.0,63.099999999999994,3.4000000000000004,0.0,0.0,0.0,63.0,3.5,0.0,0.0,0.0,False,False,False
123,126927254,984246979,0,gaussian_nominal,GaussianSensor,0.65,0.2,0.1,0.05,True,True,True,True,goal_reached,0.1638696326641308,82.10000000000001,16.812058200101497,16.925884870866323,0.05023112661247708,0.285286349572879,0.0576409379680531,0.024810892934181927,0.08719482323125145,0.031119158327277872,0.04141087851706041,0.17304091230286645,0.052186816840458415,0.5010465133270534,0.42711670473518,6.509404520653338,6.509404520653338,0.0,8.182527469928146e-17,2.7809732887839817e-16,0.2617975877102971,0.26179758771029715,0.0,81.7,0.3999999999999986,0.0,0.0,0.0,81.60000000000001,0.5,0.0,0.0,0.0,False,False,False
124,2258222714,325666615,0,gaussian_nominal,GaussianSensor,0.65,0.2,0.1,0.05,True,True,True,True,goal_reached,0.19657059908907668,83.9,16.698068465494945,16.958641274556772,0.04994772952269351,0.2177624158840659,0.057242317008025304,0.02836060232378984,0.08900473349505215,0.035687919405956614,0.0431198922306204,0.2178732216220683,0.05372180816754636,0.1408414232364255,0.10036387250406675,6.81173087589252,6.81173087589252,0.0,7.743671085848374e-17,2.7894008272968645e-16,0.3690241578978707,0.3690241578978707,0.0,83.6,0.3000000000000007,0.0,0.0,0.0,83.5,0.40000000000000213,0.0,0.0,0.0,False,False,False
125,2983517800,828412743,0,gaussian_nominal,GaussianSensor,0.65,0.2,0.1,0.05,True,True,True,True,goal_reached,0.10713164383230932,62.800000000000004,12.900186403520635,12.9122798807634,0.052357079265821,0.16670718575085547,0.05995762615645353,0.031497544106730634,0.10953828897118804,0.039069040797241314,0.041931941386778436,0.1810662707064558,0.05291261419783485,0.14228376308967913,0.11174242732563178,4.794538242452205,4.794538242452206,0.0,8.930403029340512e-17,2.5476231888929306e-16,0.4493161229905535,0.4493161229905535,0.0,62.800000000000004,0.0,0.0,0.0,0.0,62.800000000000004,0.0,0.0,0.0,0.0,False,False,False
126,1251051613,3961295683,0,gaussian_nominal,GaussianSensor,0.65,0.2,0.1,0.05,True,True,True,True,goal_reached,0.1587905324312747,78.5,15.697506359640236,15.897035290617225,0.04929300413277475,0.14245067667202088,0.05593081421190918,0.03100965722423756,0.10263633879594833,0.03969070342518913,0.04425941793126981,0.15274526270571132,0.05469827338605068,0.1407991175691071,0.10130285148741258,6.373057260131617,6.373057260131618,0.0,7.741272161594285e-17,2.7894008272968645e-16,0.2553910952345045,0.25539109523450443,0.0,71.1,7.4,0.0,0.0,0.0,71.1,7.4,0.0,0.0,0.0,False,False,False
127,2952988485,3026545368,0,gaussian_nominal,GaussianSensor,0.65,0.2,0.1,0.05,True,True,True,True,goal_reached,0.19863624563059432,81.60000000000001,15.53264930900082,15.74412966715383,0.05080292216713443,0.14832327369107778,0.057721139244123094,0.02848998097493714,0.08490300727094251,0.03434705290149002,0.03969030982274894,0.19510641834942152,0.050755629365842804,0.13356693802698472,0.07958646178298351,6.123305073581546,6.1233050735815455,0.0,7.774399974479006e-17,2.7757743935277205e-16,0.2813243392152901,0.28132433921529,0.0,78.00000000000001,3.5999999999999908,0.0,0.0,0.0,77.6,4.0000000000000036,0.0,0.0,0.0,False,False,False
128,293623351,4173873018,0,gaussian_nominal,GaussianSensor,0.65,0.2,0.1,0.05,True,True,True,True,goal_reached,0.19903283720685044,73.9,13.532726170925049,13.70152094412827,0.049589074572453276,0.16236715827889775,0.05627204377034396,0.01879154983962899,0.07908174207874816,0.024175348060553607,0.03557923966825459,0.16210247188474786,0.046322142152177205,0.2776620065647146,0.26231187372559145,5.222909408109826,5.222909408109826,0.0,7.325240533880592e-17,1.962615573354719e-16,0.2719638967032803,0.27196389670328025,0.0,73.7,0.20000000000000018,0.0,0.0,0.0,73.6,0.2999999999999998,0.0,0.0,0.0,False,False,False
129,1511299177,2073675167,0,gaussian_nominal,GaussianSensor,0.65,0.2,0.1,0.05,False,False,False,False,planning_failure,nan,nan,nan,nan,nan,nan,nan,nan,nan,nan,nan,nan,nan,nan,nan,nan,nan,nan,nan,nan,nan,nan,nan,,,,,,,,,,,,,
130,751479923,1103311033,0,gaussian_nominal,GaussianSensor,0.65,0.2,0.1,0.05,True,True,True,True,goal_reached,0.17629112047702558,74.7,15.072891874167489,15.281063240836678,0.05084742480631888,0.16280973347882563,0.0574931190343677,0.027318608338962797,0.0992013405723953,0.034860743056322786,0.04155526360734118,0.16852554056472382,0.05193419658888438,0.17119372825011533,0.11621077600371135,6.131546135574844,6.131546135574844,0.0,8.418390582769203e-17,2.8066088919804617e-16,0.28327674043639145,0.2832767404363914,0.0,70.2,4.5,0.0,0.0,0.0,69.7,4.999999999999998,0.0,0.0,0.0,False,False,False
131,1991012891,3792124852,0,gaussian_nominal,GaussianSensor,0.65,0.2,0.1,0.05,True,True,True,True,goal_reached,0.20465575549984769,71.4,13.580748898890148,13.687868029276153,0.0509428322841164,0.15646790950732087,0.05719861485515723,0.025009954515298406,0.0715978248447114,0.030618496937981233,0.040348295428560756,0.1717717878251314,0.05126447991101228,0.1324225259464755,0.10078574046668365,5.3785712323573165,5.3785712323573165,0.0,8.063216958242078e-17,1.962615573354719e-16,0.21409292619099282,0.21409292619099285,0.0,71.4,0.0,0.0,0.0,0.0,71.4,0.0,0.0,0.0,0.0,False,False,False
132,2860860257,1656021677,0,gaussian_nominal,GaussianSensor,0.65,0.2,0.1,0.05,True,True,True,True,goal_reached,0.16644068574436133,63.800000000000004,13.256882641356265,13.402286216285825,0.05238141887769535,0.40805936585067304,0.06032100188337311,0.02762560625264479,0.08724084454701939,0.03405004421034333,0.04666307467952688,0.3895831450664187,0.05825207034582865,0.4367442436450464,0.2558626149433493,4.9762249507136715,4.9762249507136715,0.0,8.450997274780428e-17,1.962615573354719e-16,0.25488349437164454,0.2548834943716446,0.0,63.800000000000004,0.0,0.0,0.0,0.0,63.800000000000004,0.0,0.0,0.0,0.0,False,False,False
133,3150799191,2735906809,0,gaussian_nominal,GaussianSensor,0.65,0.2,0.1,0.05,True,True,True,True,goal_reached,0.17361537337717906,77.60000000000001,15.187739492368689,15.325161788581338,0.0515953286441539,0.22814428226589295,0.059138562045932534,0.03776838143633041,0.09609989819330027,0.04657373748277874,0.04665603537237412,0.23372095097767187,0.05846429850264983,0.4569750789730633,0.3162790490223281,6.359399405142636,6.359399405142636,0.0,7.700097629578816e-17,2.779024842816778e-16,0.2757009496534033,0.2757009496534033,0.0,77.60000000000001,0.0,0.0,0.0,0.0,77.60000000000001,0.0,0.0,0.0,0.0,False,False,False
134,2520119097,2511480234,0,gaussian_nominal,GaussianSensor,0.65,0.2,0.1,0.05,True,True,True,True,goal_reached,0.18519713664942208,64.5,13.32380472352823,13.549045549502388,0.05161686195703672,0.20858474334272434,0.05878710415714344,0.027501592942988096,0.08316723435040245,0.034271811821044385,0.03856291231836891,0.18425966718888676,0.04942120059631855,0.15213616427336932,0.12168095945874494,5.032574949990057,5.032574949990057,0.0,8.498540479650658e-17,1.962615573354719e-16,0.26138341272521287,0.26138341272521287,0.0,62.599999999999994,1.9000000000000057,0.0,0.0,0.0,62.800000000000004,1.6999999999999957,0.0,0.0,0.0,False,False,False
135,992731555,3548265620,0,gaussian_nominal,GaussianSensor,0.65,0.2,0.1,0.05,True,True,True,True,goal_reached,0.16092337008168434,67.4,13.222990236173427,13.256780503266269,0.05276882898982611,0.16375213059262178,0.05946809882611205,0.02490345695071215,0.07943842081082578,0.029954234835989395,0.0399102635259163,0.17524449230774428,0.05091210336094319,0.19842277295406419,0.14378820409685744,5.1253935558647195,5.12539355586472,0.0,8.839592351866738e-17,2.7757743935277205e-16,0.2735523023879743,0.2735523023879743,0.0,62.60000000000001,4.799999999999997,0.0,0.0,0.0,62.9,4.500000000000007,0.0,0.0,0.0,False,False,False
136,1778656040,1032768909,0,gaussian_nominal,GaussianSensor,0.65,0.2,0.1,0.05,True,True,True,True,goal_reached,0.21778423163010446,63.7,13.44443325866725,13.581012157603697,0.05190465974500661,0.14350522183842224,0.05826364966864877,0.030738031191833104,0.07293074170674041,0.03652035873707044,0.04318302096527337,0.15385723248257416,0.05315576343871942,0.11627832609414003,0.1102065380408176,5.148530470523147,5.148530470523147,0.0,8.948017717173684e-17,2.5018537765542007e-16,0.3931992856138886,0.39319928561388856,0.0,63.7,0.0,0.0,0.0,0.0,63.7,0.0,0.0,0.0,0.0,False,False,False
137,558936973,2014098144,0,gaussian_nominal,GaussianSensor,0.65,0.2,0.1,0.05,True,True,True,True,goal_reached,0.17206277787957613,71.7,13.644962306876916,13.742132870528456,0.05454986229036259,0.22246001277669156,0.06213161342923195,0.031038300393679632,0.10571251312763388,0.039927094495455,0.043158169768511626,0.17272405272978536,0.05496369859415395,0.13854379880994497,0.09786770274279487,5.514901476708302,5.514901476708302,0.0,8.195749734770905e-17,1.962615573354719e-16,0.3324421750471905,0.3324421750471906,0.0,71.3,0.3999999999999999,0.0,0.0,0.0,71.3,0.3999999999999999,0.0,0.0,0.0,False,False,False
138,617682228,3068230679,0,gaussian_nominal,GaussianSensor,0.65,0.2,0.1,0.05,True,True,True,True,goal_reached,0.23642223683831357,67.10000000000001,13.596906157768876,13.7733059671422,0.051112167930446005,0.13928285971337245,0.05731341067433832,0.031788486851874964,0.1158116816946298,0.040926680338737975,0.04513426495218792,0.16906807286582795,0.05655908506315786,0.15215567731559218,0.10279927605314018,5.268961734521388,5.268961734521388,0.0,8.196926868901866e-17,2.7894008272968645e-16,0.40550336960392874,0.40550336960392874,0.0,67.10000000000001,0.0,0.0,0.0,0.0,67.10000000000001,0.0,0.0,0.0,0.0,False,False,False
139,4061457540,273083801,0,gaussian_nominal,GaussianSensor,0.65,0.2,0.1,0.05,True,True,True,True,goal_reached,0.2021366806836526,78.10000000000001,15.094929531373134,15.263254440977624,0.05232181429712445,0.13582174242493067,0.058978999035179364,0.02752026174167538,0.09079056230656368,0.033397844099779354,0.03928739313847347,0.15413896529541526,0.04908959001890155,0.1496421267677281,0.07776858548769727,6.004052898248114,6.004052898248114,0.0,8.112725465618395e-17,2.779024842816778e-16,0.3315862680218541,0.3315862680218541,0.0,77.60000000000001,0.5,0.0,0.0,0.0,77.9,0.1999999999999993,0.0,0.0,0.0,False,False,False
140,36204085,428051633,0,gaussian_nominal,GaussianSensor,0.65,0.2,0.1,0.05,True,True,True,True,goal_reached,0.1830878145165869,67.0,13.487887957262707,13.629612926529587,0.0529747108236295,0.16934053277210923,0.05919493599547171,0.031173588480062474,0.08539333103127245,0.038273699407957544,0.04568280177431214,0.16934053277210923,0.056424866659259415,0.13789670495849315,0.14746053350170898,5.434396436128207,5.434396436128207,0.0,8.276141014972604e-17,2.7809732887839817e-16,0.3281789256156285,0.3281789256156285,0.0,61.5,5.5,0.0,0.0,0.0,61.8,5.1999999999999975,0.0,0.0,0.0,False,False,False
141,1511048123,3403416606,0,gaussian_nominal,GaussianSensor,0.65,0.2,0.1,0.05,True,True,True,True,goal_reached,0.17089671431017012,71.10000000000001,13.378122363719903,13.512401474242434,0.05312630886705661,0.16442313833220262,0.05939709258777438,0.028620662424497796,0.09939633894440983,0.036075840685849826,0.04457874071885961,0.16717232630714618,0.056108752504685486,0.13938695737197992,0.07051363099704548,5.232729877664549,5.232729877664549,0.0,8.066052379360204e-17,2.237726045655905e-16,0.21178804890228833,0.21178804890228825,0.0,71.10000000000001,0.0,0.0,0.0,0.0,71.10000000000001,0.0,0.0,0.0,0.0,False,False,False
142,3562023227,3854600966,0,gaussian_nominal,GaussianSensor,0.65,0.2,0.1,0.05,True,True,True,True,goal_reached,0.2155803746301796,76.5,15.035113218099015,15.118731396248105,0.05058677478136859,0.14826124600150525,0.05775345856129534,0.029979546592485806,0.10703201408073681,0.038448486970493,0.04463133084269825,0.15422383100300865,0.05436348872985032,0.10654597863292113,0.08531849197740904,5.953458813881166,5.953458813881167,0.0,7.922052486835059e-17,2.8066088919804617e-16,0.2344453142478728,0.23444531424787277,0.0,70.69999999999999,5.799999999999999,0.0,0.0,0.0,71.1,5.399999999999997,0.0,0.0,0.0,False,False,False
143,4243938459,758232080,0,gaussian_nominal,GaussianSensor,0.65,0.2,0.1,0.05,True,True,True,True,goal_reached,0.1986740335195371,64.8,13.102129393814714,13.248863817612602,0.05116559775296996,0.17281786768307247,0.05829819922570455,0.027736263404293415,0.10037733133407264,0.03461156852984144,0.03675093739362265,0.17275529431263653,0.04669063335592713,0.5081345942032209,0.47956611914581426,4.887953222628193,4.887953222628193,0.0,8.871849564962792e-17,1.962615573354719e-16,0.25605262563110437,0.2560526256311045,0.0,64.8,0.0,0.0,0.0,0.0,64.8,0.0,0.0,0.0,0.0,False,False,False
144,3590091208,2608530522,0,gaussian_nominal,GaussianSensor,0.65,0.2,0.1,0.05,True,True,True,True,goal_reached,0.22421458624062923,66.10000000000001,13.04719014707925,13.156800407552138,0.05152067891711351,0.1426509673773177,0.05814536869415261,0.02959415292854127,0.0933535879923042,0.03776583636235053,0.04404679801922847,0.15926620852896853,0.055184984460656006,0.21543521179859187,0.18557675108389624,5.0163099012222485,5.0163099012222485,0.0,8.318918015964818e-17,1.962615573354719e-16,0.24278944067382338,0.24278944067382338,0.0,65.5,0.6000000000000014,0.0,0.0,0.0,65.5,0.6000000000000014,0.0,0.0,0.0,False,False,False
145,1561310123,3203553205,0,gaussian_nominal,GaussianSensor,0.65,0.2,0.1,0.05,True,True,True,True,goal_reached,0.19728919077193502,66.7,13.399157858170856,13.501858744543139,0.04848227575712712,0.1423686833353815,0.054369561982008825,0.02552422188475632,0.06928977561411871,0.031237709980316625,0.04212921033178371,0.14671483827678714,0.05092550695441343,0.3963908368729161,0.355563546330778,5.398470350054259,5.398470350054259,0.0,8.743618939728064e-17,2.498001805406602e-16,0.26948909812162164,0.2694890981216217,0.0,66.0,0.7000000000000028,0.0,0.0,0.0,66.0,0.7000000000000028,0.0,0.0,0.0,False,False,False
146,4272674245,4092905196,0,gaussian_nominal,GaussianSensor,0.65,0.2,0.1,0.05,True,True,True,True,goal_reached,0.23587360307542427,74.0,14.451711639786264,14.626177285308074,0.05026025417682958,0.16597514723433557,0.05676883631045222,0.03198617333376233,0.12703338703225192,0.04120040363548461,0.042385598991303126,0.17614249218619418,0.053697730547097366,0.12871459695265647,0.0907808958613192,5.938711515597314,5.938711515597314,0.0,8.456500205808496e-17,2.776424787817943e-16,0.2957570005625205,0.29575700056252047,0.0,65.7,8.299999999999997,0.0,0.0,0.0,64.3,9.700000000000003,0.0,0.0,0.0,False,False,False
147,3804410766,43637163,0,gaussian_nominal,GaussianSensor,0.65,0.2,0.1,0.05,True,True,True,True,goal_reached,0.18091454093706025,74.2,14.901847110287228,14.981931443119555,0.0534217410360281,0.1527029618243607,0.05942950817207887,0.03049698426033559,0.09067320890554953,0.03783362113379668,0.043777080593681114,0.16824654018688892,0.055791809007106286,0.17200745210373367,0.14522508629175485,5.894684266085282,5.894684266085282,0.0,8.228316117373145e-17,2.776424787817943e-16,0.4023272899435678,0.4023272899435678,0.0,74.2,0.0,0.0,0.0,0.0,74.2,0.0,0.0,0.0,0.0,False,False,False
148,2942001979,3949632329,0,gaussian_nominal,GaussianSensor,0.65,0.2,0.1,0.05,True,True,True,True,goal_reached,0.18936384419251712,70.0,13.615702657935913,13.737689014914249,0.05403771606032095,0.1543538659801278,0.06121635736472932,0.029659106038163466,0.08450786933539539,0.037469500894361296,0.04187015476607495,0.14665295195300634,0.0520024876092678,0.17689722882750605,0.12259038673626439,5.36821975882427,5.36821975882427,0.0,8.19603089294103e-17,2.7894008272968645e-16,0.2983933157960691,0.298393315796069,0.0,68.5,1.5,0.0,0.0,0.0,68.3,1.700000000000001,0.0,0.0,0.0,False,False,False
149,2622422237,3948635486,0,gaussian_nominal,GaussianSensor,0.65,0.2,0.1,0.05,True,True,True,True,goal_reached,0.18575673821297276,75.5,15.205977231291117,15.329894026864505,0.05202338394104193,0.31472099986498103,0.059873325072254964,0.028224254112846632,0.09359710901995388,0.034987587717043314,0.042582719246270044,0.31503487189835383,0.055090396578004165,0.1523734871610232,0.12227480140008715,6.218649105242003,6.218649105242003,0.0,7.987187003235038e-17,2.4980620381344523e-16,0.2890307263461852,0.2890307263461852,0.0,74.5,0.9999999999999964,0.0,0.0,0.0,74.7,0.7999999999999972,0.0,0.0,0.0,False,False,False
150,4292375466,970091554,0,gaussian_nominal,GaussianSensor,0.65,0.2,0.1,0.05,True,True,True,True,goal_reached,0.17009972127736347,66.2,13.543913891834038,13.68933261415397,0.05155323504543107,0.1936544945912093,0.05910227565366055,0.03421867965488068,0.117119935727103,0.0430288952449624,0.046790976934273705,0.1936544945912093,0.0570611973417059,0.1543757339283708,0.12444762500398106,5.3963925319559545,5.3963925319559545,0.0,8.542968837451972e-17,2.7755575615628914e-16,0.4657977290323949,0.4657977290323949,0.0,66.2,0.0,0.0,0.0,0.0,66.2,0.0,0.0,0.0,0.0,False,False,False
151,2339108289,80255215,0,gaussian_nominal,GaussianSensor,0.65,0.2,0.1,0.05,True,True,True,True,goal_reached,0.2607288635389756,62.400000000000006,12.92568024741281,13.149067255084676,0.05137569484275344,0.13239660736676204,0.05780729834710329,0.025014513535648358,0.09632220960128496,0.032707059104743856,0.0383605855136011,0.1640491778504832,0.04735066942015928,0.17545039155294828,0.1625063393701769,5.134280145633644,5.134280145633645,0.0,9.088864359097712e-17,1.962615573354719e-16,0.30109401587044626,0.3010940158704463,0.0,60.50000000000001,1.8999999999999986,0.0,0.0,0.0,60.00000000000001,2.3999999999999986,0.0,0.0,0.0,False,False,False
152,2242091718,2669274835,0,gaussian_nominal,GaussianSensor,0.65,0.2,0.1,0.05,True,True,True,True,goal_reached,0.23972344792768197,61.0,12.913433855730158,13.131734143244287,0.04977589045148864,0.20746863722781955,0.056945361627681025,0.03542009296661009,0.10733378639776525,0.04251264761940693,0.04287712537011831,0.2054958812434933,0.05459220797927575,0.14266621360223475,0.08475712405565616,4.859845921558605,4.859845921558605,0.0,9.450380564778234e-17,1.962615573354719e-16,0.29557980671672307,0.29557980671672307,0.0,55.199999999999996,5.800000000000004,0.0,0.0,0.0,55.1,5.899999999999999,0.0,0.0,0.0,False,False,False
153,3577544150,221483861,0,gaussian_nominal,GaussianSensor,0.65,0.2,0.1,0.05,True,True,True,True,goal_reached,0.19598822899816878,78.4,15.06959625429852,15.175521467341971,0.0534152140274665,0.18412690663210793,0.061159994346621484,0.026302025056448165,0.08052634192608821,0.03230319434311183,0.039657851304291565,0.17763701857564743,0.050077272341581845,0.15627922273040723,0.15335670705126,5.869148400921156,5.869148400921157,0.0,7.632281196291978e-17,2.7894008272968645e-16,0.32434685320572343,0.32434685320572343,0.0,78.4,0.0,0.0,0.0,0.0,78.4,0.0,0.0,0.0,0.0,False,False,False
154,667072100,1207010422,0,gaussian_nominal,GaussianSensor,0.65,0.2,0.1,0.05,True,True,True,True,goal_reached,0.1555941793550675,72.60000000000001,14.111091920343313,14.245359295411898,0.050962872096695096,0.1630713593008416,0.05760886257347716,0.03259350443640062,0.09940235035454477,0.04120207999157509,0.048255534349501125,0.184682833315601,0.05916697284515306,0.10629113563395426,0.06998150858576135,5.443386916011515,5.443386916011514,0.0,8.078742143872729e-17,2.7757743935277205e-16,0.3526418784470913,0.3526418784470913,0.0,66.9,5.700000000000003,0.0,0.0,0.0,67.30000000000001,5.299999999999997,0.0,0.0,0.0,False,False,False
155,4209979507,961869777,0,gaussian_nominal,GaussianSensor,0.65,0.2,0.1,0.05,True,True,True,True,goal_reached,0.28761064118217483,76.7,16.393521766663554,16.638512704150116,0.05093825844049429,0.1473063084205455,0.05799430795391175,0.03390654573282142,0.11464681427781442,0.042101552533108336,0.046458326262754306,0.16244881001753161,0.05691787991009764,0.1372585980276081,0.135497431239454,6.2680361278903725,6.268036127890372,0.0,8.419714221301915e-17,2.777508439858666e-16,0.41938434362121274,0.41938434362121274,0.0,75.89999999999999,0.8000000000000043,0.0,0.0,0.0,75.89999999999999,0.8000000000000043,0.0,0.0,0.0,False,False,False
156,3915324021,814030660,0,gaussian_nominal,GaussianSensor,0.65,0.2,0.1,0.05,False,False,False,False,planning_failure,nan,nan,nan,nan,nan,nan,nan,nan,nan,nan,nan,nan,nan,nan,nan,nan,nan,nan,nan,nan,nan,nan,nan,,,,,,,,,,,,,
157,2248235921,1154256923,0,gaussian_nominal,GaussianSensor,0.65,0.2,0.1,0.05,True,True,True,True,goal_reached,0.1813626381310394,63.2,13.091866623184462,13.232672357227917,0.052458888912734404,0.1752981032142809,0.05915522910459601,0.024405598978391067,0.0883160791633355,0.03138091218053752,0.03786471431204282,0.14394264253911962,0.04676926716115518,0.10927934215726617,0.04816571296233828,5.016209843021274,5.016209843021274,0.0,8.75167634340552e-17,1.962615573354719e-16,0.22486157233844192,0.22486157233844187,0.0,62.2,1.0,0.0,0.0,0.0,62.300000000000004,0.8999999999999986,0.0,0.0,0.0,False,False,False
158,2344631310,2304365659,0,gaussian_nominal,GaussianSensor,0.65,0.2,0.1,0.05,True,True,True,True,goal_reached,0.1570946203627917,71.9,14.053809707526785,14.222955072674987,0.05013663945247543,0.1423206260914705,0.057269263607017784,0.027293723997711936,0.10169625336136111,0.03387202657487468,0.04250731616293077,0.17429114004020008,0.05318459462993699,0.1167514936863983,0.054196675458775635,5.44499959449322,5.44499959449322,0.0,8.137315705536515e-17,2.237726045655905e-16,0.3058519391672545,0.3058519391672545,0.0,68.80000000000001,3.0999999999999943,0.0,0.0,0.0,68.89999999999999,3.000000000000007,0.0,0.0,0.0,False,False,False
159,2077221000,2239487451,0,gaussian_nominal,GaussianSensor,0.65,0.2,0.1,0.05,True,True,True,True,goal_reached,0.23913916343878716,69.10000000000001,13.649325737713031,13.813493109956209,0.0511387045175464,0.23179572533961662,0.05843296106925283,0.023908582769677028,0.09093454109335042,0.03043736634814452,0.041376364233592006,0.2157758586187902,0.05141256494425588,0.17475676933054723,0.1424480335101785,4.906216792519141,4.906216792519141,0.0,7.908179331691883e-17,1.6939998869943826e-16,0.2566548537323252,0.2566548537323251,0.0,69.10000000000001,0.0,0.0,0.0,0.0,69.10000000000001,0.0,0.0,0.0,0.0,False,False,False
160,4171941414,934373081,0,gaussian_nominal,GaussianSensor,0.65,0.2,0.1,0.05,True,True,True,True,goal_reached,0.2443426316015112,73.8,14.648331617920029,14.755457298140332,0.05151657488012839,0.1614307818757136,0.05767425425238373,0.0339430273491647,0.0997379652684709,0.0420446755982548,0.048675793173935035,0.19306914209149878,0.05987354465542764,0.15575729141439207,0.11037443143263914,6.017925207298596,6.017925207298596,0.0,7.808285191809126e-17,2.7894008272968645e-16,0.36268090378385415,0.3626809037838542,0.0,73.8,0.0,0.0,0.0,0.0,73.8,0.0,0.0,0.0,0.0,False,False,False
161,1729366613,1692179550,0,gaussian_nominal,GaussianSensor,0.65,0.2,0.1,0.05,True,True,True,True,goal_reached,0.17161194222937962,73.60000000000001,15.491243769612772,15.580991426010675,0.05133313843899135,0.17258717202742152,0.05891503444823745,0.03003468785704577,0.10597268157393375,0.037436418432082647,0.041834234894607004,0.18694625723618868,0.051856759962249276,0.13879864103738224,0.10491189526696416,6.016366155642684,6.016366155642684,0.0,8.36781269797278e-17,2.779024842816778e-16,0.4844679807067131,0.4844679807067131,0.0,70.8,2.8000000000000007,0.0,0.0,0.0,71.4,2.2000000000000064,0.0,0.0,0.0,False,False,False
162,67660197,2588837785,0,gaussian_nominal,GaussianSensor,0.65,0.2,0.1,0.05,True,True,True,True,goal_reached,0.1636144990659879,80.4,15.430815480972665,15.568825736314098,0.05183259544051622,0.23022608273010495,0.059113337365403695,0.03241719304164082,0.09086900833343926,0.03977239320105977,0.04638550581482353,0.23022608273010495,0.05752547572259958,0.10261848856314841,0.07396883942362793,6.422870649048882,6.422870649048884,0.0,7.816446282786422e-17,2.498001805406602e-16,0.27396709026076177,0.2739670902607617,0.0,71.59999999999998,8.80000000000002,0.0,0.0,0.0,70.39999999999999,10.000000000000005,0.0,0.0,0.0,False,False,False
163,3647637070,2498199066,0,gaussian_nominal,GaussianSensor,0.65,0.2,0.1,0.05,True,True,True,True,goal_reached,0.19423111001646223,69.2,13.75990163908891,13.825109207233313,0.053204209254173136,0.16312952748642154,0.06028330048413042,0.02663717506748136,0.09262108829192679,0.033991319276355236,0.043529272011549165,0.1649660050069918,0.054494212868755665,0.1460074408562972,0.09943081436104301,5.412988466094434,5.4129884660944345,0.0,8.151335965579163e-17,1.7772239894833365e-16,0.3471762099454883,0.3471762099454883,0.0,67.7,1.5,0.0,0.0,0.0,68.1,1.0999999999999996,0.0,0.0,0.0,False,False,False
164,1097764499,438665298,0,gaussian_nominal,GaussianSensor,0.65,0.2,0.1,0.05,True,True,True,True,goal_reached,0.17675752868366135,62.7,12.86132502226419,12.972047369787594,0.052149779166974636,0.18540291203647905,0.059647941735893266,0.04386324469278153,0.14348488965462528,0.05472855004983245,0.04847547257906139,0.18540291203647905,0.06035255125195572,0.1695473799210326,0.12816068146549214,4.915244972120024,4.915244972120024,0.0,8.775420748098351e-17,1.7772239894833365e-16,0.298565548690572,0.298565548690572,0.0,62.7,0.0,0.0,0.0,0.0,62.7,0.0,0.0,0.0,0.0,False,False,False
165,2415939641,2972775906,0,gaussian_nominal,GaussianSensor,0.65,0.2,0.1,0.05,True,True,True,True,goal_reached,0.15504616719357445,86.2,16.284616745003085,16.49439226015005,0.05124355527256104,0.22098465047957333,0.05777232813050201,0.02578158218886423,0.08750988929970412,0.03128232128113555,0.038527229396591256,0.22069981602908006,0.048615259497654766,0.23029338597010554,0.1869834644954946,6.473041432514251,6.473041432514252,0.0,7.36365490965712e-17,2.830524433501838e-16,0.34520329004232797,0.34520329004232797,0.0,86.0,0.20000000000000284,0.0,0.0,0.0,85.3,0.8999999999999986,0.0,0.0,0.0,False,False,False
166,3334599102,1751419161,0,gaussian_nominal,GaussianSensor,0.65,0.2,0.1,0.05,True,True,True,True,goal_reached,0.2636043135236447,73.9,15.202337825375519,15.40415860611407,0.052015499433468185,0.15874770061427582,0.058182312794639444,0.03413321138993585,0.10203607289172907,0.039703460634863595,0.04339303537447897,0.16254865917274586,0.05336671456072945,0.100611031890456,0.05545160972107688,5.652784819228392,5.652784819228393,0.0,7.995726297482255e-17,2.830524433501838e-16,0.27741191277362875,0.27741191277362875,0.0,73.9,0.0,0.0,0.0,0.0,73.9,0.0,0.0,0.0,0.0,False,False,False
167,2779470929,255465974,0,gaussian_nominal,GaussianSensor,0.65,0.2,0.1,0.05,True,True,True,True,goal_reached,0.2266418336268443,63.300000000000004,13.524994381597768,13.646746313355063,0.05113955765455943,0.1541809867009229,0.05751402055381636,0.032638938076759744,0.08321489173423086,0.038951274725121075,0.04240176743198361,0.16036301484977145,0.0520977016054977,0.1753146748915965,0.1420079270910306,5.294454823129582,5.294454823129582,0.0,8.618980714227628e-17,2.500169269419937e-16,0.29127031230310885,0.29127031230310885,0.0,63.300000000000004,0.0,0.0,0.0,0.0,63.300000000000004,0.0,0.0,0.0,0.0,False,False,False
168,4090243799,2284752968,0,gaussian_nominal,GaussianSensor,0.65,0.2,0.1,0.05,True,True,True,True,goal_reached,0.20840396709196607,77.9,14.54295494326433,14.819141974637107,0.04903989051474452,0.1373049730958103,0.05516736187049988,0.031453693063155284,0.11051662864854778,0.040799715848858505,0.042118782231459276,0.16099237390924484,0.052293213008396226,0.15417156020303063,0.10030944575906453,5.70449163108231,5.704491631082311,0.0,7.730985849458045e-17,2.498965354837e-16,0.2977309840212894,0.2977309840212894,0.0,75.9,2.0,0.0,0.0,0.0,75.9,2.0,0.0,0.0,0.0,False,False,False
169,3612385362,879771800,0,gaussian_nominal,GaussianSensor,0.65,0.2,0.1,0.05,True,True,True,True,goal_reached,0.17167359206706173,77.60000000000001,14.702996466615048,14.932277608979799,0.04975034067315586,0.14258010499403673,0.05574878948337833,0.027710230694049348,0.07152876608222136,0.03339338432624945,0.04144989726104215,0.1600476504561092,0.050312839893411954,0.1373919875727759,0.14955681009347244,5.90853176467824,5.908531764678241,0.0,7.733347142656331e-17,2.7757743935277205e-16,0.3141478264133202,0.3141478264133201,0.0,76.10000000000001,1.5,0.0,0.0,0.0,76.4,1.1999999999999993,0.0,0.0,0.0,False,False,False
170,2584319147,1028574110,0,gaussian_nominal,GaussianSensor,0.65,0.2,0.1,0.05,True,True,True,True,goal_reached,0.2293913908259879,76.10000000000001,14.656711431394704,14.833120910395452,0.05103537319364239,0.2665998484217996,0.058453511845211664,0.03054428178381641,0.0810753485549081,0.03632733133967665,0.044860321437594795,0.26647550411908333,0.055588244414127554,0.10806848384510012,0.07486888400657447,6.065655518393038,6.065655518393038,0.0,7.775988130100408e-17,2.779024842816778e-16,0.3477210958241025,0.3477210958241025,0.0,63.60000000000001,12.499999999999996,0.0,0.0,0.0,63.300000000000004,12.799999999999999,0.0,0.0,0.0,False,False,False
171,436442763,675799786,0,gaussian_nominal,GaussianSensor,0.65,0.2,0.1,0.05,True,True,True,True,goal_reached,0.20300987787073893,68.5,13.582735158506782,13.660446298663588,0.05177408720429842,0.21830031911858216,0.05927686665059394,0.036446036489331465,0.08920471024424641,0.04377925591022728,0.050924501039802214,0.21878586891467644,0.06279267825469714,0.12809615480739928,0.10296363014803957,5.273035662180856,5.273035662180856,0.0,8.608698633753483e-17,2.220446049250313e-16,0.40666498313549704,0.406664983135497,0.0,68.5,0.0,0.0,0.0,0.0,68.5,0.0,0.0,0.0,0.0,False,False,False
172,3794097624,2065298060,0,gaussian_nominal,GaussianSensor,0.65,0.2,0.1,0.05,True,True,True,True,goal_reached,0.1378509552932356,68.7,13.64879039405359,13.733937274152723,0.05262115057472024,0.15560970611067523,0.05911726877268235,0.03274093972281056,0.10445779420493419,0.0411247483641313,0.043443698378224316,0.16940062405103096,0.0549932877036832,0.16007613408871033,0.13816568964643583,5.352328446932869,5.3523284469328685,0.0,8.64696130504952e-17,2.7755575615628914e-16,0.33732899805068406,0.33732899805068406,0.0,63.4,5.300000000000001,0.0,0.0,0.0,63.6,5.1000000000000005,0.0,0.0,0.0,False,False,False
173,2911976809,774395539,0,gaussian_nominal,GaussianSensor,0.65,0.2,0.1,0.05,True,True,True,True,goal_reached,0.21282509519944387,68.4,13.87977452234928,14.062785286536638,0.051447445290565164,0.14547362359669674,0.058351924893457766,0.027936303258619226,0.1069354103582412,0.0362862625797963,0.04202373940900351,0.15225036276172574,0.053819411005546505,0.12886730110123717,0.06453138949630474,5.1891404433370605,5.1891404433370605,0.0,8.489716680244364e-17,2.7833528704240246e-16,0.3541586045619006,0.3541586045619006,0.0,68.4,0.0,0.0,0.0,0.0,68.4,0.0,0.0,0.0,0.0,False,False,False
174,3199249514,3002494220,0,gaussian_nominal,GaussianSensor,0.65,0.2,0.1,0.05,True,True,True,True,goal_reached,0.2356047898131561,59.800000000000004,12.758910859661569,12.894323439289733,0.05268791417625672,0.1485239810858886,0.06029368556261529,0.03512288588367765,0.11133294893657748,0.04406841963776628,0.045631482890573956,0.1580339153422544,0.056476654885765164,0.5050822830082744,0.492796667559638,4.702730565677939,4.702730565677939,0.0,9.538310153912892e-17,2.0014830212433605e-16,0.33142847803908143,0.33142847803908143,0.0,59.800000000000004,0.0,0.0,0.0,0.0,59.800000000000004,0.0,0.0,0.0,0.0,False,False,False
175,2681399514,1388369604,0,gaussian_nominal,GaussianSensor,0.65,0.2,0.1,0.05,False,False,False,False,planning_failure,nan,nan,nan,nan,nan,nan,nan,nan,nan,nan,nan,nan,nan,nan,nan,nan,nan,nan,nan,nan,nan,nan,nan,,,,,,,,,,,,,
176,3029070720,845756978,0,gaussian_nominal,GaussianSensor,0.65,0.2,0.1,0.05,True,True,True,True,goal_reached,0.18049001986103447,74.2,15.759390813860815,15.88894592459224,0.05286641711008872,0.34730134244405425,0.06042229094555162,0.032079058881240664,0.1322202189102135,0.04300570670186067,0.04727242150529852,0.3467576717062717,0.06028364899578749,0.14519351914083226,0.07200920718879011,6.3931304193770275,6.393130419377028,0.0,8.885120497723751e-17,2.830524433501838e-16,0.2839604836027603,0.2839604836027603,0.0,74.2,0.0,0.0,0.0,0.0,74.2,0.0,0.0,0.0,0.0,False,False,False
177,3812837130,3191976705,0,gaussian_nominal,GaussianSensor,0.65,0.2,0.1,0.05,True,True,True,True,goal_reached,0.12442314544941752,64.5,13.010395319224438,13.070197602492025,0.04987217463872024,0.2094524712650447,0.05608909972176795,0.028081823456955656,0.08497374067443847,0.03446063507164292,0.038658193482745545,0.15461873493216508,0.04832308768541052,0.13423469256335333,0.07951808414991735,4.930349742338641,4.930349742338642,0.0,8.76564693963452e-17,1.962615573354719e-16,0.36735841245681555,0.36735841245681555,0.0,64.5,0.0,0.0,0.0,0.0,64.5,0.0,0.0,0.0,0.0,False,False,False
178,323190429,1915161174,0,gaussian_nominal,GaussianSensor,0.65,0.2,0.1,0.05,True,True,True,True,goal_reached,0.13769995370551608,76.2,16.094060399912124,16.1169639590373,0.049308810652935194,0.16296534479534397,0.05556868893408692,0.031184137960897185,0.10473328275801867,0.03869981936648406,0.04135891237105686,0.15762595344057803,0.05169838147401522,0.16731650788040442,0.12148622132588646,6.292165474744882,6.292165474744882,0.0,8.550434760120464e-17,2.830524433501838e-16,0.37223400855285094,0.37223400855285105,0.0,76.2,0.0,0.0,0.0,0.0,76.2,0.0,0.0,0.0,0.0,False,False,False
179,1930477740,3376499275,0,gaussian_nominal,GaussianSensor,0.65,0.2,0.1,0.05,True,True,True,True,goal_reached,0.20020969490706658,68.3,13.979079053468407,14.17972125494158,0.05116921541403674,0.15611798104756833,0.05799617252626421,0.02510353407211851,0.09902673874134527,0.03268060447561596,0.03870157681806216,0.18768732434377355,0.050041819352049405,0.10713150908312359,0.07918094816603118,5.337733361070798,5.337733361070798,0.0,8.28681344630658e-17,2.7755575615628914e-16,0.37865621414430595,0.37865621414430595,0.0,68.3,0.0,0.0,0.0,0.0,68.3,0.0,0.0,0.0,0.0,False,False,False
180,3664593863,1203705817,0,gaussian_nominal,GaussianSensor,0.65,0.2,0.1,0.05,False,False,False,False,planning_failure,nan,nan,nan,nan,nan,nan,nan,nan,nan,nan,nan,nan,nan,nan,nan,nan,nan,nan,nan,nan,nan,nan,nan,,,,,,,,,,,,,
181,795718452,2131830739,0,gaussian_nominal,GaussianSensor,0.65,0.2,0.1,0.05,True,True,True,True,goal_reached,0.13934046346351642,74.8,14.885811379990676,14.95648537735028,0.05076434881732474,0.27040073461006214,0.05728220447125921,0.03144438794932465,0.07004740169935718,0.03661593617498218,0.04170037559500839,0.26858751349734034,0.05226263108457177,0.17068332821037005,0.06703823698284424,6.078149620050285,6.078149620050285,0.0,8.239896361817744e-17,2.2591401799415137e-16,0.3699958370197453,0.3699958370197453,0.0,71.6,3.199999999999994,0.0,0.0,0.0,71.5,3.29999999999999,0.0,0.0,0.0,False,False,False
182,2761085476,974724826,0,gaussian_nominal,GaussianSensor,0.65,0.2,0.1,0.05,True,True,True,True,goal_reached,0.16088610040767795,78.0,15.305065446264155,15.458859577192769,0.0521954363875676,0.17920010798765623,0.059814751344345,0.034307694574100274,0.11824842124725166,0.043269997429076605,0.041472952618443706,0.15446504021769236,0.05151264841430717,0.167235700554897,0.1313587531656948,5.804869781312222,5.804869781312222,0.0,7.544225457037997e-17,2.776424787817943e-16,0.28688656208345076,0.28688656208345076,0.0,78.0,0.0,0.0,0.0,0.0,78.0,0.0,0.0,0.0,0.0,False,False,False
183,1532893928,1966218153,0,gaussian_nominal,GaussianSensor,0.65,0.2,0.1,0.05,True,True,True,True,goal_reached,0.19959895377513764,66.3,13.139287096783033,13.246218677760439,0.04749090833284266,0.15908572075489194,0.054440362405785744,0.027901739003538276,0.08339367536931874,0.034838062934532385,0.039419314842196664,0.15231093028771256,0.04928103525596209,0.11284981252581688,0.10657610288624987,4.774349134004264,4.7743491340042645,0.0,8.573790946007985e-17,1.962615573354719e-16,0.2513984567634544,0.2513984567634544,0.0,65.69999999999999,0.6000000000000014,0.0,0.0,0.0,65.99999999999999,0.3000000000000007,0.0,0.0,0.0,False,False,False
184,1112156342,1573685486,0,gaussian_nominal,GaussianSensor,0.65,0.2,0.1,0.05,True,True,True,True,goal_reached,0.22026306250625774,81.4,15.10167127624408,15.172108039692631,0.05288120081060215,0.17635241123179388,0.05940641376425097,0.02756508869353592,0.108928597504989,0.03580630462513239,0.043463396037675295,0.18248633281962534,0.054417402961571194,0.11224417982577695,0.08733818465149028,5.928328999216429,5.928328999216429,0.0,7.376853677023473e-17,2.5133742693021536e-16,0.26938269981387813,0.26938269981387813,0.0,79.2,2.1999999999999993,0.0,0.0,0.0,79.4,2.0,0.0,0.0,0.0,False,False,False
185,1114021337,631108310,0,gaussian_nominal,GaussianSensor,0.65,0.2,0.1,0.05,True,True,True,True,goal_reached,0.20556835565337248,63.800000000000004,12.943801741458092,13.075360627864343,0.0519284476472346,0.18426815116150444,0.05942290690183451,0.02648864584587574,0.06491675764420467,0.030586384790540565,0.042009364921236164,0.16123724033263898,0.051808162501284574,0.15754367805027428,0.13783703169583833,5.031855857515108,5.031855857515108,0.0,8.6655735767342e-17,1.7772239894833365e-16,0.4637735158566484,0.4637735158566484,0.0,63.800000000000004,0.0,0.0,0.0,0.0,63.800000000000004,0.0,0.0,0.0,0.0,False,False,False
186,1325414481,1605829894,0,gaussian_nominal,GaussianSensor,0.65,0.2,0.1,0.05,False,False,False,False,planning_failure,nan,nan,nan,nan,nan,nan,nan,nan,nan,nan,nan,nan,nan,nan,nan,nan,nan,nan,nan,nan,nan,nan,nan,,,,,,,,,,,,,
187,176961545,636445662,0,gaussian_nominal,GaussianSensor,0.65,0.2,0.1,0.05,True,True,True,True,goal_reached,0.1612820016964401,64.60000000000001,13.279205954652621,13.416432619997817,0.05200421707100437,0.15671103547043227,0.058946042191008186,0.026790388919339988,0.08969803166812865,0.03532929018159331,0.04440066680780558,0.1655535871130179,0.0557269226563319,0.19381999914139647,0.13871805046313535,5.164187843550193,5.164187843550193,0.0,8.38727156629922e-17,1.7772239894833365e-16,0.25440855386054756,0.2544085538605476,0.0,64.60000000000001,0.0,0.0,0.0,0.0,64.5,0.10000000000000142,0.0,0.0,0.0,False,False,False
188,1651782110,4107392115,0,gaussian_nominal,GaussianSensor,0.65,0.2,0.1,0.05,False,False,False,False,planning_failure,nan,nan,nan,nan,nan,nan,nan,nan,nan,nan,nan,nan,nan,nan,nan,nan,nan,nan,nan,nan,nan,nan,nan,,,,,,,,,,,,,
189,1779023298,2158193279,0,gaussian_nominal,GaussianSensor,0.65,0.2,0.1,0.05,True,True,True,True,goal_reached,0.23977950754154898,73.9,15.062347506641334,15.354682871184243,0.04970315123078345,0.1937570296419431,0.056748696920763154,0.03180307121704332,0.08268070134053407,0.03706648176490206,0.04402788760318188,0.19516252369402465,0.05479015060654997,0.13112473126073748,0.10106441957897908,6.087117667129158,6.087117667129158,0.0,8.401340325113141e-17,2.5018537765542007e-16,0.33769038511728383,0.33769038511728383,0.0,72.7,1.200000000000001,0.0,0.0,0.0,72.6,1.3000000000000007,0.0,0.0,0.0,False,False,False
190,4138237076,785607711,0,gaussian_nominal,GaussianSensor,0.65,0.2,0.1,0.05,True,True,True,True,goal_reached,0.2723070138605879,89.0,17.7938536330807,18.046529000263284,0.05178750045246688,0.14860807976823034,0.05841470345116864,0.021741634397136493,0.07844908222678236,0.027524330532464676,0.04157570595031887,0.16779690129866687,0.052391817322159424,0.15994394383216387,0.15580974465106934,7.138550503854348,7.138550503854347,0.0,7.975673456535091e-17,2.7755575615628914e-16,0.28532795225819474,0.28532795225819474,0.0,86.49999999999999,2.500000000000007,0.0,0.0,0.0,85.19999999999999,3.8000000000000114,0.0,0.0,0.0,False,False,False
191,1190706895,3844410921,0,gaussian_nominal,GaussianSensor,0.65,0.2,0.1,0.05,False,False,False,False,planning_failure,nan,nan,nan,nan,nan,nan,nan,nan,nan,nan,nan,nan,nan,nan,nan,nan,nan,nan,nan,nan,nan,nan,nan,,,,,,,,,,,,,
192,1376100548,2023100640,0,gaussian_nominal,GaussianSensor,0.65,0.2,0.1,0.05,True,True,True,True,goal_reached,0.20340646795294073,71.10000000000001,15.195331406369249,15.301282883292581,0.05251497750298083,0.3570585641078199,0.060533400412909937,0.030887624206970957,0.10479242802554052,0.038934927717876565,0.041172693942869314,0.14546670516730797,0.05131680736501935,0.11239581047852866,0.08136616236766236,5.902304778128891,5.902304778128891,0.0,8.451495963311186e-17,2.830524433501838e-16,0.24805449458868783,0.2480544945886878,0.0,71.10000000000001,0.0,0.0,0.0,0.0,71.10000000000001,0.0,0.0,0.0,0.0,False,False,False
193,1014721197,1461180214,0,gaussian_nominal,GaussianSensor,0.65,0.2,0.1,0.05,True,True,True,True,goal_reached,0.21936072754847966,74.8,14.537453275770705,14.663982391369855,0.05438905651644746,0.2556505856402037,0.061164481639034485,0.03177231883878739,0.12138656977662979,0.040125593584337045,0.04763591901159598,0.24522775265019933,0.05899092766366003,0.14381638397676935,0.09859719356784569,5.850144667530028,5.850144667530028,0.0,7.724426419956786e-17,2.5133742693021536e-16,0.3066291574558718,0.3066291574558718,0.0,67.5,7.299999999999997,0.0,0.0,0.0,67.1,7.700000000000003,0.0,0.0,0.0,False,False,False
194,1525762871,3126151894,0,gaussian_nominal,GaussianSensor,0.65,0.2,0.1,0.05,True,True,True,True,goal_reached,0.16305586517207019,70.5,13.144225409693107,13.247910368410492,0.05168779941919068,0.15866522803134409,0.058073048375601656,0.030301780559021246,0.1244737817634916,0.03940824219758221,0.043234411757565365,0.18383041371518694,0.05407285559545402,0.0800664372894434,0.037473571749858416,5.346228891945938,5.346228891945938,0.0,8.062287455949251e-17,1.962615573354719e-16,0.24853719673784774,0.24853719673784772,0.0,69.5,1.0,0.0,0.0,0.0,69.7,0.7999999999999972,0.0,0.0,0.0,False,False,False
195,1260217734,1227112746,0,gaussian_nominal,GaussianSensor,0.65,0.2,0.1,0.05,True,True,True,True,goal_reached,0.22374159647871986,72.8,14.610504706290687,14.770189981183925,0.05277311810968919,0.15625372635512946,0.05939557122996149,0.02288924703693762,0.06869789526477489,0.0277967202000058,0.043770419454892816,0.20842370116356435,0.0548895015488762,0.20155593733595614,0.16141551039005225,5.850735052925058,5.850735052925058,0.0,8.003188906055692e-17,2.776424787817943e-16,0.2741061998533179,0.2741061998533181,0.0,66.79999999999998,6.000000000000014,0.0,0.0,0.0,66.99999999999997,5.8000000000000185,0.0,0.0,0.0,False,False,False
196,504774215,3149632713,0,gaussian_nominal,GaussianSensor,0.65,0.2,0.1,0.05,True,True,True,True,goal_reached,0.24534346750718386,61.7,12.912830337608028,13.089543290556401,0.05477539749096838,0.2775492451287108,0.06234422557313205,0.025356027617541674,0.07305368833418147,0.03156361453427021,0.04193893681743206,0.2768187093886411,0.05323272765283348,0.1529493263140724,0.12731311123847178,4.833319885430463,4.833319885430462,0.0,8.900301066194637e-17,1.962615573354719e-16,0.4602347879842075,0.4602347879842075,0.0,61.1,0.6000000000000014,0.0,0.0,0.0,61.1,0.6000000000000014,0.0,0.0,0.0,False,False,False
197,1106937606,493780939,0,gaussian_nominal,GaussianSensor,0.65,0.2,0.1,0.05,True,True,True,True,goal_reached,0.13428002345481035,68.0,14.846034798401387,14.953263381568368,0.047836585874805986,0.1450155733024007,0.055084610346645316,0.03834020480820559,0.11937401461172646,0.04767867772764775,0.04522605759372621,0.1848173033504644,0.05721906807455673,0.15574044474740828,0.1129921164856192,5.7936100200574145,5.793610020057414,0.0,8.740324122629708e-17,2.7894008272968645e-16,0.3610841036001107,0.3610841036001107,0.0,67.8,0.20000000000000284,0.0,0.0,0.0,67.6,0.4000000000000057,0.0,0.0,0.0,False,False,False
198,3459676030,3110934484,0,gaussian_nominal,GaussianSensor,0.65,0.2,0.1,0.05,True,True,True,True,goal_reached,0.18303217161906235,65.60000000000001,13.307197155115674,13.342594643458803,0.052432407339203575,0.154962775759902,0.05926462653641249,0.02509972563179362,0.09688291630458755,0.03456362305156634,0.04039802435224862,0.17113262761785444,0.050683224003706874,0.17085922624805688,0.08978040296901213,5.020615374618091,5.0206153746180915,0.0,8.525059488146232e-17,1.962615573354719e-16,0.238134277458616,0.238134277458616,0.0,65.30000000000001,0.29999999999999716,0.0,0.0,0.0,65.5,0.10000000000000142,0.0,0.0,0.0,False,False,False
199,1781291391,1335936830,0,gaussian_nominal,GaussianSensor,0.65,0.2,0.1,0.05,True,True,True,True,goal_reached,0.2533660629326094,81.60000000000001,16.32495443727494,16.617182604734193,0.04882149676066304,0.24306031533475833,0.055487840191035406,0.031885584830038435,0.11952117331213952,0.04041012950745163,0.04058616955862809,0.24260956446512263,0.05086612643260013,0.18289960718439735,0.11936315085106308,6.7492130761875755,6.7492130761875755,0.0,8.207595213112621e-17,2.7894008272968645e-16,0.2442304024880729,0.24423040248807296,0.0,80.00000000000001,1.5999999999999943,0.0,0.0,0.0,79.7,1.899999999999995,0.0,0.0,0.0,False,False,False
200,3523129448,2826415160,0,gaussian_nominal,GaussianSensor,0.65,0.2,0.1,0.05,True,True,True,True,goal_reached,0.13592617811400934,81.7,16.097424460305437,16.255544452326337,0.0502462299184352,0.15305791209450065,0.056533528553478145,0.029697003848282836,0.09482281572258737,0.03735754106233874,0.04725951029754292,0.16419020125221415,0.05733331115748267,0.11513732618224852,0.05110982756125221,6.319446129630095,6.319446129630095,0.0,8.200111888262184e-17,1.962615573354719e-16,0.24402866415515143,0.24402866415515145,0.0,73.6,8.099999999999998,0.0,0.0,0.0,71.9,9.799999999999997,0.0,0.0,0.0,False,False,False
201,1124748912,2844255851,0,gaussian_nominal,GaussianSensor,0.65,0.2,0.1,0.05,True,True,True,True,goal_reached,0.1428938299714401,67.8,13.904638513814428,13.913784350934923,0.05262265596829585,0.26028948539933533,0.05989714141975483,0.03833340480410423,0.12062822754943303,0.0487042057217934,0.047364342449194664,0.26028948539933533,0.05876494829296131,0.0855151438080844,0.08004632647736061,5.3089916021961425,5.3089916021961425,0.0,8.18825910589066e-17,2.5589376332604516e-16,0.22356343842440915,0.22356343842440923,0.0,60.39999999999999,7.400000000000004,0.0,0.0,0.0,60.49999999999999,7.300000000000001,0.0,0.0,0.0,False,False,False
202,1766979982,1842838237,0,gaussian_nominal,GaussianSensor,0.65,0.2,0.1,0.05,True,True,True,True,goal_reached,0.23613493294955698,72.3,13.925743229094373,14.106522524708334,0.049466334465885595,0.14146348632597347,0.055341806913308755,0.029768253576583845,0.09181905567497922,0.039620476235492766,0.04236840930127019,0.17556836891236535,0.053352455566430715,0.15666435223176256,0.09794289274739626,5.565491539905363,5.565491539905365,0.0,7.971268658037068e-17,2.498965354837e-16,0.2999200307902234,0.2999200307902234,0.0,71.69999999999999,0.6000000000000014,0.0,0.0,0.0,71.5,0.7999999999999972,0.0,0.0,0.0,False,False,False
203,1379070658,2045846455,0,gaussian_nominal,GaussianSensor,0.65,0.2,0.1,0.05,True,True,True,True,goal_reached,0.190206335409394,72.3,14.307952072774196,14.441932976327678,0.05045490673677163,0.16152591626635887,0.0566781796197303,0.034721834557326955,0.09851032439765425,0.0410683418317007,0.04551583636518299,0.1724296254076112,0.05720632519256309,0.17034829980203356,0.11050071208881415,5.72937537748531,5.729375377485311,0.0,7.905518003952223e-17,2.5589376332604516e-16,0.3216274729387503,0.3216274729387503,0.0,70.1,2.1999999999999957,0.0,0.0,0.0,70.39999999999999,1.8999999999999986,0.0,0.0,0.0,False,False,False
204,902837847,4223214188,0,gaussian_nominal,GaussianSensor,0.65,0.2,0.1,0.05,True,True,True,True,goal_reached,0.2043907279758337,74.10000000000001,15.338592565128605,15.418799209155305,0.051086359714399496,0.1561010206705385,0.057557330925625635,0.03496873389104054,0.09004048681158905,0.043244056503170994,0.04638447398461276,0.1746766300347105,0.057475799412260366,0.14537558073680348,0.08291804126409402,6.1466284049515005,6.1466284049515,0.0,7.905179879930485e-17,2.7755575615628914e-16,0.32923993993362455,0.32923993993362455,0.0,71.9,2.200000000000003,0.0,0.0,0.0,72.10000000000001,2.0,0.0,0.0,0.0,False,False,False
205,2193816033,507685065,0,gaussian_nominal,GaussianSensor,0.65,0.2,0.1,0.05,True,True,True,True,goal_reached,0.17325148483934205,63.800000000000004,13.02366157385272,13.126398906578396,0.05397495710945148,0.17257404344807306,0.06104270409868222,0.028867773831504823,0.11018238949809138,0.03673813245257534,0.04459807065428018,0.19285328960654383,0.057423364270472364,0.14198310448198084,0.06254588743500855,5.178664260615609,5.17866426061561,0.0,8.859734869306598e-17,1.962615573354719e-16,0.3025792748666676,0.3025792748666676,0.0,63.5,0.30000000000000426,0.0,0.0,0.0,63.2,0.6000000000000014,0.0,0.0,0.0,False,False,False
206,829894770,3799876144,0,gaussian_nominal,GaussianSensor,0.65,0.2,0.1,0.05,True,True,True,True,goal_reached,0.2037105107644135,64.5,12.869199083416568,12.988905724842105,0.05630719865229487,0.23425845685595106,0.06375785210110195,0.02911178922285674,0.1074973010178347,0.04158058061305994,0.0445790255011222,0.23335799452485467,0.055198805445386065,0.13590478398398248,0.10666722403159853,5.274570090003948,5.274570090003949,0.0,8.719432735178493e-17,1.962615573354719e-16,0.3605574722568239,0.3605574722568239,0.0,64.5,0.0,0.0,0.0,0.0,64.5,0.0,0.0,0.0,0.0,False,False,False
207,4130689922,2896272208,0,gaussian_nominal,GaussianSensor,0.65,0.2,0.1,0.05,True,True,True,True,goal_reached,0.23054981325278037,84.7,16.860174275568028,17.052515570462354,0.05206559000126505,0.22778326452345735,0.05893597582795049,0.03195054634155591,0.11906979850720634,0.04021929977033309,0.04462689610025988,0.15717580101762993,0.055382795824713636,0.1234907022865555,0.07434598152098885,7.107796843849879,7.107796843849879,0.0,8.156597587593298e-17,2.779024842816778e-16,0.24822710144562127,0.24822710144562127,0.0,82.30000000000001,2.3999999999999915,0.0,0.0,0.0,81.3,3.399999999999995,0.0,0.0,0.0,False,False,False
208,2550648182,2877323974,0,gaussian_nominal,GaussianSensor,0.65,0.2,0.1,0.05,True,True,True,True,goal_reached,0.2605147037205983,66.9,13.219355967932591,13.459365241422455,0.05037792893556735,0.15216936294468944,0.057035525705553806,0.02119240232919384,0.08470012035975656,0.026895874473774933,0.03724554529974444,0.16283047511598223,0.046712646410231866,0.13412896251798165,0.12250844827387747,5.140726001587297,5.140726001587297,0.0,8.494933133849743e-17,1.8670653977139892e-16,0.2921794928478303,0.2921794928478303,0.0,63.900000000000006,3.0,0.0,0.0,0.0,63.600000000000016,3.2999999999999936,0.0,0.0,0.0,False,False,False
209,4014434589,2002339998,0,gaussian_nominal,GaussianSensor,0.65,0.2,0.1,0.05,True,True,True,True,goal_reached,0.23914385060313822,75.0,14.834262971734834,14.943538539952707,0.052068955979765894,0.1779943711025231,0.05922238393502294,0.028362718268878012,0.11552010857571059,0.036519777015257944,0.04349774754045297,0.18452686358315554,0.05520622208650273,0.16643865369819638,0.10656734525916267,5.881825438765633,5.881825438765633,0.0,8.072527662406382e-17,2.8066088919804617e-16,0.3889974358732418,0.3889974358732418,0.0,75.0,0.0,0.0,0.0,0.0,75.0,0.0,0.0,0.0,0.0,False,False,False
210,697825325,1529883739,0,gaussian_nominal,GaussianSensor,0.65,0.2,0.1,0.05,False,False,False,False,planning_failure,nan,nan,nan,nan,nan,nan,nan,nan,nan,nan,nan,nan,nan,nan,nan,nan,nan,nan,nan,nan,nan,nan,nan,,,,,,,,,,,,,
211,2610880024,3515193591,0,gaussian_nominal,GaussianSensor,0.65,0.2,0.1,0.05,True,True,True,True,goal_reached,0.24031602476486552,71.0,13.303428782105987,13.39829431183988,0.051610451751766435,0.17190373562999467,0.05912820042320086,0.03163035162698537,0.11801231338268739,0.040557043955925416,0.04446098054559422,0.17190373562999467,0.055464848336451815,0.1645241474430305,0.10478406514610127,5.3623048015565065,5.3623048015565065,0.0,7.691414405753061e-17,1.962615573354719e-16,0.28188631094609,0.28188631094609,0.0,71.0,0.0,0.0,0.0,0.0,71.0,0.0,0.0,0.0,0.0,False,False,False
212,2765976715,3730418815,0,gaussian_nominal,GaussianSensor,0.65,0.2,0.1,0.05,True,True,True,True,goal_reached,0.19934680633312363,65.3,12.870096000766889,12.959690571862367,0.05191955251908144,0.17271371195861127,0.058657624132113985,0.030996926749731785,0.126513705968767,0.03866977345137284,0.04497057096628056,0.17564426048569243,0.055234820131435054,0.1966467468728181,0.124942993284691,5.04051436132306,5.040514361323062,0.0,8.423165644921164e-17,1.962615573354719e-16,0.2659381574990555,0.2659381574990557,0.0,65.3,0.0,0.0,0.0,0.0,65.3,0.0,0.0,0.0,0.0,False,False,False
213,1522203079,4141194637,0,gaussian_nominal,GaussianSensor,0.65,0.2,0.1,0.05,True,True,True,True,goal_reached,0.24598516889212937,66.4,13.196373660527575,13.33026559266788,0.05348811803082583,0.13895794342715798,0.060187311185763474,0.029671529033276616,0.0819805808249047,0.03536971060963809,0.04270834687478378,0.17216520020906378,0.05316969664375896,0.09444094372189697,0.054695702865091525,5.12286637664403,5.12286637664403,0.0,8.476588192515139e-17,1.8670653977139892e-16,0.3656649167318006,0.3656649167318006,0.0,63.5,2.9000000000000004,0.0,0.0,0.0,63.79999999999999,2.6000000000000103,0.0,0.0,0.0,False,False,False
214,844180384,4213348376,0,gaussian_nominal,GaussianSensor,0.65,0.2,0.1,0.05,True,True,True,True,goal_reached,0.1936235901640122,93.80000000000001,17.960151013009682,17.973222277031127,0.050520063381628406,0.21177767754366916,0.05729544251421562,0.04453122763960227,0.16163897599399515,0.05673006102376278,0.05193217786407595,0.24891165853410424,0.06779843544678525,0.08440603886648686,0.02782863183469908,7.482881948317168,7.482881948317168,0.0,7.669683781320878e-17,2.779024842816778e-16,0.30185123831343796,0.301851238313438,0.0,83.10000000000001,10.699999999999996,0.0,0.0,0.0,83.70000000000002,10.099999999999987,0.0,0.0,0.0,False,False,False
215,2770669953,565027956,0,gaussian_nominal,GaussianSensor,0.65,0.2,0.1,0.05,True,True,True,True,goal_reached,0.16742327371796803,72.60000000000001,13.603241664795531,13.70498229696073,0.05388680454994637,0.19735291074962086,0.06056344107616808,0.02326700743466405,0.09875329214858568,0.030861822344342923,0.043467165566915704,0.1924326003264145,0.05458774118476738,0.5013671977516339,0.44534248182702285,5.3188915804662855,5.3188915804662855,0.0,8.108033512934881e-17,1.7772239894833365e-16,0.22666609054378017,0.22666609054378023,0.0,72.60000000000001,0.0,0.0,0.0,0.0,72.60000000000001,0.0,0.0,0.0,0.0,False,False,False
216,752442399,2170143469,0,gaussian_nominal,GaussianSensor,0.65,0.2,0.1,0.05,True,True,True,True,goal_reached,0.24225162707701842,71.60000000000001,13.814251861929606,13.99544247909519,0.04910040207065009,0.15967239125161806,0.05633262037778467,0.02850096998245807,0.07535045978559973,0.035012454517645876,0.04270963148568421,0.17532107355168391,0.05244424848946615,0.1314130534963514,0.1211533658699957,5.517691063858172,5.517691063858173,0.0,7.970501711297922e-17,2.779024842816778e-16,0.3218678614290896,0.3218678614290896,0.0,71.60000000000001,0.0,0.0,0.0,0.0,71.60000000000001,0.0,0.0,0.0,0.0,False,False,False
217,2836585270,2438147499,0,gaussian_nominal,GaussianSensor,0.65,0.2,0.1,0.05,True,True,True,True,goal_reached,0.22938869505328957,66.4,14.000451024733795,14.21028434414931,0.05108952763480381,0.1431188136103458,0.05821377474271917,0.036454139787841934,0.1147713148095456,0.04540161016866108,0.043924536759621095,0.21607885160726656,0.056525256829689,0.06886500978424731,0.08293581247940648,5.740792154473965,5.740792154473966,0.0,8.484644326933168e-17,2.7894008272968645e-16,0.3073279282461318,0.30732792824613187,0.0,66.4,0.0,0.0,0.0,0.0,66.4,0.0,0.0,0.0,0.0,False,False,False
218,1258152814,4150384163,0,gaussian_nominal,GaussianSensor,0.65,0.2,0.1,0.05,True,True,True,True,goal_reached,0.23670393650625546,67.60000000000001,13.28109703926307,13.496712451705369,0.052652797340278515,0.16192298740078506,0.05912896203042073,0.026826339872814138,0.08569625947610586,0.03317789103663695,0.03966019397876294,0.17027777159489768,0.049217080773754106,0.44535703413546335,0.37552267580310295,5.126271632014104,5.126271632014104,0.0,8.771973905920511e-17,2.5018537765542007e-16,0.366149661844252,0.366149661844252,0.0,63.300000000000004,4.3,0.0,0.0,0.0,63.7,3.9,0.0,0.0,0.0,False,False,False
219,1025412693,1539643235,0,gaussian_nominal,GaussianSensor,0.65,0.2,0.1,0.05,True,True,True,True,goal_reached,0.15527093683848983,64.3,13.265992209160794,13.35770240346671,0.05052870324401423,0.1578176652254068,0.0573726472470072,0.026861566496663918,0.08698644802754665,0.0339720999160705,0.04139562373424241,0.19009139095243713,0.052293804277207485,0.13307794093962136,0.09769201366577107,4.974353911928439,4.974353911928439,0.0,8.615045748585325e-17,2.237726045655905e-16,0.3003348104568665,0.30033481045686644,0.0,62.9,1.3999999999999986,0.0,0.0,0.0,62.599999999999994,1.7000000000000028,0.0,0.0,0.0,False,False,False
220,752715902,488982456,0,gaussian_nominal,GaussianSensor,0.65,0.2,0.1,0.05,True,True,True,True,goal_reached,0.223582295864154,86.0,17.106146582307055,17.26116821159539,0.05179399376831104,0.19136920497497756,0.05846200627376889,0.02779454165514187,0.07838323785223804,0.03307644894568986,0.04042973388989026,0.19136920497497756,0.04993370867546271,0.17988111589163946,0.13058995301830673,6.893737818215971,6.893737818215971,0.0,7.940936434558293e-17,2.498965354837e-16,0.29775804206083817,0.2977580420608382,0.0,84.0,2.0,0.0,0.0,0.0,83.8,2.1999999999999957,0.0,0.0,0.0,False,False,False
221,512319883,815337352,0,gaussian_nominal,GaussianSensor,0.65,0.2,0.1,0.05,True,True,True,True,goal_reached,0.1632958954470832,69.10000000000001,13.609591854004211,13.651635646959244,0.04879933115477681,0.156343345444269,0.05574010877950341,0.02950143566965634,0.09914328480030306,0.03735287052839054,0.03958350162909758,0.15617234530571897,0.04934710202681837,0.16595345018981908,0.1203483231197732,5.498541689727667,5.498541689727667,0.0,8.120392708277893e-17,2.8449465006019636e-16,0.23389790851074946,0.23389790851074943,0.0,69.10000000000001,0.0,0.0,0.0,0.0,69.10000000000001,0.0,0.0,0.0,0.0,False,False,False
222,4032067323,2635905015,0,gaussian_nominal,GaussianSensor,0.65,0.2,0.1,0.05,True,True,True,True,goal_reached,0.2195761460442214,67.3,13.284146359903168,13.379496867179844,0.0538346052392666,0.2251388879438175,0.061381387193919675,0.03421344368151059,0.08084024449679106,0.04111992635331329,0.04455122441256191,0.16564309812619987,0.05520147330311634,0.21824433704429277,0.1811817157113505,5.226967349016128,5.226967349016128,0.0,8.405028889322375e-17,2.0206364052201326e-16,0.34340776298097886,0.34340776298097886,0.0,67.3,0.0,0.0,0.0,0.0,67.3,0.0,0.0,0.0,0.0,False,False,False
223,2154464537,4206247815,0,gaussian_nominal,GaussianSensor,0.65,0.2,0.1,0.05,False,False,False,False,planning_failure,nan,nan,nan,nan,nan,nan,nan,nan,nan,nan,nan,nan,nan,nan,nan,nan,nan,nan,nan,nan,nan,nan,nan,,,,,,,,,,,,,
224,382400512,3995035099,0,gaussian_nominal,GaussianSensor,0.65,0.2,0.1,0.05,True,True,True,True,goal_reached,0.2437317349911848,88.10000000000001,17.541731411661175,17.875953428321697,0.050862106709239636,0.1620900103441886,0.05718645200608168,0.04256448719918721,0.11813397818681814,0.05235606356232966,0.04723630237449197,0.1751891311866522,0.05798486718045551,0.14748501821666044,0.11617536862848521,6.79635642579062,6.79635642579062,0.0,7.931637808154111e-17,2.776424787817943e-16,0.2626221194997869,0.26262211949978687,0.0,79.7,8.399999999999999,0.0,0.0,0.0,80.4,7.700000000000001,0.0,0.0,0.0,False,False,False
225,3055466972,3734794692,0,gaussian_nominal,GaussianSensor,0.65,0.2,0.1,0.05,True,True,True,True,goal_reached,0.24527834966037887,65.0,12.939344212689331,13.098841314891363,0.051514693134074765,0.14894872362392142,0.05759194801887861,0.030825484872935308,0.09662427108916732,0.03715781172248688,0.04446551014164175,0.16889240620876045,0.05622194202166002,0.4951871271377377,0.42166400542331584,5.030686395502501,5.030686395502501,0.0,8.622431422607426e-17,1.8670653977139892e-16,0.30389271673246077,0.30389271673246077,0.0,64.3,0.7000000000000028,0.0,0.0,0.0,64.19999999999999,0.7999999999999998,0.0,0.0,0.0,False,False,False
226,3193199788,634261231,0,gaussian_nominal,GaussianSensor,0.65,0.2,0.1,0.05,True,True,True,True,goal_reached,0.145080178722821,75.7,14.03813684884587,14.162857105038581,0.049116829875230535,0.18271385906957874,0.05602722538581216,0.02901148065030408,0.0827767484208992,0.035784155022840984,0.04230376615647873,0.1686058999257617,0.053648833731103095,0.12591445721312997,0.10308053417595073,5.673918726892722,5.673918726892722,0.0,7.682334892181221e-17,2.7755575615628914e-16,0.2960995863137613,0.2960995863137613,0.0,69.9,5.79999999999999,0.0,0.0,0.0,69.80000000000001,5.8999999999999915,0.0,0.0,0.0,False,False,False
227,2535396865,501233337,0,gaussian_nominal,GaussianSensor,0.65,0.2,0.1,0.05,True,True,True,True,goal_reached,0.2321723948030943,67.60000000000001,13.79477095897608,13.954527776631789,0.05095284432196981,0.15081611912289886,0.05740531884737767,0.03584182923719494,0.09336761576079326,0.04380295551058043,0.04372243719559375,0.16391218982731962,0.054662862978126496,0.15477786367908503,0.16548631459724794,5.479379044044875,5.479379044044875,0.0,8.295858125428144e-17,2.8066088919804617e-16,0.24866053510282463,0.24866053510282463,0.0,67.60000000000001,0.0,0.0,0.0,0.0,67.60000000000001,0.0,0.0,0.0,0.0,False,False,False
228,80660561,973294536,0,gaussian_nominal,GaussianSensor,0.65,0.2,0.1,0.05,True,True,True,True,goal_reached,0.22462344836055706,64.2,13.132664476278938,13.286744230430434,0.04911091225148596,0.137492574076399,0.055783361448805045,0.02510682770816296,0.07568926342814467,0.03144235121840177,0.03937524266909587,0.17407762912075542,0.05110401610556979,0.1561613639650341,0.1377288690296637,5.108916862612819,5.10891686261282,0.0,8.73873518171962e-17,2.1677797545656835e-16,0.2545945559529466,0.2545945559529465,0.0,61.900000000000006,2.2999999999999985,0.0,0.0,0.0,61.3,2.900000000000003,0.0,0.0,0.0,False,False,False
229,800819641,3241945518,0,gaussian_nominal,GaussianSensor,0.65,0.2,0.1,0.05,True,True,True,True,goal_reached,0.17786137269515268,64.2,13.042575624609347,13.167858548544773,0.049590495329430065,0.1746230834075137,0.0562560016740217,0.02455293839663942,0.11658467766604447,0.03292009627896167,0.04212717289466243,0.1657583010425933,0.05149028939911261,0.07640293949265038,0.07321399881134211,5.085604845768584,5.085604845768584,0.0,8.745390616151543e-17,1.962615573354719e-16,0.25158884020039796,0.2515888402003979,0.0,64.2,0.0,0.0,0.0,0.0,64.2,0.0,0.0,0.0,0.0,False,False,False
230,2410070537,1887917039,0,gaussian_nominal,GaussianSensor,0.65,0.2,0.1,0.05,True,True,True,True,goal_reached,0.24133502962356862,75.60000000000001,15.047714160929488,15.310756887408678,0.04947671922333463,0.19594363924913186,0.05647657093035591,0.026341236062402504,0.1357260820952657,0.036155495742623105,0.04103267721241938,0.18423937149676964,0.05184456940498718,0.10345593392269299,0.09009985623547312,6.191396760154229,6.191396760154229,0.0,8.124644291995168e-17,2.7894008272968645e-16,0.30017529374394897,0.30017529374394897,0.0,75.60000000000001,0.0,0.0,0.0,0.0,75.60000000000001,0.0,0.0,0.0,0.0,False,False,False
231,1574677147,1569186631,0,gaussian_nominal,GaussianSensor,0.65,0.2,0.1,0.05,True,True,True,True,goal_reached,0.14552073322296144,63.300000000000004,13.019201378923668,13.04121839707117,0.05261844065149668,0.18691351667041162,0.060098346765960306,0.03552554548472341,0.1182517642256711,0.04354240510074314,0.04708226518923323,0.22763461277273703,0.059750126060623625,0.13564097492331267,0.09301034948484765,5.285529891879325,5.285529891879326,0.0,8.905905707045557e-17,1.962615573354719e-16,0.4070470354685125,0.40704703546851256,0.0,59.800000000000004,3.4999999999999947,0.0,0.0,0.0,59.5,3.8000000000000025,0.0,0.0,0.0,False,False,False
232,2426998121,1979405758,0,gaussian_nominal,GaussianSensor,0.65,0.2,0.1,0.05,True,True,True,True,goal_reached,0.16839799531247057,66.7,13.848094433507612,14.041849662058084,0.0542516762670911,0.1571644768260229,0.06125019885954555,0.027380611670124406,0.11088828907628834,0.03413524815788197,0.04362645173771137,0.18053731409998885,0.057006377207271995,0.11439442543585927,0.0690174152695373,5.357623982666697,5.357623982666698,0.0,8.271851399521491e-17,2.592584715281538e-16,0.3925377726595172,0.3925377726595171,0.0,66.7,0.0,0.0,0.0,0.0,66.7,0.0,0.0,0.0,0.0,False,False,False
233,4113121730,182882604,0,gaussian_nominal,GaussianSensor,0.65,0.2,0.1,0.05,True,True,True,True,goal_reached,0.17601755936368058,69.10000000000001,13.063286014602035,13.21127805242146,0.050435381498908416,0.1406762253313758,0.0567664886549834,0.02970830995582997,0.09972764539181769,0.03721535674391802,0.04234293040757993,0.15166836775263703,0.05259291631409264,0.11835147910975946,0.08441640754287918,5.337850956646394,5.337850956646393,0.0,8.25221400758106e-17,2.830524433501838e-16,0.3273462710815146,0.3273462710815146,0.0,69.10000000000001,0.0,0.0,0.0,0.0,69.10000000000001,0.0,0.0,0.0,0.0,False,False,False
234,4132313933,1628314587,0,gaussian_nominal,GaussianSensor,0.65,0.2,0.1,0.05,True,True,True,True,goal_reached,0.17900228700167753,75.9,13.695091124356974,13.820146930360954,0.051040018261108114,0.14528484825526253,0.057855338829940164,0.033884103320014236,0.09406408422947275,0.04135238243217181,0.04799138217215113,0.17067098870035985,0.05915573610491788,0.10902651947324747,0.07082240958497386,5.631628244887521,5.631628244887521,0.0,7.630863231094255e-17,1.962615573354719e-16,0.2560294093337806,0.2560294093337806,0.0,73.7,2.200000000000003,0.0,0.0,0.0,74.0,1.9000000000000021,0.0,0.0,0.0,False,False,False
235,4121474858,3718346006,0,gaussian_nominal,GaussianSensor,0.65,0.2,0.1,0.05,True,True,True,True,goal_reached,0.1319278756637867,74.8,14.575997103201068,14.678794607725276,0.05277786848895279,0.15854100352645714,0.05863302150828511,0.030934810021772265,0.10838578423492909,0.037058281140978845,0.03887733803008046,0.1442307172164302,0.048802661090218434,0.10148757955810025,0.06349852391630462,6.147489369358358,6.147489369358359,0.0,7.909508547981784e-17,2.779024842816778e-16,0.2570681029570857,0.2570681029570857,0.0,74.8,0.0,0.0,0.0,0.0,74.8,0.0,0.0,0.0,0.0,False,False,False
236,1749518471,4218670630,0,gaussian_nominal,GaussianSensor,0.65,0.2,0.1,0.05,True,True,True,True,goal_reached,0.13856722743482414,62.300000000000004,12.811037820462616,12.98488205452668,0.048298050931411096,0.15932462208756343,0.055428685973388805,0.025036758385731748,0.08288200704329673,0.03123846339494134,0.036186669173291885,0.14449426886118497,0.04497466186361725,0.12137485783988393,0.07723166888536555,4.774057256791771,4.774057256791771,0.0,9.076806963357365e-17,1.962615573354719e-16,0.29979995516601116,0.29979995516601116,0.0,60.800000000000004,1.5,0.0,0.0,0.0,60.300000000000004,2.0,0.0,0.0,0.0,False,False,False
237,2050407800,812743304,0,gaussian_nominal,GaussianSensor,0.65,0.2,0.1,0.05,True,True,True,True,goal_reached,0.2647801774813844,74.4,15.319905509449441,15.41625073858059,0.052688978415232124,0.1516197293055287,0.05914665945059666,0.036967972087911805,0.10094005522090521,0.04356786495478133,0.049352796490859115,0.19035539490251618,0.06171417352682007,0.1490599447790948,0.08232102999641144,6.171155945710311,6.171155945710311,0.0,8.432778082314173e-17,2.776424787817943e-16,0.36142126218559056,0.36142126218559056,0.0,66.2,8.200000000000006,0.0,0.0,0.0,66.69999999999999,7.700000000000015,0.0,0.0,0.0,False,False,False
238,2768454339,1065980605,0,gaussian_nominal,GaussianSensor,0.65,0.2,0.1,0.05,True,True,True,True,goal_reached,0.17743581866359348,74.4,14.578657707744075,14.6379568811643,0.05288319045164834,0.19169525531846063,0.05967928167822624,0.03546992295492683,0.11076782916016763,0.04349283456723779,0.04701472860292641,0.18114148217780368,0.05996598383214571,0.3745122290606834,0.31749975002772124,5.651167493285271,5.651167493285272,0.0,7.808694194893175e-17,2.5133742693021536e-16,0.3036118671303244,0.3036118671303244,0.0,74.3,0.10000000000000142,0.0,0.0,0.0,74.0,0.3999999999999986,0.0,0.0,0.0,False,False,False
239,3941405442,1484742440,0,gaussian_nominal,GaussianSensor,0.65,0.2,0.1,0.05,False,False,False,False,planning_failure,nan,nan,nan,nan,nan,nan,nan,nan,nan,nan,nan,nan,nan,nan,nan,nan,nan,nan,nan,nan,nan,nan,nan,,,,,,,,,,,,,
240,3869716259,3573157605,0,gaussian_nominal,GaussianSensor,0.65,0.2,0.1,0.05,True,True,True,True,goal_reached,0.19605520850304778,63.6,13.054718718754797,13.135856850000971,0.05133812274520714,0.17385801502998294,0.058392852086053194,0.026810573249561213,0.07813869832627805,0.03197246143200632,0.042631866014313013,0.17466713727695415,0.052723765449307014,0.20456554154893458,0.18748477882810022,5.047394438398794,5.047394438398794,0.0,8.699048855606198e-17,1.962615573354719e-16,0.24996840848309027,0.2499684084830903,0.0,63.4,0.20000000000000107,0.0,0.0,0.0,63.3,0.3000000000000007,0.0,0.0,0.0,False,False,False
241,766761893,701999192,0,gaussian_nominal,GaussianSensor,0.65,0.2,0.1,0.05,True,True,True,True,goal_reached,0.18063505348553935,64.8,13.31075747204424,13.360835878066126,0.04921114360523792,0.16391993572409003,0.05584754379002871,0.03058338048873061,0.10274077629608694,0.038203061973646195,0.041417004462150145,0.15643175908895568,0.05158033368370101,0.4881224157713362,0.42509045715991617,5.224909201412979,5.224909201412979,0.0,8.172412414283638e-17,1.962615573354719e-16,0.40623011318457775,0.40623011318457775,0.0,64.8,0.0,0.0,0.0,0.0,64.8,0.0,0.0,0.0,0.0,False,False,False
242,3654324957,1543357433,0,gaussian_nominal,GaussianSensor,0.65,0.2,0.1,0.05,True,True,True,True,goal_reached,0.15753713188735527,70.3,14.00349412843547,14.17849097736288,0.051630051057352105,0.16155932518691354,0.05833186267192949,0.023492276251288316,0.07163163152010983,0.029130532126851728,0.039844557484225766,0.1339446276563834,0.04874314033747296,0.14368495571835393,0.07589189100486543,5.493428681506156,5.493428681506156,0.0,7.992616304081789e-17,2.776424787817943e-16,0.26658637273981267,0.26658637273981267,0.0,68.6,1.7000000000000028,0.0,0.0,0.0,68.4,1.8999999999999915,0.0,0.0,0.0,False,False,False
243,3055384314,3837704628,0,gaussian_nominal,GaussianSensor,0.65,0.2,0.1,0.05,True,True,True,True,goal_reached,0.18153845228960094,81.30000000000001,17.09838297176953,17.275009154375518,0.05140764095289492,0.14352557764048415,0.057812668101730504,0.030279162680321377,0.10955882049562865,0.03808249122751985,0.04189692512526958,0.1980669677477176,0.05269487333758105,0.16784084396672974,0.1268506553571634,6.82661428823432,6.826614288234319,0.0,8.209457062382988e-17,2.779024842816778e-16,0.24203382512025517,0.24203382512025523,0.0,74.60000000000002,6.699999999999989,0.0,0.0,0.0,74.50000000000001,6.799999999999997,0.0,0.0,0.0,False,False,False
244,1392087708,763274201,0,gaussian_nominal,GaussianSensor,0.65,0.2,0.1,0.05,True,True,True,True,goal_reached,0.282644658353989,79.7,15.525601593699658,15.756547573393876,0.052886603185475424,0.2504444874278732,0.059758929060070035,0.0395975022511523,0.1222683293904705,0.04863035095117721,0.04931928142654215,0.2504396046361446,0.05995743853288833,0.15866084537754196,0.11193649637915337,6.071347042774793,6.071347042774793,0.0,7.9892962977793e-17,2.797157557069881e-16,0.27940774752255965,0.27940774752255965,0.0,78.8,0.8999999999999986,0.0,0.0,0.0,79.10000000000001,0.5999999999999943,0.0,0.0,0.0,False,False,False
245,3206700546,809877950,0,gaussian_nominal,GaussianSensor,0.65,0.2,0.1,0.05,True,True,True,True,goal_reached,0.17285707295449498,68.60000000000001,13.542448947378997,13.558149870734301,0.0532270652297914,0.2373832305158384,0.060012532812119275,0.039011866735814645,0.11138101187395431,0.04793745287024229,0.04504802033107904,0.1788456402214058,0.05686474668683037,0.2091781685994117,0.19076381545586063,5.256843989402517,5.256843989402517,0.0,8.273334891691926e-17,2.7755575615628914e-16,0.2717385927536966,0.2717385927536966,0.0,68.3,0.3000000000000007,0.0,0.0,0.0,68.3,0.3000000000000007,0.0,0.0,0.0,False,False,False
246,3528407741,3617959806,0,gaussian_nominal,GaussianSensor,0.65,0.2,0.1,0.05,True,True,True,True,goal_reached,0.15426983553409557,62.1,12.973419003913573,13.006859889575384,0.05197989870889657,0.23537256428804904,0.059912364123982556,0.02929398650168216,0.08912796700461634,0.03586300745916741,0.0440399803301544,0.22757366158775844,0.054935704933236525,0.3002228492280376,0.292171400907367,5.023025125710074,5.023025125710075,0.0,8.916844817379678e-17,1.962615573354719e-16,0.24087911749348917,0.24087911749348917,0.0,62.1,0.0,0.0,0.0,0.0,62.1,0.0,0.0,0.0,0.0,False,False,False
247,2475004145,54769133,0,gaussian_nominal,GaussianSensor,0.65,0.2,0.1,0.05,True,True,True,True,goal_reached,0.24750965934972016,87.5,18.149480594906148,18.302116546267396,0.05115031321281493,0.21619962168303616,0.05840858645479208,0.03175655617666212,0.1311000301320474,0.039488339914701236,0.04251574921548758,0.2172109402878106,0.0545156470329173,0.15009509902476212,0.10038987236530707,6.934111430143561,6.934111430143561,0.0,8.041580151846785e-17,3.1031676915590914e-16,0.2742894092177616,0.27428940921776157,0.0,85.80000000000001,1.6999999999999886,0.0,0.0,0.0,85.89999999999999,1.6000000000000085,0.0,0.0,0.0,False,False,False
248,250102834,10777752,0,gaussian_nominal,GaussianSensor,0.65,0.2,0.1,0.05,True,True,True,True,goal_reached,0.20460740757138673,64.9,13.432804309461932,13.514239941134269,0.05330513388238133,0.17383261576253942,0.06066161270004054,0.038990549683406796,0.10251381960285982,0.04849007760179543,0.048168901305418454,0.1851349281013398,0.06033357526589898,0.18854839737587,0.15796462825472002,5.3163334326331455,5.3163334326331455,0.0,8.812767767430554e-17,2.7755575615628914e-16,0.21802033486177252,0.2180203348617726,0.0,64.9,0.0,0.0,0.0,0.0,64.9,0.0,0.0,0.0,0.0,False,False,False
249,1567656518,446596209,0,gaussian_nominal,GaussianSensor,0.65,0.2,0.1,0.05,True,True,True,True,goal_reached,0.21659243749851037,69.10000000000001,13.171520732472018,13.356883257669457,0.05106666744823893,0.17725203932814904,0.05742145746367732,0.029579368933988732,0.0974351033498154,0.0375924584696544,0.0385887940563416,0.1382100474214427,0.04821003252307873,0.11124942735503554,0.05569159172751892,5.005437623938578,5.005437623938577,0.0,8.437323892052201e-17,1.962615573354719e-16,0.2555610104181254,0.25556101041812546,0.0,68.5,0.6000000000000014,0.0,0.0,0.0,68.4,0.7000000000000011,0.0,0.0,0.0,False,False,False
250,1370524627,2884711889,0,gaussian_nominal,GaussianSensor,0.65,0.2,0.1,0.05,True,True,True,True,goal_reached,0.2369683561222385,76.5,14.395314527288694,14.493460864516587,0.055133066929531356,0.2194401894492217,0.06205524472343524,0.028060784696946898,0.08622085806787075,0.03502323099193228,0.040163350680375166,0.21809195283663452,0.050502898379918566,0.21972836791302727,0.14151288637335513,5.790247759021161,5.790247759021161,0.0,7.868234411107628e-17,2.2887833992611187e-16,0.3303514166790122,0.3303514166790122,0.0,75.8,0.6999999999999993,0.0,0.0,0.0,76.3,0.1999999999999993,0.0,0.0,0.0,False,False,False
251,3235678144,3559111741,0,gaussian_nominal,GaussianSensor,0.65,0.2,0.1,0.05,True,True,True,True,goal_reached,0.17780173367311303,79.10000000000001,14.859326508624417,14.979637692289753,0.050898091858625524,0.15724509688311925,0.05709436443475894,0.026059749376389028,0.08157875094956876,0.032900511187635796,0.04384068825768046,0.1608224278331791,0.053740152725161854,0.15069065224801262,0.0867160634719154,6.0839868073762755,6.0839868073762755,0.0,7.919390349199611e-17,2.7894008272968645e-16,0.2957386313104642,0.2957386313104642,0.0,79.10000000000001,0.0,0.0,0.0,0.0,79.10000000000001,0.0,0.0,0.0,0.0,False,False,False
252,4069850,2347762154,0,gaussian_nominal,GaussianSensor,0.65,0.2,0.1,0.05,True,True,True,True,goal_reached,0.19364066234481803,69.7,13.54739961897782,13.544530978833622,0.05625869537433157,0.15931885564868678,0.06321517989604422,0.03623035706550122,0.09513820435650723,0.04413749395617985,0.0511596580455582,0.16723408814685686,0.06294857803921139,0.20215040926489836,0.22317961354589408,5.432350979381285,5.432350979381285,0.0,8.315901585841605e-17,1.962615573354719e-16,0.2566951184006358,0.25669511840063597,0.0,69.7,0.0,0.0,0.0,0.0,69.7,0.0,0.0,0.0,0.0,False,False,False
253,971320180,4027294110,0,gaussian_nominal,GaussianSensor,0.65,0.2,0.1,0.05,True,True,True,True,goal_reached,0.20161222401442583,70.9,14.66044973595609,14.813258907597586,0.05415889118180466,0.1556725750443399,0.060444047379788604,0.030667995617398726,0.10742420402416197,0.038584162825784925,0.04462810796961299,0.20893819290634055,0.05674403991429504,0.12057789337304504,0.08325867480783078,5.361752656405762,5.361752656405761,0.0,8.414594880145509e-17,2.779024842816778e-16,0.34300985771702003,0.34300985771702003,0.0,70.4,0.5,0.0,0.0,0.0,70.7,0.20000000000000284,0.0,0.0,0.0,False,False,False
254,2099617389,1438848757,0,gaussian_nominal,GaussianSensor,0.65,0.2,0.1,0.05,True,True,True,True,goal_reached,0.22631501213726035,76.10000000000001,15.755990533834854,15.880565843125867,0.04953854408092942,0.18456100094000588,0.05669881140113064,0.032195783907323396,0.10972617032371129,0.041057757150017735,0.04212368517944613,0.18857314798417235,0.05418624930540075,0.20869380439619767,0.15231066535158608,6.471252655783231,6.471252655783232,0.0,8.621979776600996e-17,2.7894008272968645e-16,0.3016561966459306,0.30165619664593046,0.0,74.10000000000001,2.0,0.0,0.0,0.0,74.0,2.1000000000000014,0.0,0.0,0.0,False,False,False
255,697894123,2229103892,0,gaussian_nominal,GaussianSensor,0.65,0.2,0.1,0.05,True,True,True,True,goal_reached,0.21941264564775423,81.9,16.561328512319356,16.705032329484126,0.053174785534294104,0.17594328784043356,0.060362933889593705,0.02882479323369833,0.10476401348832987,0.03749935043345541,0.04028246952409439,0.1836087255507799,0.052061471591146144,0.19503152541787827,0.08657283102548163,6.596425220825359,6.596425220825359,0.0,7.881827089007403e-17,2.776424787817943e-16,0.23455130680117975,0.23455130680117975,0.0,71.8,10.099999999999996,0.0,0.0,0.0,71.9,10.0,0.0,0.0,0.0,False,False,False
256,2312331451,3874631184,0,gaussian_nominal,GaussianSensor,0.65,0.2,0.1,0.05,True,True,True,True,goal_reached,0.22113562773058507,64.2,13.099131591582683,13.270933440555947,0.05070535602360296,0.13072707945723933,0.05707089221985756,0.02397216794107503,0.08116647907777699,0.029251591595646415,0.041186835208255,0.19299389993578134,0.05180000104617423,0.15230972567066595,0.0998347264761195,4.965425707339299,4.965425707339298,0.0,8.441189226193846e-17,2.498001805406602e-16,0.31153383236667026,0.31153383236667026,0.0,64.2,0.0,0.0,0.0,0.0,64.2,0.0,0.0,0.0,0.0,False,False,False
257,915480018,4151120313,0,gaussian_nominal,GaussianSensor,0.65,0.2,0.1,0.05,False,False,False,False,planning_failure,nan,nan,nan,nan,nan,nan,nan,nan,nan,nan,nan,nan,nan,nan,nan,nan,nan,nan,nan,nan,nan,nan,nan,,,,,,,,,,,,,
258,3229257819,646055159,0,gaussian_nominal,GaussianSensor,0.65,0.2,0.1,0.05,True,True,True,True,goal_reached,0.2024866748962457,76.2,14.868647023359298,15.001164885457579,0.049191137997090184,0.1839335468541113,0.056002434123430235,0.02654302912765211,0.08203275304702284,0.032376073631838545,0.03944321604209201,0.18257728076688462,0.049746729543568624,0.12642862026544735,0.05291363529603414,5.602512113205302,5.602512113205303,0.0,8.04223901598839e-17,1.962615573354719e-16,0.2696511846108006,0.2696511846108007,0.0,73.60000000000001,2.5999999999999943,0.0,0.0,0.0,73.60000000000001,2.5999999999999943,0.0,0.0,0.0,False,False,False
259,375716469,3308732160,0,gaussian_nominal,GaussianSensor,0.65,0.2,0.1,0.05,True,True,True,True,goal_reached,0.1593891356406818,68.7,13.726061783367628,13.808015363051544,0.05168525229057184,0.1454555348348132,0.058284796928514446,0.03198876540079478,0.10433301032397731,0.0407946237919044,0.043241065876177716,0.17857311520944086,0.053926008694311856,0.16635055464633064,0.14715121698910616,5.192649767069446,5.192649767069446,0.0,8.246129819450022e-17,2.776424787817943e-16,0.3591879816794043,0.3591879816794043,0.0,68.7,0.0,0.0,0.0,0.0,68.7,0.0,0.0,0.0,0.0,False,False,False
260,4187386334,184584446,0,gaussian_nominal,GaussianSensor,0.65,0.2,0.1,0.05,False,False,False,False,planning_failure,nan,nan,nan,nan,nan,nan,nan,nan,nan,nan,nan,nan,nan,nan,nan,nan,nan,nan,nan,nan,nan,nan,nan,,,,,,,,,,,,,
261,2388139156,3812305768,0,gaussian_nominal,GaussianSensor,0.65,0.2,0.1,0.05,True,True,True,True,goal_reached,0.16429244509728805,68.3,13.717368845300305,13.786087654625597,0.05190315627261907,0.18446170196755746,0.05849957044559089,0.028787490683263615,0.0793290068949208,0.035164178628422284,0.04687408790817629,0.18446170196755746,0.057436253847059124,0.1075755868019637,0.07222653859657362,5.691350496827813,5.691350496827813,0.0,8.3873552319491e-17,2.633125101432526e-16,0.3509586898386645,0.3509586898386645,0.0,68.3,0.0,0.0,0.0,0.0,68.3,0.0,0.0,0.0,0.0,False,False,False
262,453140449,4267112886,0,gaussian_nominal,GaussianSensor,0.65,0.2,0.1,0.05,True,True,True,True,goal_reached,0.19099592927445744,69.9,14.150286313956208,14.227816075446237,0.052370584801090865,0.18085782127519395,0.0589071687926964,0.033882373873514546,0.0917143719041285,0.04155661135635456,0.04718884019177653,0.18601994588159076,0.05904545449119357,0.48188761230733945,0.4461507464246904,5.6317588240706336,5.631758824070635,0.0,8.696256454863868e-17,2.779024842816778e-16,0.24963946439489723,0.24963946439489726,0.0,69.9,0.0,0.0,0.0,0.0,69.2,0.6999999999999993,0.0,0.0,0.0,False,False,False
263,3455058573,1492825667,0,gaussian_nominal,GaussianSensor,0.65,0.2,0.1,0.05,True,True,True,True,goal_reached,0.1520051097503083,68.5,13.278039126744051,13.315393502418189,0.052909685811296216,0.31646927525442686,0.0618279975543372,0.026767440948269553,0.09121374665590756,0.03341872546774434,0.042994443541133756,0.3154620374331342,0.05626626813584373,0.1686602323674929,0.07842693823180555,5.5364927778878075,5.5364927778878075,0.0,8.369830759348137e-17,2.5589376332604516e-16,0.22957038063338855,0.22957038063338864,0.0,68.19999999999999,0.2999999999999998,0.0,0.0,0.0,68.19999999999999,0.2999999999999998,0.0,0.0,0.0,False,False,False
264,1846112378,935440738,0,gaussian_nominal,GaussianSensor,0.65,0.2,0.1,0.05,True,True,True,True,goal_reached,0.21685410489749035,64.8,13.416034344072436,13.634887393275417,0.0504437925283468,0.14329295667394834,0.057228274560012636,0.02795731275073647,0.09913167550689882,0.03593810246287077,0.03942515749465889,0.16120288796951174,0.04964070033314586,0.16964245998048194,0.11649512245395677,5.156591852918726,5.156591852918726,0.0,8.720882958348338e-17,2.7755575615628914e-16,0.2720750569919687,0.27207505699196877,0.0,63.4,1.3999999999999986,0.0,0.0,0.0,62.99999999999999,1.8000000000000043,0.0,0.0,0.0,False,False,False
265,4151916802,2328685090,0,gaussian_nominal,GaussianSensor,0.65,0.2,0.1,0.05,True,True,True,True,goal_reached,0.13559607815574323,71.60000000000001,14.041333662304524,14.090864917194061,0.05401619339372176,0.18200548311364007,0.061230303513897105,0.024536568384038115,0.09801115255313127,0.030421223676662057,0.04283081019458899,0.17253507947093363,0.05422805510665356,0.18347301838784133,0.1526890522614991,5.669644368440693,5.669644368440693,0.0,8.099962480775935e-17,2.220446049250313e-16,0.25958536033385604,0.25958536033385615,0.0,65.7,5.9,0.0,0.0,0.0,65.4,6.2,0.0,0.0,0.0,False,False,False
266,3502127710,2151495928,0,gaussian_nominal,GaussianSensor,0.65,0.2,0.1,0.05,True,True,True,True,goal_reached,0.23026632508233266,68.8,13.680937421133263,13.7857608270855,0.05127628426682691,0.16299230569538045,0.057725111111673534,0.036676951626077675,0.0902107197466479,0.04432390462451163,0.04521178413982879,0.16634841057233424,0.05636459193098668,0.13738040612576227,0.06855716630967318,5.214392212736847,5.214392212736847,0.0,8.215109519703658e-17,2.423651445728339e-16,0.37111575867321894,0.37111575867321894,0.0,61.39999999999999,7.400000000000006,0.0,0.0,0.0,61.699999999999996,7.100000000000001,0.0,0.0,0.0,False,False,False
267,3747001689,1587324755,0,gaussian_nominal,GaussianSensor,0.65,0.2,0.1,0.05,True,True,True,True,goal_reached,0.21393054940052642,73.0,13.731532175260723,13.837909082624817,0.05052751716007502,0.22619425080218658,0.057701055048389883,0.027707908225748038,0.06838408141787095,0.033391522568121786,0.04460989835310864,0.20142638950103364,0.056232646755988935,0.2213447142249321,0.14113398918192552,5.347294262802635,5.347294262802636,0.0,7.768275320543583e-17,1.962615573354719e-16,0.2771207849676812,0.27712078496768117,0.0,72.6,0.4000000000000057,0.0,0.0,0.0,72.39999999999999,0.5999999999999979,0.0,0.0,0.0,False,False,False
268,3931630109,482995397,0,gaussian_nominal,GaussianSensor,0.65,0.2,0.1,0.05,True,True,True,True,goal_reached,0.1807646153310379,71.0,13.462795057867964,13.50041670752239,0.04969225628774768,0.182429090678726,0.0563725857971803,0.030264902743597007,0.09927983666042989,0.037010781543589805,0.04475714886478369,0.182429090678726,0.05633672677265392,0.1637927123480083,0.14524863494385473,5.377878796548381,5.377878796548382,0.0,8.18070263280431e-17,1.8670653977139892e-16,0.3948011674656187,0.3948011674656187,0.0,70.89999999999999,0.10000000000000142,0.0,0.0,0.0,70.39999999999999,0.6000000000000014,0.0,0.0,0.0,False,False,False
269,3343084945,1155353691,0,gaussian_nominal,GaussianSensor,0.65,0.2,0.1,0.05,True,True,True,True,goal_reached,0.2554561607574542,64.5,13.366580634522865,13.54983105898118,0.05251231962373838,0.24667569673236503,0.06000619533749284,0.031638422556104016,0.1143842313547088,0.040176481356700246,0.04797842758257311,0.24601709699006427,0.06123114834163599,0.3109731584850955,0.3138501700624733,5.37798330999159,5.37798330999159,0.0,8.59861471629054e-17,2.237726045655905e-16,0.3382426165096512,0.3382426165096513,0.0,63.8,0.6999999999999993,0.0,0.0,0.0,63.5,0.9999999999999982,0.0,0.0,0.0,False,False,False
270,2308215660,3359604399,0,gaussian_nominal,GaussianSensor,0.65,0.2,0.1,0.05,True,True,True,True,goal_reached,0.17537027043543774,62.0,13.142314481783698,13.267813769134172,0.05252216900965229,0.1642244965525292,0.05925746889496102,0.028908452812779768,0.08652412243143315,0.034863528656729016,0.04151768197846033,0.17130499665024487,0.05226141440591992,0.12325523447944124,0.06312085890290056,4.837475671016165,4.837475671016165,0.0,9.013970951684541e-17,1.7772239894833365e-16,0.3842602261803769,0.3842602261803769,0.0,62.0,0.0,0.0,0.0,0.0,62.0,0.0,0.0,0.0,0.0,False,False,False
271,716948047,2914218226,0,gaussian_nominal,GaussianSensor,0.65,0.2,0.1,0.05,True,True,True,True,goal_reached,0.19802334866550433,77.7,15.103749334453111,15.221943167482424,0.05264770712997514,0.2531932650544084,0.058937335833929905,0.026302983432485768,0.08846600849890718,0.033735494608343616,0.04032108856258878,0.2528710144985149,0.049698038013715404,0.21216753595434942,0.16556919144373233,5.704856976968765,5.704856976968765,0.0,7.64764240084425e-17,2.5018537765542007e-16,0.26171918784739284,0.26171918784739295,0.0,77.7,0.0,0.0,0.0,0.0,77.7,0.0,0.0,0.0,0.0,False,False,False
272,3683843986,2185353725,0,gaussian_nominal,GaussianSensor,0.65,0.2,0.1,0.05,True,True,True,True,goal_reached,0.20352548490074368,73.60000000000001,14.908825864915247,15.039262820021671,0.05486809490282691,0.1786627689974074,0.06134797025609389,0.026887787066718207,0.08676090448128147,0.032868420699245386,0.042989061303235376,0.1786627689974074,0.05344229338473808,0.1620709256570127,0.13218696318259163,5.83072042506941,5.83072042506941,0.0,7.841628262791646e-17,2.9893669801409083e-16,0.22994353833246586,0.22994353833246592,0.0,73.60000000000001,0.0,0.0,0.0,0.0,73.60000000000001,0.0,0.0,0.0,0.0,False,False,False
273,641729385,1443877831,0,gaussian_nominal,GaussianSensor,0.65,0.2,0.1,0.05,True,True,True,True,goal_reached,0.14265894042137128,73.7,14.18241673678443,14.2248121218937,0.05403144738896455,0.172312700187102,0.060797631190281,0.03227366348484456,0.07972167432763852,0.0384493880169879,0.04641903520386932,0.16493020595324714,0.0570286390384516,0.1560900349859237,0.08582952947663601,5.779631854459889,5.77963185445989,0.0,7.841139976387597e-17,2.237726045655905e-16,0.3101796474969596,0.3101796474969596,0.0,67.9,5.799999999999997,0.0,0.0,0.0,67.3,6.400000000000006,0.0,0.0,0.0,False,False,False
274,53817024,1444500207,0,gaussian_nominal,GaussianSensor,0.65,0.2,0.1,0.05,True,True,True,True,goal_reached,0.23604427958105204,70.8,13.626061507503136,13.736080893452288,0.052846067326721854,0.15825309737350332,0.05949172393584699,0.030561182282272104,0.09725740713131095,0.03936243762437885,0.047938235261461196,0.16537337780668837,0.059109042195233365,0.11072558502769377,0.06935179230102499,5.394759825661033,5.394759825661033,0.0,8.320896062859081e-17,2.830524433501838e-16,0.29934499834499023,0.29934499834499023,0.0,69.19999999999999,1.6000000000000014,0.0,0.0,0.0,70.1,0.7000000000000028,0.0,0.0,0.0,False,False,False
275,3940032784,3701184968,0,gaussian_nominal,GaussianSensor,0.65,0.2,0.1,0.05,True,True,True,True,goal_reached,0.18319948761667001,66.9,13.273249854976893,13.40995831956715,0.05061254114839122,0.15783820982334892,0.057825386432861135,0.026161388913142024,0.09920624525359122,0.03248426326080118,0.04200120326032929,0.1944224165734205,0.053598153935953824,0.1611370695516383,0.13588209562175896,5.099972507320386,5.099972507320386,0.0,8.541812332005228e-17,1.962615573354719e-16,0.33089944624737233,0.3308994462473723,0.0,65.30000000000001,1.5999999999999943,0.0,0.0,0.0,65.5,1.3999999999999986,0.0,0.0,0.0,False,False,False
276,4114063967,4248643499,0,gaussian_nominal,GaussianSensor,0.65,0.2,0.1,0.05,True,True,True,True,goal_reached,0.1110817765159442,68.9,13.383771810011023,13.386521432021132,0.053410441842130084,0.13937011237832073,0.060000878817232144,0.02678699841199692,0.0748903879367014,0.03197239201344649,0.038539370290499635,0.1414216632627555,0.0479850290468263,0.2063232736233211,0.16949499152411443,5.4958743590750005,5.495874359075,0.0,8.344503336447161e-17,1.7772239894833365e-16,0.22030988214346195,0.22030988214346192,0.0,68.9,0.0,0.0,0.0,0.0,68.9,0.0,0.0,0.0,0.0,False,False,False
277,2764423084,946444819,0,gaussian_nominal,GaussianSensor,0.65,0.2,0.1,0.05,True,True,True,True,goal_reached,0.14460454708541334,74.60000000000001,14.614387178303494,14.646541991302287,0.04881167435361518,0.17577910534237495,0.05507176350837952,0.03027201957803439,0.09343923133894272,0.03828625305839728,0.04309100603097959,0.1871328619720014,0.054975867264116594,0.1989230778447832,0.1315019181647043,5.742281062319451,5.742281062319451,0.0,7.875773649114055e-17,2.776424787817943e-16,0.24260370338664697,0.24260370338664694,0.0,70.0,4.6000000000000005,0.0,0.0,0.0,69.60000000000001,5.0,0.0,0.0,0.0,False,False,False
278,3095793555,2007649964,0,gaussian_nominal,GaussianSensor,0.65,0.2,0.1,0.05,True,True,True,True,goal_reached,0.19696173761792374,64.3,13.167651096122338,13.298169445129078,0.05091172324703042,0.20718691494366515,0.057162103889720116,0.029348240671833628,0.0825183640027077,0.03686871206719763,0.0440593649901449,0.19184846849828285,0.05530449230780685,0.1649703734732007,0.12745515084686332,5.415584382059602,5.415584382059602,0.0,8.786853742553596e-17,2.7755575615628914e-16,0.30586889754496416,0.30586889754496416,0.0,64.3,0.0,0.0,0.0,0.0,64.3,0.0,0.0,0.0,0.0,False,False,False
279,1232035917,1746799248,0,gaussian_nominal,GaussianSensor,0.65,0.2,0.1,0.05,True,True,True,True,goal_reached,0.18593752827529159,65.9,13.332349806944297,13.475395113573148,0.04973116587650953,0.19780110512997198,0.05661199003004625,0.02535664608568227,0.0704029665831348,0.031359525326646875,0.03854392459292701,0.18319138715036307,0.04849760700638545,0.1638976868131988,0.137748480269514,5.01806131392922,5.01806131392922,0.0,8.259688032212046e-17,2.220446049250313e-16,0.2510717083878665,0.2510717083878665,0.0,65.9,0.0,0.0,0.0,0.0,65.9,0.0,0.0,0.0,0.0,False,False,False
280,229561739,1691000978,0,gaussian_nominal,GaussianSensor,0.65,0.2,0.1,0.05,True,True,True,True,goal_reached,0.2510385675212512,76.10000000000001,14.658044142380426,14.854198403127391,0.04972767457519375,0.16637222501340537,0.05639498678221729,0.025361867708005012,0.08743296984253313,0.033028695669288434,0.04503581131707859,0.1952789191448469,0.05633765939851366,0.167693137356742,0.08959043899235536,5.8233048105457526,5.823304810545753,0.0,7.57168829100896e-17,2.220717083251841e-16,0.25684264302746757,0.25684264302746745,0.0,67.10000000000001,8.999999999999998,0.0,0.0,0.0,67.1,9.00000000000001,0.0,0.0,0.0,False,False,False
281,4056746478,1322814385,0,gaussian_nominal,GaussianSensor,0.65,0.2,0.1,0.05,True,True,True,True,goal_reached,0.2701709708032798,65.4,13.727886478726742,13.915353736387043,0.05168640382717771,0.24602496901286117,0.05853665500228661,0.031729261132227495,0.099403409501746,0.03986092950592606,0.044670350634630526,0.1969001941428301,0.055565181310319914,0.14071870179355347,0.121663689187809,5.361931823776235,5.361931823776236,0.0,8.744028583884086e-17,2.776424787817943e-16,0.23810031165356757,0.2381003116535676,0.0,65.4,0.0,0.0,0.0,0.0,65.4,0.0,0.0,0.0,0.0,False,False,False
282,1490637715,235682852,0,gaussian_nominal,GaussianSensor,0.65,0.2,0.1,0.05,True,True,True,True,goal_reached,0.1342490754921849,71.9,14.044205431685992,14.108166394300154,0.05054016976823437,0.16041098802515688,0.057421545741383695,0.030855655376064876,0.102755966397957,0.04018533335089396,0.04154027447643046,0.17458985519059,0.05133675931147748,0.12350351522474134,0.07137524795504586,5.337805783755375,5.337805783755375,0.0,8.141260162570027e-17,2.7755575615628914e-16,0.24721869582082653,0.24721869582082653,0.0,71.9,0.0,0.0,0.0,0.0,71.9,0.0,0.0,0.0,0.0,False,False,False
283,3172887330,1257601206,0,gaussian_nominal,GaussianSensor,0.65,0.2,0.1,0.05,True,True,True,True,goal_reached,0.13917549812216976,84.30000000000001,16.87600996470056,17.044288693874947,0.05316127491122703,0.2520196678905591,0.05988989545447273,0.03513642639511054,0.1537602704184815,0.045445218172055823,0.04551953744711521,0.2340933737592314,0.05659499112403268,0.09105190600170146,0.07686165266395548,7.155510986458145,7.155510986458145,0.0,8.561656852716409e-17,2.498001805406602e-16,0.3297971705817594,0.3297971705817594,0.0,81.9,2.4000000000000057,0.0,0.0,0.0,81.7,2.6000000000000014,0.0,0.0,0.0,False,False,False
284,4059518722,4054307301,0,gaussian_nominal,GaussianSensor,0.65,0.2,0.1,0.05,True,True,True,True,goal_reached,0.202289741191766,66.3,13.176396726299807,13.257429545326108,0.05330481342973036,0.14424614776137476,0.05949900683485859,0.03572433411101887,0.0881066207256369,0.04172750288113739,0.05084434232825404,0.19315206032078602,0.06296235671629405,0.177073373019757,0.14179591973483668,4.981125182560678,4.981125182560678,0.0,8.609538868794238e-17,1.962615573354719e-16,0.28229899536031516,0.28229899536031516,0.0,66.3,0.0,0.0,0.0,0.0,66.3,0.0,0.0,0.0,0.0,False,False,False
285,3789557191,1481771505,0,gaussian_nominal,GaussianSensor,0.65,0.2,0.1,0.05,True,True,True,True,goal_reached,0.25179521013340456,68.60000000000001,13.055612891756958,13.278139138059744,0.05296968080901541,0.21933941135444235,0.060192761290759046,0.023223498719531065,0.08227789382885202,0.030332711154248206,0.04210333918687544,0.20813836072719516,0.052884064146484895,0.15769542759253258,0.11721256739879005,5.225373423596005,5.225373423596005,0.0,8.312585056672645e-17,1.962615573354719e-16,0.22386385800064887,0.22386385800064887,0.0,68.60000000000001,0.0,0.0,0.0,0.0,68.60000000000001,0.0,0.0,0.0,0.0,False,False,False
286,3875003028,956792337,0,gaussian_nominal,GaussianSensor,0.65,0.2,0.1,0.05,True,True,True,True,goal_reached,0.18713581652556388,69.7,13.71021371994404,13.805933455550955,0.05267536328633266,0.2367380106352458,0.0595544471947682,0.03980818473199535,0.10794909268806561,0.04851507089196933,0.0486443137068186,0.23632743726288302,0.059287048884210505,0.4088629942895823,0.3140236660730272,5.264600813207107,5.264600813207107,0.0,8.542465828215496e-17,2.220446049250313e-16,0.23044820356089502,0.230448203560895,0.0,63.900000000000006,5.799999999999997,0.0,0.0,0.0,63.5,6.200000000000003,0.0,0.0,0.0,False,False,False
287,3836413122,1604764411,0,gaussian_nominal,GaussianSensor,0.65,0.2,0.1,0.05,True,True,True,True,goal_reached,0.16187514801004274,70.8,13.786793320408494,13.956286610776067,0.05416100576618624,0.17188394027941922,0.0610312051493979,0.02718959966506413,0.10413507926750717,0.03399541696482444,0.04130232208877772,0.19824055001274885,0.05181442083567436,0.13417340315351084,0.09025545251660803,5.438750008530017,5.438750008530018,0.0,8.40310582278553e-17,2.7894008272968645e-16,0.3520076239401248,0.3520076239401248,0.0,70.3,0.5,0.0,0.0,0.0,69.6,1.1999999999999957,0.0,0.0,0.0,False,False,False
288,2184115418,276814588,0,gaussian_nominal,GaussianSensor,0.65,0.2,0.1,0.05,True,True,True,True,goal_reached,0.16233324189009424,75.2,15.134051826446177,15.254551565421012,0.046933752998112865,0.14731438769539099,0.05357659783699813,0.02233156784586366,0.09411310319788768,0.02897033883122743,0.03879926340830496,0.1627208545497556,0.04986237934717545,0.17231609660748357,0.12269894951089966,6.092893184191217,6.092893184191217,0.0,7.852702818278857e-17,2.779024842816778e-16,0.25140203196674626,0.25140203196674626,0.0,64.89999999999999,10.3,0.0,0.0,0.0,65.0,10.200000000000006,0.0,0.0,0.0,False,False,False
289,3267561147,1867115710,0,gaussian_nominal,GaussianSensor,0.65,0.2,0.1,0.05,True,True,True,True,goal_reached,0.21282602399715964,76.0,14.52389886280593,14.674954858478564,0.052518982773769256,0.2563195249623422,0.059448475848664493,0.029246992308313416,0.09498317734440195,0.037364637991827265,0.044386736785817664,0.2541130601743752,0.05484421599011119,0.10511789081328146,0.035606073152109737,5.894177249353039,5.8941772493530395,0.0,7.949106901678005e-17,1.962615573354719e-16,0.3367687851839684,0.3367687851839684,0.0,72.69999999999999,3.3000000000000007,0.0,0.0,0.0,73.1,2.8999999999999986,0.0,0.0,0.0,False,False,False
290,1338960723,2020451545,0,gaussian_nominal,GaussianSensor,0.65,0.2,0.1,0.05,True,True,True,True,goal_reached,0.19415858373014855,74.7,13.929602050052008,14.152632497732684,0.05253114788574228,0.1449058956617885,0.05912197930379786,0.032791508014585,0.0949286883059805,0.04080633628175574,0.044190438461759275,0.15648227778395024,0.054976924598201984,0.4147660848297088,0.3451793798326527,5.77094339015001,5.770943390150011,0.0,7.926684810160645e-17,2.5066604164831255e-16,0.36194485863864284,0.36194485863864284,0.0,74.7,0.0,0.0,0.0,0.0,74.7,0.0,0.0,0.0,0.0,False,False,False
291,3105204066,3893728945,0,gaussian_nominal,GaussianSensor,0.65,0.2,0.1,0.05,True,True,True,True,goal_reached,0.1847925553787902,77.7,15.97111620011481,16.15844250019676,0.05048330622346061,0.15119205268258676,0.05682237089568143,0.02475369381290587,0.08224455455909041,0.029329043744541657,0.03993636750200755,0.16956144718702326,0.04973299557397121,0.15435619266525638,0.12910086981609756,5.833714112338173,5.833714112338173,0.0,8.287897310330291e-17,2.793066411846225e-16,0.25946945451061776,0.25946945451061776,0.0,77.3,0.4000000000000057,0.0,0.0,0.0,76.49999999999999,1.20000000000001,0.0,0.0,0.0,False,False,False
292,3217045316,3144965389,0,gaussian_nominal,GaussianSensor,0.65,0.2,0.1,0.05,False,False,False,False,planning_failure,nan,nan,nan,nan,nan,nan,nan,nan,nan,nan,nan,nan,nan,nan,nan,nan,nan,nan,nan,nan,nan,nan,nan,,,,,,,,,,,,,
293,3129666222,2804183316,0,gaussian_nominal,GaussianSensor,0.65,0.2,0.1,0.05,False,False,False,False,planning_failure,nan,nan,nan,nan,nan,nan,nan,nan,nan,nan,nan,nan,nan,nan,nan,nan,nan,nan,nan,nan,nan,nan,nan,,,,,,,,,,,,,
294,1628645893,3900630187,0,gaussian_nominal,GaussianSensor,0.65,0.2,0.1,0.05,True,True,True,True,goal_reached,0.1459222086576883,64.0,13.508313154425505,13.606458227048908,0.05002444677556611,0.18069311166313717,0.05729938247258519,0.0318630719915936,0.12055755254864514,0.042244769084948126,0.04279378682595007,0.18069311166313717,0.05511014821017411,0.18311743467804867,0.14018049815196834,4.940384157144726,4.940384157144726,0.0,8.867034803974095e-17,2.7928509224031823e-16,0.22726903084258265,0.22726903084258268,0.0,64.0,0.0,0.0,0.0,0.0,64.0,0.0,0.0,0.0,0.0,False,False,False
295,271103938,670980768,0,gaussian_nominal,GaussianSensor,0.65,0.2,0.1,0.05,True,True,True,True,goal_reached,0.16395445577715442,79.5,16.265800325520416,16.348846782928177,0.051777616250928034,0.21967963971375062,0.05819444030137043,0.031080858271552568,0.09238841285956173,0.037992474595948685,0.042602605283773645,0.16181750342607082,0.05399364656919717,0.1839338072578831,0.10815661832133294,6.342598471017709,6.342598471017709,0.0,8.018749129187804e-17,2.7833528704240246e-16,0.2733014327985034,0.27330143279850333,0.0,76.1,3.4000000000000057,0.0,0.0,0.0,76.0,3.5,0.0,0.0,0.0,False,False,False
296,930298321,3877237296,0,gaussian_nominal,GaussianSensor,0.65,0.2,0.1,0.05,True,True,True,True,goal_reached,0.17177841264312244,68.5,13.324174507845663,13.431036051235091,0.05067742171374242,0.14247934822064023,0.05719182167449523,0.030144362918558796,0.07346028181339155,0.034901414880622705,0.04059131167655953,0.1648843325149055,0.05009653789319989,0.13431422553215022,0.12303892622948745,5.4500945786501696,5.4500945786501696,0.0,8.435501933451359e-17,1.962615573354719e-16,0.25444025256328545,0.25444025256328545,0.0,65.8,2.6999999999999957,0.0,0.0,0.0,65.69999999999999,2.8000000000000043,0.0,0.0,0.0,False,False,False
297,4247440162,64953539,0,gaussian_nominal,GaussianSensor,0.65,0.2,0.1,0.05,True,True,True,True,goal_reached,0.22631609304599845,70.5,14.35169198609724,14.491459109360544,0.0514163167102181,0.2365811817676266,0.05841840144025323,0.03160743784532884,0.08740544163311274,0.03785089465463068,0.041876693756033354,0.17164127119796957,0.05207217222908043,0.10925340001652023,0.07179591277174792,5.705119226073652,5.705119226073653,0.0,8.374296586701523e-17,2.830524433501838e-16,0.25185437979875014,0.2518543797987502,0.0,70.5,0.0,0.0,0.0,0.0,70.5,0.0,0.0,0.0,0.0,False,False,False
298,2355914593,3287357915,0,gaussian_nominal,GaussianSensor,0.65,0.2,0.1,0.05,True,True,True,True,goal_reached,0.20346342761177752,73.3,14.48442059967366,14.709096610965807,0.0527030809609673,0.184841615031224,0.059421935538571405,0.030872952255037958,0.08668700226176405,0.03825727084725778,0.03889450185784107,0.184841615031224,0.048458565778911084,0.09553731632086392,0.06292977427453028,5.781385519932213,5.781385519932214,0.0,8.069139469253484e-17,2.8066088919804617e-16,0.37784425754747425,0.37784425754747425,0.0,71.79999999999998,1.5000000000000018,0.0,0.0,0.0,71.1,2.2000000000000064,0.0,0.0,0.0,False,False,False
299,3155458668,3892778345,0,gaussian_nominal,GaussianSensor,0.65,0.2,0.1,0.05,True,True,True,True,goal_reached,0.21310674751552341,72.7,14.269048716885354,14.399902630083695,0.05057324193208782,0.17701865492956095,0.05753626126341056,0.027721536999304987,0.09233371767088476,0.03446316086700254,0.043157721417567525,0.17697297568316067,0.05404459748858816,0.293233852994162,0.251631351409503,5.524562273664558,5.524562273664559,0.0,7.795962689619849e-17,1.962615573354719e-16,0.2560900517055627,0.2560900517055627,0.0,72.7,0.0,0.0,0.0,0.0,72.7,0.0,0.0,0.0,0.0,False,False,False
300,261694751,3306138721,0,gaussian_nominal,GaussianSensor,0.65,0.2,0.1,0.05,True,True,True,True,goal_reached,0.1809993957680562,69.9,13.558865571853461,13.702308471173717,0.05013721941311031,0.1513888796575744,0.057096844996302604,0.022317255754185125,0.07540035362763559,0.02856915873970228,0.03919681332234466,0.16921633153111737,0.04922306719935761,0.18374852368275307,0.1615151541492465,5.4016536156405,5.4016536156405,0.0,7.953617818549193e-17,1.962615573354719e-16,0.344675281167412,0.344675281167412,0.0,69.9,0.0,0.0,0.0,0.0,69.9,0.0,0.0,0.0,0.0,False,False,False
301,3070443799,2229780676,0,gaussian_nominal,GaussianSensor,0.65,0.2,0.1,0.05,False,False,False,False,planning_failure,nan,nan,nan,nan,nan,nan,nan,nan,nan,nan,nan,nan,nan,nan,nan,nan,nan,nan,nan,nan,nan,nan,nan,,,,,,,,,,,,,
302,4014468795,3330966323,0,gaussian_nominal,GaussianSensor,0.65,0.2,0.1,0.05,True,True,True,True,goal_reached,0.20288258588279245,73.60000000000001,14.069337047558339,14.232794534966603,0.052642877566004054,0.23594863002363684,0.05882909013187419,0.03630660548336307,0.09523297833779547,0.04179579234792545,0.044402532225158775,0.2353785166601896,0.05453884987723696,0.12147480118626527,0.06592219891193168,5.668211780007088,5.668211780007088,0.0,7.670182331196657e-17,2.220513810852149e-16,0.266788796048523,0.266788796048523,0.0,68.60000000000001,5.0,0.0,0.0,0.0,68.60000000000001,5.0,0.0,0.0,0.0,False,False,False
303,2297809352,309975942,0,gaussian_nominal,GaussianSensor,0.65,0.2,0.1,0.05,True,True,True,True,goal_reached,0.20313283983023747,65.5,12.985934764974637,13.1278796462491,0.0535591698136187,0.2286434006386186,0.060986313652684615,0.03607447436232567,0.14949147888323577,0.0453550370586926,0.04875831809907923,0.22797438098522826,0.06065068454768374,0.09784359535090463,0.08505857400961742,5.129419205875884,5.129419205875884,0.0,8.576400146394938e-17,1.8670653977139892e-16,0.2289005890871119,0.22890058908711197,0.0,65.5,0.0,0.0,0.0,0.0,65.5,0.0,0.0,0.0,0.0,False,False,False
304,1395041433,176894916,0,gaussian_nominal,GaussianSensor,0.65,0.2,0.1,0.05,True,True,True,True,goal_reached,0.2860758802376152,69.7,14.218401108974803,14.483748987745242,0.05491440505460558,0.22329573047035825,0.06252770770735135,0.036257764790289145,0.10427350071688046,0.046216230647725905,0.04712953339555809,0.21795342294283665,0.05901149735594009,0.09899538126940567,0.08100382911865606,5.606714601541757,5.606714601541758,0.0,8.597303097543526e-17,2.7894008272968645e-16,0.2898225081736658,0.28982250817366584,0.0,68.60000000000001,1.0999999999999943,0.0,0.0,0.0,68.80000000000001,0.8999999999999915,0.0,0.0,0.0,False,False,False
305,3864368792,234163914,0,gaussian_nominal,GaussianSensor,0.65,0.2,0.1,0.05,True,True,True,True,goal_reached,0.176246346677618,73.10000000000001,14.994910053475813,15.059390255015968,0.051612582296293855,0.2767651439507597,0.058452117103201376,0.029786534514635244,0.08426766119665219,0.03609484729940514,0.039554225123415124,0.2767651439507597,0.05107451429261414,0.24626458498559808,0.17245549321302509,5.875750471005336,5.875750471005336,0.0,8.085631918889957e-17,2.777508439858666e-16,0.3755035525909153,0.3755035525909153,0.0,67.60000000000001,5.5,0.0,0.0,0.0,67.10000000000001,6.0,0.0,0.0,0.0,False,False,False
306,3165692786,152022987,0,gaussian_nominal,GaussianSensor,0.65,0.2,0.1,0.05,True,True,True,True,goal_reached,0.19580919001172517,66.7,14.13204189442056,14.275432048288213,0.05161378936020817,0.1975740704576142,0.05946002972857649,0.02623095891401862,0.07676653673437812,0.032276510942621885,0.04330131111261026,0.19835416351896562,0.05427470785911229,0.15357923985463012,0.16490832860395285,5.667358210403169,5.66735821040317,0.0,8.677170217114381e-17,2.7757743935277205e-16,0.3062064621663872,0.3062064621663872,0.0,66.7,0.0,0.0,0.0,0.0,66.7,0.0,0.0,0.0,0.0,False,False,False
307,2518834372,2627015822,0,gaussian_nominal,GaussianSensor,0.65,0.2,0.1,0.05,True,True,True,True,goal_reached,0.20327462810169658,83.5,17.221361448405773,17.351755391459918,0.04884590504138383,0.19653128929059646,0.055821898058491276,0.02137442560460004,0.07862997421892004,0.02691596496399191,0.037369357554618385,0.18873393032226282,0.047632262316168496,0.16418847900229125,0.08093529717740679,6.838781495230815,6.8387814952308155,0.0,8.194997133961759e-17,2.779024842816778e-16,0.273696904421781,0.27369690442178113,0.0,83.2,0.29999999999999005,0.0,0.0,0.0,82.6,0.9000000000000057,0.0,0.0,0.0,False,False,False
308,1500926823,2702353126,0,gaussian_nominal,GaussianSensor,0.65,0.2,0.1,0.05,True,True,True,True,goal_reached,0.2302883550663096,73.2,14.766813150539459,14.935301291548276,0.05014284114352974,0.28114858828295725,0.05741632905952084,0.03540553502727152,0.10747260369799183,0.04317293849446663,0.042385503669031856,0.28114858828295725,0.05312466134387746,0.13184772405947368,0.11474079759826566,6.068759243970076,6.068759243970077,0.0,8.121708626558227e-17,2.237726045655905e-16,0.23709143396781904,0.23709143396781907,0.0,73.1,0.10000000000000142,0.0,0.0,0.0,73.0,0.20000000000000284,0.0,0.0,0.0,False,False,False
309,1478697371,1836739835,0,gaussian_nominal,GaussianSensor,0.65,0.2,0.1,0.05,True,True,True,True,goal_reached,0.24600047889432666,66.60000000000001,12.853023910135466,13.060211431863303,0.053744167853008215,0.14112076576694463,0.060091687449181946,0.029513582034466874,0.14872499912576345,0.04060044087162484,0.044825975748105394,0.19859376523930997,0.05603813655279539,0.16511503825915527,0.10186794404941066,5.191171504452592,5.191171504452592,0.0,8.314521025496908e-17,1.962615573354719e-16,0.2550847040489966,0.25508470404899664,0.0,66.60000000000001,0.0,0.0,0.0,0.0,66.60000000000001,0.0,0.0,0.0,0.0,False,False,False
310,1997022228,3702656684,0,gaussian_nominal,GaussianSensor,0.65,0.2,0.1,0.05,False,False,False,False,planning_failure,nan,nan,nan,nan,nan,nan,nan,nan,nan,nan,nan,nan,nan,nan,nan,nan,nan,nan,nan,nan,nan,nan,nan,,,,,,,,,,,,,
311,8808251,2699201123,0,gaussian_nominal,GaussianSensor,0.65,0.2,0.1,0.05,True,True,True,True,goal_reached,0.19898264812672295,71.10000000000001,14.261374532449786,14.4364239705302,0.052647504011700305,0.13106586953356764,0.05867516441066074,0.03582028050057734,0.11648252397428349,0.04252694383255879,0.04839575002598195,0.173059944058695,0.05939487190115546,0.1052028438525411,0.03441532696884839,5.840887520842124,5.840887520842124,0.0,8.453636589695054e-17,2.786162483075207e-16,0.3252108739745147,0.32521087397451465,0.0,67.60000000000001,3.5,0.0,0.0,0.0,67.10000000000001,3.999999999999993,0.0,0.0,0.0,False,False,False
312,2510452995,877120150,0,gaussian_nominal,GaussianSensor,0.65,0.2,0.1,0.05,True,True,True,True,goal_reached,0.18528469297610733,66.4,13.293346225047726,13.41165034222107,0.054217542111158014,0.23039885606531696,0.06280473691557616,0.03794243398361812,0.0949187427670344,0.04533745811525439,0.044569862755772606,0.19435724559276618,0.05572531843521028,0.15320041615795602,0.13401367462913313,5.166283573990331,5.166283573990331,0.0,8.471197094851409e-17,2.237726045655905e-16,0.2339079169783985,0.23390791697839858,0.0,65.60000000000001,0.7999999999999972,0.0,0.0,0.0,65.9,0.5,0.0,0.0,0.0,False,False,False
313,3662182205,3029917006,0,gaussian_nominal,GaussianSensor,0.65,0.2,0.1,0.05,True,True,True,True,goal_reached,0.22860344449139708,110.9,21.490538152100633,21.761132732255525,0.049119182259135565,0.19699041811141993,0.05545086247630543,0.027403314029456866,0.08590207041200171,0.0341810470973994,0.04032039269208749,0.19699041811141993,0.050983939732478646,0.1397759278774982,0.05971314872607666,8.65152549686664,8.65152549686664,0.0,8.139853154382258e-17,2.7833528704240246e-16,0.3219977633577104,0.3219977633577104,0.0,107.2,3.6999999999999957,0.0,0.0,0.0,106.89999999999999,4.000000000000009,0.0,0.0,0.0,False,False,False
314,2529132381,1521881222,0,gaussian_nominal,GaussianSensor,0.65,0.2,0.1,0.05,True,True,True,True,goal_reached,0.1378983250428265,74.10000000000001,15.321531231505947,15.34700025264416,0.05361456292332933,0.13716648743516305,0.05996056609479746,0.03555033918305827,0.09716885056674229,0.042226786503295186,0.04965257284804125,0.15679622369066987,0.0608353918732331,0.1265336869859862,0.09751899554145065,6.1440719671740975,6.1440719671740975,0.0,8.159554550390196e-17,2.7833528704240246e-16,0.29223525065627987,0.29223525065627987,0.0,73.5,0.6000000000000014,0.0,0.0,0.0,73.80000000000001,0.29999999999999716,0.0,0.0,0.0,False,False,False
315,4244911519,1257395889,0,gaussian_nominal,GaussianSensor,0.65,0.2,0.1,0.05,True,True,True,True,goal_reached,0.2568915643537925,59.5,12.594426395039797,12.788225099390857,0.052389228193386574,0.29538371757161763,0.059388449750211104,0.02660453605024006,0.06649766790194746,0.03141940512741059,0.03976893223564845,0.1895944591612391,0.0502389087920807,0.19340707641642788,0.13045428705604234,4.904108583149475,4.904108583149475,0.0,9.982904384400958e-17,1.962615573354719e-16,0.29131626679485373,0.29131626679485373,0.0,59.5,0.0,0.0,0.0,0.0,59.5,0.0,0.0,0.0,0.0,False,False,False
316,1076928853,2642541720,0,gaussian_nominal,GaussianSensor,0.65,0.2,0.1,0.05,True,True,True,True,goal_reached,0.2095676705880845,70.3,13.722444070650965,14.026142827622786,0.05632810974553552,0.17727159780194685,0.06439792113923891,0.03327604913368793,0.11948287604358647,0.04201801338302668,0.0463518300824842,0.175633475537106,0.05704392488964019,0.14020220583345497,0.04737127491603215,5.695441851736959,5.695441851736959,0.0,7.964883760929589e-17,1.962615573354719e-16,0.28380173768518985,0.2838017376851898,0.0,64.49999999999999,5.8,0.0,0.0,0.0,64.3,6.000000000000001,0.0,0.0,0.0,False,False,False
317,3900580241,3253598588,0,gaussian_nominal,GaussianSensor,0.65,0.2,0.1,0.05,True,True,True,True,goal_reached,0.17961249437537133,75.8,15.85395228858713,15.911335371557154,0.052476752215350926,0.26058702799042516,0.05937841561629959,0.03498914699404312,0.17675350959273195,0.04812221906262819,0.04726401552159771,0.26058702799042516,0.06324125729533986,0.15059859468755746,0.11475435138777446,6.1550015965393445,6.1550015965393445,0.0,8.44827520561526e-17,2.779024842816778e-16,0.43945386031806233,0.43945386031806244,0.0,75.8,0.0,0.0,0.0,0.0,75.8,0.0,0.0,0.0,0.0,False,False,False
318,1443759745,4221436515,0,gaussian_nominal,GaussianSensor,0.65,0.2,0.1,0.05,True,True,True,True,goal_reached,0.1825505209337578,69.9,13.849539146615676,13.93245381933185,0.04984588412763412,0.1737904385495948,0.05632850433924407,0.026397638977815347,0.08998616976658916,0.034239562689225234,0.03849703997517332,0.1625294676184056,0.047834762044199966,0.1594507149076555,0.1598656650773176,5.377252445787624,5.377252445787624,0.0,8.54020489018328e-17,2.7757743935277205e-16,0.26186794036836214,0.26186794036836203,0.0,69.9,0.0,0.0,0.0,0.0,69.9,0.0,0.0,0.0,0.0,False,False,False
319,4114846692,1948432374,0,gaussian_nominal,GaussianSensor,0.65,0.2,0.1,0.05,True,True,True,True,goal_reached,0.16282451796151143,71.7,14.225630090907872,14.346716381730992,0.05013863977347634,0.14140378237517306,0.05616481734334329,0.03181852870186684,0.10848382352681019,0.03978040051658385,0.045921754386875895,0.14944274466931967,0.056244867024964285,0.14215362075061028,0.10005886224483884,5.680049643970932,5.680049643970932,0.0,7.834782733752799e-17,1.7772239894833365e-16,0.29690529889041983,0.29690529889041983,0.0,65.0,6.699999999999999,0.0,0.0,0.0,65.5,6.200000000000003,0.0,0.0,0.0,False,False,False
320,1401556152,1596559168,0,gaussian_nominal,GaussianSensor,0.65,0.2,0.1,0.05,True,True,True,True,goal_reached,0.19573050589781193,68.60000000000001,13.702587515389467,13.790041801160825,0.05178893588122218,0.1284831387255976,0.05783553765196998,0.038307221945352174,0.10796166765710119,0.04579231015310844,0.0477968531200937,0.19795384383180262,0.05940275997111903,0.14813479737446006,0.16487865621336986,5.183886015286008,5.183886015286008,0.0,8.338339698204294e-17,2.7894008272968645e-16,0.3303275730336346,0.3303275730336346,0.0,59.80000000000002,8.79999999999999,0.0,0.0,0.0,58.800000000000004,9.8,0.0,0.0,0.0,False,False,False
321,3842624667,3668822796,0,gaussian_nominal,GaussianSensor,0.65,0.2,0.1,0.05,True,True,True,True,goal_reached,0.1774638263029394,65.4,13.23824365024338,13.340850322382234,0.05134572613111739,0.15571420808627193,0.058001768233716305,0.025086413128463055,0.08997561357770648,0.03341781516911916,0.0414655875172873,0.15632553397625934,0.05261252833161729,0.14515466747568812,0.10973685240662276,5.208529922492428,5.208529922492427,0.0,8.437214773311746e-17,2.220446049250313e-16,0.35605957897710516,0.35605957897710516,0.0,65.4,0.0,0.0,0.0,0.0,65.4,0.0,0.0,0.0,0.0,False,False,False
322,1983609201,1852087215,0,gaussian_nominal,GaussianSensor,0.65,0.2,0.1,0.05,True,True,True,True,goal_reached,0.10244502661688827,76.9,15.530301176796481,15.621270726346342,0.05146888309329861,0.15674305301074615,0.058035421022898714,0.03197561065849504,0.08338111629802414,0.03792751115528939,0.04580816926485022,0.19280744577030084,0.056408384422744005,0.2109523396071329,0.15042350868828475,5.850999315589008,5.850999315589007,0.0,7.846774887180521e-17,2.618455766672135e-16,0.30441566037097695,0.30441566037097695,0.0,74.70000000000002,2.1999999999999886,0.0,0.0,0.0,74.4,2.499999999999991,0.0,0.0,0.0,False,False,False
323,1265791630,93762455,0,gaussian_nominal,GaussianSensor,0.65,0.2,0.1,0.05,True,True,True,True,goal_reached,0.1694704247953156,64.8,13.03723622639729,13.141130638151479,0.05235296484630897,0.14483608415268504,0.05907670156867347,0.03105896220328286,0.0779331899936407,0.03747383037497609,0.043920022434307496,0.16050866414424023,0.05391419091963477,0.15485824780493596,0.13124360944416946,5.244836918730099,5.244836918730099,0.0,8.586236225357854e-17,2.0206364052201326e-16,0.24391613593016045,0.24391613593016054,0.0,64.8,0.0,0.0,0.0,0.0,64.8,0.0,0.0,0.0,0.0,False,False,False
324,3546151447,4049281049,0,gaussian_nominal,GaussianSensor,0.65,0.2,0.1,0.05,True,True,True,True,goal_reached,0.16541807937562664,73.4,14.723232356672078,14.761812379607653,0.05021745136000983,0.1585886605162257,0.05648413521807398,0.032667931968977,0.09101699647782939,0.03888960700930268,0.043139364008303684,0.15991742235170434,0.05456085355892237,0.14350153289847875,0.10531973795374405,5.882624490538797,5.882624490538797,0.0,8.091334549168555e-17,2.779024842816778e-16,0.30204160350954373,0.3020416035095438,0.0,70.89999999999999,2.5000000000000018,0.0,0.0,0.0,70.8,2.599999999999996,0.0,0.0,0.0,False,False,False
325,525814137,3539809369,0,gaussian_nominal,GaussianSensor,0.65,0.2,0.1,0.05,True,True,True,True,goal_reached,0.17951212789059875,68.9,13.97886546010843,14.034746225683913,0.051607714512604604,0.18262915297197943,0.05866357043424775,0.02850228433177413,0.08627336742052225,0.03500953677957037,0.04278335612461138,0.1636178318497219,0.053352297544897676,0.2111665328813863,0.154607385046061,5.450964378169129,5.450964378169129,0.0,8.524490498594464e-17,2.2301825219878386e-16,0.27559566140414293,0.275595661404143,0.0,66.9,2.0,0.0,0.0,0.0,67.4,1.5,0.0,0.0,0.0,False,False,False
326,2481991110,814435279,0,gaussian_nominal,GaussianSensor,0.65,0.2,0.1,0.05,True,True,True,True,goal_reached,0.1703919642614354,72.60000000000001,14.053425427207191,14.149848183508091,0.05058052283171201,0.18811651108168664,0.05725474700623726,0.03056305353720195,0.10586268492193869,0.04075305488296894,0.041548329879345376,0.18811651108168664,0.05280214207097511,0.15012049683821457,0.11663852556589,5.4562907669461875,5.4562907669461875,0.0,8.079991345967912e-17,1.962615573354719e-16,0.3810448463348136,0.3810448463348136,0.0,72.60000000000001,0.0,0.0,0.0,0.0,72.60000000000001,0.0,0.0,0.0,0.0,False,False,False
327,3166319258,2915168923,0,gaussian_nominal,GaussianSensor,0.65,0.2,0.1,0.05,True,True,True,True,goal_reached,0.17271629159139293,76.3,15.286306029474451,15.31191220907801,0.052260432827625235,0.1636683537135192,0.059079402721572305,0.027047548468774378,0.07028191025222034,0.03314185846048471,0.04097216178127154,0.15451855079270824,0.0511026799041222,0.10079821536400221,0.058275746808216955,6.427962886037921,6.427962886037921,0.0,7.898507122918496e-17,2.779024842816778e-16,0.2864049852808869,0.2864049852808868,0.0,74.6,1.7000000000000028,0.0,0.0,0.0,73.79999999999998,2.5000000000000036,0.0,0.0,0.0,False,False,False
328,4202554975,263124526,0,gaussian_nominal,GaussianSensor,0.65,0.2,0.1,0.05,True,True,True,True,goal_reached,0.23198588131122216,59.2,12.653527838468376,12.863788662072118,0.05190679818521137,0.14860354519856822,0.05818141978345483,0.031113758756636228,0.10009502850764615,0.03870828347264032,0.04096126986135511,0.1561629117716433,0.051601119370730864,0.11937691891602306,0.10422876246769341,4.910311150517085,4.910311150517085,0.0,9.356367957287277e-17,2.063081476116683e-16,0.2387973217250247,0.2387973217250247,0.0,57.300000000000004,1.8999999999999986,0.0,0.0,0.0,56.7,2.4999999999999964,0.0,0.0,0.0,False,False,False
329,1090630675,260126566,0,gaussian_nominal,GaussianSensor,0.65,0.2,0.1,0.05,True,True,True,True,goal_reached,0.18229863399360274,71.8,14.367585178581514,14.475333142166521,0.05129860690230381,0.1447376845612016,0.05747557795540614,0.027929449836785927,0.11207932781336008,0.03690727898035238,0.04053839993984685,0.1591308342508079,0.05176978437366353,0.19647038076554849,0.13994775598961873,5.673718363365806,5.673718363365806,0.0,8.398393427966769e-17,2.779024842816778e-16,0.3533645170249434,0.3533645170249434,0.0,64.8,7.0,0.0,0.0,0.0,64.89999999999999,6.900000000000004,0.0,0.0,0.0,False,False,False
330,805194769,1062113203,0,gaussian_nominal,GaussianSensor,0.65,0.2,0.1,0.05,True,True,True,True,goal_reached,0.22343362529428892,66.8,13.702229745776263,13.809130052501285,0.04912107975901931,0.17013138212848564,0.055467926616619374,0.03372405834468545,0.097238485257677,0.04196391268130702,0.04000458519239553,0.1439641643277044,0.05046809206369363,0.16953331663954113,0.12616964325290153,5.239761757231122,5.239761757231122,0.0,8.933839302924632e-17,2.779024842816778e-16,0.305847343900269,0.3058473439002691,0.0,66.8,0.0,0.0,0.0,0.0,66.8,0.0,0.0,0.0,0.0,False,False,False
331,151607691,3837345201,0,gaussian_nominal,GaussianSensor,0.65,0.2,0.1,0.05,True,True,True,True,goal_reached,0.25477534634702104,68.2,14.725491013070553,14.87587599377176,0.053787406115714295,0.14404220385595576,0.06033898364623999,0.029158841545799997,0.09740437654036355,0.036330764125633803,0.04020335664965023,0.16466838185485458,0.05075138166223929,0.13254179159773258,0.08593988721644714,5.489848809028578,5.489848809028578,0.0,8.438142957155089e-17,2.7833528704240246e-16,0.2759763377493066,0.2759763377493066,0.0,66.6,1.6000000000000014,0.0,0.0,0.0,66.3,1.9000000000000057,0.0,0.0,0.0,False,False,False
332,2177655872,698235934,0,gaussian_nominal,GaussianSensor,0.65,0.2,0.1,0.05,True,True,True,True,goal_reached,0.174883084214461,69.60000000000001,13.24020215531337,13.383041199417702,0.054055532676064035,0.22656075096185227,0.06188773875196443,0.028517560632444625,0.11444932451654757,0.03710106600281744,0.04523211430293141,0.18540530007174702,0.05624318304815053,0.18907819795078054,0.10505325227433399,5.091506674057275,5.091506674057275,0.0,8.143193374315451e-17,2.776424787817943e-16,0.2676577962638343,0.2676577962638343,0.0,68.70000000000002,0.8999999999999915,0.0,0.0,0.0,69.50000000000001,0.09999999999999432,0.0,0.0,0.0,False,False,False
333,897873287,471136995,0,gaussian_nominal,GaussianSensor,0.65,0.2,0.1,0.05,True,True,True,True,goal_reached,0.21309245631474602,76.80000000000001,15.39477921882536,15.613304599612405,0.05303064889676065,0.17883760094534493,0.06048339879584404,0.02455922800230046,0.09916042345659656,0.030843131518327235,0.04088975383203731,0.17402615831807863,0.05133057666184384,0.2141515833986016,0.10516567424144585,6.047162855928802,6.047162855928802,0.0,7.963213842673868e-17,2.786162483075207e-16,0.32030566344839567,0.32030566344839567,0.0,67.0,9.8,0.0,0.0,0.0,66.20000000000003,10.59999999999998,0.0,0.0,0.0,False,False,False
334,763514114,294386062,0,gaussian_nominal,GaussianSensor,0.65,0.2,0.1,0.05,True,True,True,True,goal_reached,0.20622549497793394,70.5,14.778867077704803,15.057374117111793,0.05143962536050657,0.2309237610028808,0.058300646125447046,0.028597401854625448,0.10524897947008505,0.035501380177942715,0.04419094441509114,0.23553550766905337,0.05544844595323609,0.0881040319972408,0.07584924176880625,5.827681376120241,5.827681376120241,0.0,8.535087576083254e-17,2.7833528704240246e-16,0.3069595138156306,0.3069595138156306,0.0,70.5,0.0,0.0,0.0,0.0,70.5,0.0,0.0,0.0,0.0,False,False,False
335,4175213812,861520140,0,gaussian_nominal,GaussianSensor,0.65,0.2,0.1,0.05,False,False,False,False,planning_failure,nan,nan,nan,nan,nan,nan,nan,nan,nan,nan,nan,nan,nan,nan,nan,nan,nan,nan,nan,nan,nan,nan,nan,,,,,,,,,,,,,
336,2954388502,1276276491,0,gaussian_nominal,GaussianSensor,0.65,0.2,0.1,0.05,True,True,True,True,goal_reached,0.23522286444265342,87.7,17.665577867230343,17.80409331665242,0.05418314067470557,0.22841612783189882,0.06052681044751718,0.030006366153338355,0.1149491225539665,0.038336629001627674,0.040937239728036125,0.18063244696157676,0.05124612327389283,0.1821430986672229,0.11340971138411582,6.821512634371839,6.82151263437184,0.0,7.910832171463302e-17,2.7755575615628914e-16,0.25690065949264657,0.25690065949264657,0.0,80.1,7.600000000000001,0.0,0.0,0.0,79.80000000000001,7.899999999999997,0.0,0.0,0.0,False,False,False
337,2235943386,2895981783,0,gaussian_nominal,GaussianSensor,0.65,0.2,0.1,0.05,False,False,False,False,planning_failure,nan,nan,nan,nan,nan,nan,nan,nan,nan,nan,nan,nan,nan,nan,nan,nan,nan,nan,nan,nan,nan,nan,nan,,,,,,,,,,,,,
338,3470333287,392077091,0,gaussian_nominal,GaussianSensor,0.65,0.2,0.1,0.05,True,True,True,True,goal_reached,0.20021793325326823,70.10000000000001,13.812530358856947,14.041400181333694,0.05210626092395592,0.22926201217955908,0.05838551752300741,0.033057585952555965,0.10723439123210324,0.04147061377130638,0.039850640338787637,0.22903425575810296,0.04892079892811654,0.12905415837918535,0.06738866844537303,5.364745340689263,5.364745340689263,0.0,8.157627677068286e-17,2.592584715281538e-16,0.22786021276982674,0.2278602127698267,0.0,66.4,3.699999999999995,0.0,0.0,0.0,65.4,4.700000000000002,0.0,0.0,0.0,False,False,False
339,229694451,761326547,0,gaussian_nominal,GaussianSensor,0.65,0.2,0.1,0.05,True,True,True,True,goal_reached,0.2039330576218072,66.4,13.272562919310355,13.31870909780476,0.054062908434008634,0.14534779867523018,0.060479875641982365,0.03231030119684683,0.08663690486588033,0.038761135521169596,0.041877803640545525,0.17665078910362406,0.052166351886736934,0.2669031139897051,0.13399229428630424,4.984576568727425,4.984576568727425,0.0,8.418489092425604e-17,1.8670653977139892e-16,0.22010469628944254,0.22010469628944263,0.0,66.2,0.20000000000000018,0.0,0.0,0.0,66.1,0.2999999999999998,0.0,0.0,0.0,False,False,False
340,3389984200,584043030,0,gaussian_nominal,GaussianSensor,0.65,0.2,0.1,0.05,True,True,True,True,goal_reached,0.20316049234526048,63.300000000000004,13.043252941692069,13.15677407279861,0.053631621103925484,0.17053522723115405,0.059518492145589144,0.02669184043469466,0.12144505461994076,0.03700206000285404,0.04159747125619934,0.19911470987289112,0.05405411387110543,0.19535558373134687,0.09754124726883079,5.34636335940624,5.34636335940624,0.0,8.857665075053023e-17,2.5018537765542007e-16,0.45194690125260717,0.45194690125260717,0.0,63.300000000000004,0.0,0.0,0.0,0.0,63.300000000000004,0.0,0.0,0.0,0.0,False,False,False
341,2259846060,1430329713,0,gaussian_nominal,GaussianSensor,0.65,0.2,0.1,0.05,True,True,True,True,goal_reached,0.11905180039352195,67.8,13.295183983289787,13.346462964303276,0.05160012291090143,0.16575742591978684,0.05899242385634312,0.029273530771265162,0.12502559216429496,0.03687854166041256,0.044429173999160146,0.18314354213478196,0.055295945275755494,0.09657621749723452,0.07492988538073231,5.0427631481267765,5.0427631481267765,0.0,8.399057781663129e-17,1.962615573354719e-16,0.2373245284690758,0.2373245284690759,0.0,67.69999999999999,0.10000000000000142,0.0,0.0,0.0,67.6,0.20000000000000284,0.0,0.0,0.0,False,False,False
342,1100808599,3351678227,0,gaussian_nominal,GaussianSensor,0.65,0.2,0.1,0.05,True,True,True,True,goal_reached,0.1891458540963268,83.0,16.41989244424158,16.62388861576076,0.04927311822175826,0.14284435837471127,0.05512941202165213,0.026475730280544656,0.10718127852710779,0.03480400681439758,0.04351688335536493,0.1597563396137493,0.05385526843714867,0.08770244638088454,0.03230343474436094,6.915793731419917,6.915793731419917,0.0,8.123524393257562e-17,2.776424787817943e-16,0.24386656462208925,0.24386656462208922,0.0,72.7,10.299999999999997,0.0,0.0,0.0,73.0,10.0,0.0,0.0,0.0,False,False,False
343,2810020882,1743223712,0,gaussian_nominal,GaussianSensor,0.65,0.2,0.1,0.05,True,True,True,True,goal_reached,0.17534290220305246,79.10000000000001,15.846596398837276,16.174575775491977,0.051689951542077284,0.19141217914315464,0.058365578338004494,0.038288202926078804,0.10493100645885889,0.045483088308647994,0.0444577172525484,0.19692436362806642,0.056119971655743006,0.12749310764820182,0.05307563637193358,6.545504904036397,6.545504904036397,0.0,7.988302763438062e-17,2.8066088919804617e-16,0.2264371264063043,0.2264371264063043,0.0,77.2,1.9000000000000004,0.0,0.0,0.0,76.9,2.2,0.0,0.0,0.0,False,False,False
344,1838110112,3276323680,0,gaussian_nominal,GaussianSensor,0.65,0.2,0.1,0.05,True,True,True,True,goal_reached,0.2347949988711572,66.9,13.040171867806567,13.193658866183553,0.05142602621157719,0.22617075776027556,0.05833921617794266,0.026968204559828433,0.11339992389166259,0.03453188648826569,0.03831087690677563,0.1731440226148236,0.0484827629819009,0.131481622294339,0.09794642036088658,4.965861234356703,4.965861234356703,0.0,8.123617902305646e-17,1.8670653977139892e-16,0.23761135036384978,0.23761135036384975,0.0,66.9,0.0,0.0,0.0,0.0,66.9,0.0,0.0,0.0,0.0,False,False,False
345,731381694,614159404,0,gaussian_nominal,GaussianSensor,0.65,0.2,0.1,0.05,True,True,True,True,goal_reached,0.2649951583171173,69.2,13.400386530944488,13.62283600082931,0.052773679804489146,0.268577965029524,0.05977015069628133,0.029462270031523276,0.10713121149234901,0.038770260261317524,0.04539482885989092,0.20275715390832966,0.056045943198874335,0.14541648450306352,0.049231257263690785,5.149775347951355,5.149775347951355,0.0,8.006951777893269e-17,3.1031676915590914e-16,0.2390412377913774,0.23904123779137748,0.0,69.2,0.0,0.0,0.0,0.0,69.10000000000001,0.09999999999999432,0.0,0.0,0.0,False,False,False
346,1019929013,2368979340,0,gaussian_nominal,GaussianSensor,0.65,0.2,0.1,0.05,True,True,True,True,goal_reached,0.21374377599285194,66.2,13.239852421882755,13.435383632256142,0.05302065492043994,0.16687070689579747,0.059119566765872704,0.02919972243777157,0.09163739709850582,0.035420715437456944,0.04384267323728529,0.14802296005016544,0.05425927288912776,0.1549476964127238,0.090528803884924,4.989495246378539,4.989495246378539,0.0,8.539715306681464e-17,2.7755575615628914e-16,0.28483350596433593,0.28483350596433593,0.0,61.4,4.799999999999999,0.0,0.0,0.0,61.3,4.9,0.0,0.0,0.0,False,False,False
347,1630963745,1016495745,0,gaussian_nominal,GaussianSensor,0.65,0.2,0.1,0.05,True,True,True,True,goal_reached,0.17953179763160196,77.5,15.691311190746616,15.870771945389821,0.05199623759250592,0.16818336002412235,0.05903692696260792,0.027568999314878925,0.09015207859402369,0.034347901802724345,0.044490906683683176,0.19248482477512818,0.05581553138284052,0.1167807360636511,0.05749985691615372,6.279735323632966,6.279735323632966,0.0,8.197751524661331e-17,2.797157557069881e-16,0.28565356515700685,0.28565356515700685,0.0,73.29999999999998,4.200000000000006,0.0,0.0,0.0,73.5,3.999999999999991,0.0,0.0,0.0,False,False,False
348,1598967659,144808118,0,gaussian_nominal,GaussianSensor,0.65,0.2,0.1,0.05,True,True,True,True,goal_reached,0.1866797966533663,80.0,15.56471441842448,15.646986503234167,0.05055556803739626,0.17927069850181032,0.0572371307134416,0.02824055162349356,0.09091118134909315,0.03405663538956471,0.04070303958925702,0.16658641944727587,0.05104143182723722,0.21562311454212998,0.1555328308391374,6.2413303080174245,6.2413303080174245,0.0,7.949657646735153e-17,2.779024842816778e-16,0.3800712121305825,0.3800712121305825,0.0,79.3,0.6999999999999957,0.0,0.0,0.0,78.69999999999999,1.3000000000000007,0.0,0.0,0.0,False,False,False
349,2574130385,485301375,0,gaussian_nominal,GaussianSensor,0.65,0.2,0.1,0.05,True,True,True,True,goal_reached,0.21657756709276194,71.4,14.125456900618765,14.290965124817335,0.05527486858312347,0.18272529686074532,0.06304868870912204,0.030344444090050045,0.10002977743840748,0.037531561510278484,0.04474357177803917,0.17482949627043495,0.055431927163634716,0.09766400851214238,0.09749328280154622,5.735196099039892,5.735196099039892,0.0,8.589639137188844e-17,1.7772239894833365e-16,0.2656933166077048,0.2656933166077048,0.0,67.2,4.200000000000003,0.0,0.0,0.0,66.80000000000001,4.599999999999994,0.0,0.0,0.0,False,False,False
350,2436862538,653863678,0,gaussian_nominal,GaussianSensor,0.65,0.2,0.1,0.05,True,True,True,True,goal_reached,0.2114038328549205,63.900000000000006,13.03198387762395,13.21251754433663,0.050539957872970054,0.18316778754282503,0.05709167401120292,0.029518522457086138,0.07778338673891433,0.035782935460903983,0.04185164151937554,0.18307875055477335,0.0515937036168013,0.24811665479163258,0.17177686327219088,5.209762672822989,5.209762672822989,0.0,8.653854371326451e-17,1.962615573354719e-16,0.45118036703836395,0.45118036703836395,0.0,63.900000000000006,0.0,0.0,0.0,0.0,63.900000000000006,0.0,0.0,0.0,0.0,False,False,False
351,3095716540,1916771770,0,gaussian_nominal,GaussianSensor,0.65,0.2,0.1,0.05,False,False,False,False,planning_failure,nan,nan,nan,nan,nan,nan,nan,nan,nan,nan,nan,nan,nan,nan,nan,nan,nan,nan,nan,nan,nan,nan,nan,,,,,,,,,,,,,
352,2576106544,2838034749,0,gaussian_nominal,GaussianSensor,0.65,0.2,0.1,0.05,True,True,True,True,goal_reached,0.15326683780142486,69.10000000000001,13.866884275778922,13.910468644071596,0.05422585940446512,0.1849694374787581,0.061939199672127215,0.02695263574085246,0.1104536826053426,0.0346386711687208,0.04455591308532934,0.1708483945078509,0.055631389234725145,0.1364588366671994,0.08689340498132984,5.618239682372778,5.618239682372779,0.0,8.356165573291461e-17,2.776424787817943e-16,0.302570163732664,0.30257016373266404,0.0,69.10000000000001,0.0,0.0,0.0,0.0,69.10000000000001,0.0,0.0,0.0,0.0,False,False,False
353,1685133821,2163483778,0,gaussian_nominal,GaussianSensor,0.65,0.2,0.1,0.05,True,True,True,True,goal_reached,0.23354234167286975,83.60000000000001,16.25000246252756,16.528410811413558,0.051440093093103635,0.2507032869332659,0.057957486510166245,0.03308874201049166,0.11151076382331304,0.04016295058195817,0.0429749719696433,0.2333804727277312,0.05312694942048688,0.11399825707779214,0.057387429758605474,6.7193061637859,6.7193061637859,0.0,7.924283139283871e-17,2.7894008272968645e-16,0.30175096667238754,0.30175096667238754,0.0,80.5,3.100000000000001,0.0,0.0,0.0,80.2,3.399999999999998,0.0,0.0,0.0,False,False,False
354,377070815,2836130717,0,gaussian_nominal,GaussianSensor,0.65,0.2,0.1,0.05,True,True,True,True,goal_reached,0.20732411613168494,72.7,14.772470373242523,14.962479512397877,0.05249636340962049,0.1592049464558471,0.0593690528907069,0.023985221809108354,0.09128535807818626,0.03137216764354031,0.04449789379306714,0.1942008214920255,0.05565056457388695,0.14516547267081278,0.12013036992260774,5.871843751301126,5.871843751301126,0.0,8.16669220974889e-17,2.779024842816778e-16,0.2764172342121814,0.2764172342121814,0.0,67.3,5.4,0.0,0.0,0.0,67.3,5.4,0.0,0.0,0.0,False,False,False
355,1676031673,2356379600,0,gaussian_nominal,GaussianSensor,0.65,0.2,0.1,0.05,True,True,True,True,goal_reached,0.1735517399971069,95.9,19.346623256304422,19.38656758760893,0.05062767711249373,0.14441918800710873,0.05688362013943821,0.028722492113828286,0.09941751252903908,0.037608308161778306,0.043300256872172795,0.17430963774551422,0.05422471652028874,0.40608390382974635,0.3866165782450981,7.633091427279204,7.633091427279204,0.0,7.915775618120619e-17,2.779024842816778e-16,0.3126868200006593,0.3126868200006593,0.0,95.30000000000001,0.5999999999999908,0.0,0.0,0.0,94.59999999999998,1.3000000000000131,0.0,0.0,0.0,False,False,False
356,1362685604,2558954947,0,gaussian_nominal,GaussianSensor,0.65,0.2,0.1,0.05,False,False,False,False,planning_failure,nan,nan,nan,nan,nan,nan,nan,nan,nan,nan,nan,nan,nan,nan,nan,nan,nan,nan,nan,nan,nan,nan,nan,,,,,,,,,,,,,
357,2583425228,2520709038,0,gaussian_nominal,GaussianSensor,0.65,0.2,0.1,0.05,True,True,True,True,goal_reached,0.17339964597605154,72.60000000000001,14.241398582359775,14.284401593314099,0.05495120300532648,0.21656826186138753,0.06151824643364532,0.02718940779481434,0.088136050512194,0.03402936790578157,0.0451578963409398,0.16583608677627115,0.05599791398053297,0.1715154350566512,0.13120329192230584,5.6274576644100724,5.627457664410073,0.0,8.119570130350343e-17,1.7772239894833365e-16,0.2722207582394158,0.2722207582394158,0.0,72.60000000000001,0.0,0.0,0.0,0.0,72.60000000000001,0.0,0.0,0.0,0.0,False,False,False
358,2098428785,2023430440,0,gaussian_nominal,GaussianSensor,0.65,0.2,0.1,0.05,True,True,True,True,goal_reached,0.1896632878730907,72.10000000000001,13.427004005359432,13.5649714502314,0.054804449074968536,0.15664909955147835,0.06131432583817998,0.041866043867878226,0.10414918951408302,0.049128386191793945,0.05273269141361375,0.20179914425977585,0.06553659151097405,0.14960773103068029,0.04361532272672353,5.656308594310372,5.656308594310372,0.0,8.13164037936824e-17,1.962615573354719e-16,0.4258628459284071,0.4258628459284072,0.0,69.10000000000001,2.9999999999999947,0.0,0.0,0.0,68.4,3.699999999999992,0.0,0.0,0.0,False,False,False
359,101576323,3201341764,0,gaussian_nominal,GaussianSensor,0.65,0.2,0.1,0.05,True,True,True,True,goal_reached,0.20895606743231618,69.3,13.836439811159558,14.005046452259553,0.051872438252153305,0.17602126092056133,0.05931176515772216,0.033639661286187374,0.09984774219300185,0.041493868246497354,0.04747993111569506,0.17095554250671938,0.057906093425242645,0.0862138551117355,0.09558656812002718,5.295435943141227,5.295435943141228,0.0,8.089140259334086e-17,2.592584715281538e-16,0.3163916599581439,0.3163916599581439,0.0,69.3,0.0,0.0,0.0,0.0,69.3,0.0,0.0,0.0,0.0,False,False,False
360,573381417,519949555,0,gaussian_nominal,GaussianSensor,0.65,0.2,0.1,0.05,True,True,True,True,goal_reached,0.18857554197793758,66.7,13.504403020080165,13.734439995757963,0.0526746151916621,0.14161862547817786,0.05896460634652536,0.027503321279926433,0.09659810212070286,0.03406868297422895,0.042723777280455004,0.18247492793788025,0.05361520799279188,0.10995117785141698,0.08201022524912069,5.366032314628022,5.366032314628022,0.0,8.107664189191052e-17,1.962615573354719e-16,0.2769789956533259,0.27697899565332584,0.0,65.5,1.2000000000000028,0.0,0.0,0.0,65.0,1.7000000000000028,0.0,0.0,0.0,False,False,False
361,1236351334,3142182448,0,gaussian_nominal,GaussianSensor,0.65,0.2,0.1,0.05,True,True,True,True,goal_reached,0.1908066970729349,65.8,13.359147972038093,13.435907562728842,0.05273769942165623,0.2890239312305927,0.0600164786659914,0.03181503598838472,0.14617913290578655,0.04388958310714387,0.04863736412184289,0.2890239312305927,0.06258163870955899,0.18219355806978024,0.1184971677938097,5.373888232799072,5.373888232799072,0.0,8.565874960575124e-17,2.2887833992611187e-16,0.31247209035020834,0.3124720903502083,0.0,60.699999999999996,5.100000000000001,0.0,0.0,0.0,60.8,5.0,0.0,0.0,0.0,False,False,False
362,63961417,2180460835,0,gaussian_nominal,GaussianSensor,0.65,0.2,0.1,0.05,True,True,True,True,goal_reached,0.2738425969217961,78.60000000000001,15.554672860083777,15.73162180995484,0.04962483600305639,0.15839508331382726,0.05632142890831193,0.04043707499477575,0.14864126556623702,0.05053631241043833,0.04991444350611995,0.1896349679076037,0.06299925696800535,0.10896726311180968,0.01719736953748796,6.315159282904769,6.315159282904769,0.0,8.380022080559506e-17,2.5018537765542007e-16,0.32770216015575565,0.32770216015575565,0.0,75.10000000000001,3.4999999999999893,0.0,0.0,0.0,75.10000000000001,3.5,0.0,0.0,0.0,False,False,False
363,2327535258,2332584592,0,gaussian_nominal,GaussianSensor,0.65,0.2,0.1,0.05,True,True,True,True,goal_reached,0.2376991577476155,71.3,14.67391009468514,14.9105295492367,0.04908811385037288,0.17307018255054477,0.0557844766071366,0.027179918416070363,0.08850413977037619,0.033960288513831385,0.0410299056473715,0.1537662293034128,0.05150029494430169,0.16174771688944722,0.16108600682881946,5.759774018320245,5.759774018320245,0.0,8.144256517931808e-17,2.7755575615628914e-16,0.2807240436303699,0.2807240436303699,0.0,71.3,0.0,0.0,0.0,0.0,70.99999999999999,0.29999999999999893,0.0,0.0,0.0,False,False,False
364,3304647400,2364466265,0,gaussian_nominal,GaussianSensor,0.65,0.2,0.1,0.05,True,True,True,True,goal_reached,0.19322693744648764,60.7,12.906888589946703,13.045273354134526,0.05333512173652046,0.1800635067643131,0.05956048814331633,0.03134843964553955,0.10962732537097467,0.040401722784281766,0.045438628220013794,0.1745441437505604,0.05566357533144068,0.16631978070104278,0.07719357714323052,5.167982857340568,5.167982857340569,0.0,8.931440284664881e-17,1.962615573354719e-16,0.3348564301016086,0.3348564301016086,0.0,57.4,3.3000000000000007,0.0,0.0,0.0,57.6,3.0999999999999996,0.0,0.0,0.0,False,False,False
365,2933610517,1293969616,0,gaussian_nominal,GaussianSensor,0.65,0.2,0.1,0.05,True,True,True,True,goal_reached,0.1606342617446789,71.4,13.776777250163525,13.938297120340225,0.05286635342167181,0.1686813914228218,0.0605203144459549,0.03059344026598169,0.11043264379815389,0.03751893879728679,0.042533860327109284,0.18164426744951823,0.05437189697568486,0.09402986212583953,0.07841805543965187,5.312120215934833,5.312120215934832,0.0,7.887020611322259e-17,1.7772239894833365e-16,0.30140438535150726,0.30140438535150726,0.0,70.8,0.6000000000000014,0.0,0.0,0.0,70.2,1.1999999999999957,0.0,0.0,0.0,False,False,False
366,2011425080,2499175835,0,gaussian_nominal,GaussianSensor,0.65,0.2,0.1,0.05,True,True,True,True,goal_reached,0.27761354753833206,71.5,14.30781193867891,14.580190061396202,0.05279792187225206,0.13868057081258817,0.05963188957517018,0.030007985393932676,0.12795135154174792,0.037541006419537344,0.042440697111818415,0.18178284036473924,0.05268640596779846,0.13350913969662864,0.13534212575795795,5.452997932759516,5.452997932759516,0.0,8.534689314375778e-17,2.220717083251841e-16,0.28405280863724575,0.28405280863724575,0.0,70.39999999999999,1.099999999999996,0.0,0.0,0.0,70.3,1.200000000000001,0.0,0.0,0.0,False,False,False
367,3444746836,3000099893,0,gaussian_nominal,GaussianSensor,0.65,0.2,0.1,0.05,True,True,True,True,goal_reached,0.19312200505649352,68.2,13.225717969307555,13.372923074520727,0.05474542482484698,0.347651065637904,0.06317696284653267,0.02784911498952711,0.09238553920479342,0.03515502113574123,0.043640392053246185,0.1649667087108526,0.055008668819199906,0.16483331084648867,0.10517721632400391,5.115831633987608,5.115831633987607,0.0,8.165246571023682e-17,1.962615573354719e-16,0.27276299295409123,0.27276299295409123,0.0,66.4,1.7999999999999972,0.0,0.0,0.0,66.0,2.200000000000003,0.0,0.0,0.0,False,False,False
368,3197083060,1875886390,0,gaussian_nominal,GaussianSensor,0.65,0.2,0.1,0.05,True,True,True,True,goal_reached,0.2267653781201911,61.900000000000006,12.70080266610568,12.862715495362997,0.0560642438485604,0.24537876696945984,0.06335172642466017,0.030298887472361966,0.09873901690317102,0.03842935534485228,0.04462485775311769,0.24537876696945984,0.0566111906712366,0.16179525340422096,0.10904951632505593,4.860698067445041,4.860698067445041,0.0,8.836198559299724e-17,1.7772239894833365e-16,0.26482549508392855,0.26482549508392855,0.0,61.900000000000006,0.0,0.0,0.0,0.0,61.900000000000006,0.0,0.0,0.0,0.0,False,False,False
369,1703573391,4141906095,0,gaussian_nominal,GaussianSensor,0.65,0.2,0.1,0.05,True,True,True,True,goal_reached,0.15390635738373298,68.5,13.190976703688413,13.259212710213339,0.05170332714041405,0.1512210969806804,0.05873848530432707,0.03407680597730661,0.10696516867093805,0.04213438685845493,0.04598146862018779,0.21569513730262488,0.058383437830983285,0.12796494091982322,0.05149551919567104,5.282566953344816,5.282566953344816,0.0,8.467469554062081e-17,1.962615573354719e-16,0.3631486569226339,0.3631486569226339,0.0,60.800000000000004,7.699999999999996,0.0,0.0,0.0,60.5,7.9999999999999964,0.0,0.0,0.0,False,False,False
370,4240319741,880666480,0,gaussian_nominal,GaussianSensor,0.65,0.2,0.1,0.05,False,False,False,False,planning_failure,nan,nan,nan,nan,nan,nan,nan,nan,nan,nan,nan,nan,nan,nan,nan,nan,nan,nan,nan,nan,nan,nan,nan,,,,,,,,,,,,,
371,830787861,3668575417,0,gaussian_nominal,GaussianSensor,0.65,0.2,0.1,0.05,True,True,True,True,goal_reached,0.2242513375033364,72.8,15.197282984966545,15.302726317163808,0.05255797983613574,0.28970474074813257,0.05983037726906185,0.02727293603102541,0.09570324326224462,0.03374039527983328,0.04501611806682927,0.15938353375591463,0.05581147414667821,0.15672525249850508,0.05706882229254484,5.973238722857558,5.973238722857557,0.0,8.703252901549426e-17,2.7894008272968645e-16,0.38420335825985646,0.38420335825985646,0.0,71.1,1.6999999999999993,0.0,0.0,0.0,70.6,2.1999999999999993,0.0,0.0,0.0,False,False,False
372,3072657155,1241217907,0,gaussian_nominal,GaussianSensor,0.65,0.2,0.1,0.05,True,True,True,True,goal_reached,0.17718882855426596,81.7,15.373678036430224,15.391644130634628,0.05314091876887506,0.142556422787132,0.05901822341868526,0.03560342452553841,0.0957254720143499,0.04345119192572315,0.04658768428762501,0.2037214192589732,0.059503009125137236,0.179923501549781,0.1546466406072744,6.068678316090518,6.068678316090518,0.0,7.600613040192005e-17,2.7757743935277205e-16,0.30144600993943965,0.3014460099394396,0.0,78.39999999999999,3.3000000000000043,0.0,0.0,0.0,78.2,3.5,0.0,0.0,0.0,False,False,False
373,157659641,2151582790,0,gaussian_nominal,GaussianSensor,0.65,0.2,0.1,0.05,False,False,False,False,planning_failure,nan,nan,nan,nan,nan,nan,nan,nan,nan,nan,nan,nan,nan,nan,nan,nan,nan,nan,nan,nan,nan,nan,nan,,,,,,,,,,,,,
374,1980307858,4207273182,0,gaussian_nominal,GaussianSensor,0.65,0.2,0.1,0.05,True,True,True,True,goal_reached,0.20208686899314715,70.2,14.840058323993157,14.965015362438695,0.052649483052639265,0.13866316405994525,0.05907393618169323,0.024873660677688952,0.06784272420840141,0.03063166767679888,0.04123915583592736,0.14563884316463138,0.05105429415751324,0.2317395947328319,0.1810334008026782,5.521804240202693,5.521804240202693,0.0,8.521073465354489e-17,2.779024842816778e-16,0.3307168874340197,0.33071688743401967,0.0,70.2,0.0,0.0,0.0,0.0,70.2,0.0,0.0,0.0,0.0,False,False,False
375,2569596517,1337955276,0,gaussian_nominal,GaussianSensor,0.65,0.2,0.1,0.05,True,True,True,True,goal_reached,0.1769325284265642,66.5,13.361950686019277,13.491319593538018,0.05209054149185969,0.14540965492641944,0.05830016646497875,0.024229431124594466,0.06769846060499131,0.02911862951986967,0.04061433205720145,0.17309593647932128,0.05129797434686956,0.21953025446846516,0.14700453899620522,5.184404940326925,5.184404940326925,0.0,8.328636786319085e-17,2.498001805406602e-16,0.2846525843127827,0.28465258431278273,0.0,66.3,0.1999999999999993,0.0,0.0,0.0,65.8,0.6999999999999993,0.0,0.0,0.0,False,False,False
376,801353321,3573266896,0,gaussian_nominal,GaussianSensor,0.65,0.2,0.1,0.05,True,True,True,True,goal_reached,0.21723038593605193,65.2,13.272599509669998,13.370344727750021,0.05083189122991999,0.32206123366688616,0.059193844184568446,0.025723967660096755,0.08328177707624407,0.0333186144447813,0.04422634345241607,0.32108807114635246,0.0563021440297964,0.319415170347821,0.27070694656151023,5.051125694455689,5.05112569445569,0.0,8.537241696299561e-17,1.8875832159447664e-16,0.4140966584483702,0.4140966584483702,0.0,65.2,0.0,0.0,0.0,0.0,65.2,0.0,0.0,0.0,0.0,False,False,False
377,1281658130,1819150923,0,gaussian_nominal,GaussianSensor,0.65,0.2,0.1,0.05,True,True,True,True,goal_reached,0.16986479161990428,66.2,12.94938036991706,13.060667155026666,0.049938892185272976,0.13589244496224248,0.05601818983936052,0.02745356439628968,0.07523134954762059,0.03219314931625644,0.03953824280083552,0.16302520842890142,0.04925953277595041,0.0983288559448477,0.06566265384087956,5.134946385338398,5.134946385338398,0.0,8.3871113992131e-17,1.962615573354719e-16,0.2555781790600439,0.25557817906004393,0.0,66.2,0.0,0.0,0.0,0.0,66.2,0.0,0.0,0.0,0.0,False,False,False
378,2145417192,196741682,0,gaussian_nominal,GaussianSensor,0.65,0.2,0.1,0.05,True,True,True,True,goal_reached,0.2381274934988717,71.0,14.233434457262472,14.365182621737864,0.05197152933406043,0.14491594851312198,0.058474352358502686,0.027499395965443454,0.08343238584877027,0.03457951145700483,0.040152059488291814,0.17636608835464296,0.050283790811564776,0.16619066852698047,0.09166126772037612,5.624414514152809,5.624414514152809,0.0,8.097108835694259e-17,2.779024842816778e-16,0.3731829286830614,0.3731829286830614,0.0,64.3,6.699999999999999,0.0,0.0,0.0,64.5,6.499999999999998,0.0,0.0,0.0,False,False,False
379,162770764,2517905783,0,gaussian_nominal,GaussianSensor,0.65,0.2,0.1,0.05,True,True,True,True,goal_reached,0.18146792187135738,66.0,13.788792034688694,13.878504509921695,0.04899615725948386,0.2354347954302115,0.05622422153839418,0.029173272962442834,0.0856282350898375,0.035429822192504845,0.04557817175645654,0.23480581928025618,0.05674938013873713,0.16990922283550142,0.10801568445170673,5.159651823403713,5.159651823403713,0.0,7.985987395372634e-17,2.498001805406602e-16,0.49925643529555835,0.4992564352955584,0.0,61.3,4.700000000000003,0.0,0.0,0.0,61.099999999999994,4.900000000000002,0.0,0.0,0.0,False,False,False
380,3590034308,3616669174,0,gaussian_nominal,GaussianSensor,0.65,0.2,0.1,0.05,True,True,True,True,goal_reached,0.2495347846939004,83.10000000000001,16.571952239654976,17.07849362826768,0.051595264278535106,0.22712404752316218,0.057735661945808835,0.026371927336659738,0.1067782054152886,0.035043373391978425,0.03738318784071579,0.2271454881306231,0.04783778877308974,0.13807715399808573,0.09578000818890817,6.8144401725743,6.814440172574301,0.0,7.806197022458808e-17,2.779024842816778e-16,0.265545939605898,0.265545939605898,0.0,79.5,3.6000000000000014,0.0,0.0,0.0,78.5,4.600000000000001,0.0,0.0,0.0,False,False,False
381,2539382802,3553283520,0,gaussian_nominal,GaussianSensor,0.65,0.2,0.1,0.05,True,True,True,True,goal_reached,0.14961238059552803,74.8,14.754592530253067,14.839969129060353,0.051061685236887956,0.20498261279079116,0.05790410251673225,0.02150963308217481,0.07904114240327058,0.027473890656792104,0.03603621497608052,0.20424625139702873,0.046380951532372594,0.18670462865150725,0.1319008140729423,5.7853379342916345,5.785337934291636,0.0,8.463837067790847e-17,2.7894008272968645e-16,0.23116734072857506,0.23116734072857523,0.0,69.8,5.0,0.0,0.0,0.0,69.6,5.200000000000001,0.0,0.0,0.0,False,False,False
382,1982957362,1878632133,0,gaussian_nominal,GaussianSensor,0.65,0.2,0.1,0.05,False,False,False,False,planning_failure,nan,nan,nan,nan,nan,nan,nan,nan,nan,nan,nan,nan,nan,nan,nan,nan,nan,nan,nan,nan,nan,nan,nan,,,,,,,,,,,,,
383,167986647,1158930486,0,gaussian_nominal,GaussianSensor,0.65,0.2,0.1,0.05,True,True,True,True,goal_reached,0.2633957847519575,72.8,14.600654184130745,14.855243472868743,0.04622711616291886,0.16483775643029655,0.052593857476630215,0.03936410175569482,0.14268702017713766,0.04908946529679147,0.04432006464788064,0.19518867781353083,0.05718500029644738,0.03750554908262307,0.02980486446308294,5.903786674291776,5.903786674291776,0.0,8.118071418242812e-17,2.592584715281538e-16,0.4734393933017227,0.4734393933017227,0.0,71.1,1.6999999999999957,0.0,0.0,0.0,70.8,2.0,0.0,0.0,0.0,False,False,False
384,1835590301,968835980,0,gaussian_nominal,GaussianSensor,0.65,0.2,0.1,0.05,True,True,True,True,goal_reached,0.21205583998620606,112.4,22.587361165639365,22.531575534693587,0.05169922549515564,0.16132595708375422,0.05882012996528516,0.03575840504476576,0.10553459996438103,0.04264705781195097,0.04607647843167872,0.18482626400395288,0.057614980688075794,0.14395121140134695,0.1153451884521779,9.245302758297186,9.245302758297187,0.0,8.093391309901077e-17,2.779024842816778e-16,0.42759675920731843,0.4275967592073184,0.0,109.10000000000001,3.299999999999997,0.0,0.0,0.0,108.00000000000001,4.3999999999999915,0.0,0.0,0.0,False,False,False
385,381046993,3729855211,0,gaussian_nominal,GaussianSensor,0.65,0.2,0.1,0.05,True,True,True,True,goal_reached,0.20480390262988032,74.7,14.237399415915815,14.39146460941102,0.053526278391341456,0.183801465642574,0.06010563822290927,0.03076844835107354,0.10334033344801685,0.03878328267757408,0.04682998067546053,0.18753551150477182,0.059025170596587156,0.19499282304457444,0.1639217967437683,5.754244577758843,5.754244577758843,0.0,7.904658958503848e-17,2.779024842816778e-16,0.2772948792014939,0.27729487920149387,0.0,74.3,0.40000000000000036,0.0,0.0,0.0,73.3,1.3999999999999986,0.0,0.0,0.0,False,False,False
386,1640121633,2425369201,0,gaussian_nominal,GaussianSensor,0.65,0.2,0.1,0.05,True,True,True,True,goal_reached,0.17656358485677576,70.60000000000001,14.123434818421423,14.182481123270524,0.05363980373983838,0.1586921265664568,0.0610129824942863,0.026768587899242368,0.10821319031707866,0.034705284389206004,0.04253965973826744,0.1800480686784418,0.053000402315622364,0.16481603802655742,0.1600698895827996,5.487676967587332,5.487676967587332,0.0,8.13277906058233e-17,2.7894008272968645e-16,0.2620317941737505,0.2620317941737505,0.0,70.60000000000001,0.0,0.0,0.0,0.0,70.60000000000001,0.0,0.0,0.0,0.0,False,False,False
387,2681951609,244179877,0,gaussian_nominal,GaussianSensor,0.65,0.2,0.1,0.05,True,True,True,True,goal_reached,0.22574553554644128,75.3,14.847741462538497,15.062166542068594,0.050280700211439384,0.15488214655833119,0.05716787190390297,0.038294720427216516,0.12014377320777214,0.047345065176437925,0.04617528112439452,0.2049777567190215,0.05734115711136161,0.1429493356753459,0.07760723771920498,6.1185540640834475,6.118554064083447,0.0,8.130617872539728e-17,2.8066088919804617e-16,0.3504354163698901,0.3504354163698901,0.0,57.9,17.4,0.0,0.0,0.0,57.9,17.4,0.0,0.0,0.0,False,False,False
388,1209594724,1105627878,0,gaussian_nominal,GaussianSensor,0.65,0.2,0.1,0.05,True,True,True,True,goal_reached,0.20854508837076619,67.60000000000001,13.195490447959372,13.394283247325392,0.05444600186610477,0.17930537193733126,0.0618614018691537,0.03605600805920346,0.10967295575532739,0.043375129379356406,0.04508376418044534,0.17821747671093094,0.055313256061987365,0.09878626564808045,0.09875904008766319,5.11814404613558,5.118144046135581,0.0,8.420387889794418e-17,2.237726045655905e-16,0.2699565324839354,0.2699565324839354,0.0,67.60000000000001,0.0,0.0,0.0,0.0,67.50000000000001,0.09999999999999432,0.0,0.0,0.0,False,False,False
389,470721726,970358315,0,gaussian_nominal,GaussianSensor,0.65,0.2,0.1,0.05,True,True,True,True,goal_reached,0.16649592428550555,69.60000000000001,13.576402847940614,13.789686761066346,0.052683036585526734,0.1588273708009548,0.05968361347868954,0.034027574023655076,0.10925103051227722,0.042621592420012774,0.0424609401802366,0.17734026047000792,0.05465350758294475,0.15026112032459005,0.1004962249597162,5.184379211443181,5.184379211443181,0.0,8.180784732565629e-17,1.962615573354719e-16,0.2612723152150902,0.2612723152150902,0.0,64.3,5.300000000000001,0.0,0.0,0.0,64.4,5.199999999999999,0.0,0.0,0.0,False,False,False
390,67846621,1218254757,0,gaussian_nominal,GaussianSensor,0.65,0.2,0.1,0.05,True,True,True,True,goal_reached,0.18422944663319893,73.3,15.718453624128514,15.915206778056909,0.05109523146237372,0.1456731361567253,0.05828365475215461,0.026415950485282072,0.08470386086165471,0.032272539014738415,0.041479899400156256,0.180255270991455,0.05195982889569829,0.1695627713482706,0.13699455111285763,5.994382911769469,5.994382911769469,0.0,8.318644363737373e-17,2.8066088919804617e-16,0.2700488744496402,0.27004887444964026,0.0,71.79999999999998,1.5000000000000018,0.0,0.0,0.0,71.2,2.0999999999999943,0.0,0.0,0.0,False,False,False
391,3412605371,608249195,0,gaussian_nominal,GaussianSensor,0.65,0.2,0.1,0.05,True,True,True,True,goal_reached,0.18315857630309762,66.4,13.893154612510092,13.967539297725832,0.05118152565524822,0.2187514783660037,0.058876188788728044,0.03350256051192775,0.10889684478812307,0.040734102633639795,0.04166426351739942,0.17189029784679843,0.0530217022230595,0.18918823604007468,0.09396280675310686,5.1844188750860525,5.1844188750860525,0.0,8.761199257799163e-17,2.776424787817943e-16,0.28517917689351585,0.28517917689351585,0.0,66.4,0.0,0.0,0.0,0.0,66.4,0.0,0.0,0.0,0.0,False,False,False
392,1321953011,4213641362,0,gaussian_nominal,GaussianSensor,0.65,0.2,0.1,0.05,True,True,True,True,goal_reached,0.15922067168481574,74.7,14.682611323379989,14.813877064709345,0.05156247196679929,0.1383066169301752,0.05731031027593677,0.02878161450117899,0.08671596143830396,0.03547340362106635,0.042489520333545236,0.21374469035740531,0.0535208945228469,0.22729446844432882,0.23188070059978547,5.7338282300692285,5.7338282300692285,0.0,8.048848571965799e-17,2.498242727604723e-16,0.33407141022816694,0.33407141022816694,0.0,68.39999999999999,6.3,0.0,0.0,0.0,67.60000000000001,7.09999999999999,0.0,0.0,0.0,False,False,False
393,872354663,2461054940,0,gaussian_nominal,GaussianSensor,0.65,0.2,0.1,0.05,True,True,True,True,goal_reached,0.1619768899889859,61.7,12.869452707601528,12.937429191368103,0.05367759257450423,0.13748587978440488,0.06042240121814751,0.02676173711545303,0.10733630906339657,0.03740990218254242,0.04890894891813917,0.17485270395876026,0.060788127362827675,0.16928808951043592,0.07890778227322226,5.202687342560136,5.202687342560136,0.0,9.269002627359441e-17,2.0014830212433605e-16,0.2546888943301197,0.25468889433011976,0.0,61.7,0.0,0.0,0.0,0.0,61.7,0.0,0.0,0.0,0.0,False,False,False
394,1373533898,2386604706,0,gaussian_nominal,GaussianSensor,0.65,0.2,0.1,0.05,True,True,True,True,goal_reached,0.21384363142795815,70.4,14.028602763643466,14.138243152771205,0.053374655972951456,0.22931709165598785,0.06036725872416148,0.03148665070079595,0.09819513860444515,0.03966554373038605,0.04575395397417463,0.18978147216536795,0.05880964583870128,0.17799214651653422,0.10796002926326587,5.486140151272916,5.486140151272917,0.0,8.29875169828643e-17,2.776424787817943e-16,0.31714848038037813,0.31714848038037813,0.0,70.4,0.0,0.0,0.0,0.0,70.2,0.1999999999999993,0.0,0.0,0.0,False,False,False
395,2532253106,2816233351,0,gaussian_nominal,GaussianSensor,0.65,0.2,0.1,0.05,True,True,True,True,goal_reached,0.21773179754899227,61.300000000000004,12.934402904296602,13.071819230488154,0.053797697047883127,0.14810464649063493,0.060246320782106656,0.032638718258582264,0.0980520390067647,0.03921183541086016,0.0463990197941714,0.19431345682074758,0.05820789647572243,0.1493227491031609,0.12102283314366957,5.058707793464084,5.058707793464084,0.0,9.274857568641725e-17,1.962615573354719e-16,0.26568612540462433,0.2656861254046243,0.0,54.6,6.700000000000001,0.0,0.0,0.0,53.8,7.500000000000005,0.0,0.0,0.0,False,False,False
396,3273084152,2467234986,0,gaussian_nominal,GaussianSensor,0.65,0.2,0.1,0.05,True,True,True,True,goal_reached,0.20420840935368864,74.9,14.496844535985062,14.503097998553798,0.05387008964458169,0.25675105004378407,0.06056789798454782,0.03906868309720249,0.1104875925272378,0.0490090415811286,0.050561482859267114,0.25675105004378407,0.0626295715052047,0.20443011564700456,0.15639993238149177,5.6420308082398885,5.6420308082398885,0.0,8.168368819357075e-17,2.779024842816778e-16,0.33312388164831885,0.33312388164831885,0.0,74.9,0.0,0.0,0.0,0.0,74.9,0.0,0.0,0.0,0.0,False,False,False
397,1043526963,2208891233,0,gaussian_nominal,GaussianSensor,0.65,0.2,0.1,0.05,True,True,True,True,goal_reached,0.20666775552613534,77.7,16.178212597683327,16.490364543909816,0.05387200927830694,0.391475900756098,0.060941341985956486,0.03376803303476345,0.12697013610348326,0.041594294078031134,0.045136350361979036,0.2009961430404321,0.057150482669905196,0.08026994477480122,0.069359353769336,6.124715744359905,6.124715744359905,0.0,8.693426260373713e-17,2.7894008272968645e-16,0.3897597031374002,0.3897597031374002,0.0,75.3,2.3999999999999986,0.0,0.0,0.0,75.3,2.3999999999999986,0.0,0.0,0.0,False,False,False
398,41399160,3984272595,0,gaussian_nominal,GaussianSensor,0.65,0.2,0.1,0.05,True,True,True,True,goal_reached,0.22878468888579812,75.7,13.995332626699295,14.13799612533406,0.05094139005129533,0.16801232112062794,0.05729956107123039,0.030863739199598048,0.09734043109017465,0.03811637418741442,0.046995697576750615,0.16775865287597774,0.056951218175059666,0.18059623951950804,0.12686293826060388,5.598797508005452,5.598797508005452,0.0,7.683572310629714e-17,2.5018537765542007e-16,0.22547756334009225,0.22547756334009228,0.0,73.8,1.9000000000000004,0.0,0.0,0.0,74.39999999999999,1.299999999999999,0.0,0.0,0.0,False,False,False
399,2201137154,3104227786,0,gaussian_nominal,GaussianSensor,0.65,0.2,0.1,0.05,True,True,True,True,goal_reached,0.23074923326964575,75.2,14.663877523558615,14.852835671921175,0.05129759643161799,0.1660729188569223,0.057513453416543465,0.02782307498980005,0.08279430691382643,0.03574221787569745,0.03909110495892298,0.15033316802585955,0.04834435185575236,0.1615682154912485,0.14019688887268966,5.572892101355949,5.572892101355949,0.0,8.635656173552286e-17,2.797157557069881e-16,0.32796328020719623,0.32796328020719623,0.0,75.1,0.09999999999999964,0.0,0.0,0.0,74.5,0.6999999999999975,0.0,0.0,0.0,False,False,False
400,2366020441,2010926479,0,gaussian_nominal,GaussianSensor,0.65,0.2,0.1,0.05,True,True,True,True,goal_reached,0.13326977171105184,73.7,14.79909805739375,14.908543723657269,0.05079461848333866,0.15414704983398686,0.05734766451027762,0.030726780557972865,0.11627471187976289,0.04096241107758203,0.04387099066634905,0.20604843653265936,0.05613961601576237,0.144260360409874,0.04395156346734064,5.977837019266584,5.977837019266584,0.0,8.150128480869834e-17,2.7833528704240246e-16,0.2751978122581155,0.2751978122581155,0.0,72.89999999999999,0.7999999999999989,0.0,0.0,0.0,72.89999999999999,0.8000000000000007,0.0,0.0,0.0,False,False,False
401,1535119728,1565580028,0,gaussian_nominal,GaussianSensor,0.65,0.2,0.1,0.05,True,True,True,True,goal_reached,0.21922213800466459,69.60000000000001,13.31915542518037,13.476762888012807,0.05070193825615611,0.1336665906668596,0.05701599127869727,0.03385831720695347,0.09315603725943321,0.040679551614763665,0.043680770846123256,0.1707042481349459,0.055092592274043097,0.15103677394265108,0.10301061099324041,5.333622264264288,5.333622264264289,0.0,8.253717884282586e-17,1.962615573354719e-16,0.23305133276939521,0.23305133276939527,0.0,69.60000000000001,0.0,0.0,0.0,0.0,69.60000000000001,0.0,0.0,0.0,0.0,False,False,False
402,955248925,1124633429,0,gaussian_nominal,GaussianSensor,0.65,0.2,0.1,0.05,True,True,True,True,goal_reached,0.22117735633253677,61.300000000000004,12.65551085316802,12.852833076444455,0.05364648883728339,0.25164317046437434,0.060494648105452374,0.028567794950223768,0.07874235887274761,0.03406973482000614,0.039719774378810795,0.2477081801894888,0.050777750568218004,0.13158522375102757,0.09847672529032651,4.844406236313221,4.844406236313221,0.0,9.445154858878822e-17,1.962615573354719e-16,0.2745812037819747,0.27458120378197465,0.0,60.1,1.2000000000000028,0.0,0.0,0.0,60.50000000000001,0.7999999999999972,0.0,0.0,0.0,False,False,False
403,3485541319,3483450660,0,gaussian_nominal,GaussianSensor,0.65,0.2,0.1,0.05,True,True,True,True,goal_reached,0.14570852525988356,90.5,17.579681444511888,17.54052997379072,0.05152886537871349,0.14779857518063905,0.05809628580639924,0.03096441643435259,0.09633803847831057,0.03816047168398833,0.04266119169145537,0.1665304130605465,0.05235353409330374,0.18030933728127896,0.14469698074897774,7.027915130156281,7.027915130156281,0.0,7.681162886395299e-17,2.7755575615628914e-16,0.22844344444726317,0.22844344444726317,0.0,75.6,14.900000000000006,0.0,0.0,0.0,75.39999999999999,15.100000000000005,0.0,0.0,0.0,False,False,False
404,3184790339,631315687,0,gaussian_nominal,GaussianSensor,0.65,0.2,0.1,0.05,True,True,True,True,goal_reached,0.2073178752186235,62.5,13.121405238753049,13.24652748885768,0.05257069472480801,0.18671033933836748,0.05967196641189251,0.030124740428290823,0.1040358341254711,0.03923967375495516,0.04650452458678464,0.1520511666861589,0.057183425482524225,0.13925013096017477,0.09659103155247246,5.065299142626786,5.065299142626786,0.0,8.745430608267249e-17,2.830524433501838e-16,0.27008561011338644,0.2700856101133865,0.0,62.199999999999996,0.3000000000000007,0.0,0.0,0.0,61.9,0.6000000000000014,0.0,0.0,0.0,False,False,False
405,3285429448,1207168295,0,gaussian_nominal,GaussianSensor,0.65,0.2,0.1,0.05,True,True,True,True,goal_reached,0.11723359627594679,73.9,13.9894460992893,14.145738583377032,0.05189112594380089,0.15740048491732958,0.05930974288072782,0.03637974676774679,0.10967914236706061,0.044038998939566164,0.041351754760474174,0.17274619037977756,0.05360563026573043,0.1537544926623949,0.09744247909510717,5.505900413586689,5.505900413586689,0.0,7.572175479199295e-17,1.7772239894833365e-16,0.2929492532099401,0.2929492532099401,0.0,73.9,0.0,0.0,0.0,0.0,73.9,0.0,0.0,0.0,0.0,False,False,False
406,1711414769,768036703,0,gaussian_nominal,GaussianSensor,0.65,0.2,0.1,0.05,True,True,True,True,goal_reached,0.19157022787680097,64.8,13.542578505666928,13.636979445529656,0.052547252890177185,0.17080043461869443,0.05897149875061149,0.0269431836563126,0.08546320015264186,0.032667966617863566,0.04460772783624204,0.17791091417156224,0.05679013510394783,0.15820918546874152,0.07144231002569336,5.163203013475617,5.163203013475618,0.0,8.767787069839064e-17,2.5589376332604516e-16,0.35977718988977925,0.35977718988977925,0.0,63.3,1.5,0.0,0.0,0.0,63.0,1.7999999999999972,0.0,0.0,0.0,False,False,False
407,739438903,1521726463,0,gaussian_nominal,GaussianSensor,0.65,0.2,0.1,0.05,True,True,True,True,goal_reached,0.17128918843385538,77.2,15.301363289418578,15.447782529221255,0.0516572916749559,0.16960479851952226,0.058587643603698565,0.03456291989962786,0.1359609605254956,0.0457067789158284,0.04503068817078052,0.2200909264454266,0.05812986417992194,0.3417883820451317,0.3175341032535449,6.251073870102134,6.251073870102134,0.0,7.825930085423468e-17,2.7894008272968645e-16,0.37183681719445233,0.37183681719445233,0.0,72.0,5.200000000000003,0.0,0.0,0.0,72.10000000000001,5.099999999999994,0.0,0.0,0.0,False,False,False
408,1071255186,4062200957,0,gaussian_nominal,GaussianSensor,0.65,0.2,0.1,0.05,True,True,True,True,goal_reached,0.16368567377092588,78.0,15.523148189552304,15.599081224923452,0.0491307714485681,0.16175153152035082,0.05627529965640048,0.023965147852846976,0.07174167824957836,0.02951535573679539,0.041324219722245016,0.1728241099474921,0.051192795913647914,0.2002435832832954,0.15316715429552463,5.734497815057587,5.734497815057587,0.0,7.724764460826022e-17,2.830524433501838e-16,0.20455329840741263,0.2045532984074128,0.0,73.19999999999999,4.8,0.0,0.0,0.0,73.3,4.7,0.0,0.0,0.0,False,False,False
409,2658645016,3539954061,0,gaussian_nominal,GaussianSensor,0.65,0.2,0.1,0.05,True,True,True,True,goal_reached,0.18613550548208005,65.0,13.198533057642033,13.293780244623603,0.0518358156193963,0.17072756728118307,0.058786983562999606,0.022676480128298183,0.07033118328692786,0.028022585723805893,0.04046916566558516,0.17072756728118307,0.05074370753673047,0.16296828104345895,0.1154567808164242,4.94041036490659,4.94041036490659,0.0,8.88470223885015e-17,1.962615573354719e-16,0.2641482950896719,0.2641482950896719,0.0,64.69999999999999,0.30000000000000027,0.0,0.0,0.0,64.89999999999999,0.09999999999999964,0.0,0.0,0.0,False,False,False
410,1637467688,2950014254,0,gaussian_nominal,GaussianSensor,0.65,0.2,0.1,0.05,True,True,True,True,goal_reached,0.276462246328175,83.2,16.414791402201185,16.55789717773675,0.05472113397460292,0.16860243391315408,0.06175713842474066,0.029551608210565045,0.10475482469606945,0.037571860679492086,0.04481649943648759,0.16121887554973152,0.0560476345334842,0.433564654753036,0.3658558311923876,6.431270522719615,6.431270522719616,0.0,7.73338450195594e-17,2.7833528704240246e-16,0.24387255028293348,0.24387255028293353,0.0,82.39999999999999,0.8000000000000043,0.0,0.0,0.0,82.50000000000001,0.6999999999999886,0.0,0.0,0.0,False,False,False
411,3012103856,3939154953,0,gaussian_nominal,GaussianSensor,0.65,0.2,0.1,0.05,True,True,True,True,goal_reached,0.18025292960256054,66.5,13.120471981065078,13.24773707121697,0.04806593984443498,0.13655263519573596,0.054332391637166105,0.022245546625398432,0.06685370056482862,0.02796352046323241,0.03626074012712428,0.15173342514110227,0.04497036099931141,0.1911068622225862,0.10102317695490465,4.934039471796455,4.934039471796455,0.0,8.657008960955547e-17,1.8670653977139892e-16,0.2401233048741677,0.2401233048741677,0.0,65.89999999999999,0.6000000000000068,0.0,0.0,0.0,65.5,0.9999999999999947,0.0,0.0,0.0,False,False,False
412,1061496009,4126919586,0,gaussian_nominal,GaussianSensor,0.65,0.2,0.1,0.05,True,True,True,True,goal_reached,0.2888681150308209,63.400000000000006,12.587771572946409,12.825915091953675,0.054553549026801096,0.28712461185568794,0.06321069908196741,0.02854180289449482,0.07205424902720052,0.03410536942425497,0.043747412220213944,0.1798281536282266,0.05416806537750182,0.11092145992391626,0.1047550477743301,4.880326854781689,4.880326854781689,0.0,9.118952598735984e-17,2.063081476116683e-16,0.29165775003163313,0.29165775003163313,0.0,61.900000000000006,1.5,0.0,0.0,0.0,61.300000000000004,2.0999999999999996,0.0,0.0,0.0,False,False,False
413,149354069,3266337438,0,gaussian_nominal,GaussianSensor,0.65,0.2,0.1,0.05,True,True,True,True,goal_reached,0.20610470109325085,75.3,14.383322230827766,14.531489842998345,0.0519229564803246,0.1625666522771368,0.059389744364584406,0.03440932983312767,0.10603961357707356,0.044733035505173234,0.04431407000464988,0.15783265017890363,0.055150978007694404,0.29262033361155093,0.25442663416091194,5.468027032536478,5.468027032536478,0.0,7.780640188162209e-17,1.6711069443220838e-16,0.22429716251910017,0.22429716251910017,0.0,70.1,5.200000000000001,0.0,0.0,0.0,70.1,5.200000000000001,0.0,0.0,0.0,False,False,False
414,4081168298,314093331,0,gaussian_nominal,GaussianSensor,0.65,0.2,0.1,0.05,True,True,True,True,goal_reached,0.18155310375064357,68.4,14.162941288148781,14.312004157945184,0.05462348603684467,0.19744324093804236,0.06199508124652126,0.023966809805089948,0.0905927816511305,0.03072569713090766,0.04057499575104322,0.17063930835468596,0.051515316475053224,0.11565864296963863,0.1133500962656561,5.516502616174899,5.516502616174899,0.0,8.368679789589025e-17,2.7833528704240246e-16,0.425625393426625,0.4256253934266251,0.0,65.1,3.3000000000000025,0.0,0.0,0.0,64.1,4.300000000000006,0.0,0.0,0.0,False,False,False
415,292210110,1564487867,0,gaussian_nominal,GaussianSensor,0.65,0.2,0.1,0.05,True,True,True,True,goal_reached,0.19519956843010197,67.0,13.886696828414227,14.027762034467777,0.0505852015868478,0.17164964973255054,0.05736707828582782,0.025554861812809852,0.08440466732822571,0.03131097355249937,0.04082827063981218,0.1429800113930284,0.0492901389668589,0.16360480772925934,0.10711117292859644,5.052443910911419,5.052443910911419,0.0,8.56611498015867e-17,2.8066088919804617e-16,0.3050294546497502,0.3050294546497502,0.0,65.6,1.4000000000000004,0.0,0.0,0.0,65.89999999999999,1.1,0.0,0.0,0.0,False,False,False
416,471779139,902910705,0,gaussian_nominal,GaussianSensor,0.65,0.2,0.1,0.05,True,True,True,True,goal_reached,0.18130964354631518,67.5,13.755383198737064,13.903167174347637,0.04876064104549817,0.1428265633506121,0.05500481096688578,0.020514957152541227,0.06850462395595658,0.02564852661470538,0.03741913326984734,0.16322732552518726,0.04686297564837022,0.18282442529013218,0.10819572455222567,4.9954482810259275,4.995448281025928,0.0,8.614359423753698e-17,2.7757743935277205e-16,0.4494186480845116,0.44941864808451165,0.0,67.5,0.0,0.0,0.0,0.0,67.5,0.0,0.0,0.0,0.0,False,False,False
417,1257730118,169908158,0,gaussian_nominal,GaussianSensor,0.65,0.2,0.1,0.05,True,True,True,True,goal_reached,0.178166678530179,64.7,13.472986501282389,13.55525427061896,0.05179379582183122,0.1420950240092837,0.05885636634629085,0.031529113368632136,0.10329660683675182,0.042218660824330914,0.04299898896776966,0.20091840829041668,0.05532232949352985,0.10072781965795134,0.07018286272400331,5.360315960435404,5.360315960435405,0.0,8.862983746840199e-17,2.776424787817943e-16,0.30953686448404916,0.3095368644840491,0.0,63.300000000000004,1.3999999999999986,0.0,0.0,0.0,62.800000000000004,1.8999999999999986,0.0,0.0,0.0,False,False,False
418,1055095300,2099702196,0,gaussian_nominal,GaussianSensor,0.65,0.2,0.1,0.05,True,True,True,True,goal_reached,0.22840666905151355,59.800000000000004,13.07381201740932,13.255738846476635,0.05449831854892959,0.1413072852304593,0.0600718597938286,0.026469017557155167,0.0690303160688742,0.03152839907850724,0.04128717326416637,0.17134993058013118,0.051469960019514434,0.17491241796351092,0.08977873801379908,4.759162808489959,4.759162808489959,0.0,9.355603012245848e-17,2.237726045655905e-16,0.22735333990280815,0.22735333990280804,0.0,59.7,0.09999999999999964,0.0,0.0,0.0,59.4,0.40000000000000036,0.0,0.0,0.0,False,False,False
419,2411947258,1651693406,0,gaussian_nominal,GaussianSensor,0.65,0.2,0.1,0.05,True,True,True,True,goal_reached,0.2902367517350834,63.6,13.570071700945133,13.884019288048915,0.05385954619695666,0.15548793300187677,0.06078187406849907,0.029094113929508156,0.08945811224091027,0.03589426117828957,0.04143509297322402,0.17078737250941228,0.05394239658709403,0.3967095908713691,0.33518845865065383,5.04313546291827,5.043135462918272,0.0,8.758979918460233e-17,2.779024842816778e-16,0.48068946755147196,0.48068946755147185,0.0,63.6,0.0,0.0,0.0,0.0,63.6,0.0,0.0,0.0,0.0,False,False,False
420,2914634240,2192700923,0,gaussian_nominal,GaussianSensor,0.65,0.2,0.1,0.05,True,True,True,True,goal_reached,0.18679106216361394,75.7,14.773946239204827,14.979451878687223,0.05360058623171606,0.14391446083441833,0.060688818998788654,0.03172247075349382,0.13945633225866683,0.0413080424349589,0.04549619132146775,0.17885544619884597,0.057572096157355125,0.16091031337611852,0.12454911432819035,5.927464036171106,5.927464036171107,0.0,8.02142577229128e-17,2.8066088919804617e-16,0.4145882307385628,0.4145882307385629,0.0,70.5,5.199999999999996,0.0,0.0,0.0,70.3,5.400000000000006,0.0,0.0,0.0,False,False,False
421,3582409163,1846612564,0,gaussian_nominal,GaussianSensor,0.65,0.2,0.1,0.05,True,True,True,True,goal_reached,0.1600892499826816,66.60000000000001,13.798480156925242,13.850471942750502,0.04983858811042193,0.15501971694342476,0.05603469650572384,0.03358306320276808,0.11591022724570195,0.04156852164297341,0.04257125363814128,0.1524439502137472,0.05298623850500647,0.13352813054840368,0.09692135840935015,5.548070643433587,5.548070643433587,0.0,8.389160822196884e-17,2.776424787817943e-16,0.29410481380039966,0.2941048138003997,0.0,66.60000000000001,0.0,0.0,0.0,0.0,66.60000000000001,0.0,0.0,0.0,0.0,False,False,False
422,4008422370,2004689862,0,gaussian_nominal,GaussianSensor,0.65,0.2,0.1,0.05,True,True,True,True,goal_reached,0.19100414523911627,74.0,14.177570927744586,14.254467875309937,0.05326736940382615,0.16139927039884047,0.05930612590087279,0.03675663928807605,0.1261448443907519,0.045588469598997,0.050401567874690974,0.18771708611565555,0.062029349416225114,0.1072141115159083,0.06734375056757008,5.685739303476729,5.685739303476728,0.0,7.777741104800179e-17,2.7757743935277205e-16,0.42615288798746764,0.42615288798746764,0.0,73.3,0.7000000000000028,0.0,0.0,0.0,72.5,1.499999999999993,0.0,0.0,0.0,False,False,False
423,2882814493,1061927593,0,gaussian_nominal,GaussianSensor,0.65,0.2,0.1,0.05,True,True,True,True,goal_reached,0.17363107492993943,64.0,13.041796913661983,13.154007106054447,0.051653860947273346,0.16896531016577646,0.05823523983618844,0.02419105068230754,0.08370784091691143,0.03014489643161841,0.0397748340295736,0.19045334112753273,0.050034462066207035,0.11392883180375821,0.08764440816413212,5.041392836250681,5.041392836250681,0.0,8.973659054735338e-17,2.063081476116683e-16,0.3750635349945152,0.37506353499451517,0.0,64.0,0.0,0.0,0.0,0.0,64.0,0.0,0.0,0.0,0.0,False,False,False
424,3680502530,1923750527,0,gaussian_nominal,GaussianSensor,0.65,0.2,0.1,0.05,True,True,True,True,goal_reached,0.12223160957699748,77.0,16.208565760754087,16.303503552337933,0.05396240033221275,0.14138947191356147,0.06074657060192898,0.02567416132723655,0.07017864049630629,0.03091807977745198,0.041498524522413184,0.18113510572284422,0.05218052890646724,0.19017225753283368,0.14449631078187838,6.2230237337908525,6.223023733790853,0.0,8.441355270848873e-17,2.7833528704240246e-16,0.2798178582352658,0.2798178582352659,0.0,74.3,2.700000000000003,0.0,0.0,0.0,74.1,2.8999999999999986,0.0,0.0,0.0,False,False,False
425,2946213435,2839389369,0,gaussian_nominal,GaussianSensor,0.65,0.2,0.1,0.05,True,True,True,True,goal_reached,0.16577766733894173,62.300000000000004,12.88542245629522,12.958634657502824,0.05114761805233291,0.13042508046220727,0.05783416673926246,0.03677956176525466,0.094998163901341,0.041752798335651695,0.046427471832478126,0.14473980467196537,0.05672237190392668,0.10298428180327847,0.06154732507243077,5.366948222294916,5.366948222294916,0.0,8.889653077512217e-17,2.482534153247273e-16,0.32775126476455096,0.32775126476455096,0.0,60.50000000000001,1.7999999999999972,0.0,0.0,0.0,60.6,1.7000000000000028,0.0,0.0,0.0,False,False,False
426,2667510470,1232235575,0,gaussian_nominal,GaussianSensor,0.65,0.2,0.1,0.05,True,True,True,True,goal_reached,0.26026040333864503,66.9,13.181032925092723,13.366329440789618,0.05246570237375647,0.17386169688612532,0.05894822342080897,0.03220768880930518,0.09131432869234761,0.03940823923512837,0.04365156534374092,0.17386169688612532,0.05486944681988286,0.12983454882457685,0.10652322217744677,5.513731868894489,5.513731868894489,0.0,8.274385089372803e-17,2.9893669801409083e-16,0.27842896450885757,0.27842896450885757,0.0,65.5,1.3999999999999986,0.0,0.0,0.0,65.0,1.8999999999999986,0.0,0.0,0.0,False,False,False
427,2775479302,3129694536,0,gaussian_nominal,GaussianSensor,0.65,0.2,0.1,0.05,False,False,False,False,planning_failure,nan,nan,nan,nan,nan,nan,nan,nan,nan,nan,nan,nan,nan,nan,nan,nan,nan,nan,nan,nan,nan,nan,nan,,,,,,,,,,,,,
428,583548122,2742868653,0,gaussian_nominal,GaussianSensor,0.65,0.2,0.1,0.05,True,True,True,True,goal_reached,0.2082360347799035,78.2,14.917240127504368,15.030440103608665,0.05461863246452946,0.2210065796587899,0.06166783697820122,0.02551042873086938,0.07636902453428725,0.031492228183556126,0.0413257337313153,0.2202227765733514,0.05157047536048458,0.1713962684518359,0.12173667992077614,5.816599637011033,5.816599637011034,0.0,7.390515487463653e-17,2.779024842816778e-16,0.2871267046858209,0.2871267046858209,0.0,78.2,0.0,0.0,0.0,0.0,78.2,0.0,0.0,0.0,0.0,False,False,False
429,395063575,893168507,0,gaussian_nominal,GaussianSensor,0.65,0.2,0.1,0.05,True,True,True,True,goal_reached,0.1660196928282624,65.4,13.578146639758472,13.696613050715962,0.04982496938597198,0.19296665447608574,0.05678815483590059,0.02554315807461784,0.10686398429137843,0.03402670349343894,0.041701917223502145,0.2260880710218933,0.05468372813271131,0.14428896140563385,0.12012829572685908,4.920861832980965,4.9208618329809655,0.0,8.706261971654016e-17,1.962615573354719e-16,0.2998940166675,0.29989401666749993,0.0,65.4,0.0,0.0,0.0,0.0,65.4,0.0,0.0,0.0,0.0,False,False,False
430,3316604475,3569072220,0,gaussian_nominal,GaussianSensor,0.65,0.2,0.1,0.05,True,True,True,True,goal_reached,0.1808269442790156,68.9,14.031694166765309,14.158023020267285,0.05192244006718985,0.17156216200862737,0.05801883831282361,0.02548370478874253,0.0898903181190772,0.03347421565064497,0.03758455822760193,0.17318767594052847,0.04814502198231707,0.24275594623372612,0.19731326336086571,5.24921880444224,5.24921880444224,0.0,7.956163271811583e-17,2.830524433501838e-16,0.5353473713535917,0.5353473713535917,0.0,63.400000000000006,5.5,0.0,0.0,0.0,63.0,5.900000000000006,0.0,0.0,0.0,False,False,False
431,2622342899,1742826588,0,gaussian_nominal,GaussianSensor,0.65,0.2,0.1,0.05,True,True,True,True,goal_reached,0.21875099128998032,62.0,13.106879879980387,13.21961398356014,0.05219257543452145,0.19717401878002316,0.05939847763501447,0.033107575375827016,0.10472059132513509,0.04238171180970173,0.046452109019695056,0.19717401878002316,0.0590308607972745,0.1268688320915963,0.041509526544989524,5.0003463658386895,5.000346365838689,0.0,8.80831185684525e-17,2.5219801032797316e-16,0.36354607397889244,0.36354607397889244,0.0,62.0,0.0,0.0,0.0,0.0,62.0,0.0,0.0,0.0,0.0,False,False,False
432,3286438300,234230365,0,gaussian_nominal,GaussianSensor,0.65,0.2,0.1,0.05,True,True,True,True,goal_reached,0.18455566551949992,67.0,13.685874771222352,13.850659853865388,0.049294884618315084,0.16613687810550687,0.055416096616862025,0.021172845328053743,0.06657405864627375,0.026418106618024333,0.038516828258599256,0.14129205612502052,0.047696852387803725,0.14263242284490388,0.09259840238489035,5.052449203199214,5.052449203199215,0.0,8.053227265956221e-17,1.7772239894833365e-16,0.21749749544296185,0.21749749544296187,0.0,67.0,0.0,0.0,0.0,0.0,67.0,0.0,0.0,0.0,0.0,False,False,False
433,2750417563,1262226921,0,gaussian_nominal,GaussianSensor,0.65,0.2,0.1,0.05,True,True,True,True,goal_reached,0.23527845686613336,73.4,14.742308096883004,14.844105998038058,0.05414251033076041,0.1688216114074501,0.06058250449857165,0.032477701741288285,0.1029813536582802,0.040396339633115466,0.048118256025040836,0.1857511067406685,0.060356677778598836,0.16556062523547718,0.09898044428168147,6.188316827642791,6.18831682764279,0.0,8.28057021351636e-17,2.7755575615628914e-16,0.28379809227034475,0.28379809227034475,0.0,71.7,1.7000000000000028,0.0,0.0,0.0,71.9,1.5,0.0,0.0,0.0,False,False,False
434,4219808666,4170911108,0,gaussian_nominal,GaussianSensor,0.65,0.2,0.1,0.05,True,True,True,True,goal_reached,0.1759683144223723,77.80000000000001,14.330694248009006,14.396780975486644,0.05135327953177269,0.23305126487674113,0.05804192391843774,0.02864559139893773,0.11236709412604176,0.03562121425746964,0.04356104809563356,0.2327648452994546,0.05512795388935479,0.2001009254280333,0.15640895278735734,5.481400008606601,5.481400008606601,0.0,7.398507185514215e-17,2.8066088919804617e-16,0.23988704639986197,0.23988704639986191,0.0,74.9,2.8999999999999986,0.0,0.0,0.0,75.60000000000001,2.1999999999999993,0.0,0.0,0.0,False,False,False
435,2996272099,2135640333,0,gaussian_nominal,GaussianSensor,0.65,0.2,0.1,0.05,False,False,False,False,planning_failure,nan,nan,nan,nan,nan,nan,nan,nan,nan,nan,nan,nan,nan,nan,nan,nan,nan,nan,nan,nan,nan,nan,nan,,,,,,,,,,,,,
436,2404354633,3116284140,0,gaussian_nominal,GaussianSensor,0.65,0.2,0.1,0.05,True,True,True,True,goal_reached,0.08919111459741935,67.9,13.668188806876962,13.708473516592594,0.05046332460413133,0.1478861167914374,0.05808394057574622,0.030151521756919535,0.09341125390027005,0.036641853059033086,0.043427156651043804,0.17776612202060446,0.05571201056317363,0.15541198964604652,0.13722607995415162,5.13996096139293,5.13996096139293,0.0,8.09282244456183e-17,1.962615573354719e-16,0.324364120186789,0.324364120186789,0.0,67.9,0.0,0.0,0.0,0.0,67.9,0.0,0.0,0.0,0.0,False,False,False
437,1785047775,2412942496,0,gaussian_nominal,GaussianSensor,0.65,0.2,0.1,0.05,False,False,False,False,planning_failure,nan,nan,nan,nan,nan,nan,nan,nan,nan,nan,nan,nan,nan,nan,nan,nan,nan,nan,nan,nan,nan,nan,nan,,,,,,,,,,,,,
438,1137720147,103076549,0,gaussian_nominal,GaussianSensor,0.65,0.2,0.1,0.05,True,True,True,True,goal_reached,0.18917938607828824,61.900000000000006,13.253683942395288,13.390097378321641,0.05121938637000502,0.24946253931323173,0.0577784117269137,0.02877183489112282,0.0913549859240538,0.03534210302642172,0.04125209820744777,0.1641739346717942,0.052514829235257354,0.12098804079183384,0.08027586025265948,4.962196275520809,4.962196275520808,0.0,9.098261206883936e-17,1.962615573354719e-16,0.3107209437253808,0.3107209437253808,0.0,56.60000000000001,5.299999999999997,0.0,0.0,0.0,56.50000000000001,5.399999999999999,0.0,0.0,0.0,False,False,False
439,4162669629,1339972080,0,gaussian_nominal,GaussianSensor,0.65,0.2,0.1,0.05,True,True,True,True,goal_reached,0.1459377274186122,83.4,17.03063157672299,17.379881654163952,0.05046819862076406,0.17289510414300271,0.057037486280232086,0.033381046089237865,0.11448972755575917,0.0411893621281403,0.04496467722844914,0.17244774990241954,0.05596910745953586,0.11518937355783566,0.09952458158499944,6.833006125837645,6.833006125837646,0.0,8.064791471450452e-17,2.779024842816778e-16,0.2813498289170323,0.2813498289170323,0.0,83.4,0.0,0.0,0.0,0.0,83.3,0.10000000000000142,0.0,0.0,0.0,False,False,False
440,4238156698,1041179357,0,gaussian_nominal,GaussianSensor,0.65,0.2,0.1,0.05,True,True,True,True,goal_reached,0.21284956209907444,71.4,14.264277564415472,14.435496233754645,0.05186277409627834,0.1597874190001318,0.05912736754180829,0.028863338212693913,0.09435882505073862,0.035916130624633474,0.04027376215184156,0.17734647040521745,0.050352168113820664,0.16998760539664118,0.13579805526035305,5.4620290639199025,5.462029063919903,0.0,8.127402961369319e-17,2.7755575615628914e-16,0.261550930849112,0.26155093084911196,0.0,71.4,0.0,0.0,0.0,0.0,71.4,0.0,0.0,0.0,0.0,False,False,False
441,2321526583,4105025827,0,gaussian_nominal,GaussianSensor,0.65,0.2,0.1,0.05,True,True,True,True,goal_reached,0.15990116310598784,73.5,14.903328347467554,15.021835040488003,0.05071169383109864,0.16974821577381602,0.05702792792111554,0.029769454145525193,0.098892256780666,0.03793788772984477,0.04289126902663722,0.16897926697634802,0.05393201883659669,0.17768627543916438,0.10408618027470773,5.900734781171371,5.900734781171371,0.0,7.982987918904149e-17,2.779024842816778e-16,0.2851765779535385,0.28517657795353857,0.0,68.29999999999998,5.20000000000001,0.0,0.0,0.0,67.6,5.900000000000006,0.0,0.0,0.0,False,False,False
442,2806551846,2921142390,0,gaussian_nominal,GaussianSensor,0.65,0.2,0.1,0.05,True,True,True,True,goal_reached,0.15336287839405408,67.60000000000001,14.006618682382875,14.035626882411453,0.05077847407652236,0.15830499615960497,0.057357197994280726,0.031716973267133595,0.10281228471241448,0.04057286265629272,0.04357014903563711,0.17724466223262658,0.05429967846565143,0.1500504873957187,0.10536569770351889,5.328575221572893,5.328575221572893,0.0,8.272419830861301e-17,2.776424787817943e-16,0.294021905592342,0.294021905592342,0.0,67.60000000000001,0.0,0.0,0.0,0.0,67.60000000000001,0.0,0.0,0.0,0.0,False,False,False
443,530442452,3520819212,0,gaussian_nominal,GaussianSensor,0.65,0.2,0.1,0.05,True,True,True,True,goal_reached,0.11952537950695268,70.7,13.955511775439891,14.148957857472508,0.056095501994652484,0.16378132936466552,0.06324631185287023,0.03446070075918353,0.096010186265735,0.04176679688008544,0.04760066682681941,0.17909051918734667,0.0597105744665323,0.10330578675019243,0.034479463910890115,5.654250353680461,5.654250353680461,0.0,7.986479249264761e-17,2.7755575615628914e-16,0.2649414475553988,0.2649414475553988,0.0,69.1,1.5999999999999979,0.0,0.0,0.0,69.0,1.6999999999999957,0.0,0.0,0.0,False,False,False
444,1845962377,664921687,0,gaussian_nominal,GaussianSensor,0.65,0.2,0.1,0.05,True,True,True,True,goal_reached,0.19057020993978022,72.9,14.563942320406385,14.712599750638084,0.051909228313135006,0.14866854554031553,0.05863122549357502,0.025624752315330675,0.08520269202850272,0.03307488187282337,0.0426146224421233,0.14586051876508757,0.052279394261850604,0.18968984498353106,0.15677815386668922,5.701202615218357,5.701202615218357,0.0,7.907474630482457e-17,2.776424787817943e-16,0.2554690783646665,0.2554690783646665,0.0,68.0,4.899999999999999,0.0,0.0,0.0,67.60000000000001,5.299999999999997,0.0,0.0,0.0,False,False,False
445,127337084,683216640,0,gaussian_nominal,GaussianSensor,0.65,0.2,0.1,0.05,True,True,True,True,goal_reached,0.22951790749840573,70.9,13.795743210673706,13.961305184313938,0.05256938323868056,0.15845594010056624,0.05853675071707295,0.02672940403614645,0.0740647511920065,0.03234899082510878,0.043380083487742666,0.16686288196088603,0.05306833345601988,0.15647946455812028,0.09067439491033302,5.286445457707009,5.286445457707009,0.0,7.944136249638334e-17,2.237726045655905e-16,0.2688549419819112,0.2688549419819112,0.0,70.80000000000001,0.09999999999999432,0.0,0.0,0.0,70.5,0.4000000000000057,0.0,0.0,0.0,False,False,False
446,2775364023,2422759464,0,gaussian_nominal,GaussianSensor,0.65,0.2,0.1,0.05,True,True,True,True,goal_reached,0.14985464368040427,77.60000000000001,15.171799311494327,15.223936657346107,0.050238421456621045,0.181035857122738,0.056620484335727236,0.03475264981948868,0.10193722768909037,0.04155330796417512,0.04296282262854127,0.1675413673641594,0.05230815437867262,0.15434929735991806,0.11796649977166104,6.110234469875525,6.110234469875525,0.0,7.551505876488092e-17,2.8066088919804617e-16,0.29639044944268084,0.2963904494426808,0.0,77.60000000000001,0.0,0.0,0.0,0.0,77.60000000000001,0.0,0.0,0.0,0.0,False,False,False
447,769208838,2108056196,0,gaussian_nominal,GaussianSensor,0.65,0.2,0.1,0.05,True,True,True,True,goal_reached,0.21739351182623015,69.2,13.069050587696736,13.264258353557997,0.055722619911012405,0.21463063766435458,0.06267913565957946,0.035957521996353985,0.09776896890770964,0.04481626749511036,0.04622349560355608,0.21463063766435458,0.05697566036132434,0.32396603836830207,0.26176734891428133,5.012627149468614,5.012627149468614,0.0,8.574402886233413e-17,1.7772239894833365e-16,0.2536489721221331,0.2536489721221331,0.0,68.9,0.29999999999999716,0.0,0.0,0.0,69.0,0.19999999999999574,0.0,0.0,0.0,False,False,False
448,3043459404,2731378376,0,gaussian_nominal,GaussianSensor,0.65,0.2,0.1,0.05,True,True,True,True,goal_reached,0.22237324848978984,75.9,16.294498274982246,16.478071302052854,0.051644150650678615,0.1948780202436336,0.058525677638955276,0.02761988068571547,0.09318503195117975,0.034247728997586956,0.046096455731961916,0.19437893818807003,0.05748523680135649,0.18846901226013493,0.17098323313195962,6.04995801678149,6.049958016781492,0.0,8.115560534817557e-17,2.7833528704240246e-16,0.26557399327057946,0.2655739932705795,0.0,75.9,0.0,0.0,0.0,0.0,75.9,0.0,0.0,0.0,0.0,False,False,False
449,4010961629,3768035838,0,gaussian_nominal,GaussianSensor,0.65,0.2,0.1,0.05,True,True,True,True,goal_reached,0.20603392525942787,70.2,13.901546937401775,14.03474824567697,0.05217066151377559,0.17703321039242176,0.058844821485181595,0.032378428592460685,0.0991569301950065,0.041087382779358035,0.048329838336798804,0.17703321039242176,0.05986473860736705,0.0881141939099333,0.02831119321205498,5.39846000199268,5.39846000199268,0.0,8.445014065759241e-17,2.7755575615628914e-16,0.3250546374647402,0.3250546374647402,0.0,63.900000000000006,6.299999999999997,0.0,0.0,0.0,63.60000000000001,6.599999999999991,0.0,0.0,0.0,False,False,False
450,1928687484,2584878143,0,gaussian_nominal,GaussianSensor,0.65,0.2,0.1,0.05,False,False,False,False,planning_failure,nan,nan,nan,nan,nan,nan,nan,nan,nan,nan,nan,nan,nan,nan,nan,nan,nan,nan,nan,nan,nan,nan,nan,,,,,,,,,,,,,
451,4152053962,3199768913,0,gaussian_nominal,GaussianSensor,0.65,0.2,0.1,0.05,True,True,True,True,goal_reached,0.21819809678696384,69.0,13.66325495876149,13.8428072553712,0.04793197204278314,0.15351812687573382,0.054721775719519444,0.02798120807100047,0.11823664413784182,0.03869529712245218,0.040874880669723425,0.21030914115067897,0.05297672843563965,0.1379741725097399,0.0515275996359677,5.427882578723718,5.427882578723718,0.0,7.931652016193457e-17,2.5018537765542007e-16,0.3626317963749178,0.3626317963749178,0.0,62.69999999999999,6.300000000000005,0.0,0.0,0.0,63.199999999999996,5.8,0.0,0.0,0.0,False,False,False
452,4168572242,1705565391,0,gaussian_nominal,GaussianSensor,0.65,0.2,0.1,0.05,True,True,True,True,goal_reached,0.16944800085788495,90.0,17.467633810984434,17.53360465996083,0.05312257994505335,0.19031647277871463,0.05982082311771466,0.03459947829299164,0.13291333312234055,0.044065234561447286,0.04517718052212672,0.22624262351956315,0.05667000056440254,0.10276671874177075,0.06969336370924036,7.231122363124186,7.231122363124187,0.0,7.963956913612215e-17,2.7757743935277205e-16,0.279164019358625,0.27916401935862506,0.0,88.6,1.3999999999999986,0.0,0.0,0.0,88.4,1.5999999999999943,0.0,0.0,0.0,False,False,False
453,139743901,2440869414,0,gaussian_nominal,GaussianSensor,0.65,0.2,0.1,0.05,True,True,True,True,goal_reached,0.16476055604220627,68.5,13.381823149867413,13.37594380542943,0.053200491643445695,0.1609502412894813,0.059288678002357216,0.042990089270508895,0.09863074095063624,0.04915484902961452,0.04984570837188697,0.18974037505784055,0.06203105331131867,0.2531128662796744,0.19937126581802156,5.660354433941658,5.660354433941658,0.0,8.205132356384055e-17,2.7755575615628914e-16,0.35785404519611,0.35785404519611,0.0,68.3,0.20000000000000284,0.0,0.0,0.0,68.3,0.19999999999999574,0.0,0.0,0.0,False,False,False
454,535639341,2753489956,0,gaussian_nominal,GaussianSensor,0.65,0.2,0.1,0.05,True,True,True,True,goal_reached,0.14253167788194446,72.0,14.281310833260779,14.39948491931562,0.05359539593330838,0.34827768373587004,0.06066560681962274,0.029046864111023026,0.07488769583917616,0.03386435898516185,0.04325367583269205,0.34827768373587004,0.05415479874205365,0.13839118386363775,0.11615784240172224,5.798152808372528,5.798152808372529,0.0,8.280125312434137e-17,2.3263411494723067e-16,0.27060303484345194,0.27060303484345194,0.0,68.99999999999999,3.000000000000014,0.0,0.0,0.0,68.10000000000001,3.8999999999999915,0.0,0.0,0.0,False,False,False
455,1358971682,2777370745,0,gaussian_nominal,GaussianSensor,0.65,0.2,0.1,0.05,True,True,True,True,goal_reached,0.21575472435615173,67.9,13.506506625482587,13.743801877497104,0.05307447106244319,0.17494162204079808,0.06019089620452142,0.03228023641476913,0.12338899872511506,0.04045537550809649,0.04303965900071371,0.16883272690468895,0.053952281855314616,0.1325616008520645,0.09618430978663683,5.537657956410824,5.537657956410824,0.0,8.301441676861531e-17,1.962615573354719e-16,0.290119523439936,0.29011952343993597,0.0,63.2,4.7,0.0,0.0,0.0,63.400000000000006,4.5,0.0,0.0,0.0,False,False,False
456,2249758613,3075958973,0,gaussian_nominal,GaussianSensor,0.65,0.2,0.1,0.05,True,True,True,True,goal_reached,0.25315216890485553,66.7,13.428176629916766,13.551772256958477,0.052072316151485824,0.15353169522844345,0.05900085468422403,0.027669707887759035,0.11309215753814085,0.03721010864791508,0.048064920966875285,0.15583027496891155,0.05816537323184809,0.27093543006007664,0.23628852152144492,5.815676906390129,5.815676906390129,0.0,8.660179296270545e-17,2.7894008272968645e-16,0.3312296328154666,0.3312296328154666,0.0,63.300000000000004,3.3999999999999986,0.0,0.0,0.0,63.5,3.200000000000002,0.0,0.0,0.0,False,False,False
457,3234002399,399691633,0,gaussian_nominal,GaussianSensor,0.65,0.2,0.1,0.05,True,True,True,True,goal_reached,0.1630495595867872,65.7,13.213447757026307,13.310020001512132,0.05291475091538506,0.2100529076890052,0.05975039123982047,0.027027811136010476,0.09732621861615551,0.03405946444534433,0.04166846088938646,0.15328147671775874,0.05185815132848704,0.10474714717641426,0.0770061074294362,5.307528616759917,5.307528616759917,0.0,8.47901917725307e-17,1.962615573354719e-16,0.2156503449050856,0.21565034490508553,0.0,65.7,0.0,0.0,0.0,0.0,65.7,0.0,0.0,0.0,0.0,False,False,False
458,2203017644,679757135,0,gaussian_nominal,GaussianSensor,0.65,0.2,0.1,0.05,True,True,True,True,goal_reached,0.24308339362833867,69.7,13.887195690420171,13.966880514930745,0.05241537697695158,0.23588004409994798,0.05961798006425001,0.03249236466587178,0.1004608309606905,0.0400684809004589,0.048301407720919065,0.21746022254163047,0.05963343510301057,0.43322843149538315,0.3532234254590101,5.390564893229036,5.390564893229036,0.0,8.268230254989354e-17,1.7772239894833365e-16,0.2692947588788054,0.2692947588788054,0.0,69.7,0.0,0.0,0.0,0.0,69.7,0.0,0.0,0.0,0.0,False,False,False
459,506516199,1391648510,0,gaussian_nominal,GaussianSensor,0.65,0.2,0.1,0.05,True,True,True,True,goal_reached,0.1848739614120509,74.3,15.804199595987969,15.970469838305664,0.05047070487376659,0.20567807997044454,0.056922945427380585,0.024443099572119525,0.12267860412297586,0.03387769499595728,0.04067869384806834,0.2107234464441014,0.05205502453942059,0.20259694312302393,0.15345882071579364,6.372088102582194,6.372088102582194,0.0,7.959211349110199e-17,2.7755575615628914e-16,0.28305387014798794,0.28305387014798794,0.0,74.3,0.0,0.0,0.0,0.0,74.3,0.0,0.0,0.0,0.0,False,False,False
460,3148336134,4052583908,0,gaussian_nominal,GaussianSensor,0.65,0.2,0.1,0.05,True,True,True,True,goal_reached,0.21865863586072504,64.60000000000001,13.146890177990059,13.26512801672084,0.052938464382052644,0.1705763641415803,0.06012574901566269,0.035193566832427026,0.12341394022030555,0.04611935438971148,0.04600074619240709,0.18094619764479317,0.057483781222444956,0.5033543329108898,0.4103336773227794,5.0287428774557315,5.028742877455732,0.0,8.629080307939358e-17,1.8670653977139892e-16,0.30666735933951655,0.3066673593395166,0.0,64.60000000000001,0.0,0.0,0.0,0.0,64.60000000000001,0.0,0.0,0.0,0.0,False,False,False
461,2541265752,4115274506,0,gaussian_nominal,GaussianSensor,0.65,0.2,0.1,0.05,False,False,False,False,planning_failure,nan,nan,nan,nan,nan,nan,nan,nan,nan,nan,nan,nan,nan,nan,nan,nan,nan,nan,nan,nan,nan,nan,nan,,,,,,,,,,,,,
462,1485890029,2960204149,0,gaussian_nominal,GaussianSensor,0.65,0.2,0.1,0.05,True,True,True,True,goal_reached,0.150407489209101,79.60000000000001,14.915367859042817,14.805058716610391,0.05205527868887691,0.16667510784168074,0.05784040418400435,0.033277355608805,0.10943751600763772,0.040637297659183565,0.04342340313766134,0.1664481348035365,0.05426053392012949,0.21332134820776272,0.1321213058412054,5.981567256616153,5.981567256616154,0.0,7.644060278363803e-17,2.5133742693021536e-16,0.38624448861791155,0.38624448861791155,0.0,69.6,10.000000000000009,0.0,0.0,0.0,70.7,8.900000000000006,0.0,0.0,0.0,False,False,False
463,301383822,2172981111,0,gaussian_nominal,GaussianSensor,0.65,0.2,0.1,0.05,True,True,True,True,goal_reached,0.17542534640696852,70.0,14.203449425168046,14.353031936537091,0.04895807609278496,0.14100587748209295,0.05574985402172832,0.02475543381849614,0.09617029356886515,0.03147332044250819,0.04059616979071221,0.15350654131614405,0.04981834234212239,0.18983515542133195,0.1296559855372985,5.455546618027703,5.455546618027703,0.0,8.219301237013687e-17,2.7833528704240246e-16,0.30874678005241857,0.30874678005241857,0.0,70.0,0.0,0.0,0.0,0.0,70.0,0.0,0.0,0.0,0.0,False,False,False
464,2308831160,1833916880,0,gaussian_nominal,GaussianSensor,0.65,0.2,0.1,0.05,True,True,True,True,goal_reached,0.20224590559355968,67.4,13.423447090855491,13.598028841576136,0.05568578119046143,0.20748288496653922,0.062412353184141255,0.0455434252315532,0.12733755870586763,0.05672341593711554,0.049488970907410154,0.20636031191345136,0.06170594237878516,0.08813257560415325,0.06975351440460323,5.193415704582186,5.193415704582186,0.0,8.367411922969226e-17,1.8670653977139892e-16,0.4702789081543266,0.47027890815432666,0.0,65.0,2.400000000000004,0.0,0.0,0.0,64.19999999999999,3.2000000000000117,0.0,0.0,0.0,False,False,False
465,3560128294,3313768472,0,gaussian_nominal,GaussianSensor,0.65,0.2,0.1,0.05,False,False,False,False,planning_failure,nan,nan,nan,nan,nan,nan,nan,nan,nan,nan,nan,nan,nan,nan,nan,nan,nan,nan,nan,nan,nan,nan,nan,,,,,,,,,,,,,
466,776986923,4124742154,0,gaussian_nominal,GaussianSensor,0.65,0.2,0.1,0.05,True,True,True,True,goal_reached,0.20366419004667632,73.3,14.945683969742458,15.078529157119956,0.05028637040992947,0.24714598978442287,0.057525915976617215,0.03083893347267068,0.08480406133667182,0.03688276992827129,0.039863428534425795,0.22305201580199868,0.049408914406744255,0.11422315643727307,0.07824734499316047,5.606037285644722,5.606037285644722,0.0,7.890886107729402e-17,2.776424787817943e-16,0.26277643733870626,0.26277643733870626,0.0,73.3,0.0,0.0,0.0,0.0,73.3,0.0,0.0,0.0,0.0,False,False,False
467,2850336734,11142806,0,gaussian_nominal,GaussianSensor,0.65,0.2,0.1,0.05,True,True,True,True,goal_reached,0.17701418296885288,68.0,13.540387044222213,13.64239060022155,0.050247817747416025,0.1544208084902434,0.05685306670112402,0.02442743421386512,0.08660766193562228,0.03167936772653701,0.038188660896844286,0.14517913242536457,0.047583560084156096,0.15038933271785407,0.09801198601293848,5.365691414376591,5.365691414376591,0.0,8.354651348199714e-17,1.962615573354719e-16,0.2397999136817049,0.2397999136817049,0.0,67.8,0.20000000000000284,0.0,0.0,0.0,68.0,0.0,0.0,0.0,0.0,False,False,False
468,506447374,1862155830,0,gaussian_nominal,GaussianSensor,0.65,0.2,0.1,0.05,True,True,True,True,goal_reached,0.20582494912945548,71.7,14.216086546732772,14.417552289465485,0.050987360564672464,0.1500536243022949,0.057577963416738626,0.026911307351506722,0.10070576624455722,0.034466808826925086,0.04012838417508572,0.17188836181023712,0.051403991929022994,0.14033310857968104,0.11485943667407605,5.617754151566442,5.617754151566443,0.0,7.967084531814618e-17,2.7756117711421305e-16,0.37107881467710063,0.37107881467710074,0.0,71.7,0.0,0.0,0.0,0.0,71.7,0.0,0.0,0.0,0.0,False,False,False
469,38382694,611277468,0,gaussian_nominal,GaussianSensor,0.65,0.2,0.1,0.05,True,True,True,True,goal_reached,0.1694160363699541,69.4,13.264186889516365,13.332308871380153,0.05176090723982818,0.16513526792777014,0.058099552710253875,0.026554746509186933,0.08309811076045924,0.033273939411798785,0.043914319445141486,0.15913228256521303,0.053176012174844016,0.12155638133021808,0.10228168727417271,5.609722471771969,5.609722471771969,0.0,8.070559349365134e-17,1.8670653977139892e-16,0.2553727314344826,0.25537273143448247,0.0,69.4,0.0,0.0,0.0,0.0,69.4,0.0,0.0,0.0,0.0,False,False,False
470,1614957771,2769797369,0,gaussian_nominal,GaussianSensor,0.65,0.2,0.1,0.05,True,True,True,True,goal_reached,0.16571986097133146,77.30000000000001,15.71629182836863,15.942426905853702,0.05169801357461936,0.1729553187776631,0.05833655010674001,0.039524071596310904,0.15742026029767436,0.050589632905024925,0.047625050364913456,0.20424386813392,0.06120713436750795,0.18526511740543594,0.1294659389927002,6.218682776719819,6.218682776719819,0.0,8.135991142959749e-17,2.776424787817943e-16,0.4869293159692426,0.48692931596924266,0.0,70.7,6.599999999999998,0.0,0.0,0.0,69.9,7.400000000000004,0.0,0.0,0.0,False,False,False
471,1947553387,2982980601,0,gaussian_nominal,GaussianSensor,0.65,0.2,0.1,0.05,True,True,True,True,goal_reached,0.19023856384814136,62.2,12.963881679741133,13.020113158218148,0.05238528859487621,0.2896160003117672,0.05947051354111801,0.03689359174706561,0.11980475017006738,0.045800632769450345,0.04697945724950243,0.2891896066989544,0.05902892000010354,0.19762517497232202,0.15279920042153858,5.1130461742167395,5.1130461742167395,0.0,8.964601339869658e-17,1.8670653977139892e-16,0.26059758161197616,0.26059758161197616,0.0,62.2,0.0,0.0,0.0,0.0,62.2,0.0,0.0,0.0,0.0,False,False,False
472,1889259062,1512499680,0,gaussian_nominal,GaussianSensor,0.65,0.2,0.1,0.05,True,True,True,True,goal_reached,0.19247306688399035,78.5,15.250768781517525,15.549183418697293,0.051461481725614114,0.17702116204363594,0.05858589763762286,0.029597634430212696,0.1357732203206391,0.03754155769042195,0.04255744104570978,0.17292627581260872,0.053754035856519666,0.11628349294202947,0.08484595515397267,6.255165027602919,6.255165027602919,0.0,7.708489528366771e-17,2.5324586304240974e-16,0.28081424013843737,0.2808142401384373,0.0,71.8,6.699999999999999,0.0,0.0,0.0,70.8,7.700000000000003,0.0,0.0,0.0,False,False,False
473,3323850896,2015045576,0,gaussian_nominal,GaussianSensor,0.65,0.2,0.1,0.05,True,True,True,True,goal_reached,0.24943528334938161,65.10000000000001,13.35783898408328,13.483000417236749,0.05330176524012022,0.21413937399151042,0.05942799123045407,0.02588094249175316,0.10294564073141821,0.03320230701874887,0.042194977116283144,0.15235177730048102,0.05290765969082207,0.17512254305292033,0.16035439017537845,5.158710563073632,5.158710563073631,0.0,8.661397129287351e-17,2.779024842816778e-16,0.2937737790594219,0.2937737790594219,0.0,64.8,0.30000000000000426,0.0,0.0,0.0,64.4,0.6999999999999957,0.0,0.0,0.0,False,False,False
474,301557636,2102269319,0,gaussian_nominal,GaussianSensor,0.65,0.2,0.1,0.05,True,True,True,True,goal_reached,0.21329103897860813,71.60000000000001,13.71850313063354,13.83334446636013,0.053418519160533896,0.19376676467182719,0.060452991980264194,0.022403637217686952,0.07313199399058949,0.028533756612144332,0.03964795874301656,0.16921656660842976,0.04944085643139862,0.17168064258981905,0.12806371116568485,5.215517099286663,5.215517099286663,0.0,8.099273119262708e-17,2.779024842816778e-16,0.23938679674627095,0.23938679674627092,0.0,71.60000000000001,0.0,0.0,0.0,0.0,71.60000000000001,0.0,0.0,0.0,0.0,False,False,False
475,2131969918,99288110,0,gaussian_nominal,GaussianSensor,0.65,0.2,0.1,0.05,True,True,True,True,goal_reached,0.1458232748007337,67.7,13.214796095875581,13.247591533482582,0.04979144744567296,0.18928471839121924,0.056686276443250076,0.02981016432724517,0.08548714865134865,0.03691921569463285,0.04448381149256179,0.18672988028332504,0.05583565071864248,0.13927856534337513,0.06616497598720272,5.585333141800754,5.585333141800754,0.0,8.290464882491991e-17,2.1677797545656835e-16,0.2770072638533811,0.2770072638533811,0.0,65.8,1.9000000000000057,0.0,0.0,0.0,66.10000000000001,1.5999999999999943,0.0,0.0,0.0,False,False,False
476,447607539,1053281374,0,gaussian_nominal,GaussianSensor,0.65,0.2,0.1,0.05,True,True,True,True,goal_reached,0.1481795116674632,62.0,12.774619891016478,12.83087512830586,0.05197483495359,0.14934056995585498,0.05930282827747054,0.030288569946963415,0.1034938361366577,0.03849439669988184,0.043972652400246795,0.1848164987952292,0.055645372705308914,0.13182365052118647,0.10334157721295867,5.031501203491219,5.031501203491219,0.0,9.362618390020951e-17,2.5589376332604516e-16,0.39646580036428614,0.39646580036428614,0.0,62.0,0.0,0.0,0.0,0.0,62.0,0.0,0.0,0.0,0.0,False,False,False
477,2621228370,2580436250,0,gaussian_nominal,GaussianSensor,0.65,0.2,0.1,0.05,True,True,True,True,goal_reached,0.19443875445343517,74.7,15.489493551588785,15.639954835270224,0.05089322170433839,0.13137382407167233,0.05681477461709581,0.02725727346951082,0.10234056004890144,0.03462849708416855,0.04085596728354323,0.16651330343983348,0.05152757641952485,0.18103561025997084,0.15003048913005385,5.785155623626203,5.785155623626203,0.0,8.231888613967811e-17,2.7894008272968645e-16,0.23050824789043836,0.23050824789043844,0.0,74.7,0.0,0.0,0.0,0.0,74.7,0.0,0.0,0.0,0.0,False,False,False
478,2875798271,4241047379,0,gaussian_nominal,GaussianSensor,0.65,0.2,0.1,0.05,False,False,False,False,planning_failure,nan,nan,nan,nan,nan,nan,nan,nan,nan,nan,nan,nan,nan,nan,nan,nan,nan,nan,nan,nan,nan,nan,nan,,,,,,,,,,,,,
479,97946494,3150012955,0,gaussian_nominal,GaussianSensor,0.65,0.2,0.1,0.05,True,True,True,True,goal_reached,0.18507734490477032,71.4,14.245665404984848,14.288774542451284,0.051116004810025845,0.17372009124191762,0.05740362572181519,0.032818864789806106,0.10077322317973732,0.03951701021537776,0.04248846397216741,0.18045618090189453,0.05426664251505287,0.4683235327154467,0.3895595483372158,5.656707304152495,5.656707304152495,0.0,7.996507997263606e-17,2.779024842816778e-16,0.2798317236211252,0.2798317236211252,0.0,71.4,0.0,0.0,0.0,0.0,71.4,0.0,0.0,0.0,0.0,False,False,False
480,2941189654,1656477099,0,gaussian_nominal,GaussianSensor,0.65,0.2,0.1,0.05,True,True,True,True,goal_reached,0.14856280219834855,68.8,13.962102665909358,14.043394241321641,0.05232816305080805,0.15125200155277713,0.059192422301523336,0.023502670838364503,0.08589908882299536,0.029340874789708236,0.04044354975919793,0.14728554230464566,0.04940181680485438,0.19369884477089255,0.16447718414261392,5.330454615622382,5.330454615622382,0.0,8.333641216878404e-17,1.962615573354719e-16,0.2683069207361636,0.2683069207361636,0.0,63.89999999999999,4.9,0.0,0.0,0.0,63.699999999999996,5.1,0.0,0.0,0.0,False,False,False
481,1120920137,1371190207,0,gaussian_nominal,GaussianSensor,0.65,0.2,0.1,0.05,True,True,True,True,goal_reached,0.1575162277386648,64.3,13.20488484492552,13.283588461063617,0.05230818223414732,0.15748004713365918,0.05914471721306385,0.0270557543627832,0.08165306980671427,0.033499332685862485,0.04483633424250807,0.18132498810272174,0.05576946957885453,0.15749849996899512,0.1274281670267826,4.883598233583734,4.883598233583734,0.0,8.966313949357606e-17,2.237726045655905e-16,0.3427983926460463,0.3427983926460463,0.0,64.3,0.0,0.0,0.0,0.0,64.3,0.0,0.0,0.0,0.0,False,False,False
482,1441686073,3249876181,0,gaussian_nominal,GaussianSensor,0.65,0.2,0.1,0.05,True,True,True,True,goal_reached,0.2135476465530188,71.3,14.158671628741768,14.277741518597749,0.048678191032926164,0.15903934001028847,0.05529735671547207,0.02993653564098845,0.10622610880173336,0.03924396827153707,0.03688858402670592,0.16037655802818895,0.04766285108930396,0.1590636437502684,0.1252418296296423,5.362107701901525,5.362107701901526,0.0,7.764198675606629e-17,1.7772239894833365e-16,0.2724164033776217,0.2724164033776218,0.0,69.1,2.1999999999999966,0.0,0.0,0.0,69.39999999999999,1.8999999999999941,0.0,0.0,0.0,False,False,False
483,1404618197,1265139002,0,gaussian_nominal,GaussianSensor,0.65,0.2,0.1,0.05,True,True,True,True,goal_reached,0.17447465020063033,72.4,13.9613334041804,14.031073245557806,0.05329527569930502,0.25533524396395524,0.060439024081851284,0.0335398764903298,0.07739115582473426,0.03984731452571115,0.04649249969817207,0.25533524396395524,0.05698442994357468,0.18087712802181496,0.13920224218363766,5.709785364127443,5.709785364127444,0.0,7.750259499899518e-17,2.779024842816778e-16,0.2897654863419342,0.2897654863419343,0.0,71.7,0.7000000000000028,0.0,0.0,0.0,71.8,0.6000000000000014,0.0,0.0,0.0,False,False,False
484,1244476722,2560154243,0,gaussian_nominal,GaussianSensor,0.65,0.2,0.1,0.05,True,True,True,True,goal_reached,0.1628214774710062,72.5,14.128103190165128,14.345063897610917,0.05271176145986642,0.13504769863077817,0.05890241838397691,0.023954928518522135,0.06980550324916324,0.029701433114467473,0.04119687342901778,0.17863324205177525,0.0513137650506401,0.14677376303317058,0.07410071090678738,5.77670997834,5.776709978340001,0.0,8.168323469861564e-17,2.220446049250313e-16,0.33075420951662937,0.33075420951662937,0.0,65.8,6.699999999999996,0.0,0.0,0.0,66.0,6.499999999999993,0.0,0.0,0.0,False,False,False
485,3564904496,3242463166,0,gaussian_nominal,GaussianSensor,0.65,0.2,0.1,0.05,True,True,True,True,goal_reached,0.18549722431506627,68.8,14.543671983696564,14.793251042413331,0.050529478491340665,0.18367715098669912,0.057289914353479694,0.028415934570448997,0.09401541904673272,0.035744809934458006,0.0418804913083928,0.13924704005452054,0.0509835314593112,0.11454931244376279,0.07411720356136971,5.675579749790771,5.675579749790771,0.0,8.493251975292865e-17,2.8066088919804617e-16,0.22800741081738674,0.22800741081738674,0.0,67.39999999999999,1.4,0.0,0.0,0.0,67.19999999999999,1.6000000000000005,0.0,0.0,0.0,False,False,False
486,844619944,1080847503,0,gaussian_nominal,GaussianSensor,0.65,0.2,0.1,0.05,True,True,True,True,goal_reached,0.19176984644815914,71.9,14.708327575527983,14.89927061984796,0.051352681191218955,0.1713139003633808,0.05786554419313819,0.028909755511004144,0.08754043419227608,0.0360348789515286,0.04117586298273871,0.14668663189244535,0.050856328825259436,0.14984857514084604,0.07543370274375785,5.676039391107934,5.676039391107933,0.0,8.017059998813899e-17,2.776424787817943e-16,0.33093586391356095,0.33093586391356095,0.0,67.4,4.5,0.0,0.0,0.0,67.3,4.600000000000001,0.0,0.0,0.0,False,False,False
487,2665329952,3776639358,0,gaussian_nominal,GaussianSensor,0.65,0.2,0.1,0.05,True,True,True,True,goal_reached,0.18458588054742042,73.4,15.08958145508218,15.183657102091942,0.05707115973404633,0.1683293923378405,0.06431286472512159,0.031965915831866,0.11207483445264188,0.04023504032478915,0.04777444149584643,0.17058881984600274,0.059660814639633894,0.16920318663814957,0.05273226960463729,6.080347537882833,6.080347537882834,0.0,8.302347433198931e-17,2.7894008272968645e-16,0.2578310415757663,0.25783104157576614,0.0,73.4,0.0,0.0,0.0,0.0,73.2,0.20000000000000284,0.0,0.0,0.0,False,False,False
488,206684354,2480945970,0,gaussian_nominal,GaussianSensor,0.65,0.2,0.1,0.05,True,True,True,True,goal_reached,0.19618637450958176,71.4,14.100066953603271,14.18900133256719,0.052799328178603895,0.1969036345580491,0.059825101341396646,0.027955655301562264,0.0889392667383297,0.03524015887202188,0.04272769314488188,0.19721540190419726,0.053931279719642976,0.1741868050806339,0.09720261651443884,5.31295101376196,5.312951013761961,0.0,8.153631515699324e-17,2.5018537765542007e-16,0.2654139256255121,0.2654139256255121,0.0,71.3,0.09999999999999787,0.0,0.0,0.0,71.4,0.0,0.0,0.0,0.0,False,False,False
489,230487301,332724478,0,gaussian_nominal,GaussianSensor,0.65,0.2,0.1,0.05,True,True,True,True,goal_reached,0.10967369056595698,66.8,13.117331619277078,13.115226478379096,0.05127320096196888,0.18772990188626534,0.058142627065776414,0.03182002041111022,0.08652637375572839,0.038721758757242,0.044781333410132816,0.1882422242046467,0.056051554372337525,0.16445223300829,0.054764385707736965,5.235250518463095,5.235250518463095,0.0,8.49598892234669e-17,1.962615573354719e-16,0.29208147201988655,0.29208147201988655,0.0,66.8,0.0,0.0,0.0,0.0,66.8,0.0,0.0,0.0,0.0,False,False,False
490,2649271792,2500886733,0,gaussian_nominal,GaussianSensor,0.65,0.2,0.1,0.05,True,True,True,True,goal_reached,0.20970985038763257,73.8,15.168624257301651,15.286704341049898,0.05229306018601528,0.1882556349731954,0.06010225980683271,0.03258415433529888,0.07730168818776113,0.03874127978512309,0.04250968342606767,0.1809741125670999,0.05315017279411517,0.2164736448218393,0.13192052591034897,5.819543350822391,5.819543350822391,0.0,7.945526348506069e-17,3.1031676915590914e-16,0.2554584773482888,0.2554584773482889,0.0,73.8,0.0,0.0,0.0,0.0,73.8,0.0,0.0,0.0,0.0,False,False,False
491,1901333916,3597879735,0,gaussian_nominal,GaussianSensor,0.65,0.2,0.1,0.05,True,True,True,True,goal_reached,0.18741975862633553,63.800000000000004,13.286737256868928,13.3980018116655,0.049084947145496875,0.13227926423209863,0.05494090045935901,0.028087152266383725,0.08882728272523469,0.03493895362355238,0.044163247653879495,0.14351123702466573,0.05470490528127624,0.55,0.4731793923696192,5.175847486392037,5.175847486392038,0.0,8.488042021832069e-17,2.2247786310271853e-16,0.2847254095715394,0.2847254095715394,0.0,63.6,0.1999999999999993,0.0,0.0,0.0,63.7,0.10000000000000142,0.0,0.0,0.0,False,False,False
492,731024186,1289400343,0,gaussian_nominal,GaussianSensor,0.65,0.2,0.1,0.05,True,True,True,True,goal_reached,0.17427827738435317,68.2,13.871609931840696,13.97681524964933,0.048231451339700485,0.13221458315702106,0.054633718501637875,0.029516063878007977,0.10470641543492158,0.036415036788992265,0.04286370634025218,0.16067814060333013,0.05351524804686497,0.18035105320291772,0.0949952966102187,5.502672358250443,5.502672358250443,0.0,8.126935627967802e-17,2.5018537765542007e-16,0.33546401463786196,0.33546401463786196,0.0,66.39999999999999,1.8000000000000007,0.0,0.0,0.0,66.2,2.0,0.0,0.0,0.0,False,False,False
493,602705326,1652745490,0,gaussian_nominal,GaussianSensor,0.65,0.2,0.1,0.05,True,True,True,True,goal_reached,0.2085392359907815,71.3,14.997818797576397,15.116970340808157,0.05269163812099383,0.22310840106819677,0.05996322179696449,0.042629704254587814,0.11048390572020621,0.04858951677534147,0.049317235086561245,0.19265951674488407,0.06213987736133045,0.12953408074709094,0.11230508730648112,5.866345255758199,5.866345255758199,0.0,8.028207620430448e-17,2.779024842816778e-16,0.2860153235752494,0.28601532357524945,0.0,71.3,0.0,0.0,0.0,0.0,71.3,0.0,0.0,0.0,0.0,False,False,False
494,1847664839,2928025270,0,gaussian_nominal,GaussianSensor,0.65,0.2,0.1,0.05,True,True,True,True,goal_reached,0.21523162037748048,70.5,13.873266656432815,13.984454172833294,0.05252585182149145,0.19852472725602027,0.05968809760682228,0.03117812554786427,0.0857231574244209,0.038240383652794245,0.04658567396765046,0.1560912422082138,0.05646984338533096,0.1441731416522105,0.08692016176525463,5.58059594375201,5.58059594375201,0.0,7.898073024352587e-17,2.7757743935277205e-16,0.4290084805705846,0.4290084805705847,0.0,70.5,0.0,0.0,0.0,0.0,70.5,0.0,0.0,0.0,0.0,False,False,False
495,4098558235,3215272856,0,gaussian_nominal,GaussianSensor,0.65,0.2,0.1,0.05,True,True,True,True,goal_reached,0.18114858393640035,82.9,16.710366913232225,16.888145773336966,0.05216006414059323,0.1742544253765724,0.05930230394696657,0.027388807377748348,0.09792407366473156,0.0362167475599778,0.042726636337074554,0.18623909980429393,0.053911572722985406,0.15403078065155867,0.10263815875294167,6.723519266524738,6.723519266524737,0.0,8.111690185949981e-17,2.7755575615628914e-16,0.31149789003785155,0.3114978900378516,0.0,82.9,0.0,0.0,0.0,0.0,82.9,0.0,0.0,0.0,0.0,False,False,False
496,2717390137,1350678647,0,gaussian_nominal,GaussianSensor,0.65,0.2,0.1,0.05,True,True,True,True,goal_reached,0.2475585017171875,84.10000000000001,17.137567568836985,17.32662647717314,0.051691062791285505,0.14815982480259832,0.05867140995216938,0.02664416654190591,0.09510578491681326,0.03426479831391928,0.03881120052221929,0.15679842334389077,0.0489345658546717,0.16972731363130328,0.12157556359408339,7.131892854079527,7.131892854079527,0.0,7.868383481452663e-17,2.777508439858666e-16,0.3138409568827693,0.3138409568827693,0.0,81.6,2.500000000000014,0.0,0.0,0.0,81.4,2.700000000000003,0.0,0.0,0.0,False,False,False
497,640233742,749597644,0,gaussian_nominal,GaussianSensor,0.65,0.2,0.1,0.05,True,True,True,True,goal_reached,0.18984784621772655,66.2,13.660082332207045,13.761161644053859,0.04961555438062947,0.15908250691303394,0.0562098952480938,0.024126831088605652,0.10448188924859649,0.03130709049194986,0.040097385562787365,0.1618600247762996,0.049942386199619056,0.18259445629540666,0.13281609348531023,5.341513108667439,5.341513108667439,0.0,8.627175608078757e-17,2.2228841655759984e-16,0.3750153267735257,0.3750153267735257,0.0,66.2,0.0,0.0,0.0,0.0,66.2,0.0,0.0,0.0,0.0,False,False,False
498,2648700291,2637678906,0,gaussian_nominal,GaussianSensor,0.65,0.2,0.1,0.05,True,True,True,True,goal_reached,0.21883596917362133,70.2,14.605166028053777,14.74574009704064,0.05416796963564345,0.22725285079316407,0.06131346197357728,0.026692434081228362,0.11031609207920424,0.033773009970939065,0.04321236350079305,0.22690016633020174,0.05523269079642441,0.1486584668652186,0.11229816201377414,5.818284759690159,5.818284759690159,0.0,8.895702400886736e-17,2.779024842816778e-16,0.2656918628132765,0.2656918628132765,0.0,68.7,1.5,0.0,0.0,0.0,69.2,1.0,0.0,0.0,0.0,False,False,False
499,3219993521,3284632546,0,gaussian_nominal,GaussianSensor,0.65,0.2,0.1,0.05,True,True,True,True,goal_reached,0.19074914893318162,68.0,13.375526766345816,13.541109866662305,0.05142958556942259,0.22124776930003365,0.058246045963419264,0.029066830917167528,0.08854048045308915,0.035068306472498756,0.043302248983590516,0.22124776930003365,0.053722221453954964,0.12534220451592473,0.09975763773030158,5.515140338145464,5.515140338145464,0.0,8.190215395120947e-17,2.7755575615628914e-16,0.2699514453839743,0.2699514453839743,0.0,61.800000000000004,6.199999999999996,0.0,0.0,0.0,61.800000000000004,6.199999999999996,0.0,0.0,0.0,False,False,False
