trial,environment_seed,sensor_seed,sensor_scenario,sensor_scenario_name,sensor_model,free_probability,occupied_probability,disallowed_probability,restricted_probability,planning_success,onboard_completion,true_goal_reached,true_mission_success,termination_state,final_true_distance,completion_time,actual_path_length,planned_path_length,mean_estimation_error,max_estimation_error,rmse_estimation_error,mean_true_cross_track_error,max_true_cross_track_error,rmse_true_cross_track_error,mean_estimated_cross_track_error,max_estimated_cross_track_error,rmse_estimated_cross_track_error,minimum_true_clearance,minimum_estimated_clearance,commanded_control_effort,applied_control_effort,control_saturation_fraction,mean_control_saturation_error,max_control_saturation_error,max_commanded_acceleration,max_applied_acceleration,measurement_dropout_fraction,true_free_time,true_occupied_time,true_disallowed_time,true_restricted_time,true_out_of_bounds_time,estimated_free_time,estimated_occupied_time,estimated_disallowed_time,estimated_restricted_time,estimated_out_of_bounds_time,restricted_violation,disallowed_violation,out_of_bounds_violation
0,2730937650,2972426433,4,gaussian_plus_combined_faults,CombinedErrorSensor,0.65,0.2,0.1,0.05,True,True,False,False,false_completion,0.47609343781303637,74.3,14.945710848077015,14.454892214981566,0.3891830751108913,0.7071067811865476,0.39356623443899735,0.30959126057208036,0.4639660842003051,0.3276990143273201,0.06405556736644322,0.7071067811865476,0.09829721235059377,0.0,0.05,6.404461774373202,6.4044617743732015,0.0,8.066196309709917e-17,2.7755575615628914e-16,0.3535533905932738,0.3535533905932738,0.41532258064516125,71.49999999999999,0.0,0.0,2.8000000000000043,0.0,74.3,0.0,0.0,0.0,0.0,True,False,False
1,725595369,1766001812,4,gaussian_plus_combined_faults,CombinedErrorSensor,0.65,0.2,0.1,0.05,True,True,True,False,safety_violation,0.2763797924900778,71.5,14.451256488923738,14.18806012461787,0.3730767742062984,0.5865912349773044,0.37733620889217806,0.3110170619423312,0.4407825578552902,0.31921027701859295,0.05463380356893901,0.3937855685947569,0.07979848779275685,0.0,0.09463581782723494,6.42132826638985,6.42132826638985,0.0,8.286581590335207e-17,2.7833528704240246e-16,0.25777458654782154,0.25777458654782154,0.388268156424581,58.89999999999999,4.300000000000004,5.800000000000001,2.5,0.0,71.5,0.0,0.0,0.0,0.0,True,True,False
2,696368142,856203148,4,gaussian_plus_combined_faults,CombinedErrorSensor,0.65,0.2,0.1,0.05,True,True,False,False,false_completion,0.3787956360877986,66.60000000000001,13.331104258092344,12.835580577877149,0.3861081486193145,0.533963261011868,0.38986150744642667,0.3502775677173378,0.4779877847980184,0.3574253677885632,0.06624963281759065,0.47753345352039817,0.0914556499862177,0.17690142003033818,0.107106697636284,6.219066098992099,6.2190660989921,0.0,9.0539137168386e-17,2.779024842816778e-16,0.2687626688331013,0.26876266883310124,0.3943028485757122,62.50000000000001,4.100000000000001,0.0,0.0,0.0,66.60000000000001,0.0,0.0,0.0,0.0,False,False,False
3,707573593,2121814943,4,gaussian_plus_combined_faults,CombinedErrorSensor,0.65,0.2,0.1,0.05,True,True,False,False,false_completion,0.35160743805526495,67.3,14.363932093303694,13.975985827963239,0.39070163241324457,0.7071067811865476,0.39489823871526913,0.31559697421245,0.4914903723115391,0.325935259545985,0.06549176625661705,0.7071067811865476,0.09924901054545573,0.0,0.05,6.073577400994569,6.073577400994569,0.0,8.421057195215988e-17,2.779024842816778e-16,0.3535533905932738,0.3535533905932738,0.3916913946587537,59.1,6.0,2.1999999999999957,0.0,0.0,61.699999999999996,5.600000000000001,0.0,0.0,0.0,False,True,False
4,1443673076,4002826033,4,gaussian_plus_combined_faults,CombinedErrorSensor,0.65,0.2,0.1,0.05,True,True,True,False,safety_violation,0.2686326944745422,77.10000000000001,15.952883244535688,15.333738415326255,0.37644118513093666,0.7071067811865476,0.3814958210776695,0.29681671289994077,0.4939808818250689,0.31242832521988445,0.06867447838177401,0.7071067811865476,0.09387454385826927,0.0,0.05,7.584960353804225,7.584960353804226,0.0,8.326380396556502e-17,2.779024842816778e-16,0.3535533905932738,0.3535533905932738,0.40025906735751293,64.4,11.300000000000004,1.3999999999999986,0.0,0.0,76.4,0.7000000000000028,0.0,0.0,0.0,False,True,False
5,1283743613,2132980747,4,gaussian_plus_combined_faults,CombinedErrorSensor,0.65,0.2,0.1,0.05,True,True,False,False,false_completion,0.5069831575938138,72.9,14.301197504742895,13.845509908924008,0.37966340067198107,0.5693458367022459,0.38399146336404577,0.330409678426326,0.5256760055698717,0.34139843877869025,0.0683609366418905,0.3579303742482249,0.09174173579347386,0.0,0.1483543720667726,6.626443330997887,6.626443330997887,0.0,8.096817810157799e-17,2.7894008272968645e-16,0.39919382074798154,0.39919382074798154,0.4219178082191781,65.8,3.4000000000000012,0.8000000000000007,2.8999999999999986,0.0,72.9,0.0,0.0,0.0,0.0,True,True,False
6,2118442539,3858050010,4,gaussian_plus_combined_faults,CombinedErrorSensor,0.65,0.2,0.1,0.05,True,True,False,False,false_completion,0.33375659622200593,79.4,15.736975905011445,15.480072929749646,0.3799967719500223,0.5414552781086254,0.3846170422419941,0.2845168659693956,0.4271409121646079,0.2996989253741154,0.062483005303517296,0.31616308721652936,0.08240657921471897,0.0,0.08046654250145924,7.054210395578739,7.054210395578739,0.0,8.172504489799138e-17,2.9406505148178845e-16,0.26403038030222264,0.2640303803022226,0.4427672955974843,57.39999999999999,15.700000000000003,0.0,6.300000000000011,0.0,78.39999999999999,1.000000000000007,0.0,0.0,0.0,True,False,False
7,1122514226,3692069387,4,gaussian_plus_combined_faults,CombinedErrorSensor,0.65,0.2,0.1,0.05,True,True,True,False,safety_violation,0.19576598773613668,74.60000000000001,14.751300759979042,14.29819271388575,0.37640570318108657,0.7071067811865476,0.3809813663860589,0.3048239852506252,0.43802120149116525,0.3212562770716929,0.07117430219067923,0.7071067811865476,0.09822917046986425,0.0,0.05,6.883629690988629,6.883629690988629,0.0,8.057963491001685e-17,1.962615573354719e-16,0.3535533905932738,0.3535533905932738,0.4163319946452476,56.600000000000016,13.600000000000001,2.1999999999999993,2.1999999999999886,0.0,65.5,9.100000000000005,0.0,0.0,0.0,True,True,False
8,2945440137,252367688,4,gaussian_plus_combined_faults,CombinedErrorSensor,0.65,0.2,0.1,0.05,True,True,False,False,false_completion,0.3464391704143442,75.2,15.110009123850375,14.679742900388355,0.3777890878276886,0.7071067811865476,0.3828754996852032,0.28527929868550256,0.4501811225881792,0.30125921618405566,0.06619211933627846,0.7071067811865476,0.09900078510511935,0.0,0.05,6.780245783878534,6.780245783878534,0.0,7.817903179472971e-17,2.7757743935277205e-16,0.4604861892771895,0.46048618927718954,0.3944223107569721,72.7,0.0,0.0,2.5,0.0,75.2,0.0,0.0,0.0,0.0,True,False,False
9,278029302,3907757283,4,gaussian_plus_combined_faults,CombinedErrorSensor,0.65,0.2,0.1,0.05,True,True,False,False,false_completion,0.32964571399713455,69.60000000000001,14.568566650237594,14.10187113209799,0.37603854975222006,0.5322411887546794,0.38004532365492905,0.31549831075083895,0.45261240936343444,0.329044492384724,0.0697196167188896,0.5163918988270605,0.1004264044564961,0.0,0.0906034776104132,6.322580748600169,6.322580748600169,0.0,8.164956525047079e-17,2.779024842816778e-16,0.39522281879183413,0.39522281879183413,0.4232424677187948,56.5,9.600000000000005,3.5,0.0,0.0,69.3,0.30000000000000426,0.0,0.0,0.0,False,True,False
10,3616197823,2935630276,4,gaussian_plus_combined_faults,CombinedErrorSensor,0.65,0.2,0.1,0.05,True,True,True,False,safety_violation,0.17180118253231935,68.7,14.333848867819967,14.041210033374572,0.37830702901145413,0.7071067811865476,0.3828385529398847,0.3092822097343918,0.4948337439474389,0.32148998172521864,0.06978367546310627,0.7071067811865476,0.09458407422549038,0.0,0.05,6.331379820200797,6.331379820200798,0.0,8.47099243330897e-17,2.776424787817943e-16,0.3535533905932738,0.3535533905932738,0.3968023255813954,56.7,5.1,6.899999999999999,0.0,0.0,68.3,0.40000000000000213,0.0,0.0,0.0,False,True,False
11,1745707571,4237896947,4,gaussian_plus_combined_faults,CombinedErrorSensor,0.65,0.2,0.1,0.05,True,True,False,False,false_completion,0.3031094732334694,69.3,14.301917024752115,13.79375447390864,0.38135668013263485,0.5448480867061523,0.3854911784231719,0.3232713468095206,0.5009100087742114,0.3348120677594669,0.06641930267182675,0.5253026596090156,0.09339395865061742,0.25155668685204446,0.09332352371488649,5.73713709675668,5.73713709675668,0.0,8.388102637469122e-17,2.779024842816778e-16,0.32177954553818444,0.3217795455381845,0.3948126801152738,63.9,5.399999999999999,0.0,0.0,0.0,69.3,0.0,0.0,0.0,0.0,False,False,False
12,2210454256,3908414215,4,gaussian_plus_combined_faults,CombinedErrorSensor,0.65,0.2,0.1,0.05,True,True,True,False,safety_violation,0.2453668316904863,87.4,17.656839159411422,17.111446185678226,0.373590308264822,0.5940400828394424,0.37913380552691434,0.24920766552888146,0.4284582357028532,0.2698396694753058,0.0653536337449306,0.4801437687766182,0.08692385692858325,0.0,0.06581118729831174,8.058981890733568,8.058981890733568,0.0,8.694556032653125e-17,2.830524433501838e-16,0.30798196715332815,0.30798196715332815,0.40228571428571425,74.7,2.0999999999999996,3.5999999999999988,6.9999999999999964,0.0,85.7,1.7000000000000028,0.0,0.0,0.0,True,True,False
13,2511590377,3203569087,4,gaussian_plus_combined_faults,CombinedErrorSensor,0.65,0.2,0.1,0.05,False,False,False,False,planning_failure,nan,nan,nan,nan,nan,nan,nan,nan,nan,nan,nan,nan,nan,nan,nan,nan,nan,nan,nan,nan,nan,nan,nan,,,,,,,,,,,,,
14,2274882830,1406550982,4,gaussian_plus_combined_faults,CombinedErrorSensor,0.65,0.2,0.1,0.05,True,True,False,False,false_completion,0.33203148006770034,74.2,14.933552424108015,14.352066650916205,0.3857836563406975,0.5564587253348363,0.3902483273098972,0.322435914836482,0.5111993619156416,0.33150928040018807,0.07066555311194755,0.48120771194233963,0.09546009578927443,0.0,0.12497528270646477,6.941021862791499,6.941021862791499,0.0,8.20999868742245e-17,2.830524433501838e-16,0.2655232345276012,0.265523234527601,0.42664872139973087,64.3,6.100000000000001,3.8000000000000007,0.0,0.0,73.0,1.2000000000000028,0.0,0.0,0.0,False,True,False
15,1306523764,2141035876,4,gaussian_plus_combined_faults,CombinedErrorSensor,0.65,0.2,0.1,0.05,True,True,True,False,safety_violation,0.2722754060571337,68.9,14.126751772214202,13.899657054491193,0.3799292728463649,0.7071067811865476,0.3842261361469437,0.3158590598038397,0.44776998346077507,0.32414179645230584,0.07296369908526602,0.7071067811865476,0.09992443469729932,0.0,0.007077961885765233,6.349737206714849,6.349737206714849,0.0,8.529177804727207e-17,3.1031676915590914e-16,0.3535533905932738,0.3535533905932738,0.3971014492753623,53.3,13.700000000000003,0.0,1.9000000000000004,0.0,66.9,2.0,0.0,0.0,0.0,True,False,False
16,1010042146,3658271060,4,gaussian_plus_combined_faults,CombinedErrorSensor,0.65,0.2,0.1,0.05,True,True,False,False,false_completion,0.41654688790455247,73.0,14.766107943482542,14.44750680147757,0.3767122408928659,0.7071067811865476,0.3806081007868527,0.30086649442696556,0.48036224517276926,0.31260404892651605,0.06246496991839236,0.7071067811865476,0.08930604994608314,0.09674333471647117,0.05,6.365528331537879,6.365528331537879,0.0,8.569430762867458e-17,2.830524433501838e-16,0.3535533905932738,0.3535533905932738,0.387140902872777,67.39999999999999,5.600000000000001,0.0,0.0,0.0,73.0,0.0,0.0,0.0,0.0,False,False,False
17,2786688297,2335196008,4,gaussian_plus_combined_faults,CombinedErrorSensor,0.65,0.2,0.1,0.05,True,True,False,False,false_completion,0.3266711272385512,84.0,17.662549057958493,17.42815837391544,0.3737078422006607,0.7071067811865476,0.3793959703745859,0.2324153814200394,0.44336286015997517,0.2523522883614645,0.063445124580822,0.7071067811865476,0.08916277479171052,0.0,0.05,7.3842726519758495,7.3842726519758495,0.0,8.42458878359493e-17,2.8177377798042847e-16,0.3535533905932738,0.3535533905932738,0.3721759809750297,78.5,0.0,1.5,4.0,0.0,83.89999999999999,0.09999999999999787,0.0,0.0,0.0,True,True,False
18,3018799164,2492545633,4,gaussian_plus_combined_faults,CombinedErrorSensor,0.65,0.2,0.1,0.05,False,False,False,False,planning_failure,nan,nan,nan,nan,nan,nan,nan,nan,nan,nan,nan,nan,nan,nan,nan,nan,nan,nan,nan,nan,nan,nan,nan,,,,,,,,,,,,,
19,102116917,2305910465,4,gaussian_plus_combined_faults,CombinedErrorSensor,0.65,0.2,0.1,0.05,True,True,True,False,safety_violation,0.27500565648882347,78.30000000000001,15.458233762548202,15.069904982644191,0.3696156434460685,0.5787848839693025,0.37443528214933647,0.28546022410650385,0.4763821940851266,0.30149580544164944,0.06636467596599106,0.5787848839693025,0.08927829826400943,0.0,0.0762830764827167,6.941843516444086,6.941843516444086,0.0,8.073555761414667e-17,2.7894008272968645e-16,0.3200090130665007,0.3200090130665007,0.3852040816326531,61.60000000000001,11.599999999999998,5.100000000000001,0.0,0.0,75.30000000000001,2.9999999999999964,0.0,0.0,0.0,False,True,False
20,3818948148,4038365003,4,gaussian_plus_combined_faults,CombinedErrorSensor,0.65,0.2,0.1,0.05,True,True,False,False,false_completion,0.4176048408771561,74.0,15.762626575539809,15.53475537394618,0.38208549365991606,0.5342615263406559,0.3866686740779153,0.28895476399857195,0.4583116785235286,0.30365688546441566,0.05574518924375691,0.33115505105443677,0.07808343035680396,0.0,0.1427963667600644,7.127723858693486,7.127723858693486,0.0,8.982058516358444e-17,2.779024842816778e-16,0.34508973428272327,0.3450897342827233,0.38596491228070173,60.400000000000006,11.599999999999994,2.0,0.0,0.0,69.7,4.299999999999997,0.0,0.0,0.0,False,True,False
21,1630693696,702805332,4,gaussian_plus_combined_faults,CombinedErrorSensor,0.65,0.2,0.1,0.05,True,True,False,False,false_completion,0.39588606356743766,73.3,14.536315162635358,13.96383903277059,0.3945279819570754,0.7071067811865476,0.39846158388582903,0.33122800907795946,0.5031714019724807,0.33797461575555326,0.06045167781813498,0.7071067811865476,0.09363604661169858,0.17761115744471923,0.05,6.787831228052896,6.787831228052896,0.0,8.210554374666026e-17,2.7755575615628914e-16,0.3535533905932738,0.3535533905932738,0.4073569482288828,63.39999999999999,9.900000000000002,0.0,0.0,0.0,72.8,0.5,0.0,0.0,0.0,False,False,False
22,3668936892,1048787770,4,gaussian_plus_combined_faults,CombinedErrorSensor,0.65,0.2,0.1,0.05,True,True,False,False,false_completion,0.3432443781078497,81.10000000000001,16.72976067663039,16.18835733924556,0.3757052078421689,0.5475747949107262,0.3806429297481687,0.26588310454641206,0.4397484340434099,0.2825289435207095,0.0596202046168312,0.364158090301694,0.08086188394544273,0.14690476691899645,0.1356987062515452,7.826109416902015,7.826109416902015,0.0,8.504081475083562e-17,2.830524433501838e-16,0.28639160891662296,0.286391608916623,0.37561576354679804,65.6,15.500000000000007,0.0,0.0,0.0,74.10000000000001,7.0,0.0,0.0,0.0,False,False,False
23,3826687389,3806095897,4,gaussian_plus_combined_faults,CombinedErrorSensor,0.65,0.2,0.1,0.05,True,True,False,False,false_completion,0.35386740276386913,72.60000000000001,14.695072058947158,14.111939694775828,0.3773107035608248,0.7071067811865476,0.3820508139988546,0.31962460689459704,0.4789653870990726,0.33229696456236885,0.07401698365182556,0.7071067811865476,0.10636188784507367,0.0,0.04187769390635343,6.427752699010263,6.427752699010264,0.0,8.52481038444586e-17,2.7894008272968645e-16,0.3535533905932738,0.3535533905932738,0.39339752407152684,64.1,7.900000000000002,0.0,0.6000000000000014,0.0,72.60000000000001,0.0,0.0,0.0,0.0,True,False,False
24,173106281,2255675188,4,gaussian_plus_combined_faults,CombinedErrorSensor,0.65,0.2,0.1,0.05,False,False,False,False,planning_failure,nan,nan,nan,nan,nan,nan,nan,nan,nan,nan,nan,nan,nan,nan,nan,nan,nan,nan,nan,nan,nan,nan,nan,,,,,,,,,,,,,
25,1785024439,1397878296,4,gaussian_plus_combined_faults,CombinedErrorSensor,0.65,0.2,0.1,0.05,True,True,False,False,false_completion,0.36143438460823213,59.1,13.252839559700625,12.984916865703093,0.39406910130909395,0.5565285368225439,0.397776270890081,0.3562242514555723,0.5151350290094925,0.3649720943225452,0.06454470157897534,0.3714250423869525,0.09009181735810066,0.31245882774862466,0.21164236572353068,5.792478916201553,5.792478916201552,0.0,9.705771960770725e-17,2.7894008272968645e-16,0.4058745042909567,0.4058745042909567,0.3952702702702703,49.9,9.200000000000003,0.0,0.0,0.0,56.1,3.0,0.0,0.0,0.0,False,False,False
26,417408578,3621816617,4,gaussian_plus_combined_faults,CombinedErrorSensor,0.65,0.2,0.1,0.05,True,True,False,False,false_completion,0.5072248396871704,73.4,14.25433675266218,14.030958523617288,0.37910416414865833,0.5409653107800267,0.38337641473686,0.32169076092846144,0.46027735549994386,0.33123999636938695,0.07058551465497523,0.3205319689321394,0.08736906853651161,0.0,0.055565428274428896,6.512606033422297,6.512606033422297,0.0,8.162145325302485e-17,2.8449465006019636e-16,0.3075106466253488,0.3075106466253488,0.4163265306122449,61.4,10.600000000000001,0.0,1.4000000000000021,0.0,73.4,0.0,0.0,0.0,0.0,True,False,False
27,3501454577,3222647000,4,gaussian_plus_combined_faults,CombinedErrorSensor,0.65,0.2,0.1,0.05,True,True,False,False,false_completion,0.3184420287897435,73.60000000000001,14.457267542826177,14.31390757960287,0.3761542890202565,0.49534515971462645,0.3791169151145913,0.29047790203990326,0.43652680684937034,0.29860545107009573,0.05201048011577428,0.38377476527643495,0.0751330744712674,0.060314688080812,0.062077348108305674,6.068692613363524,6.068692613363524,0.0,7.858592812745496e-17,2.934914253648974e-16,0.24591601265883914,0.24591601265883917,0.407055630936228,61.7,11.900000000000002,0.0,0.0,0.0,73.2,0.40000000000000213,0.0,0.0,0.0,False,False,False
28,2671864052,1579004851,4,gaussian_plus_combined_faults,CombinedErrorSensor,0.65,0.2,0.1,0.05,True,True,False,False,false_completion,0.3266975097091952,68.5,14.361980233895439,14.22146749133639,0.3885921610313758,0.6092031122737197,0.3927616858083936,0.3258535151118926,0.45921262602978685,0.3362077273028732,0.06342662011284048,0.43689099931945996,0.09202956912538471,0.0,0.06540647875050665,6.387253982799855,6.387253982799855,0.0,8.803148958763099e-17,2.7894008272968645e-16,0.317140578263323,0.3171405782633228,0.39504373177842567,56.300000000000004,4.699999999999996,2.0999999999999996,5.399999999999996,0.0,66.6,1.9000000000000057,0.0,0.0,0.0,True,True,False
29,3674706989,3306811554,4,gaussian_plus_combined_faults,CombinedErrorSensor,0.65,0.2,0.1,0.05,True,True,True,False,safety_violation,0.1869754301662634,86.10000000000001,16.655052451016168,16.108721854566653,0.3768354979411587,0.5410838257440955,0.3815170031161484,0.27491604759071525,0.42096356205312907,0.28682105867525026,0.060344703070063774,0.45233694929251805,0.08281855724361312,0.0,0.16004978948327153,7.807527649615239,7.807527649615239,0.0,7.80537947108454e-17,2.830524433501838e-16,0.26484864178282913,0.26484864178282913,0.4211136890951276,68.6,15.300000000000004,0.8999999999999995,1.3000000000000007,0.0,85.10000000000001,1.0,0.0,0.0,0.0,True,True,False
30,3431604673,467454945,4,gaussian_plus_combined_faults,CombinedErrorSensor,0.65,0.2,0.1,0.05,True,True,False,False,false_completion,0.360328781538076,68.4,13.401839206073383,13.076476182686914,0.3794392223695536,0.7071067811865476,0.38334835474092654,0.33770757068131946,0.46814417929892727,0.34596313446400095,0.06350312713577484,0.7071067811865476,0.08956636501378672,0.06294902531916965,0.05,6.282331659806106,6.282331659806106,0.0,8.337322532436699e-17,2.633125101432526e-16,0.3535533905932738,0.3535533905932738,0.4029197080291971,60.199999999999996,8.200000000000006,0.0,0.0,0.0,68.4,0.0,0.0,0.0,0.0,False,False,False
31,2772736690,475943986,4,gaussian_plus_combined_faults,CombinedErrorSensor,0.65,0.2,0.1,0.05,True,True,True,False,safety_violation,0.2769394223818163,82.80000000000001,16.40540630535292,16.22636236568617,0.37291202530173656,0.5813411633265451,0.37875977099246794,0.25848755287682856,0.43478108963313017,0.27229970830077177,0.060468173307960185,0.4167464786384449,0.08540656905992598,0.0,0.04970892028877216,7.905403271369989,7.905403271369989,0.0,7.981036182123293e-17,2.830524433501838e-16,0.36009599207070414,0.36009599207070414,0.3642943305186972,53.400000000000006,26.0,3.3999999999999986,0.0,0.0,73.0,9.800000000000002,0.0,0.0,0.0,False,True,False
32,34757296,3305648994,4,gaussian_plus_combined_faults,CombinedErrorSensor,0.65,0.2,0.1,0.05,True,True,True,False,safety_violation,0.1627297852383312,79.60000000000001,15.356153422050177,15.205261390424752,0.3763732020797082,0.5825996483452576,0.3808871619884576,0.2980398084322832,0.4374626408168263,0.3059167853780699,0.06263511149763816,0.3436529972679028,0.0847557334462851,0.0,0.06105065531015308,6.960209657647932,6.960209657647932,0.0,7.717988460583744e-17,2.830524433501838e-16,0.36135619955856063,0.36135619955856063,0.41405269761606023,64.0,8.8,6.799999999999997,0.0,0.0,78.7,0.8999999999999986,0.0,0.0,0.0,False,True,False
33,2257902095,2132756255,4,gaussian_plus_combined_faults,CombinedErrorSensor,0.65,0.2,0.1,0.05,True,True,False,False,false_completion,0.30669584332130695,82.5,16.503781701047053,15.83915422536744,0.37372793907421703,0.7071067811865476,0.3791243636913746,0.2811391761146367,0.4831641007845171,0.29140690847855544,0.0652097131817154,0.7071067811865476,0.09338887317675182,0.0,0.05,7.538683574279366,7.538683574279366,0.0,7.892319429981979e-17,2.8449465006019636e-16,0.5085241317073353,0.5085241317073352,0.40072639225181594,65.79999999999998,9.100000000000009,5.0,2.6000000000000014,0.0,75.19999999999999,7.300000000000004,0.0,0.0,0.0,True,True,False
34,1990091749,1553859126,4,gaussian_plus_combined_faults,CombinedErrorSensor,0.65,0.2,0.1,0.05,True,True,False,False,false_completion,0.3978689341291863,81.2,16.591738881253676,16.043512163472563,0.3812900389107896,0.7071067811865476,0.38627802177407694,0.2886799190124286,0.4947248569444624,0.2987553079885906,0.06566810545112442,0.7071067811865476,0.09148560025230563,0.0,0.05,7.628847880934462,7.628847880934462,0.0,8.134573220468182e-17,2.779024842816778e-16,0.3535533905932738,0.3535533905932738,0.3911439114391144,63.7,14.499999999999998,2.0000000000000004,1.0,0.0,76.7,4.5,0.0,0.0,0.0,True,True,False
35,688663972,1741335336,4,gaussian_plus_combined_faults,CombinedErrorSensor,0.65,0.2,0.1,0.05,True,True,False,False,false_completion,0.31608239205746935,72.7,14.929369038053729,14.497929398860107,0.38169008781229624,0.7071067811865476,0.3859339523149463,0.29711113640852344,0.4270612536927634,0.3067052884721377,0.06521256501382337,0.7071067811865476,0.0977978294105782,0.0,0.05,6.652006911592654,6.652006911592655,0.0,7.96915757441097e-17,2.7755575615628914e-16,0.3535533905932738,0.3535533905932738,0.39972527472527475,52.4,15.800000000000002,1.5,3.0,0.0,69.89999999999999,2.8000000000000007,0.0,0.0,0.0,True,True,False
36,248667807,2779221576,4,gaussian_plus_combined_faults,CombinedErrorSensor,0.65,0.2,0.1,0.05,True,True,False,False,false_completion,0.3585093243145226,75.5,15.003755254219351,14.39724933927625,0.3782195672790146,0.7071067811865476,0.3830017559970193,0.28692495814376234,0.41840966041330596,0.2966290060559209,0.06689316014113551,0.7071067811865476,0.09525363216915667,0.0,0.05,6.715056868157612,6.715056868157612,0.0,7.810922487850881e-17,2.779024842816778e-16,0.3535533905932738,0.3535533905932738,0.3928571428571429,66.5,5.199999999999996,3.799999999999999,0.0,0.0,74.99999999999999,0.5000000000000071,0.0,0.0,0.0,False,True,False
37,3831690327,406686172,4,gaussian_plus_combined_faults,CombinedErrorSensor,0.65,0.2,0.1,0.05,True,True,False,False,false_completion,0.44587253152224954,84.2,17.107633314450922,16.59948279152174,0.37884841295385485,0.5490781237485536,0.38503625245510625,0.2645180646923337,0.4750858810619995,0.28057521614705333,0.06966347532326565,0.456817765045396,0.0943145763113803,0.0,0.08540509247312822,7.782040113194574,7.782040113194572,0.0,7.970241668526568e-17,2.8609792490763985e-16,0.36213410187960304,0.36213410187960304,0.4068801897983393,71.00000000000001,6.8999999999999915,0.0,6.299999999999997,0.0,84.2,0.0,0.0,0.0,0.0,True,False,False
38,3292381605,3853507458,4,gaussian_plus_combined_faults,CombinedErrorSensor,0.65,0.2,0.1,0.05,True,True,True,True,goal_reached,0.2666565373096775,74.2,14.322599966378366,13.556277141521099,0.3861759114279377,0.6159231405196756,0.39055879393844584,0.33062765204671746,0.48337809584196595,0.3411866646568477,0.06982011978786273,0.6159231405196756,0.09379457499036879,0.24118980344778684,0.0,6.8917746865371265,6.891774686537127,0.0,8.189693687605184e-17,2.830524433501838e-16,0.2760745555694606,0.2760745555694606,0.38223418573351275,68.10000000000002,6.099999999999987,0.0,0.0,0.0,73.80000000000001,0.3999999999999915,0.0,0.0,0.0,False,False,False
39,2677946230,1366849576,4,gaussian_plus_combined_faults,CombinedErrorSensor,0.65,0.2,0.1,0.05,True,True,True,False,safety_violation,0.2717413213260402,69.4,14.03951081895664,13.670414520754132,0.3840809289104385,0.5505088317070846,0.3885228754799156,0.3369890371505656,0.5457079920439252,0.34794865363327127,0.05970371651442721,0.5187815911726176,0.08648223096130081,0.0,0.14845570266781483,6.353223129576618,6.353223129576618,0.0,8.222602194873243e-17,2.237726045655905e-16,0.28965303093576006,0.28965303093576017,0.41582733812949635,60.300000000000004,6.299999999999999,2.799999999999997,0.0,0.0,67.80000000000001,1.5999999999999943,0.0,0.0,0.0,False,True,False
40,3465243617,2315462378,4,gaussian_plus_combined_faults,CombinedErrorSensor,0.65,0.2,0.1,0.05,True,True,False,False,false_completion,0.307447713434034,78.2,14.95592758995796,14.575855982264368,0.38495561678500073,0.5314010746947303,0.38907034455554407,0.33003987732033946,0.5293154641731749,0.3426428715549193,0.06754760579761965,0.37966632831721614,0.09189667841434812,0.0,0.0,6.756145652539018,6.756145652539018,0.0,7.95339497776033e-17,2.8177377798042847e-16,0.25477781035534064,0.2547778103553406,0.4125159642401022,66.3,4.800000000000004,7.099999999999996,0.0,0.0,77.8,0.09999999999999787,0.3000000000000007,0.0,0.0,False,True,False
41,2277377269,4090432965,4,gaussian_plus_combined_faults,CombinedErrorSensor,0.65,0.2,0.1,0.05,True,True,False,False,false_completion,0.38239491536847164,83.10000000000001,17.9126145967864,17.023272470856263,0.3804719024938909,0.6034117920438525,0.3863745964830764,0.262487271607002,0.5815710854361388,0.2934862989206295,0.0738917196833339,0.3854225794330026,0.09786229122313271,0.0,0.03121052037883143,7.758123077273967,7.758123077273967,0.0,8.693430843461848e-17,2.830524433501838e-16,0.29514896444043903,0.29514896444043903,0.3942307692307693,71.2,9.199999999999996,2.6999999999999993,0.0,0.0,80.4,2.6999999999999957,0.0,0.0,0.0,False,True,False
42,4173135836,1061777408,4,gaussian_plus_combined_faults,CombinedErrorSensor,0.65,0.2,0.1,0.05,True,True,False,False,false_completion,0.4561040147784677,81.80000000000001,16.58700268314761,15.985618836298341,0.37451620646844264,0.7071067811865476,0.379850081374151,0.27676964491546363,0.4438904541701191,0.2943448520017439,0.06741158001980432,0.7071067811865476,0.09708207113789259,0.0,0.05,7.849879712189793,7.849879712189792,0.0,8.123819395082857e-17,2.8066088919804617e-16,0.3535533905932738,0.3535533905932738,0.409035409035409,67.4,11.100000000000003,1.7000000000000028,1.6000000000000014,0.0,79.7,2.099999999999998,0.0,0.0,0.0,True,True,False
43,1315936761,1898025599,4,gaussian_plus_combined_faults,CombinedErrorSensor,0.65,0.2,0.1,0.05,True,True,False,False,false_completion,0.3644706067269366,70.0,13.653674052175463,13.123085893377983,0.3766361989204855,0.7071067811865476,0.37994701504143885,0.3343428398093583,0.4569732776355334,0.34104904531092933,0.06344409897644458,0.7071067811865476,0.09337277697272005,0.0,0.04701906297530427,6.278536377928505,6.278536377928505,0.0,8.381674011110268e-17,2.2887833992611187e-16,0.3535533905932738,0.3535533905932738,0.43081312410841655,62.8,1.8999999999999986,3.9000000000000057,1.3999999999999986,0.0,70.0,0.0,0.0,0.0,0.0,True,True,False
44,476705537,3455327742,4,gaussian_plus_combined_faults,CombinedErrorSensor,0.65,0.2,0.1,0.05,True,True,False,False,false_completion,0.3348723841777122,86.30000000000001,16.727598089325653,16.363285689674875,0.3734767175018224,0.5749212432604055,0.3797666023249898,0.26143571266052196,0.4358914005107622,0.2773376824941067,0.06048536701367677,0.45190774703306485,0.08688375268088117,0.0,0.0016330867650458103,7.941490885395439,7.941490885395439,0.0,8.26972863719929e-17,2.779024842816778e-16,0.3081067949102883,0.3081067949102883,0.40393518518518523,72.1,12.700000000000008,1.5,0.0,0.0,85.60000000000002,0.6999999999999886,0.0,0.0,0.0,False,True,False
45,2193159741,4146204961,4,gaussian_plus_combined_faults,CombinedErrorSensor,0.65,0.2,0.1,0.05,True,True,False,False,false_completion,0.4634171566777928,74.10000000000001,14.229314753875116,13.78997689693724,0.3732997388314674,0.7071067811865476,0.37698956879973405,0.3271096517504404,0.4902529154975909,0.33976113445584016,0.0634935460954738,0.7071067811865476,0.0903174478011765,0.0,0.05,6.622179950678795,6.622179950678795,0.0,7.787783753897716e-17,2.5018537765542007e-16,0.3535533905932738,0.3535533905932738,0.42452830188679247,66.2,5.799999999999997,2.1000000000000014,0.0,0.0,72.10000000000001,2.0,0.0,0.0,0.0,False,True,False
46,3193969877,1580823276,4,gaussian_plus_combined_faults,CombinedErrorSensor,0.65,0.2,0.1,0.05,True,True,False,False,false_completion,0.33902903603389556,83.7,17.14401758760382,16.50915893035879,0.37550447482867566,0.7071067811865476,0.38062284310572747,0.24263296359547987,0.4143907489420903,0.2618814795600283,0.06903010649001419,0.7071067811865476,0.10017091057272982,0.0,0.05,7.770016232123689,7.770016232123689,0.0,8.114559782227877e-17,2.8066088919804617e-16,0.3535533905932738,0.3535533905932738,0.41169451073985686,76.80000000000001,2.299999999999997,3.0999999999999943,1.5,0.0,82.5,1.1999999999999904,0.0,0.0,0.0,True,True,False
47,2977401754,3603991116,4,gaussian_plus_combined_faults,CombinedErrorSensor,0.65,0.2,0.1,0.05,True,True,True,False,safety_violation,0.28542900338853106,77.80000000000001,15.843970084170188,15.711237766357758,0.37412809417558984,0.7071067811865476,0.37961654484109597,0.269767111054001,0.4349779489527954,0.2845967500601589,0.06150907772003901,0.7071067811865476,0.08562388595565239,0.0,0.05,7.216600930584555,7.216600930584555,0.0,8.145753942818385e-17,2.8177377798042847e-16,0.3535533905932738,0.3535533905932738,0.3838254172015404,65.9,7.500000000000002,2.3999999999999986,2.0,0.0,74.80000000000001,2.9999999999999964,0.0,0.0,0.0,True,True,False
48,96550472,615466156,4,gaussian_plus_combined_faults,CombinedErrorSensor,0.65,0.2,0.1,0.05,True,True,False,False,false_completion,0.5007749689620985,66.60000000000001,13.427121084670182,13.556989025696764,0.3882176977682287,0.5524578982175248,0.3918974507968171,0.34921922829314667,0.4861277833143147,0.35755024705223765,0.06125376878691691,0.4067535033985936,0.08348408054814492,0.0,0.04192168453467813,5.989065467533768,5.989065467533768,0.0,8.582263463639971e-17,2.4980620381344523e-16,0.3397636850792316,0.3397636850792315,0.38230884557721134,57.2,3.3000000000000007,0.0,6.1,0.0,66.60000000000001,0.0,0.0,0.0,0.0,True,False,False
49,1777529677,4251989012,4,gaussian_plus_combined_faults,CombinedErrorSensor,0.65,0.2,0.1,0.05,True,True,False,False,false_completion,0.4804438994997023,75.7,16.106000511921284,15.858911505110303,0.38421552147385346,0.7071067811865476,0.3894253561994369,0.28823647455821155,0.4997916947889467,0.30112164870916786,0.06920219376988737,0.7071067811865476,0.09381591833760948,0.0,0.05,6.857483270024367,6.857483270024367,0.0,8.172710260744715e-17,2.8609792490763985e-16,0.3535533905932738,0.3535533905932738,0.3746701846965699,73.8,0.0,1.8999999999999995,0.0,0.0,74.6,1.0999999999999996,0.0,0.0,0.0,False,True,False
50,3863705637,2665314677,4,gaussian_plus_combined_faults,CombinedErrorSensor,0.65,0.2,0.1,0.05,True,True,False,False,false_completion,0.4213430671613674,65.3,13.55458365638296,13.066678025253246,0.3805940566931007,0.6153881615544174,0.3845900983602472,0.35030418636929617,0.4657810857025286,0.35704330646501836,0.06716918192462876,0.6144869424591002,0.09581525167714572,0.18778067106072882,0.06459907979414065,6.019878462797126,6.019878462797125,0.0,8.979494982626524e-17,2.7894008272968645e-16,0.4852900495996051,0.4852900495996051,0.3914373088685015,61.699999999999996,3.6000000000000014,0.0,0.0,0.0,64.5,0.7999999999999972,0.0,0.0,0.0,False,False,False
51,4005499836,353644800,4,gaussian_plus_combined_faults,CombinedErrorSensor,0.65,0.2,0.1,0.05,True,True,False,False,false_completion,0.36410543532851625,67.8,13.145862732133107,12.844006571885457,0.3857614602615513,0.5331850469727496,0.38847037836934195,0.35675801013078157,0.44421774402571634,0.36201164276412723,0.05126940449762075,0.4855409566655371,0.07567103946872322,0.0,0.09325922721553108,5.883461444647114,5.883461444647114,0.0,8.550758107177814e-17,2.8609792490763985e-16,0.31039680170736766,0.31039680170736766,0.3711340206185567,64.1,0.0,0.0,3.6999999999999957,0.0,67.8,0.0,0.0,0.0,0.0,True,False,False
52,891226929,3904815875,4,gaussian_plus_combined_faults,CombinedErrorSensor,0.65,0.2,0.1,0.05,True,True,True,False,safety_violation,0.25334687143228535,69.5,13.957269637319136,13.809080382915246,0.3780924793347586,0.5293199074978819,0.3817639858187908,0.3208415222109354,0.4711970390857985,0.3273029154724434,0.05879300453625018,0.42023270946664165,0.0836431431237316,0.0,0.048176344002075516,6.411715918772424,6.411715918772424,0.0,8.329203261656571e-17,2.779024842816778e-16,0.4081459683610717,0.4081459683610717,0.375,58.39999999999999,6.300000000000001,1.6000000000000014,3.200000000000002,0.0,68.89999999999999,0.6000000000000014,0.0,0.0,0.0,True,True,False
53,2197124845,2770081290,4,gaussian_plus_combined_faults,CombinedErrorSensor,0.65,0.2,0.1,0.05,True,True,False,False,false_completion,0.5103810406119116,77.0,15.586650284328424,14.951218435556825,0.3815648011399367,0.5673219736271701,0.3861090434079902,0.2986456162085699,0.5199672242715568,0.3195087949941979,0.07824455848174443,0.4406531019751333,0.10527191825353807,0.0,0.0,7.867008307372345,7.867008307372345,0.0,8.418674602514772e-17,2.830524433501838e-16,0.302970864533144,0.302970864533144,0.41634241245136183,63.1,10.699999999999992,0.0,3.200000000000001,0.0,72.19999999999999,4.70000000000001,0.0,0.10000000000000142,0.0,True,False,False
54,4033668095,794826118,4,gaussian_plus_combined_faults,CombinedErrorSensor,0.65,0.2,0.1,0.05,True,True,True,True,goal_reached,0.22489873032634167,88.30000000000001,18.707945275532147,18.27043447087648,0.3888889104993918,0.6165193511140142,0.394909157916666,0.26426525882543167,0.46224459029257886,0.27841642608605205,0.06975299250980455,0.5288010661810213,0.09006146530995474,0.01721624559466255,0.023808965527260542,8.192710107237144,8.192710107237144,0.0,8.107293270554305e-17,2.7894008272968645e-16,0.35997204584437625,0.35997204584437636,0.39253393665158376,80.80000000000001,7.5,0.0,0.0,0.0,86.8,1.5000000000000142,0.0,0.0,0.0,False,False,False
55,2805449324,2103271234,4,gaussian_plus_combined_faults,CombinedErrorSensor,0.65,0.2,0.1,0.05,True,True,True,False,safety_violation,0.23405873932674365,68.0,13.472760733474306,13.172160644955955,0.380068632812772,0.584254428417663,0.38344406979638224,0.32542387202426915,0.49645607933270114,0.33596076658517837,0.06747420035627326,0.357360657340198,0.09086808411768657,0.0,0.08124036223740955,6.450140237841555,6.4501402378415555,0.0,8.725477132538112e-17,2.618455766672135e-16,0.3321090629476801,0.3321090629476801,0.3700440528634361,56.099999999999994,7.300000000000001,3.1000000000000014,1.5,0.0,67.3,0.6999999999999993,0.0,0.0,0.0,True,True,False
56,3382419591,112816621,4,gaussian_plus_combined_faults,CombinedErrorSensor,0.65,0.2,0.1,0.05,True,True,False,False,false_completion,0.4357034348507012,77.9,15.885183659113983,15.11126690932932,0.38000694705467347,0.7071067811865476,0.385085654264926,0.30870968460182996,0.5085917661884669,0.3246915123211296,0.07167370760595311,0.7071067811865476,0.10039542595538878,0.0,0.05,7.204801340429281,7.204801340429281,0.0,8.431325097258264e-17,2.830524433501838e-16,0.3535533905932738,0.3535533905932738,0.37435897435897436,64.5,10.7,2.6999999999999957,0.0,0.0,74.7,3.200000000000003,0.0,0.0,0.0,False,True,False
57,3238864453,1737177286,4,gaussian_plus_combined_faults,CombinedErrorSensor,0.65,0.2,0.1,0.05,True,True,False,False,false_completion,0.3243799105907624,70.4,15.088555877927455,14.710773529519802,0.3764795762599201,0.7071067811865476,0.3814547252978789,0.29713702781181645,0.4172816053711959,0.3102763747108479,0.06450529312924423,0.7071067811865476,0.09069010057523447,0.0,0.05,6.51069923904463,6.51069923904463,0.0,8.665688356027593e-17,2.8066088919804617e-16,0.3535533905932738,0.3535533905932738,0.4425531914893617,63.10000000000001,7.0,0.0,0.29999999999999716,0.0,69.7,0.6999999999999993,0.0,0.0,0.0,True,False,False
58,765708987,849004654,4,gaussian_plus_combined_faults,CombinedErrorSensor,0.65,0.2,0.1,0.05,True,True,False,False,false_completion,0.42696607168444345,78.7,15.673891098917707,15.174970372963122,0.37974766082506417,0.5580065763799141,0.38484468091837376,0.31318259256060543,0.48190801323104987,0.3268063983668211,0.06810589976720093,0.5556224127729189,0.09636715462051931,0.13651785334193178,0.08324085723619139,7.277656471571823,7.277656471571824,0.0,8.283214321470302e-17,2.779024842816778e-16,0.28295396459782995,0.28295396459783007,0.41370558375634514,59.999999999999986,18.70000000000001,0.0,0.0,0.0,77.20000000000002,1.4999999999999858,0.0,0.0,0.0,False,False,False
59,3948529331,1523910091,4,gaussian_plus_combined_faults,CombinedErrorSensor,0.65,0.2,0.1,0.05,False,False,False,False,planning_failure,nan,nan,nan,nan,nan,nan,nan,nan,nan,nan,nan,nan,nan,nan,nan,nan,nan,nan,nan,nan,nan,nan,nan,,,,,,,,,,,,,
60,581552647,1295379497,4,gaussian_plus_combined_faults,CombinedErrorSensor,0.65,0.2,0.1,0.05,True,True,False,False,false_completion,0.39983699596188704,90.80000000000001,18.241093501417765,17.654056520141058,0.38116711150006755,0.7071067811865476,0.3861555062103879,0.2407218790990071,0.5132921650399864,0.27086084301790797,0.06671049133239142,0.7071067811865476,0.09294363139377798,0.0,0.05,8.318701257000173,8.318701257000173,0.0,8.061665185319115e-17,2.779024842816778e-16,0.3535533905932738,0.3535533905932738,0.3872387238723872,70.3,14.2,4.0,2.3000000000000043,0.0,90.5,0.30000000000001137,0.0,0.0,0.0,True,True,False
61,106579484,4042782794,4,gaussian_plus_combined_faults,CombinedErrorSensor,0.65,0.2,0.1,0.05,True,True,False,False,false_completion,0.4537873990870717,68.10000000000001,14.585177237297335,14.010662299509333,0.37423458162652534,0.5589313624573454,0.379231017332947,0.30001817936156133,0.45083558166992016,0.3135890947519345,0.06479339202731171,0.3331748699110216,0.08642273768993561,0.12763093290679528,0.22531672722802268,6.331819914490783,6.331819914490784,0.0,9.233009628455097e-17,2.830524433501838e-16,0.23611887350003322,0.23611887350003322,0.4296187683284457,64.8,3.3000000000000007,0.0,0.0,0.0,68.10000000000001,0.0,0.0,0.0,0.0,False,False,False
62,4075693272,1439449350,4,gaussian_plus_combined_faults,CombinedErrorSensor,0.65,0.2,0.1,0.05,True,True,False,False,false_completion,0.3567821631722532,61.900000000000006,13.156040091231974,12.818376618407356,0.38850361986082854,0.7071067811865476,0.3917169490254481,0.33438477252177407,0.5178332113591314,0.34099239905601364,0.05928833768226836,0.7071067811865476,0.08540211233179412,0.0,0.05,5.941896025076721,5.941896025076721,0.0,8.992055976015903e-17,2.8576114088871287e-16,0.3535533905932738,0.3535533905932738,0.4145161290322581,54.400000000000006,6.899999999999999,0.5999999999999996,0.0,0.0,61.2,0.7000000000000028,0.0,0.0,0.0,False,True,False
63,4067301700,2913743672,4,gaussian_plus_combined_faults,CombinedErrorSensor,0.65,0.2,0.1,0.05,True,True,False,False,false_completion,0.336675727813121,69.3,14.203342215360099,13.69255011416258,0.378400243988169,0.7071067811865476,0.3818506141768616,0.3178362364487654,0.46091714339251605,0.32800199760021703,0.06963468650443594,0.7071067811865476,0.09930633161542185,0.0,0.05,6.081201720379376,6.081201720379376,0.0,8.293659339918728e-17,2.830524433501838e-16,0.3535533905932738,0.3535533905932738,0.4005763688760807,63.49999999999999,3.3000000000000043,2.5,0.0,0.0,69.3,0.0,0.0,0.0,0.0,False,True,False
64,408409058,2783164376,4,gaussian_plus_combined_faults,CombinedErrorSensor,0.65,0.2,0.1,0.05,True,True,False,False,false_completion,0.3560104139807763,66.0,13.570990984524284,13.187005726782258,0.37768697623437,0.49045024847395535,0.38124988278841676,0.33569194097153665,0.41721339439423133,0.3413650747121795,0.059346533370411216,0.36055341970643673,0.08117791062762474,0.0,0.07652744893660277,6.225505983895873,6.225505983895872,0.0,8.494807860860111e-17,1.7772239894833365e-16,0.3129452422488505,0.3129452422488505,0.36459909228441756,57.5,2.6999999999999957,3.700000000000003,2.099999999999998,0.0,63.6,2.3999999999999986,0.0,0.0,0.0,True,True,False
65,4054606464,2684696174,4,gaussian_plus_combined_faults,CombinedErrorSensor,0.65,0.2,0.1,0.05,True,True,False,False,false_completion,0.42863267500617885,73.10000000000001,14.366224958721698,13.91013874870581,0.38156807032824597,0.5464326983567425,0.38545127569785065,0.30768010744171953,0.4445357455476693,0.3158933750453686,0.06595391794584649,0.33749976564528394,0.08579063525553268,0.14055965494147493,0.21250023435471604,6.525550104797045,6.525550104797045,0.0,8.263510263541041e-17,2.498001805406602e-16,0.32019347393018677,0.32019347393018677,0.3797814207650273,64.7,8.399999999999995,0.0,0.0,0.0,72.8,0.30000000000000426,0.0,0.0,0.0,False,False,False
66,3584757783,812451508,4,gaussian_plus_combined_faults,CombinedErrorSensor,0.65,0.2,0.1,0.05,True,True,False,False,false_completion,0.3330061907711827,72.9,14.169394328916297,13.799104854570611,0.36723889210068045,0.5438303806392368,0.3718031167414769,0.3032949219712888,0.42848056861291556,0.30926732466886725,0.05919499993141758,0.42951239273147335,0.08771463605165888,0.0,0.11180700324368972,6.144153856327067,6.144153856327067,0.0,8.15218656476876e-17,2.5324586304240974e-16,0.3397705624113951,0.339770562411395,0.42602739726027394,69.3,2.1000000000000014,1.5,0.0,0.0,72.9,0.0,0.0,0.0,0.0,False,True,False
67,2242817554,3855248184,4,gaussian_plus_combined_faults,CombinedErrorSensor,0.65,0.2,0.1,0.05,True,True,False,False,false_completion,0.30011217440973637,75.7,15.618016750793247,14.983308196635617,0.3847726923780152,0.5378752501289026,0.389970410260862,0.30846351162411645,0.4541970319722768,0.3183527252048916,0.06352759974614122,0.45623022104518385,0.08558848616400498,0.0,0.050825413442612266,7.295977468209562,7.295977468209562,0.0,8.475067274210612e-17,2.7833528704240246e-16,0.4111147671606202,0.4111147671606201,0.4142480211081794,45.50000000000001,12.899999999999995,17.3,0.0,0.0,61.4,14.3,0.0,0.0,0.0,False,True,False
68,3870536607,2054617115,4,gaussian_plus_combined_faults,CombinedErrorSensor,0.65,0.2,0.1,0.05,True,True,False,False,false_completion,0.38693223733336335,92.9,17.9537666404794,17.59314835776028,0.371449802798114,0.7071067811865476,0.3759195220063892,0.2332584089177124,0.4507675074953696,0.26807216722786686,0.06246731727178162,0.7071067811865476,0.0826566925531214,0.0,0.05,8.691843541722747,8.691843541722747,0.0,7.895457057466728e-17,2.7894008272968645e-16,0.3653589939557198,0.3653589939557197,0.3881720430107527,78.0,5.0,5.400000000000006,4.5,0.0,92.4,0.5,0.0,0.0,0.0,True,True,False
69,1473522219,4028730749,4,gaussian_plus_combined_faults,CombinedErrorSensor,0.65,0.2,0.1,0.05,True,True,False,False,false_completion,0.500702564463671,70.8,14.226197419989598,13.635326972871313,0.37784347300708,0.7071067811865476,0.38212622948152897,0.30782154628127234,0.500702564463671,0.31944947455006373,0.0773707158784664,0.7071067811865476,0.10920869340849339,0.0,0.024106330415991195,6.834192118370774,6.834192118370774,0.0,8.327921979989228e-17,2.776424787817943e-16,0.3535533905932738,0.3535533905932738,0.41607898448519043,61.59999999999999,5.70000000000001,1.8999999999999986,1.5999999999999996,0.0,70.6,0.20000000000000284,0.0,0.0,0.0,True,True,False
70,865400509,2297404356,4,gaussian_plus_combined_faults,CombinedErrorSensor,0.65,0.2,0.1,0.05,True,True,False,False,false_completion,0.3303739425825943,69.7,14.266622137410572,13.703833814098969,0.3800350138277875,0.7071067811865476,0.38466876965796964,0.29320476185952304,0.43366547700176017,0.3007554130035716,0.07006234276441464,0.7071067811865476,0.09446910240886998,0.0,0.05,6.869283699277597,6.869283699277595,0.0,8.582204683554549e-17,2.830524433501838e-16,0.4536094603505447,0.45360946035054467,0.3982808022922636,61.29999999999999,7.000000000000002,1.4000000000000057,0.0,0.0,68.89999999999999,0.8000000000000007,0.0,0.0,0.0,False,True,False
71,1033281415,2164047885,4,gaussian_plus_combined_faults,CombinedErrorSensor,0.65,0.2,0.1,0.05,True,True,True,False,safety_violation,0.22851716789314444,80.9,16.46715759638763,16.22484740770011,0.3701575612974468,0.5369461955300487,0.37512858443107516,0.26631660352668096,0.3884134960654291,0.27356246274518486,0.056305735065667675,0.3868307637517605,0.07710613203002896,0.0,0.07758307812185716,7.346732982359648,7.346732982359648,0.0,7.710835683967937e-17,2.8066088919804617e-16,0.37876840636655745,0.3787684063665575,0.4037037037037037,64.2,8.5,4.4999999999999964,3.700000000000003,0.0,74.3,6.6000000000000005,0.0,0.0,0.0,True,True,False
72,600023430,990868258,4,gaussian_plus_combined_faults,CombinedErrorSensor,0.65,0.2,0.1,0.05,True,True,False,False,false_completion,0.3874866549461171,71.0,14.196217036280748,13.84624783671449,0.3858429095154751,0.5312778238653811,0.3896766905245793,0.3406810248993683,0.49927256891921634,0.3499321255392778,0.062033461069290745,0.35679346125229744,0.08043802599326927,0.0,0.07563642548516558,6.3117531144152155,6.3117531144152155,0.0,8.083578488557461e-17,2.7894008272968645e-16,0.362228493451408,0.362228493451408,0.40787623066104084,61.2,3.3999999999999986,4.199999999999999,2.200000000000001,0.0,69.69999999999999,1.3000000000000043,0.0,0.0,0.0,True,True,False
73,4212648003,1745885839,4,gaussian_plus_combined_faults,CombinedErrorSensor,0.65,0.2,0.1,0.05,True,True,False,False,false_completion,0.41664946241650574,64.60000000000001,13.611704520537742,13.196270702155047,0.3842316440506104,0.7071067811865476,0.3880874417626888,0.326905547939298,0.5065595773153038,0.3371703615696045,0.06711160414598989,0.7071067811865476,0.09961733436908564,0.0,0.05,5.565231207374229,5.565231207374229,0.0,9.282165093899077e-17,2.9893669801409083e-16,0.3535533905932738,0.3535533905932738,0.401854714064915,61.400000000000006,1.6000000000000014,1.6000000000000014,0.0,0.0,64.60000000000001,0.0,0.0,0.0,0.0,False,True,False
74,3471671828,204828556,4,gaussian_plus_combined_faults,CombinedErrorSensor,0.65,0.2,0.1,0.05,True,True,False,False,false_completion,0.4897147911678309,69.5,13.922025917116903,13.398100825588008,0.38289045156926427,0.5381277588567223,0.3867586584101533,0.3302165289156321,0.4909136881317629,0.336685060516436,0.06515157904562485,0.39269812929394265,0.09046188752561353,0.0,0.14614770542723285,6.130834663976732,6.130834663976732,0.0,8.575465655480977e-17,2.633125101432526e-16,0.3523293575658769,0.35232935756587686,0.35775862068965514,64.7,3.4999999999999964,1.2999999999999972,0.0,0.0,69.5,0.0,0.0,0.0,0.0,False,True,False
75,565181289,3805150019,4,gaussian_plus_combined_faults,CombinedErrorSensor,0.65,0.2,0.1,0.05,True,True,True,False,safety_violation,0.2558477698836403,71.4,13.884830648937346,13.499651398158973,0.38067070629270033,0.6243060395251336,0.38537511090520565,0.32251784829779717,0.44678061582374684,0.33196717567887923,0.07044654137815594,0.4174292332632626,0.08822428485865041,0.0,0.12269338727179147,6.714401220017746,6.714401220017747,0.0,8.383573077405989e-17,2.8449465006019636e-16,0.370871758498044,0.370871758498044,0.379020979020979,51.900000000000006,15.8,2.5,1.1999999999999957,0.0,69.3,2.1000000000000014,0.0,0.0,0.0,True,True,False
76,493419000,2342670495,4,gaussian_plus_combined_faults,CombinedErrorSensor,0.65,0.2,0.1,0.05,True,True,False,False,false_completion,0.37185285025842824,70.7,14.23703980992573,13.787639354823126,0.3783413931521151,0.5474573674802996,0.3822797204862029,0.3142615617142992,0.44784088838495195,0.32566164187680946,0.06490434315568339,0.4107105758661718,0.0928648729380571,0.0,0.15301080176350806,6.090755110242971,6.090755110242972,0.0,8.277823674870143e-17,2.830524433501838e-16,0.2450901718328752,0.24509017183287526,0.4194915254237288,59.9,9.500000000000004,1.299999999999999,0.0,0.0,60.5,10.200000000000003,0.0,0.0,0.0,False,True,False
77,2523805071,2573858176,4,gaussian_plus_combined_faults,CombinedErrorSensor,0.65,0.2,0.1,0.05,True,True,True,True,goal_reached,0.25347461657155435,81.60000000000001,17.364505902032903,16.977207591867344,0.37309843651443964,0.5314571932387071,0.37810776001116136,0.25233936692305864,0.4288554848420482,0.26373028357968553,0.05900798496706854,0.3852883746967351,0.07996392044085056,0.28061380985940865,0.16496118900837864,7.160006767768211,7.160006767768211,0.0,8.492281899852748e-17,2.7894008272968645e-16,0.35195754320683104,0.35195754320683104,0.401468788249694,65.9,15.700000000000003,0.0,0.0,0.0,81.60000000000001,0.0,0.0,0.0,0.0,False,False,False
78,45677837,1364071988,4,gaussian_plus_combined_faults,CombinedErrorSensor,0.65,0.2,0.1,0.05,True,True,True,False,safety_violation,0.2781410737702197,74.10000000000001,15.02804416111734,14.560166396954905,0.37461275475518974,0.5557726716991327,0.37839395561103645,0.27917326421019717,0.41802470911600575,0.28762379897212736,0.0625300716171961,0.38396129690243364,0.08600882583752692,0.0,0.10608071576775835,7.091555932396406,7.091555932396406,0.0,8.368262342775083e-17,2.797157557069881e-16,0.21804899705316583,0.2180489970531659,0.37331536388140163,68.2,0.5,0.0,5.399999999999999,0.0,74.10000000000001,0.0,0.0,0.0,0.0,True,False,False
79,2369212922,1884941461,4,gaussian_plus_combined_faults,CombinedErrorSensor,0.65,0.2,0.1,0.05,True,True,True,False,safety_violation,0.25565259334486184,62.6,13.294444730153472,12.809550113848358,0.3842085626402079,0.5549482128396277,0.38824639009673056,0.36685115213064623,0.5214332222735474,0.37635880996277776,0.07263762250593941,0.4812324073125005,0.10091854527588245,0.0,0.07005781440028759,6.011142729289144,6.011142729289146,0.0,9.108577438668445e-17,2.8066088919804617e-16,0.28502750012929834,0.28502750012929834,0.4019138755980861,61.2,0.0,0.0,1.3999999999999986,0.0,62.6,0.0,0.0,0.0,0.0,True,False,False
80,4013271687,1413058190,4,gaussian_plus_combined_faults,CombinedErrorSensor,0.65,0.2,0.1,0.05,True,True,False,False,false_completion,0.44794214449472675,88.5,18.266526646837477,17.637940709573318,0.37523422732430656,0.7071067811865476,0.3807843643280101,0.2398580984060525,0.43297693181039487,0.2739186864127825,0.06649811333673192,0.7071067811865476,0.09140495771235792,0.0,0.05,8.84618719435823,8.84618719435823,0.0,8.399976725515571e-17,2.779024842816778e-16,0.3535533905932738,0.3535533905932738,0.399548532731377,78.3,7.700000000000003,1.3000000000000043,1.1999999999999957,0.0,85.99999999999999,2.500000000000007,0.0,0.0,0.0,True,True,False
81,463264661,1517162635,4,gaussian_plus_combined_faults,CombinedErrorSensor,0.65,0.2,0.1,0.05,False,False,False,False,planning_failure,nan,nan,nan,nan,nan,nan,nan,nan,nan,nan,nan,nan,nan,nan,nan,nan,nan,nan,nan,nan,nan,nan,nan,,,,,,,,,,,,,
82,2864355002,146698999,4,gaussian_plus_combined_faults,CombinedErrorSensor,0.65,0.2,0.1,0.05,True,True,False,False,false_completion,0.46913031719081427,76.4,15.707043343938915,15.422148076891489,0.37701856367211634,0.7071067811865476,0.3827635021015419,0.2808839094300546,0.41216753991450716,0.2915243467061942,0.06614300015229496,0.7071067811865476,0.09166119882026856,0.0,0.05,6.854211200501245,6.854211200501245,0.0,8.640810855702239e-17,2.8066088919804617e-16,0.3535533905932738,0.3535533905932738,0.41045751633986927,70.4,1.7999999999999972,4.199999999999999,0.0,0.0,74.7,1.7000000000000028,0.0,0.0,0.0,False,True,False
83,2988069353,815718213,4,gaussian_plus_combined_faults,CombinedErrorSensor,0.65,0.2,0.1,0.05,True,True,False,False,false_completion,0.4483301366366948,66.8,13.724261844192721,13.316694613064472,0.3850147591367271,0.5723188841906315,0.38885644945197456,0.3391219559010647,0.4845861266188865,0.3459148342660315,0.060171540215506567,0.3957024058626045,0.08492600230919319,0.0,0.08666913519422881,5.725424680211674,5.725424680211674,0.0,8.605843006851195e-17,2.9406505148178845e-16,0.3075751887318544,0.3075751887318544,0.3721973094170403,60.599999999999994,4.299999999999999,0.0,1.8999999999999986,0.0,66.8,0.0,0.0,0.0,0.0,True,False,False
84,232323784,3866835605,4,gaussian_plus_combined_faults,CombinedErrorSensor,0.65,0.2,0.1,0.05,True,True,True,False,safety_violation,0.19680403693204576,68.5,14.34543067598787,14.145014427064732,0.37879182780316745,0.7071067811865476,0.3826523197715872,0.3045306945939902,0.4832933906541956,0.3143287505303182,0.06379192451139735,0.7071067811865476,0.09315100445365325,0.0,0.05,6.731231037032369,6.731231037032369,0.0,8.637242900864337e-17,2.830524433501838e-16,0.3535533905932738,0.3535533905932738,0.3440233236151603,60.4,2.8000000000000003,0.0,5.299999999999997,0.0,68.1,0.40000000000000036,0.0,0.0,0.0,True,False,False
85,2062693019,1463358873,4,gaussian_plus_combined_faults,CombinedErrorSensor,0.65,0.2,0.1,0.05,True,True,False,False,false_completion,0.3370704006266152,74.4,15.173225647505568,15.023182538306214,0.37716623790902837,0.5858417862326213,0.3820745124677328,0.29627580773390816,0.4919698660313723,0.31453225339062474,0.06091203711498068,0.3577068078036879,0.08256218723036704,0.12393837028123851,0.04688382246193542,6.793150158080983,6.793150158080984,0.0,8.414976836119204e-17,2.5018537765542007e-16,0.29038614431123455,0.2903861443112347,0.4134228187919463,63.199999999999996,11.200000000000006,0.0,0.0,0.0,74.1,0.30000000000000426,0.0,0.0,0.0,False,False,False
86,2696811765,677721415,4,gaussian_plus_combined_faults,CombinedErrorSensor,0.65,0.2,0.1,0.05,True,True,False,False,false_completion,0.3371222165179824,75.10000000000001,16.17292334285783,15.591234552412937,0.38301283735879593,0.555483382483836,0.3892521433537845,0.28945741071338205,0.43899423500154056,0.30372009461491417,0.0617279467779252,0.4376522438858883,0.08392537712815432,0.11634251617378055,0.13722365704662298,6.76258665680271,6.76258665680271,0.0,9.14250215588075e-17,2.7894008272968645e-16,0.4936507773335137,0.4936507773335137,0.40691489361702127,66.2,8.899999999999999,0.0,0.0,0.0,73.0,2.1000000000000014,0.0,0.0,0.0,False,False,False
87,2431573722,4128245809,4,gaussian_plus_combined_faults,CombinedErrorSensor,0.65,0.2,0.1,0.05,True,True,False,False,false_completion,0.37004061942870287,76.2,15.843448717687322,15.415705060348422,0.3769761864361206,0.5488520726565084,0.3819911092906856,0.2942315144404843,0.4962432847819377,0.3048005678928918,0.06389406342689305,0.3625266968873584,0.0817407066078687,0.0,0.10610923919794288,7.276306354538581,7.276306354538581,0.0,8.34654795419919e-17,2.779024842816778e-16,0.3489730137886254,0.3489730137886254,0.37876802096985585,64.39999999999999,10.900000000000002,0.8999999999999986,0.0,0.0,74.8,1.4000000000000057,0.0,0.0,0.0,False,True,False
88,288904282,1334095557,4,gaussian_plus_combined_faults,CombinedErrorSensor,0.65,0.2,0.1,0.05,True,True,False,False,false_completion,0.3824424445280806,72.0,13.90109852804865,13.436783614632725,0.3929850571670135,0.7071067811865476,0.3973545052539286,0.33936852504900505,0.4763643136539564,0.3497326942711431,0.07292051354965377,0.7071067811865476,0.10761279615295886,0.0,0.013861855786338959,6.830211746197908,6.830211746197907,0.0,8.156288919996936e-17,2.2247786310271853e-16,0.3535533905932738,0.3535533905932738,0.3952843273231623,59.99999999999999,9.600000000000001,0.0,2.3999999999999995,0.0,70.0,1.9999999999999964,0.0,0.0,0.0,True,False,False
89,2448428947,1044006471,4,gaussian_plus_combined_faults,CombinedErrorSensor,0.65,0.2,0.1,0.05,False,False,False,False,planning_failure,nan,nan,nan,nan,nan,nan,nan,nan,nan,nan,nan,nan,nan,nan,nan,nan,nan,nan,nan,nan,nan,nan,nan,,,,,,,,,,,,,
90,3814120060,3172955040,4,gaussian_plus_combined_faults,CombinedErrorSensor,0.65,0.2,0.1,0.05,True,True,False,False,false_completion,0.38958929606877046,75.60000000000001,15.213753990494764,14.73870634403929,0.380178188303874,0.7071067811865476,0.38574604755265346,0.30841139968505493,0.44132704032442793,0.3226172609722584,0.06539884183019737,0.7071067811865476,0.09689371703154095,0.0,0.05,6.968709241509118,6.968709241509119,0.0,8.568598469726097e-17,2.777508439858666e-16,0.3535533905932738,0.3535533905932738,0.4214002642007926,63.099999999999994,9.800000000000008,2.7,0.0,0.0,73.0,2.599999999999996,0.0,0.0,0.0,False,True,False
91,2701641550,3221346186,4,gaussian_plus_combined_faults,CombinedErrorSensor,0.65,0.2,0.1,0.05,True,True,False,False,false_completion,0.3297926615395703,79.9,16.8967259929656,16.227412520385947,0.3677624527658591,0.5234060135565102,0.37421655287321637,0.25927922103068807,0.44738230482669117,0.27474971186385805,0.0673349754619896,0.4464666442644676,0.08862360816189027,0.06102909117359823,0.10353335573553242,7.729263437538198,7.729263437538198,0.0,8.570362777822512e-17,2.830524433501838e-16,0.348907831798757,0.348907831798757,0.42125,62.50000000000001,17.399999999999995,0.0,0.0,0.0,74.3,5.6000000000000085,0.0,0.0,0.0,False,False,False
92,1467073285,944703461,4,gaussian_plus_combined_faults,CombinedErrorSensor,0.65,0.2,0.1,0.05,True,True,False,False,false_completion,0.3297434556770425,69.60000000000001,14.39076497280792,14.257050344922432,0.3775072160700744,0.7071067811865476,0.38296678472535994,0.31648127140364823,0.4713052207450227,0.3257063456070216,0.062464946732936344,0.7071067811865476,0.08723665948292296,0.0,0.0252524661132858,6.835572752582,6.835572752582,0.0,8.656132773955527e-17,2.830524433501838e-16,0.3535533905932738,0.3535533905932738,0.4088952654232425,58.2,9.1,0.0,2.3000000000000043,0.0,69.5,0.10000000000000142,0.0,0.0,0.0,True,False,False
93,169941178,1456512961,4,gaussian_plus_combined_faults,CombinedErrorSensor,0.65,0.2,0.1,0.05,True,True,False,False,false_completion,0.419085602505992,65.2,13.236568635932873,12.980656642879222,0.379799047228566,0.5687558472617227,0.3834253763085945,0.318731419677225,0.4798394388657081,0.325032862661467,0.062137741528201076,0.531461382304551,0.0831257560907539,0.0,0.08072876096761514,5.996806368001218,5.996806368001218,0.0,8.765809587285556e-17,2.5589376332604516e-16,0.24522024141565762,0.24522024141565757,0.3981623277182236,54.60000000000001,7.199999999999999,3.399999999999995,0.0,0.0,62.3,2.9000000000000004,0.0,0.0,0.0,False,True,False
94,2253011611,405432984,4,gaussian_plus_combined_faults,CombinedErrorSensor,0.65,0.2,0.1,0.05,True,True,False,False,false_completion,0.4657162632498856,80.5,16.93493170255745,16.462791178128928,0.37956286205418766,0.5868825425440366,0.38497519387414186,0.26171937965919784,0.4758194024815773,0.283540848377271,0.0714176671686347,0.47865387107707746,0.09681864001348633,0.07653082348602638,0.11120453327851203,7.2836919748147055,7.283691974814705,0.0,8.488536189198052e-17,2.7755575615628914e-16,0.25959600962849366,0.25959600962849366,0.39205955334987597,66.69999999999999,13.800000000000004,0.0,0.0,0.0,77.99999999999999,2.5000000000000018,0.0,0.0,0.0,False,False,False
95,4089296776,1361720255,4,gaussian_plus_combined_faults,CombinedErrorSensor,0.65,0.2,0.1,0.05,True,True,False,False,false_completion,0.42953908207811115,75.2,16.00027267920236,15.711525403929658,0.37875847561104875,0.5443374125311752,0.3842927684473584,0.28781077274460654,0.4331397769063489,0.30206591651028636,0.06281646494043021,0.3755513894306935,0.08038733954399473,0.0,0.05500774917316744,6.835303452690692,6.835303452690692,0.0,8.93962292196127e-17,2.7894008272968645e-16,0.34845159841163237,0.3484515984116323,0.399734395750332,67.69999999999999,0.0,7.500000000000002,0.0,0.0,75.2,0.0,0.0,0.0,0.0,False,True,False
96,4024072039,3290223108,4,gaussian_plus_combined_faults,CombinedErrorSensor,0.65,0.2,0.1,0.05,True,True,False,False,false_completion,0.4160854264835447,67.0,14.0655806958424,13.693095294430385,0.38395796385301906,0.5416393951961092,0.3876846550455312,0.30904943986271116,0.4736776834651146,0.3188034348973337,0.06130935708077148,0.40514991021884617,0.084036683531877,0.0,0.05389435045362223,6.3832468821668655,6.383246882166864,0.0,8.48880853976357e-17,2.633125101432526e-16,0.35344409618227923,0.3534440961822792,0.39940387481371087,53.7,8.799999999999997,0.0,4.5,0.0,61.699999999999996,5.300000000000001,0.0,0.0,0.0,True,False,False
97,4120847382,1005880465,4,gaussian_plus_combined_faults,CombinedErrorSensor,0.65,0.2,0.1,0.05,True,True,False,False,false_completion,0.40476186464572744,69.8,13.84540629639864,13.37263259066347,0.3725395568757089,0.7071067811865476,0.3768372014647823,0.3159856278722404,0.43147498267135953,0.3259819604487415,0.06552521737620724,0.7071067811865476,0.09308217782564521,0.013286514856448191,0.05,6.134391826892891,6.134391826892891,0.0,8.244591624313581e-17,2.779024842816778e-16,0.3833948491284094,0.3833948491284094,0.37768240343347637,60.5,9.299999999999994,0.0,0.0,0.0,67.3,2.5,0.0,0.0,0.0,False,False,False
98,3675887853,1206917796,4,gaussian_plus_combined_faults,CombinedErrorSensor,0.65,0.2,0.1,0.05,True,True,False,False,false_completion,0.4261937354613041,72.8,14.742550198160977,14.816033545162263,0.3789164540004911,0.7071067811865476,0.38421103331482903,0.2810655367058135,0.44187834541684656,0.29542884079800874,0.06526063921839197,0.7071067811865476,0.09185656999306946,0.0,0.022379564652951878,6.768847906566972,6.768847906566972,0.0,8.36003074675157e-17,2.777508439858666e-16,0.3535533905932738,0.3535533905932738,0.4060356652949245,57.900000000000006,9.399999999999991,3.5,2.0,0.0,67.19999999999999,5.600000000000001,0.0,0.0,0.0,True,True,False
99,279667856,3140931407,4,gaussian_plus_combined_faults,CombinedErrorSensor,0.65,0.2,0.1,0.05,True,True,False,False,false_completion,0.35508663569127663,68.10000000000001,13.956435377856915,13.324543534291855,0.37486736824349254,0.5285918960427105,0.37895840024564703,0.3337857715262937,0.4689134143552811,0.34339415717119337,0.07142032314714937,0.4410435070721743,0.09634758863732476,0.0,0.02661413893348805,6.571512729845086,6.571512729845086,0.0,9.045290331226354e-17,2.8177377798042847e-16,0.2862113801904015,0.2862113801904014,0.3870967741935484,56.90000000000001,6.199999999999996,2.8999999999999986,2.1000000000000014,0.0,67.2,0.8999999999999986,0.0,0.0,0.0,True,True,False
100,540232124,440410583,4,gaussian_plus_combined_faults,CombinedErrorSensor,0.65,0.2,0.1,0.05,False,False,False,False,planning_failure,nan,nan,nan,nan,nan,nan,nan,nan,nan,nan,nan,nan,nan,nan,nan,nan,nan,nan,nan,nan,nan,nan,nan,,,,,,,,,,,,,
101,3396719581,2568424225,4,gaussian_plus_combined_faults,CombinedErrorSensor,0.65,0.2,0.1,0.05,True,True,False,False,false_completion,0.384237777850677,74.8,14.857049497881647,14.251142023692957,0.38691721903710313,0.7071067811865476,0.3905346215665599,0.31840430590056584,0.505967983925965,0.3313029052408822,0.06694563965686898,0.7071067811865476,0.0981651140695076,0.0,0.05,6.379205485779058,6.379205485779058,0.0,8.203379562427607e-17,2.7894008272968645e-16,0.3535533905932738,0.3535533905932738,0.4112149532710281,67.29999999999998,3.800000000000006,3.6999999999999993,0.0,0.0,74.8,0.0,0.0,0.0,0.0,False,True,False
102,4254502148,4115934492,4,gaussian_plus_combined_faults,CombinedErrorSensor,0.65,0.2,0.1,0.05,False,False,False,False,planning_failure,nan,nan,nan,nan,nan,nan,nan,nan,nan,nan,nan,nan,nan,nan,nan,nan,nan,nan,nan,nan,nan,nan,nan,,,,,,,,,,,,,
103,52029571,1451775251,4,gaussian_plus_combined_faults,CombinedErrorSensor,0.65,0.2,0.1,0.05,True,True,False,False,false_completion,0.3984170826348382,63.400000000000006,13.42817795613104,13.039707325417293,0.38567278667860594,0.7071067811865476,0.3894394712539705,0.3424400417110165,0.5225361929850056,0.35771390948135867,0.07767785952423935,0.7071067811865476,0.1080986492891821,0.28401553417237757,0.05,6.100609438250341,6.100609438250341,0.0,8.902900465889067e-17,2.7894008272968645e-16,0.3535533905932738,0.3535533905932738,0.3700787401574803,58.0,5.4,0.0,0.0,0.0,62.900000000000006,0.5000000000000018,0.0,0.0,0.0,False,False,False
104,2150617837,3318149514,4,gaussian_plus_combined_faults,CombinedErrorSensor,0.65,0.2,0.1,0.05,False,False,False,False,planning_failure,nan,nan,nan,nan,nan,nan,nan,nan,nan,nan,nan,nan,nan,nan,nan,nan,nan,nan,nan,nan,nan,nan,nan,,,,,,,,,,,,,
105,1920392900,1186325760,4,gaussian_plus_combined_faults,CombinedErrorSensor,0.65,0.2,0.1,0.05,True,True,False,False,false_completion,0.3647394522765965,70.60000000000001,14.362618483005457,13.870143291862115,0.38098263475640265,0.5401233409503341,0.3849481492378606,0.31253857238473237,0.46533080181963676,0.3235073613343859,0.06320732646087665,0.5167440909634919,0.09086055308374723,0.0,0.03368081575974319,6.417871701586999,6.417871701587,0.0,8.27614511122738e-17,2.7894008272968645e-16,0.3501233797240654,0.3501233797240654,0.40311173974540315,64.9,0.0,5.700000000000003,0.0,0.0,70.50000000000001,0.09999999999999432,0.0,0.0,0.0,False,True,False
106,3782786491,3318578905,4,gaussian_plus_combined_faults,CombinedErrorSensor,0.65,0.2,0.1,0.05,True,True,False,False,false_completion,0.32861386169143175,99.10000000000001,19.33868013106973,19.06729382584731,0.3746786042579625,0.5631047415004892,0.3793613836250215,0.2504150293840025,0.44921571747941846,0.28080988964445985,0.0523052296776395,0.49266678210848347,0.0726096185245517,0.0,0.05740854728098321,8.477156460917783,8.477156460917783,0.0,8.191548542707286e-17,2.797157557069881e-16,0.34269098786258606,0.34269098786258606,0.39616935483870963,74.69999999999999,20.299999999999997,0.0,4.1000000000000085,0.0,98.3,0.8000000000000114,0.0,0.0,0.0,True,False,False
107,1852949863,3905180727,4,gaussian_plus_combined_faults,CombinedErrorSensor,0.65,0.2,0.1,0.05,True,True,False,False,false_completion,0.3955351947473852,59.7,13.074734748838761,12.98297627349098,0.3718270936396398,0.4931614237273072,0.37498942101738203,0.3219932741111769,0.42863190128606854,0.32873880666604627,0.05979387664191434,0.4327758610197231,0.08449593368973683,0.0,0.11917573735818998,5.629960207328841,5.629960207328839,0.0,9.317268151339964e-17,2.68024601344063e-16,0.324984592803318,0.32498459280331804,0.382943143812709,53.900000000000006,2.799999999999997,3.0,0.0,0.0,57.5,2.200000000000001,0.0,0.0,0.0,False,True,False
108,4292450816,2371327617,4,gaussian_plus_combined_faults,CombinedErrorSensor,0.65,0.2,0.1,0.05,True,True,True,False,safety_violation,0.22962169301115104,71.4,14.473574056362317,14.126482364289728,0.38144265283033246,0.5278986578813258,0.3855847054833173,0.31514866222676285,0.46995038235761555,0.32708186319894866,0.06924131622778891,0.3670308838010783,0.08774477747488091,0.0,0.17148440296822454,6.801813392758328,6.801813392758328,0.0,8.494725911964359e-17,2.7755575615628914e-16,0.3032164088242068,0.3032164088242068,0.4237762237762238,59.400000000000006,10.5,0.0,1.5,0.0,66.4,4.999999999999989,0.0,0.0,0.0,True,False,False
109,4267953794,845914130,4,gaussian_plus_combined_faults,CombinedErrorSensor,0.65,0.2,0.1,0.05,True,True,False,False,false_completion,0.32048996644794997,72.4,14.412556628917192,13.983985346720244,0.37696844076466873,0.7071067811865476,0.38092885434969176,0.30138774928430623,0.490346145914675,0.3139209464524847,0.07071217653399407,0.7071067811865476,0.09776796656107285,0.0,0.05,6.705258878402902,6.705258878402903,0.0,8.316486912271734e-17,2.8576114088871287e-16,0.3535533905932738,0.3535533905932738,0.38206896551724134,59.800000000000004,6.400000000000006,6.199999999999996,0.0,0.0,65.2,7.199999999999992,0.0,0.0,0.0,False,True,False
110,1963136374,3650030472,4,gaussian_plus_combined_faults,CombinedErrorSensor,0.65,0.2,0.1,0.05,True,True,True,False,safety_violation,0.25547719343107267,72.0,14.201015764113954,13.992355391233788,0.38739797995177705,0.7071067811865476,0.39094868325675003,0.33808787398979295,0.509593940040088,0.3487604353227202,0.06141978008284246,0.7071067811865476,0.08879181486388603,0.0,0.0,6.267202491739681,6.267202491739682,0.0,8.157550490810262e-17,2.779024842816778e-16,0.3535533905932738,0.3535533905932738,0.38557558945908466,64.39999999999999,4.900000000000003,2.700000000000003,0.0,0.0,71.9,0.0,0.09999999999999432,0.0,0.0,False,True,False
111,212347388,3906612652,4,gaussian_plus_combined_faults,CombinedErrorSensor,0.65,0.2,0.1,0.05,True,True,True,False,safety_violation,0.2846358291763195,73.8,13.931703264439543,13.481097350535608,0.3802575076905189,0.5535013762084805,0.3844462063986443,0.3281678320983467,0.499201539846419,0.3390669080908709,0.06473327183249372,0.504685856997295,0.09401150457499166,0.0,0.058689946934600154,6.1291790530106525,6.129179053010651,0.0,7.91555019326751e-17,1.8670653977139892e-16,0.24414088744431822,0.24414088744431828,0.3829499323410014,69.3,0.0,0.0,4.5,0.0,73.8,0.0,0.0,0.0,0.0,True,False,False
112,2133831415,1351782111,4,gaussian_plus_combined_faults,CombinedErrorSensor,0.65,0.2,0.1,0.05,True,True,True,False,safety_violation,0.25311677724009374,75.9,14.26476704292304,13.66748811505712,0.3817866119230639,0.5099943727037561,0.38624592623300946,0.3190614269154291,0.4459287448516428,0.3263510594038019,0.06579478137439207,0.399821504464648,0.09115480090056974,0.0,0.09890106294128831,6.776653281723094,6.776653281723094,0.0,7.713757217087254e-17,2.498001805406602e-16,0.29862314396120415,0.29862314396120415,0.4078947368421053,63.10000000000001,10.399999999999995,2.3999999999999986,0.0,0.0,75.9,0.0,0.0,0.0,0.0,False,True,False
113,2416155944,1610198770,4,gaussian_plus_combined_faults,CombinedErrorSensor,0.65,0.2,0.1,0.05,True,True,False,False,false_completion,0.39627926520663903,83.0,16.99088404617457,16.577535728694823,0.37434719358432444,0.536003661041432,0.3796784431077292,0.26060494990040645,0.41183415509381105,0.2715334636242547,0.06140195071995432,0.4573508153275531,0.08451946134843691,0.0,0.14388975160343595,7.209502188700248,7.209502188700249,0.0,8.463495455895043e-17,2.830524433501838e-16,0.3330099831050684,0.3330099831050684,0.37545126353790614,68.0,10.599999999999998,0.0,4.399999999999999,0.0,82.5,0.5,0.0,0.0,0.0,True,False,False
114,1031285833,497434967,4,gaussian_plus_combined_faults,CombinedErrorSensor,0.65,0.2,0.1,0.05,True,True,False,False,false_completion,0.35736335911603373,72.7,13.695881267049085,13.112993385992597,0.38236905349432243,0.7071067811865476,0.3865931331247335,0.3193451910806514,0.42699084880562543,0.32555734907121225,0.06454878555541758,0.7071067811865476,0.09645618659374848,0.0,0.05,6.9713787463212995,6.9713787463212995,0.0,8.175788572741972e-17,2.7894008272968645e-16,0.3535533905932738,0.3535533905932738,0.396978021978022,64.8,4.600000000000003,3.3000000000000043,0.0,0.0,72.7,0.0,0.0,0.0,0.0,False,True,False
115,1491554370,1807222696,4,gaussian_plus_combined_faults,CombinedErrorSensor,0.65,0.2,0.1,0.05,True,True,True,False,safety_violation,0.2363435604171347,75.8,14.808747094071979,14.543839183296573,0.37376296185935554,0.7071067811865476,0.3784695719259953,0.3011073407176309,0.4082675240303994,0.30791032066110363,0.05746608799970807,0.7071067811865476,0.07976067320440053,0.0,0.05,6.586515205899902,6.586515205899902,0.0,8.00389169182119e-17,2.779024842816778e-16,0.3535533905932738,0.3535533905932738,0.38471673254281946,67.29999999999998,6.800000000000011,0.0,1.6999999999999993,0.0,74.29999999999998,1.5000000000000018,0.0,0.0,0.0,True,False,False
116,2111179620,4259083263,4,gaussian_plus_combined_faults,CombinedErrorSensor,0.65,0.2,0.1,0.05,True,True,False,False,false_completion,0.48125179966087145,80.7,16.111984268604548,15.710209563364499,0.38133722120742003,0.7071067811865476,0.3858874220607848,0.2900429030946277,0.500310697658788,0.3042098375230508,0.06054012927953903,0.7071067811865476,0.08927397364951722,0.0,0.05,6.898559763551361,6.898559763551361,0.0,8.025005778416154e-17,2.779024842816778e-16,0.3535533905932738,0.3535533905932738,0.3935643564356436,59.099999999999994,21.200000000000003,0.0,0.40000000000000213,0.0,72.89999999999999,7.799999999999999,0.0,0.0,0.0,True,False,False
117,3067009748,4125571272,4,gaussian_plus_combined_faults,CombinedErrorSensor,0.65,0.2,0.1,0.05,True,True,False,False,false_completion,0.3605289667678853,70.9,14.15241929631873,13.603822448650888,0.38208582322736556,0.7071067811865476,0.38634326459874785,0.32583359401393247,0.49838650525684763,0.3347239790166047,0.07066162492524967,0.7071067811865476,0.10059801265881023,0.0,0.05,6.90988587912855,6.90988587912855,0.0,8.342315771093487e-17,2.7894008272968645e-16,0.3535533905932738,0.3535533905932738,0.36760563380281686,68.39999999999999,0.0,2.5000000000000018,0.0,0.0,68.5,2.400000000000002,0.0,0.0,0.0,False,True,False
118,1383855522,3437330170,4,gaussian_plus_combined_faults,CombinedErrorSensor,0.65,0.2,0.1,0.05,False,False,False,False,planning_failure,nan,nan,nan,nan,nan,nan,nan,nan,nan,nan,nan,nan,nan,nan,nan,nan,nan,nan,nan,nan,nan,nan,nan,,,,,,,,,,,,,
119,1826956592,3051676881,4,gaussian_plus_combined_faults,CombinedErrorSensor,0.65,0.2,0.1,0.05,True,True,True,False,safety_violation,0.21311905732032585,67.2,13.674864351183377,13.269360601224458,0.38056186129482406,0.531401968615331,0.384762938490659,0.314551269948411,0.4192912719939585,0.3226373219948222,0.0632864625778804,0.42825799565438094,0.08928866823388366,0.0,0.1327062242208985,6.40020698994698,6.40020698994698,0.0,8.567093621483724e-17,2.7336071744532853e-16,0.32340765759555246,0.3234076575955524,0.40564635958395245,57.2,8.599999999999998,1.4000000000000004,0.0,0.0,62.6,4.6000000000000005,0.0,0.0,0.0,False,True,False
120,688581709,34371585,4,gaussian_plus_combined_faults,CombinedErrorSensor,0.65,0.2,0.1,0.05,True,True,False,False,false_completion,0.3705927469335774,71.10000000000001,14.542307312238439,13.860366735070237,0.37716939023490276,0.7071067811865476,0.3833739712450154,0.30709255324091034,0.4462729544428939,0.3172197963015721,0.07115021918340476,0.7071067811865476,0.10728270445963137,0.0,0.05,6.795395370777443,6.7953953707774435,0.0,8.705490019754553e-17,2.5324586304240974e-16,0.35558915752875725,0.35558915752875725,0.3862359550561798,70.3,0.0,0.8000000000000007,0.0,0.0,71.10000000000001,0.0,0.0,0.0,0.0,False,True,False
121,3855786694,2553437302,4,gaussian_plus_combined_faults,CombinedErrorSensor,0.65,0.2,0.1,0.05,True,True,True,False,safety_violation,0.22314089175515583,66.5,14.036116379342971,13.65387461070031,0.3808367656788685,0.5125863957099107,0.3842722780052464,0.3141701104298172,0.5049697243450375,0.32542000742005245,0.06671738607076698,0.4335322894257319,0.09140379985208448,0.0,0.15804481121588648,6.008272320844392,6.008272320844391,0.0,8.866919901890226e-17,2.776424787817943e-16,0.27226139661786747,0.27226139661786736,0.4054054054054054,62.99999999999999,0.0,3.5000000000000018,0.0,0.0,66.5,0.0,0.0,0.0,0.0,False,True,False
122,4279156192,1134888897,4,gaussian_plus_combined_faults,CombinedErrorSensor,0.65,0.2,0.1,0.05,True,True,False,False,false_completion,0.3942416248761848,69.9,14.358871958752301,13.888451242031596,0.3833309220791838,0.5369394497267976,0.3866936575845902,0.31332074825322154,0.45736892339235,0.32885768068621973,0.063285127289497,0.43198039730105053,0.08847748046780635,0.0,0.08509377497516601,6.426173199151631,6.426173199151631,0.0,8.87553327453524e-17,2.498965354837e-16,0.29192848678078676,0.29192848678078676,0.41000000000000003,60.50000000000001,7.299999999999999,2.1000000000000014,0.0,0.0,67.9,2.0,0.0,0.0,0.0,False,True,False
123,126927254,984246979,4,gaussian_plus_combined_faults,CombinedErrorSensor,0.65,0.2,0.1,0.05,True,True,False,False,false_completion,0.33214693193411154,87.4,17.74037059751896,16.925884870866323,0.385495334387159,0.5939317988336404,0.39049564228218747,0.263897141758758,0.42611488647002366,0.2748601873888568,0.06128628677385501,0.3843513447750761,0.08706035667452122,0.21672725015574287,0.2115324571844005,8.039286869788661,8.039286869788661,0.0,8.244059054316872e-17,2.7755575615628914e-16,0.29568790185553434,0.2956879018555344,0.42628571428571427,78.0,9.399999999999999,0.0,0.0,0.0,86.60000000000001,0.7999999999999972,0.0,0.0,0.0,False,False,False
124,2258222714,325666615,4,gaussian_plus_combined_faults,CombinedErrorSensor,0.65,0.2,0.1,0.05,True,True,False,False,false_completion,0.4076710521488062,86.30000000000001,16.894904213340556,16.958641274556772,0.3772065815759839,0.5475211153865043,0.3834058200354492,0.2482396168021107,0.37703538751842414,0.2692654915571424,0.053972359272534395,0.40076406114093177,0.07436923322601946,0.0,0.10974541428458247,7.678420629576779,7.678420629576778,0.0,8.16787903488384e-17,2.797157557069881e-16,0.33250272928098595,0.3325027292809859,0.36342592592592593,78.50000000000001,5.5,2.299999999999997,0.0,0.0,85.9,0.3999999999999986,0.0,0.0,0.0,False,True,False
125,2983517800,828412743,4,gaussian_plus_combined_faults,CombinedErrorSensor,0.65,0.2,0.1,0.05,True,True,False,False,false_completion,0.36725118736540097,63.2,13.198544479605163,12.9122798807634,0.38814401615287253,0.5551882364486187,0.3913479641949094,0.3576601105927383,0.5021184753486406,0.3660384922859346,0.0629430163559572,0.4327183259994375,0.0856219828535168,0.0,0.0,5.687955702639914,5.687955702639915,0.0,9.028035862433891e-17,2.830524433501838e-16,0.38407532308961867,0.38407532308961867,0.3886255924170616,58.900000000000006,2.299999999999997,2.0,0.0,0.0,63.1,0.0,0.09999999999999964,0.0,0.0,False,True,False
126,1251051613,3961295683,4,gaussian_plus_combined_faults,CombinedErrorSensor,0.65,0.2,0.1,0.05,True,True,False,False,false_completion,0.39395352058911204,78.0,16.17105789802974,15.897035290617225,0.3761857352619739,0.5168181738727582,0.38035095918366635,0.27758786160859106,0.4945277477582119,0.28964496993687144,0.06622822669743575,0.44776066374861284,0.0907385611946676,0.0,0.07707284363278344,7.147939269715753,7.147939269715752,0.0,8.717449136987236e-17,2.7809732887839817e-16,0.3202087682590984,0.3202087682590984,0.38412291933418696,63.49999999999999,8.500000000000004,6.0,0.0,0.0,71.6,6.400000000000003,0.0,0.0,0.0,False,True,False
127,2952988485,3026545368,4,gaussian_plus_combined_faults,CombinedErrorSensor,0.65,0.2,0.1,0.05,True,True,True,False,safety_violation,0.2572791539639385,82.0,16.219925099331842,15.74412966715383,0.37129350794731747,0.5485392852405402,0.37620856615703574,0.29396749289990337,0.457433329200964,0.3079316055847384,0.05912805302002641,0.39401077990742145,0.0804774028062067,0.0,0.057942934238279176,6.71980804714631,6.71980804714631,0.0,7.997188922284985e-17,2.5018537765542007e-16,0.23803003547146087,0.23803003547146084,0.389768574908648,69.79999999999998,5.200000000000003,7.0000000000000036,0.0,0.0,77.8,4.199999999999999,0.0,0.0,0.0,False,True,False
128,293623351,4173873018,4,gaussian_plus_combined_faults,CombinedErrorSensor,0.65,0.2,0.1,0.05,True,True,False,False,false_completion,0.422999547336469,72.4,14.188813663150539,13.70152094412827,0.3762849527187339,0.5343532858083673,0.37988277687540273,0.3149160456662575,0.41648445935145206,0.3228051453723306,0.061200419069654274,0.37349235613082915,0.0839374037237245,0.14879599743260005,0.2881750333575855,6.361831311818733,6.361831311818733,0.0,8.135194572842577e-17,2.8609792490763985e-16,0.2304901053091233,0.23049010530912337,0.4193103448275862,65.39999999999999,7.000000000000008,0.0,0.0,0.0,72.2,0.20000000000000018,0.0,0.0,0.0,False,False,False
129,1511299177,2073675167,4,gaussian_plus_combined_faults,CombinedErrorSensor,0.65,0.2,0.1,0.05,False,False,False,False,planning_failure,nan,nan,nan,nan,nan,nan,nan,nan,nan,nan,nan,nan,nan,nan,nan,nan,nan,nan,nan,nan,nan,nan,nan,,,,,,,,,,,,,
130,751479923,1103311033,4,gaussian_plus_combined_faults,CombinedErrorSensor,0.65,0.2,0.1,0.05,True,True,False,False,false_completion,0.5006041285707729,79.10000000000001,15.95311972023493,15.281063240836678,0.3906737523917901,0.5975670035134045,0.39596972597884544,0.30471956748123297,0.4343979452408924,0.3163219701467958,0.06295306212115466,0.4262336991016403,0.08811124960513307,0.0,0.016520362394992105,7.58578544832733,7.58578544832733,0.0,8.588225607528877e-17,2.779024842816778e-16,0.28589201961813243,0.28589201961813243,0.38131313131313127,65.3,11.700000000000003,2.1000000000000014,0.0,0.0,75.10000000000001,3.9999999999999964,0.0,0.0,0.0,False,True,False
131,1991012891,3792124852,4,gaussian_plus_combined_faults,CombinedErrorSensor,0.65,0.2,0.1,0.05,True,True,False,False,false_completion,0.32158795654365563,71.5,14.185812109289502,13.687868029276153,0.3806283275594394,0.5358619582558655,0.384106035287042,0.3357612040386164,0.49505159914296476,0.34578148739733017,0.06100399309766831,0.47046800636572284,0.08769713046733629,0.0,0.012923990100424554,5.993623713764616,5.993623713764616,0.0,8.283409408394428e-17,2.7894008272968645e-16,0.36848037055102373,0.3684803705510237,0.40642458100558654,65.6,1.799999999999999,3.0,1.1000000000000014,0.0,71.5,0.0,0.0,0.0,0.0,True,True,False
132,2860860257,1656021677,4,gaussian_plus_combined_faults,CombinedErrorSensor,0.65,0.2,0.1,0.05,True,True,True,True,goal_reached,0.1849602483511318,65.8,13.682009972219127,13.402286216285825,0.3824163441961988,0.5419471911925439,0.386804771740688,0.3013583109579689,0.4576386260427867,0.31122031459510097,0.06230126104400064,0.3652608719501912,0.08598644602884,0.3232765612504078,0.29312603165615214,5.861685844646024,5.861685844646024,0.0,8.45585296842418e-17,2.830524433501838e-16,0.23570893585065666,0.23570893585065664,0.362670713201821,61.2,4.599999999999994,0.0,0.0,0.0,65.8,0.0,0.0,0.0,0.0,False,False,False
133,3150799191,2735906809,4,gaussian_plus_combined_faults,CombinedErrorSensor,0.65,0.2,0.1,0.05,True,True,False,False,false_completion,0.37475828433871594,76.5,15.661197907359348,15.325161788581338,0.38780331602821205,0.7071067811865476,0.3936435486789301,0.3026321268013129,0.598262475176294,0.31653828062733647,0.06586510217200098,0.7071067811865476,0.09553517074819153,0.2614466072299564,0.01187269561303183,6.992997836648712,6.992997836648712,0.0,8.461685712078897e-17,2.797157557069881e-16,0.565947878063084,0.565947878063084,0.4007832898172323,65.69999999999999,10.800000000000004,0.0,0.0,0.0,76.2,0.29999999999999716,0.0,0.0,0.0,False,False,False
134,2520119097,2511480234,4,gaussian_plus_combined_faults,CombinedErrorSensor,0.65,0.2,0.1,0.05,True,True,True,False,safety_violation,0.23971530955132322,65.60000000000001,13.77620086763433,13.549045549502388,0.39374888171414923,0.5086277565339755,0.39705445979378307,0.3512085798726655,0.5064113169817155,0.36017762394109415,0.0622931322933501,0.3862542931603738,0.08870347430578243,0.0,0.07961557756314264,6.036232634590823,6.036232634590823,0.0,8.628876298497669e-17,2.5589376332604516e-16,0.32438123976617855,0.3243812397661786,0.4003044140030442,51.40000000000001,6.399999999999999,5.5,2.299999999999997,0.0,64.9,0.7000000000000028,0.0,0.0,0.0,True,True,False
135,992731555,3548265620,4,gaussian_plus_combined_faults,CombinedErrorSensor,0.65,0.2,0.1,0.05,True,True,False,False,false_completion,0.41150969972582024,69.5,13.795886677589252,13.256780503266269,0.3850240689320734,0.7071067811865476,0.3891397413050818,0.334129177276841,0.4643378080425919,0.343605253943488,0.06588424774976079,0.7071067811865476,0.0977687025621262,0.13348823069446603,0.05,5.996616839991939,5.9966168399919395,0.0,8.633123835665993e-17,2.7894008272968645e-16,0.3659039294481286,0.3659039294481286,0.3994252873563219,57.30000000000001,12.199999999999985,0.0,0.0,0.0,65.1,4.399999999999999,0.0,0.0,0.0,False,False,False
136,1778656040,1032768909,4,gaussian_plus_combined_faults,CombinedErrorSensor,0.65,0.2,0.1,0.05,True,True,False,False,false_completion,0.30569740408782664,67.8,13.972188630394227,13.581012157603697,0.3742845676903534,0.5263876979629012,0.3787104770959026,0.31112670816137916,0.4600494903338481,0.31957183719585736,0.06532556534906406,0.3197791962039106,0.08438727474044852,0.0,0.0744975183663854,6.225012853372864,6.225012853372865,0.0,8.29751802389726e-17,2.7894008272968645e-16,0.28435147045885373,0.28435147045885373,0.4418262150220913,59.3,6.6999999999999975,1.7999999999999972,0.0,0.0,67.8,0.0,0.0,0.0,0.0,False,True,False
137,558936973,2014098144,4,gaussian_plus_combined_faults,CombinedErrorSensor,0.65,0.2,0.1,0.05,True,True,False,False,false_completion,0.37162216297090656,74.0,14.254683970673465,13.742132870528456,0.37328775660637764,0.5704619757524969,0.3770373629679015,0.3357436952994858,0.5619590610319604,0.34443275038497845,0.06723356568451286,0.4111157577538825,0.09240748569080057,0.17461766846234994,0.10829493830459588,6.370196229750757,6.370196229750757,0.0,8.069601088052139e-17,2.7755575615628914e-16,0.28533439317282533,0.28533439317282533,0.41025641025641024,62.599999999999994,11.400000000000002,0.0,0.0,0.0,73.0,0.9999999999999991,0.0,0.0,0.0,False,False,False
138,617682228,3068230679,4,gaussian_plus_combined_faults,CombinedErrorSensor,0.65,0.2,0.1,0.05,True,True,False,False,false_completion,0.3239680787188816,69.0,14.213004205983292,13.7733059671422,0.38188781796111254,0.5842683107468681,0.38643947845261545,0.31979755350947464,0.46158604689087535,0.3304840392555022,0.06481290615042136,0.3877149527836038,0.09033632085939271,0.0,0.07589598338693282,6.0905518273433055,6.090551827343306,0.0,8.324949934041265e-17,2.482534153247273e-16,0.26999364067766085,0.26999364067766085,0.40810419681620835,58.400000000000006,7.099999999999998,0.0,3.499999999999993,0.0,69.0,0.0,0.0,0.0,0.0,True,False,False
139,4061457540,273083801,4,gaussian_plus_combined_faults,CombinedErrorSensor,0.65,0.2,0.1,0.05,True,True,False,False,false_completion,0.40680902380249945,74.10000000000001,15.578187568761837,15.263254440977624,0.38503798144969,0.5387501771518327,0.3893708462340259,0.2795254605174468,0.429075529619311,0.29120961412624397,0.05725391750607594,0.4590484121744996,0.08410130443254829,0.14573429503467317,0.11038381065810743,6.781567826173013,6.781567826173013,0.0,8.805107116001212e-17,2.779024842816778e-16,0.2780676780653736,0.27806767806537347,0.4097035040431267,67.7,6.400000000000002,0.0,0.0,0.0,74.0,0.09999999999999964,0.0,0.0,0.0,False,False,False
140,36204085,428051633,4,gaussian_plus_combined_faults,CombinedErrorSensor,0.65,0.2,0.1,0.05,True,True,False,False,false_completion,0.3862846345166301,69.3,14.034945381692731,13.629612926529587,0.3821358498431112,0.5324369203184742,0.385950444650896,0.3037295288675126,0.4596501521312124,0.31619159332646835,0.06568520800930465,0.43543299076717246,0.08820456853569263,0.0,0.03990761167997905,6.50079549504094,6.50079549504094,0.0,8.383723113622686e-17,2.5589376332604516e-16,0.3722769117882542,0.3722769117882542,0.3645533141210374,55.79999999999999,9.0,2.3000000000000043,2.200000000000003,0.0,63.099999999999994,6.200000000000003,0.0,0.0,0.0,True,True,False
141,1511048123,3403416606,4,gaussian_plus_combined_faults,CombinedErrorSensor,0.65,0.2,0.1,0.05,True,True,False,False,false_completion,0.33051612760807936,72.8,14.076744254640053,13.512401474242434,0.3887199341254727,0.7071067811865476,0.39251741161945425,0.34894707580048834,0.5219454720373448,0.35777914456276255,0.06732145965645803,0.7071067811865476,0.09765186653357807,0.0,0.05,6.230375200253786,6.230375200253787,0.0,7.944860457817172e-17,2.8576114088871287e-16,0.3535533905932738,0.3535533905932738,0.40877914951989025,64.7,3.5000000000000036,2.3999999999999986,2.1999999999999886,0.0,72.8,0.0,0.0,0.0,0.0,True,True,False
142,3562023227,3854600966,4,gaussian_plus_combined_faults,CombinedErrorSensor,0.65,0.2,0.1,0.05,True,True,False,False,false_completion,0.3396376609134387,79.0,15.647891025816694,15.118731396248105,0.38566090117213736,0.7071067811865476,0.39064491108003446,0.29596292406065716,0.49837156307788105,0.3095689288562676,0.07028941982762926,0.7071067811865476,0.09369562359735562,0.0,0.05,7.547464402680153,7.547464402680153,0.0,8.247818731707261e-17,2.830524433501838e-16,0.3535533905932738,0.3535533905932738,0.4146649810366625,65.89999999999999,11.3,1.7999999999999972,0.0,0.0,73.0,5.999999999999995,0.0,0.0,0.0,False,True,False
143,4243938459,758232080,4,gaussian_plus_combined_faults,CombinedErrorSensor,0.65,0.2,0.1,0.05,True,True,False,False,false_completion,0.36328703961084585,66.7,13.818153913223053,13.248863817612602,0.3784647827721613,0.5704754314559198,0.3828722209818038,0.3187982087207188,0.5017252985696637,0.33100265226797015,0.060016532872509604,0.3704338808541857,0.07969368173917189,0.17904666847826256,0.17956611914581427,5.921362468418744,5.921362468418744,0.0,8.751881077949646e-17,2.5066604164831255e-16,0.39615027134225317,0.39615027134225317,0.3967065868263473,58.50000000000001,8.199999999999996,0.0,0.0,0.0,66.7,0.0,0.0,0.0,0.0,False,False,False
144,3590091208,2608530522,4,gaussian_plus_combined_faults,CombinedErrorSensor,0.65,0.2,0.1,0.05,True,True,False,False,false_completion,0.3922631447631359,66.2,13.720696671830583,13.156800407552138,0.3903710288831663,0.5330522533117817,0.3946502308005403,0.3382801867633692,0.4771538020305906,0.34700920284382375,0.06437457132840435,0.4054960603082455,0.09149756901641343,0.0,0.19283472963125675,6.145841576697027,6.145841576697027,0.0,8.644265781459628e-17,3.0436364816617974e-16,0.2764516393594006,0.2764516393594007,0.3755656108597285,53.7,10.599999999999998,0.6999999999999957,1.2000000000000028,0.0,66.1,0.10000000000000142,0.0,0.0,0.0,True,True,False
145,1561310123,3203553205,4,gaussian_plus_combined_faults,CombinedErrorSensor,0.65,0.2,0.1,0.05,True,True,False,False,false_completion,0.45447909997236313,67.8,14.008628849897889,13.501858744543139,0.38024722313749226,0.5277156105161199,0.3835289851617988,0.33001143569658836,0.46078310919329174,0.3364666125920635,0.06256494540013767,0.37694762149881655,0.08489782786363358,0.09363117626735296,0.22561238365373587,6.546176456346615,6.5461764563466165,0.0,8.555582605879236e-17,2.830524433501838e-16,0.27722741516277155,0.27722741516277155,0.3711340206185567,60.199999999999996,7.599999999999998,0.0,0.0,0.0,66.39999999999999,1.4000000000000021,0.0,0.0,0.0,False,False,False
146,4272674245,4092905196,4,gaussian_plus_combined_faults,CombinedErrorSensor,0.65,0.2,0.1,0.05,True,True,False,False,false_completion,0.31347827556856517,76.5,15.019736581549296,14.626177285308074,0.38463445618686265,0.5460717326027464,0.38858876188912206,0.30657860234668033,0.4615716729957785,0.3196405359883267,0.06200540271594586,0.4474193297861779,0.08584090500526435,0.0,0.09315419821235071,7.070607118652336,7.070607118652336,0.0,8.128052898942252e-17,2.8449465006019636e-16,0.3075947601991803,0.30759476019918025,0.36814621409921666,59.800000000000004,12.199999999999996,4.499999999999997,0.0,0.0,68.89999999999999,7.599999999999995,0.0,0.0,0.0,False,True,False
147,3804410766,43637163,4,gaussian_plus_combined_faults,CombinedErrorSensor,0.65,0.2,0.1,0.05,True,True,False,False,false_completion,0.47625919302948044,75.9,15.179767967947882,14.981931443119555,0.3797911480942824,0.5501417542136036,0.38467717691097547,0.284488422287954,0.48216977392162746,0.29937035999636774,0.058502607460412685,0.35837462484404825,0.07973149936367828,0.0,0.1701486103716008,7.025603556867608,7.025603556867608,0.0,8.426559852523825e-17,2.7894008272968645e-16,0.37115096299718386,0.37115096299718386,0.4236842105263158,70.60000000000001,3.6999999999999957,0.0,1.5999999999999979,0.0,75.9,0.0,0.0,0.0,0.0,True,False,False
148,2942001979,3949632329,4,gaussian_plus_combined_faults,CombinedErrorSensor,0.65,0.2,0.1,0.05,True,True,True,False,safety_violation,0.2995084249561987,70.3,14.15970312113016,13.737689014914249,0.37840291659047093,0.7071067811865476,0.38283847768803564,0.303350962301624,0.4528315930649439,0.3165943158992206,0.06405339899176271,0.7071067811865476,0.09008385420682771,0.0,0.05,5.867238413100569,5.867238413100569,0.0,8.184923534514669e-17,2.830524433501838e-16,0.3535533905932738,0.3535533905932738,0.3678977272727273,67.29999999999998,0.5,0.7999999999999989,1.7000000000000028,0.0,68.69999999999999,1.6000000000000014,0.0,0.0,0.0,True,True,False
149,2622422237,3948635486,4,gaussian_plus_combined_faults,CombinedErrorSensor,0.65,0.2,0.1,0.05,True,True,False,False,false_completion,0.3879255829418798,76.7,15.682979172735955,15.329894026864505,0.3732168005183604,0.5491231717528212,0.3780870975564877,0.2748732219122913,0.43175571364189697,0.29447597295519556,0.06052713011139116,0.5494525531841187,0.08954941690332893,0.0,0.0006062649507935364,7.136572776836793,7.136572776836793,0.0,8.46687618990466e-17,2.8449465006019636e-16,0.305087742245874,0.3050877422458739,0.40494791666666663,72.0,2.2999999999999936,0.0,2.4000000000000004,0.0,75.1,1.6000000000000014,0.0,0.0,0.0,True,False,False
150,4292375466,970091554,4,gaussian_plus_combined_faults,CombinedErrorSensor,0.65,0.2,0.1,0.05,True,True,True,False,safety_violation,0.25556253240701166,68.10000000000001,14.041734185728316,13.68933261415397,0.37572368969229225,0.606102940116165,0.38027502903324334,0.31195440458019275,0.5401264495513038,0.32432182241014684,0.07020365427377094,0.36301256733454457,0.09708584224445371,0.0,0.10678424917425122,6.143387317255846,6.143387317255847,0.0,9.044828997962193e-17,2.7894008272968645e-16,0.2293687766550514,0.22936877665505145,0.37683284457478006,58.50000000000001,6.9999999999999964,0.0,2.6000000000000014,0.0,68.10000000000001,0.0,0.0,0.0,0.0,True,False,False
151,2339108289,80255215,4,gaussian_plus_combined_faults,CombinedErrorSensor,0.65,0.2,0.1,0.05,True,True,True,False,safety_violation,0.2972437750013868,63.900000000000006,13.573311178395715,13.149067255084676,0.379582189512823,0.5546628965921772,0.3838714904852867,0.32776078732061753,0.469484012015066,0.3360463902489122,0.06394172231310422,0.3648467254719797,0.08738369963534937,0.000525246406402502,0.11107432170183246,5.651997074813295,5.651997074813295,0.0,9.03045098767836e-17,2.7336071744532853e-16,0.29774756345920605,0.29774756345920594,0.4140625,57.800000000000004,5.999999999999998,0.10000000000000142,0.0,0.0,60.6,3.3000000000000043,0.0,0.0,0.0,False,True,False
152,2242091718,2669274835,4,gaussian_plus_combined_faults,CombinedErrorSensor,0.65,0.2,0.1,0.05,True,True,False,False,false_completion,0.38005512556861665,63.7,13.350880888028346,13.131734143244287,0.37436866714280037,0.5655604010028387,0.37702686847685296,0.3322117771942122,0.4846240579852758,0.34325221614435897,0.06350008449549165,0.5654958812434934,0.08859701457285427,0.0,0.08706866671982283,5.708185658964745,5.708185658964745,0.0,8.623781603357519e-17,1.8875832159447664e-16,0.4443014236013105,0.4443014236013105,0.37460815047021945,56.2,4.899999999999999,2.1000000000000014,0.5,0.0,57.2,6.5,0.0,0.0,0.0,True,True,False
153,3577544150,221483861,4,gaussian_plus_combined_faults,CombinedErrorSensor,0.65,0.2,0.1,0.05,True,True,True,False,safety_violation,0.23933623967326464,80.10000000000001,15.682635627750614,15.175521467341971,0.3747706821425154,0.7071067811865476,0.37967364518057145,0.2913575841059073,0.4432563463573892,0.3031124888188348,0.06498430447220473,0.7071067811865476,0.08906791608859475,0.0,0.05,6.925969620858097,6.925969620858097,0.0,7.93761013188479e-17,2.830524433501838e-16,0.3535533905932738,0.3535533905932738,0.40274314214463836,76.0,0.0,2.5,1.6000000000000014,0.0,80.10000000000001,0.0,0.0,0.0,0.0,True,True,False
154,667072100,1207010422,4,gaussian_plus_combined_faults,CombinedErrorSensor,0.65,0.2,0.1,0.05,True,True,False,False,false_completion,0.4235167825627187,76.60000000000001,14.527136096207316,14.245359295411898,0.38291908553924636,0.5221081471720683,0.38687269230216953,0.3294675498679777,0.4647289177770448,0.33793578070578456,0.062494672117184,0.4357845273367778,0.08678398685310602,0.0,0.14841399808679784,6.490925407121994,6.490925407121994,0.0,7.659420953317748e-17,1.962615573354719e-16,0.26216909819206613,0.2621690981920662,0.3807040417209909,67.1,5.300000000000011,4.199999999999996,0.0,0.0,71.4,5.200000000000003,0.0,0.0,0.0,False,True,False
155,4209979507,961869777,4,gaussian_plus_combined_faults,CombinedErrorSensor,0.65,0.2,0.1,0.05,True,True,False,False,false_completion,0.3514648259347864,79.10000000000001,16.934914928361742,16.638512704150116,0.37586888316865336,0.5775026325468914,0.3810347578841781,0.25378891929341135,0.49049862342244843,0.2696555725702282,0.0734972226073605,0.517707372376387,0.09941422425737742,0.2790958375199999,0.09979299139549568,7.459268003430785,7.459268003430785,0.0,8.790913659868627e-17,2.8609792490763985e-16,0.32333921910390506,0.3233392191039053,0.4078282828282829,63.89999999999999,15.200000000000014,0.0,0.0,0.0,77.60000000000001,1.4999999999999911,0.0,0.0,0.0,False,False,False
156,3915324021,814030660,4,gaussian_plus_combined_faults,CombinedErrorSensor,0.65,0.2,0.1,0.05,False,False,False,False,planning_failure,nan,nan,nan,nan,nan,nan,nan,nan,nan,nan,nan,nan,nan,nan,nan,nan,nan,nan,nan,nan,nan,nan,nan,,,,,,,,,,,,,
157,2248235921,1154256923,4,gaussian_plus_combined_faults,CombinedErrorSensor,0.65,0.2,0.1,0.05,True,True,True,False,safety_violation,0.2517754262959265,63.6,13.612718632964448,13.232672357227917,0.3964216873715613,0.7071067811865476,0.4002340817731512,0.3530791429071119,0.4650366634154587,0.362112545213742,0.06809277120466785,0.7071067811865476,0.09609049722218509,0.0,0.05,5.759389846955108,5.759389846955109,0.0,9.077242764038066e-17,2.7894008272968645e-16,0.3535533905932738,0.3535533905932738,0.4050235478806907,54.5,2.5,0.6999999999999993,5.900000000000002,0.0,62.4,1.2000000000000028,0.0,0.0,0.0,True,True,False
158,2344631310,2304365659,4,gaussian_plus_combined_faults,CombinedErrorSensor,0.65,0.2,0.1,0.05,True,True,True,True,goal_reached,0.28074397509701643,69.8,14.637941994114083,14.222955072674987,0.38120214033068245,0.5391709792934333,0.3854409295470729,0.30118187966447485,0.43583760159664703,0.3146128908923391,0.06042418109703776,0.34938943187821875,0.07922490272341716,0.27646704133277566,0.09500963824878537,6.284367186623674,6.284367186623675,0.0,8.710881547859358e-17,2.7894008272968645e-16,0.3538588544539467,0.3538588544539467,0.3948497854077253,54.3,15.5,0.0,0.0,0.0,66.1,3.70000000000001,0.0,0.0,0.0,False,False,False
159,2077221000,2239487451,4,gaussian_plus_combined_faults,CombinedErrorSensor,0.65,0.2,0.1,0.05,True,True,False,False,false_completion,0.43575414999698936,71.8,14.523017558093303,13.813493109956209,0.3889014513257839,0.5891565011562288,0.3935145721808753,0.3266259952665965,0.49082825622637216,0.33449225267702976,0.07129831542232047,0.5736319840829258,0.10009875863026578,0.130723887511337,0.09471371057896334,6.345014934918561,6.345014934918561,0.0,8.173438635022521e-17,2.5324586304240974e-16,0.3707214442055684,0.3707214442055684,0.3963838664812239,68.3,3.5,0.0,0.0,0.0,71.8,0.0,0.0,0.0,0.0,False,False,False
160,4171941414,934373081,4,gaussian_plus_combined_faults,CombinedErrorSensor,0.65,0.2,0.1,0.05,True,True,False,False,false_completion,0.3188311629543613,78.2,15.262464804606143,14.755457298140332,0.38344188458997636,0.5968597788376171,0.3875153687884432,0.29603941677888257,0.44977638071640097,0.31129460904152007,0.06924982510438574,0.4349796673367731,0.09491227281671595,0.0,0.09663600881544665,6.947210634589141,6.947210634589141,0.0,7.679229304263664e-17,2.830524433501838e-16,0.24646020636868543,0.24646020636868557,0.4163473818646233,66.2,0.0,5.500000000000001,6.5,0.0,78.2,0.0,0.0,0.0,0.0,True,True,False
161,1729366613,1692179550,4,gaussian_plus_combined_faults,CombinedErrorSensor,0.65,0.2,0.1,0.05,True,True,False,False,false_completion,0.4073538746609829,73.60000000000001,16.086735743224896,15.580991426010675,0.3850526208620531,0.550319212560647,0.3897086333902958,0.29469837420409367,0.4333266618152314,0.30345732700579237,0.06620273064936127,0.5031996130958517,0.08842465823625682,0.0,0.10432569548981818,6.885016727942128,6.885016727942128,0.0,9.214717435974087e-17,3.0436364816617974e-16,0.4596269343263819,0.4596269343263819,0.4043419267299865,63.10000000000001,9.800000000000002,0.6999999999999957,0.0,0.0,70.9,2.700000000000003,0.0,0.0,0.0,False,True,False
162,67660197,2588837785,4,gaussian_plus_combined_faults,CombinedErrorSensor,0.65,0.2,0.1,0.05,True,True,False,False,false_completion,0.3482054915819071,84.60000000000001,16.046260468016953,15.568825736314098,0.3834391913057414,0.7071067811865476,0.38872340396098054,0.2940188684926155,0.4743672920177666,0.305514682780569,0.06899278533975296,0.7071067811865476,0.10120552000691663,0.08760239634994349,0.05,7.398429899631376,7.398429899631376,0.0,7.641974762023035e-17,2.7833528704240246e-16,0.3535533905932738,0.3535533905932738,0.3919716646989374,54.29999999999999,30.30000000000002,0.0,0.0,0.0,73.4,11.2,0.0,0.0,0.0,False,False,False
163,3647637070,2498199066,4,gaussian_plus_combined_faults,CombinedErrorSensor,0.65,0.2,0.1,0.05,True,True,False,False,false_completion,0.3639590569245304,68.8,14.09331247985791,13.825109207233313,0.37066779625715524,0.551911097706796,0.3747484430699985,0.3129256674014166,0.46749067701548963,0.3206215981889641,0.057625837766719236,0.31481063159015765,0.0761255387071373,0.0,0.07022679898140073,6.313545038652853,6.313545038652853,0.0,8.298220130663597e-17,2.7894008272968645e-16,0.36508852464801295,0.36508852464801284,0.39622641509433965,59.099999999999994,3.8000000000000007,4.699999999999999,1.2000000000000028,0.0,66.69999999999999,2.0999999999999996,0.0,0.0,0.0,True,True,False
164,1097764499,438665298,4,gaussian_plus_combined_faults,CombinedErrorSensor,0.65,0.2,0.1,0.05,True,True,False,False,false_completion,0.3679322611423858,68.8,13.33575026429402,12.972047369787594,0.37968768870377984,0.5462614218809234,0.3835771147552461,0.34320033122952776,0.5188778408089574,0.35117331126032897,0.06909062456356867,0.5029296297987447,0.09344808476564577,0.0,0.07279114941346672,6.148244633226188,6.148244633226188,0.0,8.519011320384645e-17,2.897767167584095e-16,0.3212530932729053,0.3212530932729053,0.41654571843251087,61.4,3.0999999999999943,4.300000000000001,0.0,0.0,68.5,0.29999999999999716,0.0,0.0,0.0,False,True,False
165,2415939641,2972775906,4,gaussian_plus_combined_faults,CombinedErrorSensor,0.65,0.2,0.1,0.05,True,True,False,False,false_completion,0.3788856713418356,88.10000000000001,17.027831373831358,16.49439226015005,0.3756332937371447,0.7071067811865476,0.3810699644521259,0.27434286386434076,0.45452920130138574,0.28825206168886536,0.06825190253778034,0.7071067811865476,0.10303736591921238,0.03502717393264376,0.05,7.538501801960097,7.5385018019600984,0.0,7.590438628140658e-17,2.7755575615628914e-16,0.3535533905932738,0.3535533905932738,0.38888888888888884,75.9,12.199999999999992,0.0,0.0,0.0,86.0,2.1000000000000014,0.0,0.0,0.0,False,False,False
166,3334599102,1751419161,4,gaussian_plus_combined_faults,CombinedErrorSensor,0.65,0.2,0.1,0.05,True,True,True,False,safety_violation,0.2607051851579721,73.9,15.79503720846228,15.40415860611407,0.3789173891136368,0.5247832623851589,0.3838514004816171,0.2828946080279821,0.40247508139080423,0.29366423675302544,0.0612902624796784,0.43250284857288296,0.08599626709846153,0.0,0.10531061261031827,6.948029019745993,6.9480290197459915,0.0,8.834028373558137e-17,2.830524433501838e-16,0.2762493129913863,0.2762493129913861,0.3932432432432432,62.39999999999999,10.200000000000006,1.3000000000000043,0.0,0.0,73.9,0.0,0.0,0.0,0.0,False,True,False
167,2779470929,255465974,4,gaussian_plus_combined_faults,CombinedErrorSensor,0.65,0.2,0.1,0.05,True,True,False,False,false_completion,0.3522190328554906,65.7,14.042787018759165,13.646746313355063,0.3792372262977441,0.7071067811865476,0.3836283089320913,0.30894459734887775,0.4578039828340963,0.3180084436503025,0.063097801198598,0.7071067811865476,0.08337403005738962,0.0,0.05,6.264789491171584,6.264789491171585,0.0,8.960327303395726e-17,2.897767167584095e-16,0.42373854423643825,0.4237385442364383,0.40881458966565354,60.400000000000006,0.0,5.299999999999995,0.0,0.0,65.7,0.0,0.0,0.0,0.0,False,True,False
168,4090243799,2284752968,4,gaussian_plus_combined_faults,CombinedErrorSensor,0.65,0.2,0.1,0.05,True,True,False,False,false_completion,0.44337477290260624,80.4,15.24641975593246,14.819141974637107,0.37581945959286606,0.594009878919437,0.3800090684776025,0.2870629466544616,0.44337477290260624,0.297266420004126,0.0634686866820924,0.3703114106361665,0.08427501285599959,0.0,0.09394096878749261,6.539009051875505,6.539009051875505,0.0,7.908366745036963e-17,2.9406505148178845e-16,0.25752218013455624,0.25752218013455624,0.4136645962732919,72.10000000000001,6.3999999999999915,1.8999999999999986,0.0,0.0,78.10000000000001,2.29999999999999,0.0,0.0,0.0,False,True,False
169,3612385362,879771800,4,gaussian_plus_combined_faults,CombinedErrorSensor,0.65,0.2,0.1,0.05,True,True,False,False,false_completion,0.369737211847121,79.7,15.069297440151072,14.932277608979799,0.3734779179371575,0.7071067811865476,0.3780042404866246,0.2917500892756417,0.42900745623509645,0.3021398391240881,0.06112430754760269,0.7071067811865476,0.08784128438183189,0.0,0.05,7.0060513272426475,7.0060513272426475,0.0,7.93248690040014e-17,2.7833528704240246e-16,0.3535533905932738,0.3535533905932738,0.38596491228070173,66.6,11.100000000000001,2.0,0.0,0.0,78.6,1.0999999999999979,0.0,0.0,0.0,False,True,False
170,2584319147,1028574110,4,gaussian_plus_combined_faults,CombinedErrorSensor,0.65,0.2,0.1,0.05,True,True,True,False,safety_violation,0.2701793934046488,80.2,15.273963823729243,14.833120910395452,0.3804452970150197,0.5904897274326308,0.3848562335622894,0.2962723090044073,0.43151095855417254,0.30914462817138394,0.0628962654769227,0.5890531157791109,0.08875193741058639,0.0,0.07672677742504785,7.046372492681612,7.046372492681612,0.0,8.00811313120593e-17,2.7894008272968645e-16,0.37397833703261973,0.37397833703261973,0.3997509339975094,59.99999999999999,18.4,1.8000000000000043,0.0,0.0,68.60000000000001,11.599999999999989,0.0,0.0,0.0,False,True,False
171,436442763,675799786,4,gaussian_plus_combined_faults,CombinedErrorSensor,0.65,0.2,0.1,0.05,True,True,False,False,false_completion,0.47271472557771654,72.8,14.083633247849223,13.660446298663588,0.38438594609617577,0.5715905346689011,0.38830735905956915,0.3437872130139494,0.5499449908901041,0.353419423661775,0.06888421332477211,0.5704840687034962,0.09941525423343645,0.0,0.03775976110236974,6.358852598211731,6.358852598211732,0.0,8.018006016524896e-17,2.779024842816778e-16,0.34065271004979714,0.3406527100497971,0.4252400548696845,66.8,0.8999999999999986,0.0,5.099999999999998,0.0,72.8,0.0,0.0,0.0,0.0,True,False,False
172,3794097624,2065298060,4,gaussian_plus_combined_faults,CombinedErrorSensor,0.65,0.2,0.1,0.05,True,True,False,False,false_completion,0.4893111821851606,70.7,14.34515630494154,13.733937274152723,0.38109850127965633,0.7071067811865476,0.38621881752909915,0.32736358732039195,0.5004128411907877,0.33794596908714253,0.06927377318652614,0.7071067811865476,0.10542561513282762,0.0,0.05,6.956582511858068,6.956582511858068,0.0,8.540415996724195e-17,3.0436364816617974e-16,0.3535533905932738,0.3535533905932738,0.3954802259887006,60.9,8.900000000000002,0.0,0.8999999999999986,0.0,66.8,3.8999999999999995,0.0,0.0,0.0,True,False,False
173,2911976809,774395539,4,gaussian_plus_combined_faults,CombinedErrorSensor,0.65,0.2,0.1,0.05,True,True,False,False,false_completion,0.3817179554333781,69.60000000000001,14.467352797475016,14.062785286536638,0.3865990808121358,0.7071067811865476,0.39115860469293623,0.3167978265754383,0.46953347790543165,0.325010248043821,0.05993617185299175,0.7071067811865476,0.08541074857553209,0.0,0.05,6.517878085186129,6.51787808518613,0.0,8.832122788926963e-17,2.797157557069881e-16,0.36092102508183416,0.36092102508183416,0.39885222381635577,60.900000000000006,7.400000000000002,1.2999999999999972,0.0,0.0,69.60000000000001,0.0,0.0,0.0,0.0,False,True,False
174,3199249514,3002494220,4,gaussian_plus_combined_faults,CombinedErrorSensor,0.65,0.2,0.1,0.05,True,True,False,False,false_completion,0.390184983585723,63.6,13.298253935026683,12.894323439289733,0.3904278862038894,0.5534517634356424,0.39362505110075224,0.3468495779661963,0.5097795779471983,0.35519135988167366,0.06453941833571407,0.4877259431521803,0.09047689687765093,0.1904878732910671,0.18745016036508805,5.866023362109537,5.866023362109537,0.0,8.873726590449233e-17,3.1031676915590914e-16,0.4139713915690008,0.4139713915690008,0.4191522762951334,60.9,2.700000000000003,0.0,0.0,0.0,63.6,0.0,0.0,0.0,0.0,False,False,False
175,2681399514,1388369604,4,gaussian_plus_combined_faults,CombinedErrorSensor,0.65,0.2,0.1,0.05,False,False,False,False,planning_failure,nan,nan,nan,nan,nan,nan,nan,nan,nan,nan,nan,nan,nan,nan,nan,nan,nan,nan,nan,nan,nan,nan,nan,,,,,,,,,,,,,
176,3029070720,845756978,4,gaussian_plus_combined_faults,CombinedErrorSensor,0.65,0.2,0.1,0.05,True,True,False,False,false_completion,0.42944887715306906,78.9,16.463557910372856,15.88894592459224,0.38096156718477325,0.5584789639580694,0.38636967666558186,0.2982960664972711,0.5654986332113743,0.3164823202465322,0.07580094528322229,0.5203799661238429,0.0995249849823956,0.0,0.08510675688263915,7.687051708223285,7.687051708223285,0.0,8.336070441722955e-17,2.852763173004607e-16,0.37792168737030946,0.37792168737030946,0.4227848101265823,67.8,2.900000000000002,8.199999999999996,0.0,0.0,78.9,0.0,0.0,0.0,0.0,False,True,False
177,3812837130,3191976705,4,gaussian_plus_combined_faults,CombinedErrorSensor,0.65,0.2,0.1,0.05,True,True,False,False,false_completion,0.38924151734981843,66.2,13.568056339472442,13.070197602492025,0.38377834954027445,0.5180330967438598,0.3870391649447908,0.3309416664440106,0.46932300919992753,0.3385166062837041,0.06290867280842621,0.45825273680719997,0.08463955791743738,0.002014366469596851,0.06416321682521615,5.907795279848244,5.907795279848244,0.0,8.686673457443695e-17,2.5018537765542007e-16,0.3617736201869368,0.3617736201869368,0.39366515837104077,61.2,4.9999999999999964,0.0,0.0,0.0,66.2,0.0,0.0,0.0,0.0,False,True,False
178,323190429,1915161174,4,gaussian_plus_combined_faults,CombinedErrorSensor,0.65,0.2,0.1,0.05,True,True,False,False,false_completion,0.3824195371819705,82.2,16.575063676125133,16.1169639590373,0.371739885398572,0.5224544269727224,0.3760466130886779,0.27856934562033536,0.5114777023763415,0.3022356747819801,0.0649330194858051,0.4646825163821903,0.09140609380810373,0.0,0.051856426804195235,7.892340170276909,7.892340170276909,0.0,8.131889255190649e-17,2.8449465006019636e-16,0.39778035186935035,0.3977803518693504,0.41555285540704734,76.3,3.8000000000000016,0.0,2.099999999999998,0.0,82.2,0.0,0.0,0.0,0.0,True,False,False
179,1930477740,3376499275,4,gaussian_plus_combined_faults,CombinedErrorSensor,0.65,0.2,0.1,0.05,True,True,True,False,safety_violation,0.2248885086117548,70.5,14.490268389102885,14.17972125494158,0.3780187883341998,0.7071067811865476,0.3824680617907927,0.31463778121172975,0.4701235022155588,0.32903673827736285,0.06429459199599372,0.7071067811865476,0.0943449728383601,0.0,0.03721404817635,6.54263010013597,6.542630100135971,0.0,8.199724397885267e-17,3.1031676915590914e-16,0.3535533905932738,0.3535533905932738,0.45750708215297453,62.400000000000006,2.4999999999999964,2.1999999999999993,3.3999999999999986,0.0,70.5,0.0,0.0,0.0,0.0,True,True,False
180,3664593863,1203705817,4,gaussian_plus_combined_faults,CombinedErrorSensor,0.65,0.2,0.1,0.05,False,False,False,False,planning_failure,nan,nan,nan,nan,nan,nan,nan,nan,nan,nan,nan,nan,nan,nan,nan,nan,nan,nan,nan,nan,nan,nan,nan,,,,,,,,,,,,,
181,795718452,2131830739,4,gaussian_plus_combined_faults,CombinedErrorSensor,0.65,0.2,0.1,0.05,True,True,True,False,safety_violation,0.24748252805522503,77.80000000000001,15.436716753467978,14.95648537735028,0.38024713873236954,0.7071067811865476,0.3845645475172137,0.30800304211059787,0.44442254311850565,0.32440146041095796,0.05803765101959455,0.7071067811865476,0.08217517862707142,0.0,0.05,6.955004098336704,6.955004098336703,0.0,8.313703743531687e-17,2.8066088919804617e-16,0.3535533905932738,0.3535533905932738,0.37612323491655975,65.60000000000002,6.599999999999994,2.1999999999999957,3.3999999999999986,0.0,74.7,3.099999999999996,0.0,0.0,0.0,True,True,False
182,2761085476,974724826,4,gaussian_plus_combined_faults,CombinedErrorSensor,0.65,0.2,0.1,0.05,True,True,True,False,safety_violation,0.24159964385241714,78.2,15.941486814749835,15.458859577192769,0.37296049002990767,0.5256149397348735,0.37816608172562893,0.27453609404417917,0.42704732746214047,0.29224430203684376,0.058579567458318084,0.40123616714725774,0.07881968321567774,0.0,0.1366485442928057,6.541822739560708,6.541822739560708,0.0,8.337036425667758e-17,2.7894008272968645e-16,0.26258186774500253,0.2625818677450026,0.3844189016602809,72.7,2.799999999999997,1.299999999999999,1.3999999999999986,0.0,78.2,0.0,0.0,0.0,0.0,True,True,False
183,1532893928,1966218153,4,gaussian_plus_combined_faults,CombinedErrorSensor,0.65,0.2,0.1,0.05,True,True,False,False,false_completion,0.38727169029621267,69.10000000000001,13.608758394972138,13.246218677760439,0.38152081155858525,0.523147097425529,0.38422908902006997,0.3158397893130309,0.42409624899807385,0.323933594766508,0.05608334686919165,0.42433801125399495,0.08113077265992961,0.2162938568714221,0.0419365677015745,5.680522359775772,5.680522359775772,0.0,8.425348778065173e-17,2.9406505148178845e-16,0.275982175138912,0.275982175138912,0.42630057803468213,58.6,10.500000000000004,0.0,0.0,0.0,68.3,0.8000000000000007,0.0,0.0,0.0,False,False,False
184,1112156342,1573685486,4,gaussian_plus_combined_faults,CombinedErrorSensor,0.65,0.2,0.1,0.05,True,True,False,False,false_completion,0.47047580071248246,80.80000000000001,16.026813317561462,15.172108039692631,0.37209555061672056,0.5495163720142561,0.3764902489025914,0.29786922955270223,0.4562006566737279,0.3134561293534245,0.06384091827195741,0.499820464969304,0.08791431471006461,0.0,0.0596660774750886,7.347590479886858,7.347590479886858,0.0,8.561492429569355e-17,2.830524433501838e-16,0.4140085647344319,0.4140085647344319,0.38071693448702104,73.4,2.3000000000000007,5.099999999999996,0.0,0.0,78.60000000000001,2.1999999999999975,0.0,0.0,0.0,False,True,False
185,1114021337,631108310,4,gaussian_plus_combined_faults,CombinedErrorSensor,0.65,0.2,0.1,0.05,True,True,False,False,false_completion,0.3390514731368515,63.900000000000006,13.388412523411048,13.075360627864343,0.3854278083871693,0.5330156472208332,0.38886777005218337,0.32557980622080446,0.44359376721677785,0.3320501367840358,0.06146273309411783,0.5120157708492163,0.08931891868001857,0.0,0.10270958816375485,5.983452657808582,5.983452657808581,0.0,9.051881402749312e-17,2.7894008272968645e-16,0.3955197750403326,0.3955197750403326,0.4078125,61.4,0.0,0.0,2.500000000000007,0.0,63.900000000000006,0.0,0.0,0.0,0.0,True,False,False
186,1325414481,1605829894,4,gaussian_plus_combined_faults,CombinedErrorSensor,0.65,0.2,0.1,0.05,False,False,False,False,planning_failure,nan,nan,nan,nan,nan,nan,nan,nan,nan,nan,nan,nan,nan,nan,nan,nan,nan,nan,nan,nan,nan,nan,nan,,,,,,,,,,,,,
187,176961545,636445662,4,gaussian_plus_combined_faults,CombinedErrorSensor,0.65,0.2,0.1,0.05,True,True,True,True,goal_reached,0.22988279780922888,67.10000000000001,13.716413696082856,13.416432619997817,0.37756841639635486,0.5179972367500417,0.3807363508136446,0.3195531027567278,0.4260032436134214,0.32738628132197856,0.06044443971807859,0.4071181852653877,0.08139663953755502,0.2924475559562456,0.10501356678921574,6.072438201488755,6.072438201488756,0.0,8.905869404616728e-17,2.7833528704240246e-16,0.26199697549044926,0.2619969754904492,0.38690476190476186,61.70000000000002,5.3999999999999915,0.0,0.0,0.0,67.10000000000001,0.0,0.0,0.0,0.0,False,False,False
188,1651782110,4107392115,4,gaussian_plus_combined_faults,CombinedErrorSensor,0.65,0.2,0.1,0.05,False,False,False,False,planning_failure,nan,nan,nan,nan,nan,nan,nan,nan,nan,nan,nan,nan,nan,nan,nan,nan,nan,nan,nan,nan,nan,nan,nan,,,,,,,,,,,,,
189,1779023298,2158193279,4,gaussian_plus_combined_faults,CombinedErrorSensor,0.65,0.2,0.1,0.05,True,True,True,False,safety_violation,0.29231264159972603,77.7,15.744565826740185,15.354682871184243,0.37486329747700875,0.7071067811865476,0.3799104696091756,0.2767078283060042,0.48136832705401894,0.28819139475975325,0.0668705103365679,0.7071067811865476,0.09845742662033764,0.0,0.05,7.233422333873366,7.233422333873365,0.0,7.937099945821006e-17,2.7894008272968645e-16,0.3598654616341609,0.3598654616341609,0.3984575835475579,63.800000000000004,5.799999999999999,5.5,2.6000000000000014,0.0,76.3,1.4000000000000004,0.0,0.0,0.0,True,True,False
190,4138237076,785607711,4,gaussian_plus_combined_faults,CombinedErrorSensor,0.65,0.2,0.1,0.05,True,True,False,False,false_completion,0.32313886746764375,91.2,18.466517121310034,18.046529000263284,0.37384963860759857,0.5445895026746194,0.37976658668786845,0.2443789755890656,0.4197730901807524,0.25897777038298575,0.060810782986784453,0.35103660679625626,0.08029611702413782,0.0,0.058096647993634676,8.262931265026676,8.262931265026676,0.0,8.003270032804464e-17,2.830524433501838e-16,0.2991298392213456,0.2991298392213457,0.39320920043811614,69.1,14.499999999999996,6.0,1.5999999999999996,0.0,89.89999999999999,1.3000000000000043,0.0,0.0,0.0,True,True,False
191,1190706895,3844410921,4,gaussian_plus_combined_faults,CombinedErrorSensor,0.65,0.2,0.1,0.05,False,False,False,False,planning_failure,nan,nan,nan,nan,nan,nan,nan,nan,nan,nan,nan,nan,nan,nan,nan,nan,nan,nan,nan,nan,nan,nan,nan,,,,,,,,,,,,,
192,1376100548,2023100640,4,gaussian_plus_combined_faults,CombinedErrorSensor,0.65,0.2,0.1,0.05,True,True,False,False,false_completion,0.430357301336141,77.80000000000001,15.979774099330022,15.301282883292581,0.38210177016428915,0.5659239161762184,0.3865544146139543,0.2851447037120757,0.48831214968657605,0.29786027434598716,0.06988082531618245,0.34964109281987654,0.09108274755191323,0.0,0.09105929202497975,7.04587008079203,7.04587008079203,0.0,7.950493547082518e-17,2.830524433501838e-16,0.286221264579436,0.286221264579436,0.41848523748395383,72.7,0.0,0.0,5.1000000000000085,0.0,77.80000000000001,0.0,0.0,0.0,0.0,True,False,False
193,1014721197,1461180214,4,gaussian_plus_combined_faults,CombinedErrorSensor,0.65,0.2,0.1,0.05,True,True,False,False,false_completion,0.36982551179833273,74.9,14.9011243405584,14.663982391369855,0.38369278318997363,0.5745778217835257,0.3890874829780621,0.3147440885781005,0.4268697741993967,0.3238797378396384,0.06639743137863417,0.3741176671971139,0.08722349212502543,0.0,0.1242034429155523,6.624336008404781,6.62433600840478,0.0,7.90401018433929e-17,2.830524433501838e-16,0.35208117956221463,0.3520811795622146,0.38,61.49999999999999,9.900000000000006,1.6,1.9000000000000021,0.0,68.50000000000001,6.3999999999999915,0.0,0.0,0.0,True,True,False
194,1525762871,3126151894,4,gaussian_plus_combined_faults,CombinedErrorSensor,0.65,0.2,0.1,0.05,True,True,False,False,false_completion,0.3745482703898006,72.10000000000001,13.643893735847328,13.247910368410492,0.3794253214380478,0.7071067811865476,0.3829550869058167,0.32069070539538586,0.4618546672639285,0.32848623812066624,0.06348066436321152,0.7071067811865476,0.0902418336570023,0.0,0.05,6.5383934691823296,6.538393469182331,0.0,8.213979562058444e-17,2.237726045655905e-16,0.3535533905932738,0.3535533905932738,0.407202216066482,65.10000000000001,6.5,0.5,0.0,0.0,71.30000000000001,0.7999999999999972,0.0,0.0,0.0,False,True,False
195,1260217734,1227112746,4,gaussian_plus_combined_faults,CombinedErrorSensor,0.65,0.2,0.1,0.05,True,True,False,False,false_completion,0.3472174836821387,74.10000000000001,15.274953375091075,14.770189981183925,0.3772290000981025,0.5380576890102848,0.3821158997679243,0.2965042329220407,0.5678173356182421,0.3132500883583647,0.07268151875637315,0.3485062658351609,0.09457049616962515,0.0,0.13147315832640205,7.4844842677774235,7.4844842677774235,0.0,8.319496227447832e-17,2.779024842816778e-16,0.3903847715264969,0.3903847715264969,0.376010781671159,57.6,13.5,0.0,3.000000000000007,0.0,66.80000000000001,7.299999999999997,0.0,0.0,0.0,True,False,False
196,504774215,3149632713,4,gaussian_plus_combined_faults,CombinedErrorSensor,0.65,0.2,0.1,0.05,True,True,False,False,false_completion,0.3136478333740695,65.5,13.667883656040917,13.089543290556401,0.39406726019995486,0.7071067811865476,0.39863534116173976,0.3502612185099876,0.46794550162647414,0.359129981668837,0.07405470105800849,0.7071067811865476,0.10830039483383416,0.0,0.03587464994582064,6.181699627864141,6.181699627864141,0.0,8.713646536895675e-17,2.7894008272968645e-16,0.3535533905932738,0.3535533905932738,0.385670731707317,55.1,5.899999999999999,2.0,2.5,0.0,63.9,1.6000000000000014,0.0,0.0,0.0,True,True,False
197,1106937606,493780939,4,gaussian_plus_combined_faults,CombinedErrorSensor,0.65,0.2,0.1,0.05,True,True,False,False,false_completion,0.36714889041588494,70.5,15.336233627505145,14.953263381568368,0.37091586975304564,0.7071067811865476,0.3756061175041785,0.27762988720568854,0.4604111002643901,0.2959102902413595,0.07458323329516843,0.7071067811865476,0.10151016100941225,0.2957470797334244,0.05,6.822431919520723,6.822431919520723,0.0,9.122757757100252e-17,2.7894008272968645e-16,0.3535533905932738,0.3535533905932738,0.38243626062322944,62.099999999999994,8.400000000000002,0.0,0.0,0.0,70.19999999999999,0.30000000000001137,0.0,0.0,0.0,False,False,False
198,3459676030,3110934484,4,gaussian_plus_combined_faults,CombinedErrorSensor,0.65,0.2,0.1,0.05,True,True,False,False,false_completion,0.3455317559525784,68.3,13.799261302535626,13.342594643458803,0.385048843187393,0.7071067811865476,0.3889888912870503,0.3390151854373148,0.4843655374381205,0.34435416981890093,0.060342175931187715,0.7071067811865476,0.0918927598654109,0.0,0.05,6.295289457479672,6.295289457479672,0.0,8.485955964977378e-17,2.8066088919804617e-16,0.3535533905932738,0.3535533905932738,0.38742690058479534,58.8,7.0,0.0,2.5,0.0,67.99999999999999,0.3000000000000007,0.0,0.0,0.0,True,False,False
199,1781291391,1335936830,4,gaussian_plus_combined_faults,CombinedErrorSensor,0.65,0.2,0.1,0.05,True,True,False,False,false_completion,0.4605389546569137,78.2,16.441531689269944,16.617182604734193,0.3812712860736576,0.7071067811865476,0.38530067836722287,0.2685391324394672,0.4616573866477835,0.299002435456702,0.053929995041038604,0.7071067811865476,0.07317445303861828,0.0,0.05,7.159074582937196,7.159074582937195,0.0,8.617217499165383e-17,2.8066088919804617e-16,0.3535533905932738,0.3535533905932738,0.38569604086845466,66.99999999999999,8.900000000000002,0.0,2.3000000000000114,0.0,76.3,1.9000000000000057,0.0,0.0,0.0,True,False,False
200,3523129448,2826415160,4,gaussian_plus_combined_faults,CombinedErrorSensor,0.65,0.2,0.1,0.05,True,True,True,False,safety_violation,0.2591609719878024,91.5,17.255585778650286,16.255544452326337,0.38199790625967694,0.7071067811865476,0.3876562217206917,0.28452753378150186,0.4774175847174712,0.3038887590434742,0.07246665358863465,0.7071067811865476,0.09786953760169044,0.0,0.05,8.775736238642537,8.775736238642537,0.0,7.637114304258896e-17,2.7755575615628914e-16,0.40693122071430143,0.4069312207143015,0.38755458515283847,66.7,22.700000000000003,0.0,2.0999999999999943,0.0,80.10000000000002,11.399999999999979,0.0,0.0,0.0,True,False,False
201,1124748912,2844255851,4,gaussian_plus_combined_faults,CombinedErrorSensor,0.65,0.2,0.1,0.05,True,True,False,False,false_completion,0.4058582865499699,72.60000000000001,14.298281439901615,13.913784350934923,0.3819632223694869,0.7071067811865476,0.38643293551779667,0.3180789336156995,0.49478424687914974,0.331041679344783,0.06313811899122657,0.7071067811865476,0.09199140754361732,0.0,0.05,6.247587571270907,6.247587571270907,0.0,8.329032598329161e-17,2.830524433501838e-16,0.3535533905932738,0.3535533905932738,0.40852819807427787,60.5,7.400000000000002,4.700000000000003,0.0,0.0,64.1,8.500000000000005,0.0,0.0,0.0,False,True,False
202,1766979982,1842838237,4,gaussian_plus_combined_faults,CombinedErrorSensor,0.65,0.2,0.1,0.05,True,True,True,False,safety_violation,0.298962424854373,76.5,14.532737547782729,14.106522524708334,0.37330084638771466,0.5054339265290153,0.37610780750829287,0.3276635718814653,0.4947055679972937,0.33763205293629833,0.06178099103343453,0.43532446775594413,0.0875170543640037,0.0,0.09446016567782733,6.278049055457558,6.278049055457558,0.0,7.986262282247649e-17,2.7894008272968645e-16,0.21962737450057868,0.21962737450057873,0.4164490861618799,63.19999999999999,5.100000000000005,2.6000000000000014,5.600000000000001,0.0,75.19999999999999,1.3000000000000007,0.0,0.0,0.0,True,True,False
203,1379070658,2045846455,4,gaussian_plus_combined_faults,CombinedErrorSensor,0.65,0.2,0.1,0.05,True,True,False,False,false_completion,0.3273570267320263,78.7,15.040668838504711,14.441932976327678,0.3838736965237513,0.7071067811865476,0.3882809665764851,0.30260043962291305,0.49733089311559614,0.312755496443542,0.06817113282497468,0.7071067811865476,0.0954394523667429,0.0,0.05,6.7515995571810885,6.751599557181088,0.0,7.785793917363013e-17,2.779024842816778e-16,0.3535533905932738,0.3535533905932738,0.3984771573604061,75.89999999999999,1.3999999999999986,1.4000000000000057,0.0,0.0,76.80000000000001,1.8999999999999915,0.0,0.0,0.0,False,True,False
204,902837847,4223214188,4,gaussian_plus_combined_faults,CombinedErrorSensor,0.65,0.2,0.1,0.05,True,True,False,False,false_completion,0.4578973895168264,77.60000000000001,15.941105065431799,15.418799209155305,0.37730380891228454,0.7071067811865476,0.3822162699509859,0.2848595224430057,0.4464919956287208,0.30062591652641724,0.07222874769410795,0.7071067811865476,0.09490911855713059,0.0,0.05,7.906958271666305,7.906958271666305,0.0,8.358723027957945e-17,2.830524433501838e-16,0.3903903348758227,0.3903903348758227,0.40411840411840416,65.60000000000001,7.199999999999992,4.8000000000000025,0.0,0.0,75.4,2.200000000000003,0.0,0.0,0.0,False,True,False
205,2193816033,507685065,4,gaussian_plus_combined_faults,CombinedErrorSensor,0.65,0.2,0.1,0.05,True,True,False,False,false_completion,0.3048033745432685,69.10000000000001,13.744966737454664,13.126398906578396,0.38421933445446527,0.7071067811865476,0.3892895613477798,0.33469554506294735,0.487828641532837,0.34291531449382867,0.07652559920874666,0.7071067811865476,0.10235713255674998,0.0,0.05,6.668665136003193,6.668665136003194,0.0,8.07826649619037e-17,2.5133742693021536e-16,0.3535533905932738,0.3535533905932738,0.4393063583815029,58.400000000000006,9.499999999999998,1.2000000000000002,0.0,0.0,68.3,0.8000000000000043,0.0,0.0,0.0,False,True,False
206,829894770,3799876144,4,gaussian_plus_combined_faults,CombinedErrorSensor,0.65,0.2,0.1,0.05,True,True,False,False,false_completion,0.48137501384194625,64.60000000000001,13.136862710244044,12.988905724842105,0.38386009662273346,0.5373888336596442,0.38693061265263395,0.3368572694681877,0.5252520295772104,0.34623427879102003,0.06563315329717939,0.42722006362195286,0.09130337247169193,0.0,0.0868622046588915,5.879046660783423,5.879046660783423,0.0,8.528753819356806e-17,1.7772239894833365e-16,0.3034123365601987,0.3034123365601987,0.42658423493044817,58.60000000000001,1.4000000000000004,1.6999999999999957,2.9000000000000012,0.0,64.60000000000001,0.0,0.0,0.0,0.0,True,True,False
207,4130689922,2896272208,4,gaussian_plus_combined_faults,CombinedErrorSensor,0.65,0.2,0.1,0.05,True,True,False,False,false_completion,0.3933781763854542,85.60000000000001,17.68767445774898,17.052515570462354,0.3802851742144122,0.5388926820106059,0.38505260500939775,0.26137860701140386,0.4772812392980085,0.284354424264787,0.06385877070366287,0.36833049181350375,0.08591576171263697,0.04072138250107926,0.11101915747829993,8.5769949221922,8.576994922192203,0.0,8.307684720659298e-17,2.779024842816778e-16,0.2912193517822104,0.29121935178221037,0.38739789964994165,71.10000000000001,14.499999999999996,0.0,0.0,0.0,81.2,4.400000000000006,0.0,0.0,0.0,False,False,False
208,2550648182,2877323974,4,gaussian_plus_combined_faults,CombinedErrorSensor,0.65,0.2,0.1,0.05,True,True,False,False,false_completion,0.33690242146780597,68.3,13.79446437100993,13.459365241422455,0.37817346405870067,0.7071067811865476,0.3820933863427234,0.3253950911314064,0.47276642789763024,0.3323662314062031,0.05807482153747189,0.7071067811865476,0.08568819381091866,0.0,0.05,6.345899452855784,6.345899452855785,0.0,8.276403543239182e-17,2.7894008272968645e-16,0.3535533905932738,0.3535533905932738,0.3961988304093568,52.699999999999996,11.5,4.1,0.0,0.0,65.6,2.700000000000003,0.0,0.0,0.0,False,True,False
209,4014434589,2002339998,4,gaussian_plus_combined_faults,CombinedErrorSensor,0.65,0.2,0.1,0.05,True,True,True,False,safety_violation,0.2664105092545453,78.0,15.533827834720059,14.943538539952707,0.36730987301576645,0.5297815128141155,0.372245151936569,0.290292218689758,0.429579665469148,0.2985005752201717,0.06261215117837042,0.4497354002441746,0.08845024045529089,0.0,0.16208337701459818,6.549670278429984,6.549670278429984,0.0,7.853757909652072e-17,2.776424787817943e-16,0.2706178940445089,0.2706178940445089,0.38412291933418696,66.0,4.299999999999997,7.699999999999999,0.0,0.0,78.0,0.0,0.0,0.0,0.0,False,True,False
210,697825325,1529883739,4,gaussian_plus_combined_faults,CombinedErrorSensor,0.65,0.2,0.1,0.05,False,False,False,False,planning_failure,nan,nan,nan,nan,nan,nan,nan,nan,nan,nan,nan,nan,nan,nan,nan,nan,nan,nan,nan,nan,nan,nan,nan,,,,,,,,,,,,,
211,2610880024,3515193591,4,gaussian_plus_combined_faults,CombinedErrorSensor,0.65,0.2,0.1,0.05,True,True,False,False,false_completion,0.39057243403875386,68.3,13.947805100694207,13.39829431183988,0.39121908572647396,0.5690562358751264,0.39564588777974324,0.34727765103354147,0.4959854635256861,0.3550542273346306,0.06453968782950557,0.5233101874355942,0.09339646114876093,0.0,0.04175782457509336,6.104409923580437,6.104409923580437,0.0,8.61050902284269e-17,2.830524433501838e-16,0.2676019255460832,0.2676019255460832,0.38450292397660824,62.39999999999999,2.1000000000000014,3.8000000000000007,0.0,0.0,68.3,0.0,0.0,0.0,0.0,False,True,False
212,2765976715,3730418815,4,gaussian_plus_combined_faults,CombinedErrorSensor,0.65,0.2,0.1,0.05,True,True,False,False,false_completion,0.3517735343948127,68.4,13.29122631540613,12.959690571862367,0.3778788759834717,0.7071067811865476,0.38207716643104567,0.3320256102101734,0.43300542395239994,0.3385009783890913,0.06392530620796637,0.7071067811865476,0.08918276710702246,0.0,0.05,6.059854654562692,6.059854654562693,0.0,8.20255036652307e-17,2.618455766672135e-16,0.3535533905932738,0.3535533905932738,0.38540145985401464,62.6,3.3999999999999986,2.400000000000002,0.0,0.0,68.4,0.0,0.0,0.0,0.0,False,True,False
213,1522203079,4141194637,4,gaussian_plus_combined_faults,CombinedErrorSensor,0.65,0.2,0.1,0.05,True,True,False,False,false_completion,0.367835881974014,71.7,13.894529437353963,13.33026559266788,0.3793606388485871,0.7071067811865476,0.383654955340233,0.3168141190731588,0.4630316429799212,0.3297250144259211,0.06846466073684154,0.7071067811865476,0.09932781950304083,0.0,0.027181390652682342,6.4849222106752435,6.4849222106752435,0.0,8.161785705816327e-17,2.498965354837e-16,0.3535533905932738,0.3535533905932738,0.3635097493036211,62.099999999999994,7.5000000000000036,2.1000000000000014,0.0,0.0,70.0,1.7000000000000064,0.0,0.0,0.0,False,True,False
214,844180384,4213348376,4,gaussian_plus_combined_faults,CombinedErrorSensor,0.65,0.2,0.1,0.05,True,True,True,False,safety_violation,0.2906867791246192,93.0,18.530386664413843,17.973222277031127,0.37331925935114596,0.7071067811865476,0.3792212297889953,0.249046513395798,0.5433454710126452,0.2781430089133013,0.0694653220649293,0.7071067811865476,0.0961020819692472,0.0,0.05,8.402531789044115,8.402531789044115,0.0,8.394130423443832e-17,2.830524433501838e-16,0.3535533905932738,0.3535533905932738,0.4167561761546724,76.3,11.500000000000007,1.3999999999999915,3.8000000000000007,0.0,83.0,10.0,0.0,0.0,0.0,True,True,False
215,2770669953,565027956,4,gaussian_plus_combined_faults,CombinedErrorSensor,0.65,0.2,0.1,0.05,True,True,False,False,false_completion,0.315896440258862,73.60000000000001,14.098191843924823,13.70498229696073,0.3860186926528724,0.558532839294808,0.38947349708927315,0.3371630763827557,0.46475752100863343,0.3434656351521259,0.057858957611906126,0.533753629366597,0.08199102713485595,0.27475907200726724,0.17969594657710197,6.062731031791445,6.062731031791445,0.0,8.016093148281166e-17,2.5589376332604516e-16,0.29260874483237476,0.29260874483237476,0.40841248303934874,68.0,5.600000000000001,0.0,0.0,0.0,73.60000000000001,0.0,0.0,0.0,0.0,False,False,False
216,752442399,2170143469,4,gaussian_plus_combined_faults,CombinedErrorSensor,0.65,0.2,0.1,0.05,True,True,False,False,false_completion,0.43385243383001443,76.2,14.655853407139558,13.99544247909519,0.3814541283176617,0.540473244568669,0.3856790234260195,0.3251636594050744,0.46026123140243536,0.3350379064732728,0.0657436319496597,0.3919201371186394,0.08978340306895152,0.0,0.09236522362374654,6.604271315819275,6.604271315819275,0.0,7.58832755780232e-17,2.776424787817943e-16,0.3243401531215309,0.3243401531215308,0.36435124508519,72.3,0.0,3.8999999999999986,0.0,0.0,76.2,0.0,0.0,0.0,0.0,False,True,False
217,2836585270,2438147499,4,gaussian_plus_combined_faults,CombinedErrorSensor,0.65,0.2,0.1,0.05,True,True,True,False,safety_violation,0.12388563965806397,70.10000000000001,14.365288455949882,14.21028434414931,0.380175322774449,0.7071067811865476,0.3848912141736201,0.31337055579105705,0.4534811269762121,0.3237132330379592,0.05520275189481037,0.7071067811865476,0.0851780204325315,0.0,0.05,6.622915005255527,6.622915005255527,0.0,8.320419231136895e-17,2.7757743935277205e-16,0.3535533905932738,0.3535533905932738,0.3988603988603988,61.100000000000016,3.6999999999999886,2.3999999999999986,2.9000000000000004,0.0,70.10000000000001,0.0,0.0,0.0,0.0,True,True,False
218,1258152814,4150384163,4,gaussian_plus_combined_faults,CombinedErrorSensor,0.65,0.2,0.1,0.05,True,True,False,False,false_completion,0.3127094333743556,71.0,13.664007561847864,13.496712451705369,0.3830313743160781,0.7071067811865476,0.3865192254918834,0.334940574731988,0.4450509477671049,0.3420660050086684,0.056208643644843986,0.7071067811865476,0.07804413861476647,0.3269035711277777,0.05,6.206758376329784,6.206758376329784,0.0,7.831094398759021e-17,2.498965354837e-16,0.3535533905932738,0.3535533905932738,0.4092827004219409,56.2,14.799999999999992,0.0,0.0,0.0,66.0,5.000000000000001,0.0,0.0,0.0,False,False,False
219,1025412693,1539643235,4,gaussian_plus_combined_faults,CombinedErrorSensor,0.65,0.2,0.1,0.05,True,True,False,False,false_completion,0.48556405291208965,66.4,13.810396469658105,13.35770240346671,0.3747204820569788,0.7071067811865476,0.3790510278661847,0.32863874138613536,0.505621753603293,0.33598526204918167,0.06764059558228928,0.7071067811865476,0.09531668235910502,0.0,0.023813872677842726,6.434069633830693,6.434069633830694,0.0,8.611368250195065e-17,2.5589376332604516e-16,0.46994710788176197,0.46994710788176197,0.4135338345864662,52.300000000000004,11.799999999999997,2.3000000000000043,0.0,0.0,65.7,0.700000000000002,0.0,0.0,0.0,False,True,False
220,752715902,488982456,4,gaussian_plus_combined_faults,CombinedErrorSensor,0.65,0.2,0.1,0.05,True,True,False,False,false_completion,0.38621460487309534,87.60000000000001,17.819738398578984,17.26116821159539,0.380187477618673,0.5485364601124272,0.38517647922345005,0.26674010623409,0.4362432361319625,0.28620698144821843,0.055606018030407614,0.5485364601124272,0.07751785158380936,0.0,0.0705650923872662,7.501872195703794,7.501872195703793,0.0,8.561742742832503e-17,2.7928509224031823e-16,0.25728521541723837,0.2572852154172385,0.38312428734321546,74.1,9.500000000000007,4.0,0.0,0.0,85.0,2.6000000000000014,0.0,0.0,0.0,False,True,False
221,512319883,815337352,4,gaussian_plus_combined_faults,CombinedErrorSensor,0.65,0.2,0.1,0.05,True,True,False,False,false_completion,0.43314889630440195,69.4,14.133795691616255,13.651635646959244,0.3792758548819272,0.5502699164583135,0.3824482443649393,0.3197129184813845,0.4617247948589406,0.3317431298784784,0.058349767886633014,0.4723844394271445,0.08556482714485293,0.0,0.07447127110828476,6.25358718383074,6.253587183830741,0.0,8.600110123776515e-17,2.8609792490763985e-16,0.24361465327136198,0.2436146532713621,0.38129496402877694,61.2,4.100000000000005,0.0,4.099999999999994,0.0,69.4,0.0,0.0,0.0,0.0,True,False,False
222,4032067323,2635905015,4,gaussian_plus_combined_faults,CombinedErrorSensor,0.65,0.2,0.1,0.05,True,True,False,False,false_completion,0.4468926578994821,70.5,14.000852243629389,13.379496867179844,0.38692485853860403,0.7071067811865476,0.39253733920619693,0.34850844748788423,0.5780703048552848,0.3603202168388688,0.08169441520668026,0.7071067811865476,0.11080503707205319,0.0,0.0,6.8605713475607715,6.860571347560772,0.0,8.499273929264587e-17,2.5589376332604516e-16,0.37239183034696016,0.37239183034696016,0.3909348441926346,63.89999999999999,3.4000000000000004,0.0,3.200000000000003,0.0,70.19999999999999,0.0,0.0,0.30000000000000426,0.0,True,False,False
223,2154464537,4206247815,4,gaussian_plus_combined_faults,CombinedErrorSensor,0.65,0.2,0.1,0.05,False,False,False,False,planning_failure,nan,nan,nan,nan,nan,nan,nan,nan,nan,nan,nan,nan,nan,nan,nan,nan,nan,nan,nan,nan,nan,nan,nan,,,,,,,,,,,,,
224,382400512,3995035099,4,gaussian_plus_combined_faults,CombinedErrorSensor,0.65,0.2,0.1,0.05,True,True,False,False,false_completion,0.3389889759545493,87.30000000000001,18.326369497528255,17.875953428321697,0.37801284694190723,0.5715224873359346,0.3850555421310368,0.25875405961137893,0.48697260085035243,0.280126757297287,0.07401805293677978,0.4404031671286093,0.097987792604349,0.0,0.0693198652748519,8.462554020451709,8.462554020451709,0.0,8.64037077959643e-17,3.1031676915590914e-16,0.3165133917021552,0.3165133917021551,0.4221967963386728,58.80000000000001,24.5,1.9999999999999964,2.0,0.0,75.50000000000001,11.79999999999999,0.0,0.0,0.0,True,True,False
225,3055466972,3734794692,4,gaussian_plus_combined_faults,CombinedErrorSensor,0.65,0.2,0.1,0.05,True,True,False,False,false_completion,0.3713164783242929,68.4,13.604977677987211,13.098841314891363,0.37959695696749124,0.7071067811865476,0.38386704860863907,0.33643324375824135,0.4648060791979496,0.3435716788705387,0.06639407862995189,0.7071067811865476,0.09487994657444054,0.08057108586169939,0.05,6.193256840447105,6.193256840447105,0.0,8.439382258050996e-17,2.7755575615628914e-16,0.3535533905932738,0.3535533905932738,0.41897810218978104,59.4,9.000000000000004,0.0,0.0,0.0,67.2,1.2000000000000028,0.0,0.0,0.0,False,False,False
226,3193199788,634261231,4,gaussian_plus_combined_faults,CombinedErrorSensor,0.65,0.2,0.1,0.05,True,True,False,False,false_completion,0.3610571393945494,75.60000000000001,14.603926090286816,14.162857105038581,0.3764200800375718,0.5308286697134211,0.38045616991064773,0.3027312936288436,0.46148114754156794,0.3128182744343518,0.0624504821437828,0.40673819116339194,0.08659478423136412,0.0,0.07860143357547071,6.724544943874079,6.724544943874079,0.0,7.796413053744023e-17,2.5018537765542007e-16,0.2985524968563732,0.2985524968563732,0.4042272126816381,61.80000000000001,11.899999999999997,0.0,1.9000000000000004,0.0,69.20000000000002,6.399999999999988,0.0,0.0,0.0,True,False,False
227,2535396865,501233337,4,gaussian_plus_combined_faults,CombinedErrorSensor,0.65,0.2,0.1,0.05,True,True,False,False,false_completion,0.32835146499030193,71.10000000000001,14.478393779774876,13.954527776631789,0.3775748738735536,0.5260306375392398,0.3819214661904855,0.3170938060884753,0.5130070482499693,0.3278374769852546,0.0663316632823768,0.36003561375456283,0.08773431914474386,0.0,0.06385481701552909,6.493188954791608,6.493188954791608,0.0,8.203798071627535e-17,2.5589376332604516e-16,0.30926678850057715,0.30926678850057715,0.375,60.1,6.399999999999999,1.3000000000000007,3.3000000000000043,0.0,71.10000000000001,0.0,0.0,0.0,0.0,True,True,False
228,80660561,973294536,4,gaussian_plus_combined_faults,CombinedErrorSensor,0.65,0.2,0.1,0.05,True,True,False,False,false_completion,0.37082845141697657,68.2,13.722341759389456,13.286744230430434,0.37463058981813663,0.5654318381385658,0.3793525221192051,0.32442931288867194,0.47811568912554914,0.33215373564388356,0.06522083957267709,0.4586056433132181,0.08894323488682918,0.0,0.07471068567258447,6.06775618409659,6.06775618409659,0.0,8.26564041893382e-17,1.962615573354719e-16,0.29174929435174524,0.29174929435174524,0.41727672035139096,55.599999999999994,8.9,2.9000000000000057,0.7999999999999989,0.0,66.19999999999999,2.0000000000000044,0.0,0.0,0.0,True,True,False
229,800819641,3241945518,4,gaussian_plus_combined_faults,CombinedErrorSensor,0.65,0.2,0.1,0.05,True,True,True,False,safety_violation,0.2591616292889596,68.5,13.661306668365814,13.167858548544773,0.38229378536926506,0.7071067811865476,0.3866857448006334,0.32435876965474375,0.47172501580608023,0.3367491706372845,0.07205184012718434,0.7071067811865476,0.10593111768442379,0.0,0.05,6.239745551751243,6.239745551751242,0.0,8.624346306547166e-17,2.830524433501838e-16,0.3535533905932738,0.3535533905932738,0.4008746355685131,61.9,2.8000000000000043,1.7999999999999972,2.0,0.0,68.5,0.0,0.0,0.0,0.0,True,True,False
230,2410070537,1887917039,4,gaussian_plus_combined_faults,CombinedErrorSensor,0.65,0.2,0.1,0.05,True,True,False,False,false_completion,0.4389469643800167,79.80000000000001,15.681415877278315,15.310756887408678,0.37389125964755615,0.7071067811865476,0.37818273798687924,0.2892779695459445,0.45907335347368133,0.29993279304420495,0.06574053383586399,0.7071067811865476,0.09125120271736485,0.0,0.02918671530494401,7.596663990135291,7.596663990135291,0.0,7.957070417346968e-17,2.7833528704240246e-16,0.3535533905932738,0.3535533905932738,0.4030037546933667,72.80000000000001,2.3999999999999995,0.0,4.599999999999994,0.0,79.80000000000001,0.0,0.0,0.0,0.0,True,False,False
231,1574677147,1569186631,4,gaussian_plus_combined_faults,CombinedErrorSensor,0.65,0.2,0.1,0.05,True,True,False,False,false_completion,0.303724423404211,63.900000000000006,13.359690016694032,13.04121839707117,0.3840638217632973,0.5844312654941145,0.3883697511275785,0.32772157229664917,0.4486003430147634,0.3357704992020458,0.0662068716928516,0.4001604459643658,0.0919651158280081,0.0,0.09356595527127806,6.081419203644106,6.081419203644106,0.0,8.975423547842049e-17,2.2887833992611187e-16,0.3116421676726788,0.31164216767267894,0.4125,49.10000000000001,12.399999999999995,2.4000000000000004,0.0,0.0,60.1,3.8000000000000025,0.0,0.0,0.0,False,True,False
232,2426998121,1979405758,4,gaussian_plus_combined_faults,CombinedErrorSensor,0.65,0.2,0.1,0.05,True,True,False,False,false_completion,0.31102051915459933,69.7,14.54995666721921,14.041849662058084,0.37630412491583465,0.544450415295652,0.3810155908359547,0.3109177404610824,0.44156036092434736,0.3199258119308706,0.07065271590296313,0.3973138499262136,0.09299756061160633,0.0,0.07237376540321439,7.0343655632931075,7.034365563293108,0.0,8.602593288977724e-17,2.7894008272968645e-16,0.38219448885029766,0.3821944888502976,0.3724928366762178,62.50000000000001,2.3999999999999986,3.8999999999999986,0.8999999999999986,0.0,69.7,0.0,0.0,0.0,0.0,True,True,False
233,4113121730,182882604,4,gaussian_plus_combined_faults,CombinedErrorSensor,0.65,0.2,0.1,0.05,True,True,False,False,false_completion,0.34366462681096444,70.3,13.546452417223033,13.21127805242146,0.3860876491048684,0.5546672002734359,0.3897259404064898,0.3398134703713798,0.4797328642074119,0.34881875224459097,0.07105143599494235,0.4676311646775642,0.09408695930302945,0.0,0.0691649450589393,6.274314816417423,6.274314816417423,0.0,8.338987842399823e-17,2.5589376332604516e-16,0.28945174365151133,0.28945174365151133,0.41619318181818177,63.099999999999994,4.0,1.2000000000000028,2.0,0.0,70.1,0.1999999999999993,0.0,0.0,0.0,True,True,False
234,4132313933,1628314587,4,gaussian_plus_combined_faults,CombinedErrorSensor,0.65,0.2,0.1,0.05,True,True,False,False,false_completion,0.5140148845760327,80.2,14.400042918665047,13.820146930360954,0.3750413756580301,0.5189364765313014,0.37983688092317736,0.316435710027872,0.46557040706446473,0.3282257572544286,0.0707995290932813,0.30663126927065376,0.09002569012680631,0.0,0.060922866957174165,7.570610896559732,7.570610896559732,0.0,7.464954440233684e-17,2.5018537765542007e-16,0.35142843856653366,0.3514284385665337,0.38729763387297633,61.4,18.1,0.0,0.7000000000000028,0.0,78.1,2.100000000000005,0.0,0.0,0.0,True,False,False
235,4121474858,3718346006,4,gaussian_plus_combined_faults,CombinedErrorSensor,0.65,0.2,0.1,0.05,True,True,False,False,false_completion,0.436080758216166,78.2,15.414593698637846,14.678794607725276,0.3694092454774306,0.7071067811865476,0.3747139700798428,0.2899631970808472,0.4136509400199888,0.2976934783646643,0.0636669925526541,0.7071067811865476,0.09993563308334537,0.051937972056350645,0.05,7.397262853697235,7.397262853697235,0.0,7.980101848405583e-17,2.830524433501838e-16,0.3535533905932738,0.3535533905932738,0.3946360153256705,68.39999999999999,9.8,0.0,0.0,0.0,78.2,0.0,0.0,0.0,0.0,False,False,False
236,1749518471,4218670630,4,gaussian_plus_combined_faults,CombinedErrorSensor,0.65,0.2,0.1,0.05,True,True,False,False,false_completion,0.31593756598191575,62.0,13.206876686475635,12.98488205452668,0.38853503577651705,0.7071067811865476,0.39129462089308265,0.34596291000597845,0.47169426075457027,0.3536560613872535,0.05930357713529404,0.7071067811865476,0.08919215271837429,0.0,0.05,5.440001642277023,5.440001642277023,0.0,9.022250837758012e-17,2.7894008272968645e-16,0.3535533905932738,0.3535533905932738,0.394524959742351,51.4,5.699999999999999,3.200000000000003,1.6999999999999993,0.0,60.699999999999996,1.299999999999999,0.0,0.0,0.0,True,True,False
237,2050407800,812743304,4,gaussian_plus_combined_faults,CombinedErrorSensor,0.65,0.2,0.1,0.05,True,True,False,False,false_completion,0.3225527696788291,76.7,15.827931194860277,15.41625073858059,0.3827907036412468,0.5581599771233746,0.38739495678641556,0.30578753979699297,0.49572032805339417,0.32247509387071055,0.0637892222617704,0.3632720666795775,0.08120505763339458,0.0,0.08870225458500025,7.074381826202872,7.074381826202872,0.0,8.777856514466261e-17,2.8066088919804617e-16,0.4926148949239774,0.4926148949239774,0.40494791666666663,57.30000000000001,12.199999999999989,7.200000000000003,0.0,0.0,67.39999999999999,9.300000000000006,0.0,0.0,0.0,False,True,False
238,2768454339,1065980605,4,gaussian_plus_combined_faults,CombinedErrorSensor,0.65,0.2,0.1,0.05,True,True,False,False,false_completion,0.32457058785586923,75.0,15.316866301047263,14.6379568811643,0.38155549379742437,0.7071067811865476,0.38753476402061887,0.3126129998458624,0.5102222107112168,0.3288921398813927,0.0750999131178766,0.7071067811865476,0.10168466528572738,0.0,0.05,7.33990675710833,7.339906757108331,0.0,8.56924112700768e-17,2.8066088919804617e-16,0.4303442267603841,0.4303442267603841,0.37017310252996005,65.19999999999999,8.5,1.299999999999999,0.0,0.0,73.5,1.499999999999993,0.0,0.0,0.0,False,True,False
239,3941405442,1484742440,4,gaussian_plus_combined_faults,CombinedErrorSensor,0.65,0.2,0.1,0.05,False,False,False,False,planning_failure,nan,nan,nan,nan,nan,nan,nan,nan,nan,nan,nan,nan,nan,nan,nan,nan,nan,nan,nan,nan,nan,nan,nan,,,,,,,,,,,,,
240,3869716259,3573157605,4,gaussian_plus_combined_faults,CombinedErrorSensor,0.65,0.2,0.1,0.05,True,True,True,False,safety_violation,0.27914958621794783,67.2,13.533956979585538,13.135856850000971,0.39164972784441265,0.7071067811865476,0.3954137265514563,0.35179113468269524,0.4517316310040641,0.35833644405034654,0.06284614940110825,0.7071067811865476,0.09771108913681155,0.0,0.05,6.22276873378287,6.22276873378287,0.0,8.655866222495289e-17,2.5324586304240974e-16,0.3535533905932738,0.3535533905932738,0.3803863298662704,56.4,9.100000000000005,1.6999999999999957,0.0,0.0,66.3,0.9000000000000021,0.0,0.0,0.0,False,True,False
241,766761893,701999192,4,gaussian_plus_combined_faults,CombinedErrorSensor,0.65,0.2,0.1,0.05,True,True,False,False,false_completion,0.4774370384939767,64.10000000000001,13.60164921045908,13.360835878066126,0.3789070728384939,0.61316118034144,0.3834799077446006,0.3168572562878753,0.524829797158269,0.3265061677172249,0.06393831652806622,0.49991701536712874,0.08672686624724989,0.16083656014144054,0.11802153731956001,5.482085990985213,5.4820859909852135,0.0,8.643226689054058e-17,2.5748813241687586e-16,0.31589599300484356,0.31589599300484356,0.3909657320872274,60.6,3.5000000000000036,0.0,0.0,0.0,64.10000000000001,0.0,0.0,0.0,0.0,False,False,False
242,3654324957,1543357433,4,gaussian_plus_combined_faults,CombinedErrorSensor,0.65,0.2,0.1,0.05,True,True,False,False,false_completion,0.3338639516754652,73.4,14.573680426765918,14.17849097736288,0.37168100119784747,0.5216411613281263,0.3757737344979169,0.3106858344606467,0.40621754092470225,0.31785587332034004,0.06088125283044879,0.2967398307964347,0.08151961655079923,0.0,0.09299128820395097,6.7878831723166,6.787883172316601,0.0,8.378431391241802e-17,2.7894008272968645e-16,0.2790370130912382,0.27903701309123813,0.3727891156462585,59.8,8.3,3.9000000000000057,1.4000000000000004,0.0,71.60000000000001,1.7999999999999972,0.0,0.0,0.0,True,True,False
243,3055384314,3837704628,4,gaussian_plus_combined_faults,CombinedErrorSensor,0.65,0.2,0.1,0.05,True,True,False,False,false_completion,0.3082110214966482,84.2,17.70215796914509,17.275009154375518,0.37841507886715625,0.5393719075715864,0.38420349359804035,0.24013261878126477,0.48082222759280574,0.2588605078188974,0.06786643307259813,0.3817802124052052,0.09069678126140934,0.0,0.0821951809970005,7.211643445856319,7.211643445856319,0.0,8.555988198699482e-17,2.830524433501838e-16,0.2405070250116735,0.24050702501167362,0.3879003558718861,71.2,11.799999999999997,0.0,1.2000000000000028,0.0,76.1,8.100000000000009,0.0,0.0,0.0,True,False,False
244,1392087708,763274201,4,gaussian_plus_combined_faults,CombinedErrorSensor,0.65,0.2,0.1,0.05,True,True,False,False,false_completion,0.3535925793124636,84.2,16.027548244750356,15.756547573393876,0.3762419967470927,0.5242891026412226,0.38162711448702025,0.26963666703810196,0.4420576177517024,0.29023886413169225,0.0670972639596233,0.3679926281975539,0.08632976889640381,0.0,0.1491622823186808,7.54158519664124,7.54158519664124,0.0,7.150323264516807e-17,2.776424787817943e-16,0.2886984084565067,0.2886984084565067,0.40450771055753265,75.1,6.899999999999999,2.2,0.0,0.0,83.6,0.6000000000000014,0.0,0.0,0.0,False,True,False
245,3206700546,809877950,4,gaussian_plus_combined_faults,CombinedErrorSensor,0.65,0.2,0.1,0.05,True,True,False,False,false_completion,0.3450329822385729,73.4,14.04764896374422,13.558149870734301,0.375024661122388,0.5926748868446545,0.3794501092044633,0.3198203264269448,0.49048781364790583,0.3324838587642552,0.068380624142383,0.4658057721883281,0.094401049526157,0.3182760547411654,0.01791234806836428,6.006044682385253,6.006044682385253,0.0,8.066839914960482e-17,2.5589376332604516e-16,0.27538443316617084,0.2753844331661709,0.40272108843537413,65.4,8.0,0.0,0.0,0.0,73.2,0.1999999999999993,0.0,0.0,0.0,False,False,False
246,3528407741,3617959806,4,gaussian_plus_combined_faults,CombinedErrorSensor,0.65,0.2,0.1,0.05,True,True,True,False,safety_violation,0.2779731784839429,64.0,13.472404270053671,13.006859889575384,0.3934325040046961,0.7071067811865476,0.396876571921373,0.34742043864734956,0.49409055043555045,0.35582779941728127,0.06327443844920086,0.7071067811865476,0.09193123460288545,0.0,0.05,6.016306608341114,6.0163066083411145,0.0,9.269674124452893e-17,2.237726045655905e-16,0.3535533905932738,0.3535533905932738,0.391575663026521,53.800000000000004,9.299999999999997,0.6999999999999957,0.1999999999999993,0.0,64.0,0.0,0.0,0.0,0.0,True,True,False
247,2475004145,54769133,4,gaussian_plus_combined_faults,CombinedErrorSensor,0.65,0.2,0.1,0.05,True,True,False,False,false_completion,0.3462176832026739,88.9,18.91955253925173,18.302116546267396,0.37617939410866696,0.5716890524884508,0.3805960981280993,0.25807062990771285,0.4061640239348622,0.28250581828767796,0.055925018044195,0.3391503359522826,0.07593920422190552,0.0,0.07703013970128271,8.115766133910054,8.115766133910057,0.0,8.807440244937114e-17,2.7894008272968645e-16,0.45072777001362163,0.45072777001362174,0.4101123595505618,78.3,9.999999999999998,0.0,0.6000000000000085,0.0,86.9,2.0,0.0,0.0,0.0,True,False,False
248,250102834,10777752,4,gaussian_plus_combined_faults,CombinedErrorSensor,0.65,0.2,0.1,0.05,True,True,False,False,false_completion,0.38941031244931346,70.4,14.16477032232146,13.514239941134269,0.3747948736610385,0.5540769829800678,0.3792225942254759,0.3245347222419196,0.47497731088929557,0.3308965464540174,0.06788072185115514,0.31787564241605076,0.08742505730029557,0.0,0.07593084256757474,7.049475304490988,7.049475304490988,0.0,8.371301489576467e-17,2.5589376332604516e-16,0.349841709082504,0.349841709082504,0.39148936170212767,63.0,5.800000000000001,0.0,1.6000000000000014,0.0,70.4,0.0,0.0,0.0,0.0,True,False,False
249,1567656518,446596209,4,gaussian_plus_combined_faults,CombinedErrorSensor,0.65,0.2,0.1,0.05,True,True,False,False,false_completion,0.533303481624447,73.0,13.919383734124654,13.356883257669457,0.3740776608521949,0.7071067811865476,0.378358706962009,0.32297020101817786,0.4673573783136295,0.33371175953070764,0.0680624249234179,0.7071067811865476,0.09328230694786069,0.08576834327736717,0.05,6.767917600036121,6.767917600036121,0.0,7.848597483036698e-17,2.220446049250313e-16,0.3535533905932738,0.3535533905932738,0.41997264021887826,69.0,4.0,0.0,0.0,0.0,72.19999999999999,0.8000000000000007,0.0,0.0,0.0,False,False,False
250,1370524627,2884711889,4,gaussian_plus_combined_faults,CombinedErrorSensor,0.65,0.2,0.1,0.05,True,True,False,False,false_completion,0.39588894532876107,74.7,14.688537581589134,14.493460864516587,0.3804447856445691,0.5374557275944107,0.38416382057179105,0.31021535508227466,0.4251213730130827,0.3178816121875727,0.0602252294052999,0.3554499465860575,0.08123585853033564,0.26566291456916247,0.08726049703314975,6.482950945091092,6.482950945091092,0.0,8.27678683908508e-17,2.5018537765542007e-16,0.26630466096941224,0.2663046609694123,0.39839572192513373,69.8,4.899999999999999,0.0,0.0,0.0,74.7,0.0,0.0,0.0,0.0,False,False,False
251,3235678144,3559111741,4,gaussian_plus_combined_faults,CombinedErrorSensor,0.65,0.2,0.1,0.05,True,True,False,False,false_completion,0.321218799908786,77.4,15.170437895728405,14.979637692289753,0.3812920882534546,0.7071067811865476,0.38568522353741114,0.2943636841656052,0.45751544225370294,0.3128780254222653,0.07152749389551041,0.7071067811865476,0.1018916934295119,0.0,0.008687877469364086,7.170096287233987,7.170096287233988,0.0,8.190801642606362e-17,2.5589376332604516e-16,0.3535533905932738,0.3535533905932738,0.4180645161290323,67.5,0.0,7.999999999999989,1.9000000000000057,0.0,77.4,0.0,0.0,0.0,0.0,True,True,False
252,4069850,2347762154,4,gaussian_plus_combined_faults,CombinedErrorSensor,0.65,0.2,0.1,0.05,True,True,False,False,false_completion,0.3126302704471691,68.0,14.067284249336895,13.544530978833622,0.38212746174501777,0.578045139548835,0.387314125203397,0.3376498765809246,0.5014881562605191,0.34894017407199496,0.06973532314982428,0.4471176039869569,0.09490607699284932,0.0,0.10288239601304312,6.213099968266137,6.213099968266137,0.0,8.745500775235073e-17,2.5219801032797316e-16,0.329012995161206,0.329012995161206,0.4023494860499266,60.900000000000006,5.899999999999995,1.200000000000001,0.0,0.0,68.0,0.0,0.0,0.0,0.0,False,True,False
253,971320180,4027294110,4,gaussian_plus_combined_faults,CombinedErrorSensor,0.65,0.2,0.1,0.05,True,True,False,False,false_completion,0.48107876601178423,75.4,15.276982340185622,14.813258907597586,0.37582964256733575,0.547485510656012,0.3803306010126363,0.29946406404287496,0.4881447433684982,0.31251160988446997,0.06675019876951366,0.34048728468333667,0.08582874002326307,0.0,0.02502767023591157,6.998389794943373,6.998389794943373,0.0,8.56501705823718e-17,2.8066088919804617e-16,0.28734714467313405,0.28734714467313405,0.39602649006622515,65.2,5.9999999999999964,4.199999999999999,0.0,0.0,75.0,0.3999999999999986,0.0,0.0,0.0,False,True,False
254,2099617389,1438848757,4,gaussian_plus_combined_faults,CombinedErrorSensor,0.65,0.2,0.1,0.05,True,True,True,False,safety_violation,0.23210928290925625,80.10000000000001,16.27532814868198,15.880565843125867,0.3691450759880462,0.5955629548285135,0.3747341317091344,0.25900776143058246,0.43002483759172566,0.2749739361217841,0.07006135272781928,0.44327924900567284,0.0924261556871364,0.0,0.1067207509943272,7.7224764290368455,7.7224764290368455,0.0,8.460699047378569e-17,2.8066088919804617e-16,0.27919207454960016,0.27919207454960004,0.3940149625935162,72.1,6.600000000000001,0.0,1.4000000000000021,0.0,78.5,1.5999999999999979,0.0,0.0,0.0,True,False,False
255,697894123,2229103892,4,gaussian_plus_combined_faults,CombinedErrorSensor,0.65,0.2,0.1,0.05,True,True,False,False,false_completion,0.44343918744677635,81.9,17.166504266932833,16.705032329484126,0.3765592842526906,0.7071067811865476,0.38258606017369856,0.2576742962350197,0.46454908221888186,0.26895923618116857,0.056600758636004306,0.7071067811865476,0.08700752509934974,0.1585077141284259,0.05,7.947515028461064,7.947515028461064,0.0,8.431771831481681e-17,2.793066411846225e-16,0.40389247537003525,0.40389247537003525,0.38414634146341464,71.5,10.400000000000006,0.0,0.0,0.0,71.89999999999999,10.000000000000014,0.0,0.0,0.0,False,False,False
256,2312331451,3874631184,4,gaussian_plus_combined_faults,CombinedErrorSensor,0.65,0.2,0.1,0.05,True,True,True,False,safety_violation,0.2737668732467893,67.9,13.56528066044926,13.270933440555947,0.38044978954176845,0.545513883740173,0.3842778317111061,0.3188645622619941,0.4460585834273853,0.325950361274929,0.06345151235990905,0.4613644025722337,0.08826923385705511,0.0,0.040657330372665286,6.056397130211128,6.056397130211129,0.0,8.283449729258756e-17,2.618455766672135e-16,0.3079362906942623,0.3079362906942623,0.4088235294117647,64.1,2.200000000000003,1.6000000000000014,0.0,0.0,67.9,0.0,0.0,0.0,0.0,False,True,False
257,915480018,4151120313,4,gaussian_plus_combined_faults,CombinedErrorSensor,0.65,0.2,0.1,0.05,False,False,False,False,planning_failure,nan,nan,nan,nan,nan,nan,nan,nan,nan,nan,nan,nan,nan,nan,nan,nan,nan,nan,nan,nan,nan,nan,nan,,,,,,,,,,,,,
258,3229257819,646055159,4,gaussian_plus_combined_faults,CombinedErrorSensor,0.65,0.2,0.1,0.05,True,True,False,False,false_completion,0.4512085921795018,79.4,15.128253009214612,15.001164885457579,0.3689189986176436,0.5475171930547005,0.37292343830406327,0.2853742412219706,0.4678319718626038,0.30155223609427134,0.05181695375538746,0.28953697777143006,0.0702262290010818,0.0,0.13646708736551758,6.988661042274359,6.98866104227436,0.0,7.711521433109942e-17,2.777508439858666e-16,0.32147745499683195,0.32147745499683195,0.3849056603773585,63.40000000000001,15.799999999999992,0.1999999999999993,0.0,0.0,76.10000000000001,3.29999999999999,0.0,0.0,0.0,False,True,False
259,375716469,3308732160,4,gaussian_plus_combined_faults,CombinedErrorSensor,0.65,0.2,0.1,0.05,True,True,False,False,false_completion,0.484430285490901,75.4,14.387512601181484,13.808015363051544,0.3753193915833324,0.5599755338967787,0.37934803326364247,0.31691247595682226,0.4325541845835024,0.3233089101238345,0.06225304570756129,0.5127397772829323,0.0882775184401903,0.07089769420786851,0.12384837391397419,6.577511313327637,6.577511313327637,0.0,8.400274449009055e-17,2.7894008272968645e-16,0.4461156755124747,0.4461156755124747,0.40264900662251657,72.5,2.8999999999999986,0.0,0.0,0.0,75.4,0.0,0.0,0.0,0.0,False,False,False
260,4187386334,184584446,4,gaussian_plus_combined_faults,CombinedErrorSensor,0.65,0.2,0.1,0.05,False,False,False,False,planning_failure,nan,nan,nan,nan,nan,nan,nan,nan,nan,nan,nan,nan,nan,nan,nan,nan,nan,nan,nan,nan,nan,nan,nan,,,,,,,,,,,,,
261,2388139156,3812305768,4,gaussian_plus_combined_faults,CombinedErrorSensor,0.65,0.2,0.1,0.05,True,True,False,False,false_completion,0.40488362330945626,68.2,14.027403499703862,13.786087654625597,0.37553015895708464,0.5331405112689772,0.3795094082875767,0.3318457057178377,0.44196159845275645,0.34004478513209485,0.06302514030029117,0.4010606352774917,0.08024205281006963,0.0,0.027150995737487804,6.3953931050504185,6.3953931050504185,0.0,8.582946834996453e-17,2.7755575615628914e-16,0.2893733593131782,0.2893733593131782,0.4070278184480234,58.39999999999999,2.400000000000002,4.500000000000002,2.900000000000002,0.0,68.2,0.0,0.0,0.0,0.0,True,True,False
262,453140449,4267112886,4,gaussian_plus_combined_faults,CombinedErrorSensor,0.65,0.2,0.1,0.05,True,True,False,False,false_completion,0.48925994962708047,72.8,15.074983260218316,14.227816075446237,0.38232846665265685,0.5752600167117081,0.38751638880502665,0.30151576100309774,0.6339795366856059,0.32275732909249133,0.07982913944531461,0.4978628413156938,0.10604104186457916,0.1302906730113822,0.14507570806319173,6.9192097699640716,6.9192097699640716,0.0,8.796484755181626e-17,2.669445784096911e-16,0.3827952923701462,0.38279529237014615,0.4348422496570644,67.29999999999998,5.5000000000000036,0.0,0.0,0.0,71.6,1.2000000000000002,0.0,0.0,0.0,False,False,False
263,3455058573,1492825667,4,gaussian_plus_combined_faults,CombinedErrorSensor,0.65,0.2,0.1,0.05,True,True,False,False,false_completion,0.3747772576826962,68.10000000000001,13.874654082806462,13.315393502418189,0.38148871573565724,0.53182768524249,0.38533525650670925,0.3190139634317243,0.43617313447801254,0.3288927042882187,0.0665820755884446,0.49554968893934975,0.09597466623319933,0.0,0.13348870277213948,6.279143627221762,6.279143627221762,0.0,8.650798011036947e-17,2.830524433501838e-16,0.31104561829378885,0.3110456182937888,0.3914956011730205,57.2,9.699999999999998,1.2000000000000028,0.0,0.0,67.9,0.20000000000000018,0.0,0.0,0.0,False,True,False
264,1846112378,935440738,4,gaussian_plus_combined_faults,CombinedErrorSensor,0.65,0.2,0.1,0.05,True,True,False,False,false_completion,0.4115695940704424,68.5,13.974475733892273,13.634887393275417,0.38440056799474875,0.5229839513907474,0.38770469411613234,0.3278224045705401,0.4671440846798293,0.34105176091208805,0.06268152125810786,0.31840361760894453,0.08663350113005108,0.0,0.14210843387228128,6.398764154063102,6.398764154063102,0.0,8.400713271900263e-17,2.9406505148178845e-16,0.2913473099601439,0.29134730996014396,0.3731778425655977,54.8,13.600000000000001,0.10000000000000053,0.0,0.0,67.0,1.5,0.0,0.0,0.0,False,True,False
265,4151916802,2328685090,4,gaussian_plus_combined_faults,CombinedErrorSensor,0.65,0.2,0.1,0.05,True,True,False,False,false_completion,0.34451501597631295,73.7,14.50213469089622,14.090864917194061,0.38455546866432255,0.7071067811865476,0.3889769018615027,0.33472061868993225,0.48170788503528034,0.34380522958618576,0.06800862298409158,0.7071067811865476,0.09678703096538127,0.0,0.05,7.068945956448185,7.068945956448185,0.0,8.257939900143422e-17,2.779024842816778e-16,0.3535533905932738,0.3535533905932738,0.4024390243902439,56.699999999999996,14.900000000000002,0.0,2.1000000000000014,0.0,67.6,6.099999999999998,0.0,0.0,0.0,True,False,False
266,3502127710,2151495928,4,gaussian_plus_combined_faults,CombinedErrorSensor,0.65,0.2,0.1,0.05,True,True,False,False,false_completion,0.42807981854378435,71.2,14.315681963863945,13.7857608270855,0.3861913491108716,0.5674822516091218,0.3913573606861129,0.3455425731368562,0.4547002437589111,0.35412904496961634,0.07317652709023442,0.4518509587160396,0.09557474571151323,0.0,0.040195646880065716,6.327310844617202,6.327310844617202,0.0,8.497540832745493e-17,2.7894008272968645e-16,0.3319114694748048,0.3319114694748049,0.4053295932678822,50.0,18.800000000000004,2.3999999999999986,0.0,0.0,64.4,6.799999999999997,0.0,0.0,0.0,False,True,False
267,3747001689,1587324755,4,gaussian_plus_combined_faults,CombinedErrorSensor,0.65,0.2,0.1,0.05,True,True,False,False,false_completion,0.4250169136091386,73.60000000000001,14.244149758373378,13.837909082624817,0.3779481968485246,0.7071067811865476,0.3817023283303435,0.31507851236444867,0.4811860318329046,0.3258232680702431,0.059990993045127755,0.7071067811865476,0.08725829760735512,0.0,0.05,6.316167357217971,6.316167357217971,0.0,8.082580070091209e-17,2.830524433501838e-16,0.3535533905932738,0.3535533905932738,0.43147896879240166,62.6,7.5000000000000036,0.0,3.5,0.0,73.4,0.20000000000000107,0.0,0.0,0.0,True,False,False
268,3931630109,482995397,4,gaussian_plus_combined_faults,CombinedErrorSensor,0.65,0.2,0.1,0.05,True,True,False,False,false_completion,0.31434801975760357,72.60000000000001,14.228459698956208,13.50041670752239,0.3847084283187019,0.7071067811865476,0.38888170489143237,0.3351755745029809,0.4965819492074653,0.3457692766356565,0.07424490475299884,0.7071067811865476,0.10078388406235249,0.0,0.05,6.931853365213547,6.931853365213547,0.0,8.186390584782148e-17,2.423651445728339e-16,0.3535533905932738,0.3535533905932738,0.3741403026134801,64.2,6.900000000000002,1.5,0.0,0.0,71.9,0.6999999999999993,0.0,0.0,0.0,False,True,False
269,3343084945,1155353691,4,gaussian_plus_combined_faults,CombinedErrorSensor,0.65,0.2,0.1,0.05,True,True,False,False,false_completion,0.3138071276295795,67.2,13.968779655014904,13.54983105898118,0.37750404243448143,0.5575052509284614,0.38110896665628297,0.3177238388335833,0.46785951606520065,0.3290167787620914,0.057686854186002154,0.4764387958218319,0.08497583188940865,0.12882428249803954,0.13139932134304105,6.042374539535562,6.042374539535563,0.0,8.671461710845942e-17,2.9893669801409083e-16,0.2891559829918125,0.2891559829918125,0.3684992570579495,59.800000000000004,7.399999999999995,0.0,0.0,0.0,66.5,0.6999999999999993,0.0,0.0,0.0,False,False,False
270,2308215660,3359604399,4,gaussian_plus_combined_faults,CombinedErrorSensor,0.65,0.2,0.1,0.05,True,True,False,False,false_completion,0.37974711466413325,66.4,13.734722319242751,13.267813769134172,0.3849560971180144,0.5205663716383468,0.3884438418548467,0.33848692568887767,0.48983764847391914,0.34525340978224844,0.0649790883180652,0.45384221864241825,0.08950926733828905,0.19437997919771277,0.11359550266816706,5.770034105820662,5.770034105820663,0.0,8.684749717512826e-17,2.5133742693021536e-16,0.23828658934238503,0.23828658934238509,0.3954887218045112,66.4,0.0,0.0,0.0,0.0,66.4,0.0,0.0,0.0,0.0,False,False,False
271,716948047,2914218226,4,gaussian_plus_combined_faults,CombinedErrorSensor,0.65,0.2,0.1,0.05,True,True,False,False,false_completion,0.3551729890315718,77.7,15.817835908095702,15.221943167482424,0.37755201323431764,0.5818420000218971,0.3827857717565281,0.30485149810515,0.4579452962836139,0.3138294910250372,0.0613211807659194,0.449337852553876,0.0863344163019354,0.0,0.1130807374107179,6.410760696574746,6.410760696574747,0.0,8.638547912834302e-17,2.777508439858666e-16,0.3020013772616827,0.3020013772616827,0.39974293059125965,76.4,0.0,1.2999999999999972,0.0,0.0,77.7,0.0,0.0,0.0,0.0,False,True,False
272,3683843986,2185353725,4,gaussian_plus_combined_faults,CombinedErrorSensor,0.65,0.2,0.1,0.05,True,True,True,False,safety_violation,0.14625336590207655,74.9,15.334123539581558,15.039262820021671,0.3708154492026957,0.5957592389428893,0.37650105299554854,0.2694793043192641,0.44924377812556776,0.27751580671579146,0.06774440048686142,0.472596740444261,0.08980322476224367,0.0,0.0500120534572187,6.867513640591366,6.867513640591366,0.0,8.413651153797015e-17,2.8066088919804617e-16,0.3279203270654227,0.3279203270654227,0.388,69.6,0.5999999999999943,4.70000000000001,0.0,0.0,74.9,0.0,0.0,0.0,0.0,False,True,False
273,641729385,1443877831,4,gaussian_plus_combined_faults,CombinedErrorSensor,0.65,0.2,0.1,0.05,True,True,False,False,false_completion,0.3920681011822103,79.4,14.751182306292616,14.2248121218937,0.379639330859243,0.7071067811865476,0.38494061727695866,0.30242633658519413,0.4789368450180314,0.3139357162148532,0.067779297295579,0.7071067811865476,0.10096001220984559,0.0,0.05,7.082429871745072,7.082429871745073,0.0,7.868989957245193e-17,2.830524433501838e-16,0.3535533905932738,0.3535533905932738,0.410062893081761,65.60000000000001,12.299999999999997,1.5,0.0,0.0,73.30000000000001,6.099999999999994,0.0,0.0,0.0,False,True,False
274,53817024,1444500207,4,gaussian_plus_combined_faults,CombinedErrorSensor,0.65,0.2,0.1,0.05,True,True,False,False,false_completion,0.34331433436254966,70.8,14.31037995965204,13.736080893452288,0.38165271637283776,0.5384737285138061,0.38640997082645845,0.3237351486017204,0.47431248222567346,0.3329603674919325,0.07007724451350948,0.4513127900012382,0.09157809111727729,0.1067077272053216,0.07231424405944686,6.409635409370959,6.409635409370959,0.0,8.465694306391684e-17,2.8609792490763985e-16,0.30736238446563663,0.3073623844656367,0.4315937940761636,65.99999999999999,4.800000000000004,0.0,0.0,0.0,69.2,1.5999999999999943,0.0,0.0,0.0,False,False,False
275,3940032784,3701184968,4,gaussian_plus_combined_faults,CombinedErrorSensor,0.65,0.2,0.1,0.05,True,True,False,False,false_completion,0.4349993129475022,74.4,13.658257616682693,13.40995831956715,0.3779086671383996,0.5407475481489356,0.38195635584184606,0.33214531388003776,0.4496365425663624,0.34042619744108005,0.0668667634141208,0.38998949721969955,0.09077670843466479,0.0,0.06649165070321489,6.4375012402689755,6.4375012402689755,0.0,7.842391910571689e-17,2.063081476116683e-16,0.28927608388054316,0.28927608388054316,0.4161073825503355,65.10000000000001,0.0,5.399999999999995,3.8999999999999986,0.0,71.7,2.6999999999999957,0.0,0.0,0.0,True,True,False
276,4114063967,4248643499,4,gaussian_plus_combined_faults,CombinedErrorSensor,0.65,0.2,0.1,0.05,True,True,False,False,false_completion,0.3079575988954155,68.9,13.951729744665624,13.386521432021132,0.3872037686291676,0.53379659674256,0.3913619901409136,0.3358315286896753,0.4694222330040929,0.3448919690495797,0.05987196552841145,0.34938252831759153,0.08234791668868296,0.0,0.10740345714875532,6.6580023351595266,6.6580023351595266,0.0,8.519223588086575e-17,2.2887833992611187e-16,0.3783689993759036,0.3783689993759036,0.3826086956521739,63.400000000000006,2.799999999999997,0.0,2.6999999999999993,0.0,68.9,0.0,0.0,0.0,0.0,True,False,False
277,2764423084,946444819,4,gaussian_plus_combined_faults,CombinedErrorSensor,0.65,0.2,0.1,0.05,True,True,False,False,false_completion,0.39600903647227853,75.8,15.214261635135191,14.646541991302287,0.38764293920855464,0.7071067811865476,0.39315216961787597,0.31859990829267915,0.4373626251010564,0.3252332327121409,0.0632613391436058,0.7071067811865476,0.09401081172384376,0.09219964997669372,0.05,7.637394361373467,7.637394361373467,0.0,8.243194172400745e-17,2.797157557069881e-16,0.41865041438494754,0.4186504143849475,0.40974967061923584,60.99999999999999,14.800000000000004,0.0,0.0,0.0,71.6,4.2,0.0,0.0,0.0,False,False,False
278,3095793555,2007649964,4,gaussian_plus_combined_faults,CombinedErrorSensor,0.65,0.2,0.1,0.05,True,True,True,False,safety_violation,0.240714497654087,66.60000000000001,13.474741826085705,13.298169445129078,0.374818689036454,0.7071067811865476,0.3784048077932927,0.32256248000880716,0.4859851120556571,0.33124610966107143,0.0626861009394885,0.7071067811865476,0.08734789986722541,0.0,0.05,6.341324363233173,6.341324363233173,0.0,8.793380395554987e-17,2.2247786310271853e-16,0.3535533905932738,0.3535533905932738,0.38980509745127434,56.5,7.300000000000001,2.8000000000000043,0.0,0.0,66.60000000000001,0.0,0.0,0.0,0.0,False,True,False
279,1232035917,1746799248,4,gaussian_plus_combined_faults,CombinedErrorSensor,0.65,0.2,0.1,0.05,True,True,True,False,safety_violation,0.299615788268415,69.60000000000001,13.881743873099687,13.475395113573148,0.37673146850517314,0.5416807334452332,0.3806240467622887,0.30894360150687344,0.44885470253989446,0.3169494814693984,0.06358352712660352,0.5209668466913294,0.08733981377708464,0.0,0.02972836235035814,6.366767136424153,6.366767136424153,0.0,8.358021141465157e-17,2.7833528704240246e-16,0.279665508510015,0.279665508510015,0.37302725968436157,63.30000000000001,0.0,6.299999999999997,0.0,0.0,69.60000000000001,0.0,0.0,0.0,0.0,False,True,False
280,229561739,1691000978,4,gaussian_plus_combined_faults,CombinedErrorSensor,0.65,0.2,0.1,0.05,True,True,False,False,false_completion,0.38138879762129674,78.4,15.32022396969871,14.854198403127391,0.37028071505233184,0.6012339830667567,0.3755662590035318,0.29791354366876904,0.4615256760189167,0.30716423843144613,0.06303580183141472,0.465950024639005,0.08442453452157886,0.0,0.11904371507130047,6.8835021572997555,6.8835021572997555,0.0,7.578482839477388e-17,2.7833528704240246e-16,0.35406739348399746,0.35406739348399735,0.4089171974522293,60.49999999999999,16.50000000000001,1.4000000000000021,0.0,0.0,68.7,9.699999999999998,0.0,0.0,0.0,False,True,False
281,4056746478,1322814385,4,gaussian_plus_combined_faults,CombinedErrorSensor,0.65,0.2,0.1,0.05,True,True,False,False,false_completion,0.30364958622298677,67.60000000000001,14.321246026069058,13.915353736387043,0.37718895847108913,0.5923987487961934,0.3818067040002176,0.3218324397966417,0.4742658010549937,0.3365142492979597,0.06934837860485747,0.5894543005457843,0.10047531051060214,0.0,0.0,6.3530576295933745,6.3530576295933745,0.0,8.613466603303391e-17,2.7755575615628914e-16,0.2869307668822559,0.2869307668822559,0.3943870014771049,59.5,4.800000000000001,3.3000000000000043,0.0,0.0,67.60000000000001,0.0,0.0,0.0,0.0,False,True,False
282,1490637715,235682852,4,gaussian_plus_combined_faults,CombinedErrorSensor,0.65,0.2,0.1,0.05,True,True,True,False,safety_violation,0.2811704483381914,75.60000000000001,14.485853909797383,14.108166394300154,0.3790971459708004,0.5439250707031171,0.3831160255382221,0.31031971984990553,0.440244229146763,0.3182581090187193,0.05708262486303931,0.3497482463331824,0.07589133933007733,0.0,0.16199591744414985,6.66312443242988,6.66312443242988,0.0,8.008201490000832e-17,2.5589376332604516e-16,0.3755019017733445,0.3755019017733446,0.3910171730515192,67.7,1.2999999999999972,2.8999999999999986,3.700000000000001,0.0,75.60000000000001,0.0,0.0,0.0,0.0,True,True,False
283,3172887330,1257601206,4,gaussian_plus_combined_faults,CombinedErrorSensor,0.65,0.2,0.1,0.05,True,True,False,False,false_completion,0.40469262879531914,86.10000000000001,17.3892505029549,17.044288693874947,0.37469845541633534,0.6010773055612388,0.3794465363011311,0.25461911598284226,0.4723689183366042,0.27783866487521713,0.06357031002025895,0.5537884701149238,0.08875015081234283,0.0,0.0,8.451938420062321,8.451938420062321,0.0,8.250568216626806e-17,2.7894008272968645e-16,0.46792806828012473,0.46792806828012473,0.3735498839907193,76.7,6.0,0.0,3.3999999999999986,0.0,84.5,1.6000000000000014,0.0,0.0,0.0,True,False,False
284,4059518722,4054307301,4,gaussian_plus_combined_faults,CombinedErrorSensor,0.65,0.2,0.1,0.05,True,True,False,False,false_completion,0.3796572673727181,67.9,13.621410754655617,13.257429545326108,0.37482166282554863,0.5575656198166967,0.3786185237622042,0.309894938934346,0.42862925066486235,0.31771321964744764,0.07232271006301733,0.4396988713855182,0.0933957744446558,0.2058322895221297,0.10077395014765234,6.159575171845612,6.159575171845612,0.0,8.687578494518786e-17,2.914335439641036e-16,0.3680233741907735,0.3680233741907735,0.38235294117647056,62.4,5.500000000000003,0.0,0.0,0.0,67.9,0.0,0.0,0.0,0.0,False,False,False
285,3789557191,1481771505,4,gaussian_plus_combined_faults,CombinedErrorSensor,0.65,0.2,0.1,0.05,True,True,False,False,false_completion,0.332254731620237,70.9,13.390632223159177,13.278139138059744,0.37669249687902934,0.5447379584164019,0.3805512844246239,0.30567829821199655,0.41350745634633174,0.3127766253400735,0.06528329682754783,0.44739900580491754,0.09228876548469964,0.0,0.09352165971567761,6.237206675299625,6.237206675299626,0.0,8.324411326125149e-17,2.2591401799415137e-16,0.34598926405582725,0.34598926405582725,0.4183098591549296,61.1,7.5,2.3000000000000043,0.0,0.0,69.6,1.3000000000000007,0.0,0.0,0.0,False,True,False
286,3875003028,956792337,4,gaussian_plus_combined_faults,CombinedErrorSensor,0.65,0.2,0.1,0.05,True,True,True,True,goal_reached,0.2897782597651232,71.2,14.385382837961611,13.805933455550955,0.3734922789925489,0.5286394069067376,0.3782644950883434,0.2864606090931365,0.4237710707093816,0.2964459711587459,0.06969610786033624,0.43620321998515377,0.09603068834654627,0.17240418097743881,0.15231760245694087,6.820801066155095,6.820801066155094,0.0,8.285762293166953e-17,2.8449465006019636e-16,0.3245830079716269,0.324583007971627,0.43338008415147267,57.699999999999996,13.500000000000004,0.0,0.0,0.0,66.3,4.900000000000006,0.0,0.0,0.0,False,False,False
287,3836413122,1604764411,4,gaussian_plus_combined_faults,CombinedErrorSensor,0.65,0.2,0.1,0.05,True,True,False,False,false_completion,0.4567824190497563,71.8,14.275371405391617,13.956286610776067,0.38130666555903353,0.547467067518872,0.38491122903387276,0.3105995574111021,0.4847198611333923,0.3257437221423964,0.06512385780644282,0.4231613257540043,0.09056878441285009,0.12306047896128547,0.019533194891382607,6.241294164548054,6.241294164548054,0.0,8.582663025885225e-17,2.779024842816778e-16,0.275003440153249,0.275003440153249,0.4075104311543811,64.49999999999999,7.300000000000004,0.0,0.0,0.0,70.69999999999999,1.100000000000005,0.0,0.0,0.0,False,False,False
288,2184115418,276814588,4,gaussian_plus_combined_faults,CombinedErrorSensor,0.65,0.2,0.1,0.05,True,True,False,False,false_completion,0.4643778765732781,79.7,15.773556375581528,15.254551565421012,0.3833199052165641,0.7071067811865476,0.3883053064923016,0.2983289262115347,0.5445482421833161,0.3144460049260072,0.062088677077785176,0.7071067811865476,0.09135394021839856,0.0,0.04485481843747874,7.9706091087691915,7.970609108769192,0.0,8.241415897606605e-17,2.7894008272968645e-16,0.44858455065694913,0.44858455065694924,0.3671679197994987,57.80000000000001,15.899999999999999,0.6999999999999957,5.300000000000001,0.0,67.19999999999999,12.500000000000005,0.0,0.0,0.0,True,True,False
289,3267561147,1867115710,4,gaussian_plus_combined_faults,CombinedErrorSensor,0.65,0.2,0.1,0.05,True,True,False,False,false_completion,0.40145773067269724,75.7,15.02364573249672,14.674954858478564,0.3746568814722092,0.5853522635735604,0.3798360831779469,0.29917624173105045,0.4703307627099663,0.3139450754569531,0.06834617485790155,0.5043861143565177,0.09546763448771621,0.0,0.06568578819833416,6.883945987367902,6.883945987367902,0.0,8.173189236515009e-17,2.7894008272968645e-16,0.5070547864480831,0.507054786448083,0.4063324538258575,62.300000000000004,9.2,4.199999999999999,0.0,0.0,72.89999999999999,2.8000000000000114,0.0,0.0,0.0,False,True,False
290,1338960723,2020451545,4,gaussian_plus_combined_faults,CombinedErrorSensor,0.65,0.2,0.1,0.05,True,True,True,True,goal_reached,0.28887326955717413,74.7,14.474007150601391,14.152632497732684,0.3842600894845859,0.5415456371722714,0.38829039636176454,0.3081199898624849,0.4874343775984642,0.31580200062056907,0.057863480609564075,0.4814860137917564,0.08238393697645022,0.10883811824621435,0.11200378927646451,6.425289192214405,6.4252891922144055,0.0,7.933622532616881e-17,2.5018537765542007e-16,0.4033628333508597,0.4033628333508597,0.4024064171122995,62.30000000000001,12.399999999999991,0.0,0.0,0.0,74.39999999999999,0.2999999999999998,0.0,0.0,0.0,False,False,False
291,3105204066,3893728945,4,gaussian_plus_combined_faults,CombinedErrorSensor,0.65,0.2,0.1,0.05,True,True,False,False,false_completion,0.48145018084654534,77.9,16.214244109524255,16.15844250019676,0.37485263004328834,0.5318577991981842,0.37941437366395026,0.2762787378629483,0.4079061943864215,0.2903271893224928,0.054998711774731174,0.35984377877291485,0.07720518385169255,0.059790040595871674,0.10238411960641258,6.862757294552975,6.862757294552975,0.0,8.411150773048993e-17,2.786162483075207e-16,0.3177193966403338,0.3177193966403337,0.4179487179487179,65.3,12.600000000000005,0.0,0.0,0.0,76.00000000000001,1.8999999999999844,0.0,0.0,0.0,False,False,False
292,3217045316,3144965389,4,gaussian_plus_combined_faults,CombinedErrorSensor,0.65,0.2,0.1,0.05,False,False,False,False,planning_failure,nan,nan,nan,nan,nan,nan,nan,nan,nan,nan,nan,nan,nan,nan,nan,nan,nan,nan,nan,nan,nan,nan,nan,,,,,,,,,,,,,
293,3129666222,2804183316,4,gaussian_plus_combined_faults,CombinedErrorSensor,0.65,0.2,0.1,0.05,False,False,False,False,planning_failure,nan,nan,nan,nan,nan,nan,nan,nan,nan,nan,nan,nan,nan,nan,nan,nan,nan,nan,nan,nan,nan,nan,nan,,,,,,,,,,,,,
294,1628645893,3900630187,4,gaussian_plus_combined_faults,CombinedErrorSensor,0.65,0.2,0.1,0.05,True,True,False,False,false_completion,0.45937768433052495,68.5,14.077059180271409,13.606458227048908,0.3711636745635965,0.7071067811865476,0.3754913822970551,0.3001850603783434,0.46220002744709526,0.3136572067193651,0.06924794895577814,0.7071067811865476,0.09857909734037826,0.0,0.05,6.418370756567251,6.41837075656725,0.0,8.513987926740176e-17,2.7755575615628914e-16,0.3535533905932738,0.3535533905932738,0.3848396501457726,68.19999999999999,0.0,0.0,0.30000000000000426,0.0,68.5,0.0,0.0,0.0,0.0,True,False,False
295,271103938,670980768,4,gaussian_plus_combined_faults,CombinedErrorSensor,0.65,0.2,0.1,0.05,True,True,False,False,false_completion,0.30925714173893915,79.9,16.98104133376424,16.348846782928177,0.3918764937044944,0.7071067811865476,0.39752972943179615,0.2868006571355726,0.5390544392136692,0.2995057658608702,0.06582856792131617,0.7071067811865476,0.0966957140671099,0.21524176285900687,0.05,7.1187507151647,7.118750715164699,0.0,8.455363842963752e-17,2.7757743935277205e-16,0.3535533905932738,0.3535533905932738,0.39125,58.300000000000004,21.599999999999998,0.0,0.0,0.0,76.3,3.599999999999998,0.0,0.0,0.0,False,False,False
296,930298321,3877237296,4,gaussian_plus_combined_faults,CombinedErrorSensor,0.65,0.2,0.1,0.05,True,True,False,False,false_completion,0.3668942345184755,70.0,13.75479549364319,13.431036051235091,0.37925100833345415,0.5887807133168438,0.38282205031049255,0.32478646740949174,0.45662235728456985,0.3328777182507734,0.06035789170921188,0.3448841571322376,0.08038189679693539,0.0,0.11178603637356847,6.233503157356411,6.23350315735641,0.0,8.086570431000695e-17,1.8670653977139892e-16,0.29549327793188573,0.2954932779318857,0.41226818830242506,55.699999999999996,12.800000000000002,1.5,0.0,0.0,67.0,2.999999999999993,0.0,0.0,0.0,False,True,False
297,4247440162,64953539,4,gaussian_plus_combined_faults,CombinedErrorSensor,0.65,0.2,0.1,0.05,True,True,True,False,safety_violation,0.2891996154032448,72.8,14.832113533552654,14.491459109360544,0.3780694856185694,0.5245875299280117,0.3809339436015165,0.2997712851218734,0.46580644870797433,0.30880685578028977,0.049745620952834704,0.3973175415734147,0.07520374672194423,0.0,0.13189658237954882,6.28238013466939,6.282380134669391,0.0,9.051487804574603e-17,2.7833528704240246e-16,0.33602977842017145,0.33602977842017145,0.39917695473251025,66.0,1.6999999999999957,5.099999999999998,0.0,0.0,72.8,0.0,0.0,0.0,0.0,False,True,False
298,2355914593,3287357915,4,gaussian_plus_combined_faults,CombinedErrorSensor,0.65,0.2,0.1,0.05,True,True,False,False,false_completion,0.4555199440864478,74.10000000000001,15.01057700162523,14.709096610965807,0.3821116204576605,0.5667008803995462,0.38654300846079004,0.2964304611911252,0.508781875102097,0.3076342450748289,0.06382911109861833,0.44138751470804427,0.08578491251635405,0.0,0.11484414419528026,6.91404933060639,6.91404933060639,0.0,8.626580174757249e-17,2.797157557069881e-16,0.28242233908526365,0.28242233908526365,0.40835579514824794,63.2,5.6,2.900000000000004,2.3999999999999986,0.0,71.5,2.6000000000000014,0.0,0.0,0.0,True,True,False
299,3155458668,3892778345,4,gaussian_plus_combined_faults,CombinedErrorSensor,0.65,0.2,0.1,0.05,True,True,False,False,false_completion,0.351734610050842,72.5,14.8707988067857,14.399902630083695,0.3815299720609297,0.5364279358720709,0.3848932828782818,0.2994323959812837,0.5263193245848776,0.3112442769090946,0.06360334920642864,0.39996240961413754,0.08585995653172696,0.0,0.17400229671930267,6.27088444247962,6.270884442479621,0.0,7.904653885343794e-17,3.1031676915590914e-16,0.3561154916022521,0.35611549160225214,0.40633608815427,67.1,5.099999999999998,0.0,0.3000000000000007,0.0,72.5,0.0,0.0,0.0,0.0,True,False,False
300,261694751,3306138721,4,gaussian_plus_combined_faults,CombinedErrorSensor,0.65,0.2,0.1,0.05,True,True,False,False,false_completion,0.3681617863051791,71.60000000000001,14.118574691935915,13.702308471173717,0.37855630731689965,0.7071067811865476,0.38352444886041054,0.32210118715539754,0.4520582576745718,0.32898783495063444,0.06784920522861447,0.7071067811865476,0.09325553170483843,0.307693451981077,0.05,6.42585687641013,6.42585687641013,0.0,8.305240827014107e-17,2.8066088919804617e-16,0.3535533905932738,0.3535533905932738,0.4211994421199442,60.900000000000006,10.7,0.0,0.0,0.0,70.80000000000001,0.7999999999999972,0.0,0.0,0.0,False,False,False
301,3070443799,2229780676,4,gaussian_plus_combined_faults,CombinedErrorSensor,0.65,0.2,0.1,0.05,False,False,False,False,planning_failure,nan,nan,nan,nan,nan,nan,nan,nan,nan,nan,nan,nan,nan,nan,nan,nan,nan,nan,nan,nan,nan,nan,nan,,,,,,,,,,,,,
302,4014468795,3330966323,4,gaussian_plus_combined_faults,CombinedErrorSensor,0.65,0.2,0.1,0.05,True,True,False,False,false_completion,0.48871062843334107,76.5,14.715285231368817,14.232794534966603,0.383701437817693,0.5778302590332157,0.3871026046465353,0.31851207647406193,0.48735651904350774,0.3334243391376747,0.05488427062437947,0.5764128614147137,0.08345139983168384,0.08060059221107174,0.11883128169442969,6.616915901568678,6.616915901568678,0.0,8.245221191950543e-17,2.7336071744532853e-16,0.3291262411035827,0.32912624110358285,0.4268929503916449,68.5,7.999999999999999,0.0,0.0,0.0,71.8,4.700000000000001,0.0,0.0,0.0,False,False,False
303,2297809352,309975942,4,gaussian_plus_combined_faults,CombinedErrorSensor,0.65,0.2,0.1,0.05,True,True,False,False,false_completion,0.3483890331354451,65.60000000000001,13.577430903896524,13.1278796462491,0.38626763354635296,0.5621066052350134,0.3906617983606666,0.33780350783680324,0.46426773450810493,0.34797711374805257,0.07507177103526823,0.5609284398369304,0.09750901115052546,0.0,0.027032897560111513,6.311929520640456,6.311929520640456,0.0,9.012405752330351e-17,2.897767167584095e-16,0.3875943499913653,0.3875943499913653,0.36986301369863017,59.800000000000004,3.1000000000000014,0.0,2.700000000000003,0.0,65.60000000000001,0.0,0.0,0.0,0.0,True,False,False
304,1395041433,176894916,4,gaussian_plus_combined_faults,CombinedErrorSensor,0.65,0.2,0.1,0.05,True,True,True,False,safety_violation,0.24196872707827538,73.10000000000001,15.031367236808567,14.483748987745242,0.38663672992725756,0.5729565256184455,0.3919666644667453,0.30501729362905217,0.49295179917456894,0.32133914826692783,0.06826256472913753,0.4598259962118553,0.08816378415150085,0.0,0.08788249570919149,6.478188846466694,6.478188846466695,0.0,8.658892135804324e-17,2.897767167584095e-16,0.25574720342613994,0.25574720342614,0.389344262295082,67.7,2.599999999999998,0.0,2.799999999999997,0.0,71.60000000000001,1.5,0.0,0.0,0.0,True,False,False
305,3864368792,234163914,4,gaussian_plus_combined_faults,CombinedErrorSensor,0.65,0.2,0.1,0.05,True,True,True,False,safety_violation,0.2970718524722894,75.9,15.644154000971053,15.059390255015968,0.3772323842805961,0.5608487415515426,0.38216219105300847,0.2842077862290846,0.4486469100986406,0.30096931775096464,0.06636505112986205,0.4664446328955788,0.09084618383377085,0.0,0.08405088270615689,6.799797513400408,6.799797513400408,0.0,8.094299066863385e-17,3.056265732929336e-16,0.23592127204499527,0.2359212720449953,0.37631578947368416,65.50000000000001,9.099999999999994,0.0,1.2999999999999972,0.0,68.89999999999999,7.0000000000000036,0.0,0.0,0.0,True,False,False
306,3165692786,152022987,4,gaussian_plus_combined_faults,CombinedErrorSensor,0.65,0.2,0.1,0.05,True,True,False,False,false_completion,0.39757277406349123,70.10000000000001,14.851403784640826,14.275432048288213,0.3868566907150519,0.5389233839152817,0.3905107630239555,0.33261466503587855,0.4711123998866292,0.343951279301256,0.07107106377265353,0.4430587477083049,0.09894056000340547,0.0,0.1132405908401019,6.85404911556315,6.85404911556315,0.0,8.425332470578557e-17,2.7755575615628914e-16,0.3071542831803866,0.3071542831803868,0.4487179487179487,60.1,0.8000000000000007,4.600000000000001,4.600000000000001,0.0,70.10000000000001,0.0,0.0,0.0,0.0,True,True,False
307,2518834372,2627015822,4,gaussian_plus_combined_faults,CombinedErrorSensor,0.65,0.2,0.1,0.05,True,True,False,False,false_completion,0.31835197459730635,88.30000000000001,18.224539025239473,17.351755391459918,0.37334055202111244,0.7071067811865476,0.37824785953401685,0.25012399937101887,0.49049631652947356,0.2789050706361696,0.05994303311700611,0.7071067811865476,0.08448938389608388,0.19855595863825926,0.05,8.91355258261429,8.91355258261429,0.0,8.352590539076688e-17,2.830524433501838e-16,0.3535533905932738,0.3535533905932738,0.40497737556561086,75.10000000000001,13.199999999999996,0.0,0.0,0.0,87.39999999999999,0.9000000000000128,0.0,0.0,0.0,False,False,False
308,1500926823,2702353126,4,gaussian_plus_combined_faults,CombinedErrorSensor,0.65,0.2,0.1,0.05,True,True,False,False,false_completion,0.4147883711305251,74.8,15.491097911492224,14.935301291548276,0.3854296013222482,0.5388068217135444,0.389533975138782,0.30691308800506656,0.4737600437542363,0.31791426601410616,0.06316508554923492,0.4904142738375316,0.08764220730920858,0.0,0.04554557023443064,6.778409346385887,6.778409346385887,0.0,8.39130895792365e-17,3.1031676915590914e-16,0.30087816207524987,0.3008781620752498,0.40987983978638187,62.20000000000001,9.899999999999999,0.0,2.6999999999999886,0.0,74.2,0.5999999999999943,0.0,0.0,0.0,True,False,False
309,1478697371,1836739835,4,gaussian_plus_combined_faults,CombinedErrorSensor,0.65,0.2,0.1,0.05,True,True,False,False,false_completion,0.3257746146113011,67.8,13.317426071281343,13.060211431863303,0.3832200065122052,0.7071067811865476,0.38698890207357906,0.35180667644560926,0.5030522247667333,0.3612151053926516,0.06606389794160081,0.7071067811865476,0.09365837750465233,0.0,0.05,5.72324597793767,5.72324597793767,0.0,8.396680331632657e-17,1.962615573354719e-16,0.3535533905932738,0.3535533905932738,0.43151693667157587,59.199999999999996,6.800000000000001,1.7999999999999972,0.0,0.0,67.8,0.0,0.0,0.0,0.0,False,True,False
310,1997022228,3702656684,4,gaussian_plus_combined_faults,CombinedErrorSensor,0.65,0.2,0.1,0.05,False,False,False,False,planning_failure,nan,nan,nan,nan,nan,nan,nan,nan,nan,nan,nan,nan,nan,nan,nan,nan,nan,nan,nan,nan,nan,nan,nan,,,,,,,,,,,,,
311,8808251,2699201123,4,gaussian_plus_combined_faults,CombinedErrorSensor,0.65,0.2,0.1,0.05,True,True,False,False,false_completion,0.4462837475615935,72.7,14.98684271101051,14.4364239705302,0.37525602281361486,0.7071067811865476,0.3801432154152755,0.29843330317564254,0.4584509235914219,0.31122387909678983,0.06815191631071947,0.7071067811865476,0.09716961761401022,0.0,0.05,7.015317273221061,7.015317273221061,0.0,8.683626116100216e-17,2.852763173004607e-16,0.3535533905932738,0.3535533905932738,0.39148351648351654,59.6,7.599999999999998,3.4,2.1000000000000014,0.0,68.39999999999999,4.300000000000008,0.0,0.0,0.0,True,True,False
312,2510452995,877120150,4,gaussian_plus_combined_faults,CombinedErrorSensor,0.65,0.2,0.1,0.05,True,True,True,False,safety_violation,0.22911675041664933,70.3,14.032282779750185,13.41165034222107,0.386074876036745,0.5560626560846968,0.3902805499795882,0.3370922630619565,0.5207671254925634,0.3488486685772979,0.06888031341579205,0.38481041351734785,0.09046403654857205,0.0,0.0879097891720042,6.044773714779273,6.044773714779274,0.0,8.186418846204171e-17,1.7772239894833365e-16,0.24229794929554896,0.2422979492955489,0.4133522727272727,63.099999999999994,5.899999999999999,0.0,1.3000000000000007,0.0,68.6,1.6999999999999957,0.0,0.0,0.0,True,False,False
313,3662182205,3029917006,4,gaussian_plus_combined_faults,CombinedErrorSensor,0.65,0.2,0.1,0.05,True,True,True,False,safety_violation,0.2381827943015946,112.9,22.447461220208485,21.761132732255525,0.37143455765653716,0.7071067811865476,0.3763817432823042,0.24707638624989267,0.4345872083618062,0.27251723930867144,0.06291885962200787,0.7071067811865476,0.0865942248646224,0.0,0.05,10.250854635362058,10.250854635362057,0.0,8.197756513357871e-17,2.7894008272968645e-16,0.3535533905932738,0.3535533905932738,0.4132743362831859,86.8,15.300000000000004,10.800000000000004,0.0,0.0,108.5,4.399999999999999,0.0,0.0,0.0,False,True,False
314,2529132381,1521881222,4,gaussian_plus_combined_faults,CombinedErrorSensor,0.65,0.2,0.1,0.05,True,True,False,False,false_completion,0.3393273357390497,74.9,15.98839376974809,15.34700025264416,0.3826514743167236,0.5629332228864806,0.38841076186174184,0.29242479224977885,0.49117117571084784,0.30520546941538695,0.0734327743346146,0.3936893943694022,0.09681972990014444,0.0,0.06846445745023733,7.331019951081586,7.331019951081588,0.0,8.883464624583554e-17,2.8609792490763985e-16,0.3390968318444472,0.3390968318444472,0.3666666666666667,67.0,5.300000000000001,1.2000000000000028,1.3999999999999995,0.0,73.7,1.1999999999999993,0.0,0.0,0.0,True,True,False
315,4244911519,1257395889,4,gaussian_plus_combined_faults,CombinedErrorSensor,0.65,0.2,0.1,0.05,True,True,False,False,false_completion,0.35098611620152564,61.2,13.136156667581258,12.788225099390857,0.377284757183671,0.5023759741837387,0.38068051319629537,0.3471306744908127,0.460431219014371,0.3534440616817625,0.06274778047005083,0.40120737361690556,0.08644219382167681,0.0,0.1584146068115463,5.445487445643783,5.445487445643784,0.0,9.339641938983431e-17,2.592584715281538e-16,0.27837879455226217,0.27837879455226217,0.3947797716150081,57.00000000000001,2.3999999999999986,0.0,1.7999999999999972,0.0,61.2,0.0,0.0,0.0,0.0,True,False,False
316,1076928853,2642541720,4,gaussian_plus_combined_faults,CombinedErrorSensor,0.65,0.2,0.1,0.05,True,True,False,False,false_completion,0.37687642773433877,76.3,14.46678699701369,14.026142827622786,0.37814737755243366,0.7071067811865476,0.3836894318325414,0.30616956330365913,0.5550069028585851,0.31958096496469507,0.07330726039769446,0.7071067811865476,0.10374926118060875,0.0,0.0,7.0786257836448,7.0786257836448,0.0,7.722210819341235e-17,2.830524433501838e-16,0.3535533905932738,0.3535533905932738,0.4096858638743456,63.6,12.299999999999997,0.3999999999999986,0.0,0.0,70.1,6.199999999999996,0.0,0.0,0.0,False,True,False
317,3900580241,3253598588,4,gaussian_plus_combined_faults,CombinedErrorSensor,0.65,0.2,0.1,0.05,True,True,False,False,false_completion,0.33842534787774525,76.5,16.36902691091045,15.911335371557154,0.37455363493393967,0.7071067811865476,0.37956202321037696,0.25404917522453113,0.46104441083767433,0.27822046307937526,0.07155457029437196,0.7071067811865476,0.09781013152428691,0.0,0.05,6.873247847652694,6.873247847652695,0.0,8.246569643499247e-17,3.1031676915590914e-16,0.3589915486465475,0.3589915486465475,0.35509138381201044,74.39999999999999,1.5000000000000009,0.6000000000000014,0.0,0.0,76.5,0.0,0.0,0.0,0.0,False,True,False
318,1443759745,4221436515,4,gaussian_plus_combined_faults,CombinedErrorSensor,0.65,0.2,0.1,0.05,True,True,False,False,false_completion,0.41025259510337453,67.10000000000001,14.235149502957164,13.93245381933185,0.3842666509271765,0.7071067811865476,0.38828455007731016,0.3116176604437517,0.4668440369752177,0.32050609346883846,0.06019402213708207,0.7071067811865476,0.08979951137790536,0.0,0.05,6.319438654085169,6.31943865408517,0.0,8.924152157430196e-17,2.5133742693021536e-16,0.3535533905932738,0.3535533905932738,0.3973214285714286,62.300000000000004,1.6000000000000014,3.200000000000003,0.0,0.0,67.10000000000001,0.0,0.0,0.0,0.0,False,True,False
319,4114846692,1948432374,4,gaussian_plus_combined_faults,CombinedErrorSensor,0.65,0.2,0.1,0.05,True,True,False,False,false_completion,0.3768054143707908,76.2,14.717727307727074,14.346716381730992,0.37351788217342086,0.5298647576370649,0.3776214612445859,0.3000515322249659,0.46430832103155006,0.30928574212114324,0.0584892495606772,0.42821296338812087,0.08238831339520795,0.0,0.06728797862583935,6.65154553301558,6.65154553301558,0.0,7.869121244054207e-17,2.830524433501838e-16,0.2842920697310263,0.2842920697310262,0.382699868938401,60.7,10.2,2.6999999999999957,2.6000000000000014,0.0,69.6,6.599999999999996,0.0,0.0,0.0,True,True,False
320,1401556152,1596559168,4,gaussian_plus_combined_faults,CombinedErrorSensor,0.65,0.2,0.1,0.05,True,True,False,False,false_completion,0.33728681557739815,73.10000000000001,14.19299262420509,13.790041801160825,0.3806796517116367,0.5612926167144456,0.3846960773872849,0.32306206273941723,0.4697907179322575,0.3333551922963844,0.06246646826669285,0.4173554148627165,0.08675100823019988,0.0,0.08662535995910463,6.000166064402617,6.000166064402616,0.0,8.23412007824727e-17,1.962615573354719e-16,0.2587415980123951,0.25874159801239505,0.4112021857923497,51.40000000000001,18.899999999999995,2.8000000000000007,0.0,0.0,65.3,7.800000000000004,0.0,0.0,0.0,False,True,False
321,3842624667,3668822796,4,gaussian_plus_combined_faults,CombinedErrorSensor,0.65,0.2,0.1,0.05,True,True,True,False,safety_violation,0.294005318752184,70.10000000000001,13.760102775213909,13.340850322382234,0.38228750356577346,0.5314606419873228,0.3860737941916386,0.3181702839928051,0.4564274208815993,0.3259988518527087,0.06899027517901853,0.3821231732435309,0.0941057697405036,0.0,0.013132905155153196,6.391289104159487,6.391289104159487,0.0,8.607398280392514e-17,2.7894008272968645e-16,0.3894391994443578,0.3894391994443578,0.4031339031339032,62.10000000000001,4.699999999999996,3.3000000000000025,0.0,0.0,70.10000000000001,0.0,0.0,0.0,0.0,False,True,False
322,1983609201,1852087215,4,gaussian_plus_combined_faults,CombinedErrorSensor,0.65,0.2,0.1,0.05,True,True,False,False,false_completion,0.3224932763726515,80.30000000000001,15.972467497680466,15.621270726346342,0.38293144592709394,0.5509772356717721,0.38828409700216227,0.27663749106374,0.4142622749930956,0.28521684636764594,0.06163655726626581,0.44466663253541644,0.0849613447884469,0.0,0.0838918901429676,6.983703461852495,6.983703461852495,0.0,8.059313457991691e-17,2.779024842816778e-16,0.27418519026046684,0.27418519026046684,0.42164179104477617,59.80000000000002,14.699999999999989,0.0,5.800000000000001,0.0,78.60000000000001,1.6999999999999993,0.0,0.0,0.0,True,False,False
323,1265791630,93762455,4,gaussian_plus_combined_faults,CombinedErrorSensor,0.65,0.2,0.1,0.05,True,True,False,False,false_completion,0.3449905489435281,67.10000000000001,13.589496313806215,13.141130638151479,0.3903007800575728,0.5171372029364579,0.3936591331431297,0.3483168145065763,0.46401629649872617,0.3566352448920549,0.06034389811294823,0.5170201950877188,0.08890949423853557,0.2110980894697434,0.11291606946580343,5.531441957909412,5.531441957909412,0.0,8.262391218925382e-17,2.1138016631127878e-16,0.3238690421541592,0.3238690421541592,0.4330357142857143,56.800000000000004,10.299999999999999,0.0,0.0,0.0,67.10000000000001,0.0,0.0,0.0,0.0,False,False,False
324,3546151447,4049281049,4,gaussian_plus_combined_faults,CombinedErrorSensor,0.65,0.2,0.1,0.05,True,True,False,False,false_completion,0.4312607338139291,73.60000000000001,15.339371142609938,14.761812379607653,0.37888294082883495,0.7071067811865476,0.3835239823947791,0.2964252442542542,0.41400502654977067,0.30652828796770204,0.06541522511099564,0.7071067811865476,0.09470748724063525,0.0,0.03399633895961407,6.835879759099506,6.835879759099506,0.0,8.59777570085821e-17,2.7894008272968645e-16,0.3535533905932738,0.3535533905932738,0.3799185888738128,66.3,3.5,3.799999999999999,0.0,0.0,70.7,2.9000000000000092,0.0,0.0,0.0,False,True,False
325,525814137,3539809369,4,gaussian_plus_combined_faults,CombinedErrorSensor,0.65,0.2,0.1,0.05,True,True,False,False,false_completion,0.42088964319246547,69.9,14.49782111460205,14.034746225683913,0.38521671241169675,0.7071067811865476,0.38941096059554753,0.31270942474770735,0.48618982232754787,0.32617218055262087,0.07202905568763925,0.7071067811865476,0.09614203140271747,0.0,0.05,6.3029958601442395,6.30299586014424,0.0,8.24606687997312e-17,2.8609792490763985e-16,0.3535533905932738,0.3535533905932738,0.41428571428571426,63.2,4.699999999999999,2.0,0.0,0.0,68.4,1.5,0.0,0.0,0.0,False,True,False
326,2481991110,814435279,4,gaussian_plus_combined_faults,CombinedErrorSensor,0.65,0.2,0.1,0.05,True,True,False,False,false_completion,0.48547801472868113,75.10000000000001,14.623593003789644,14.149848183508091,0.3711200810947024,0.5260306017169804,0.37545066747939787,0.30166798388992394,0.46380624150099553,0.31659215912858435,0.06853682835699361,0.5106804060331074,0.09298573076241269,0.13977393614572442,0.0,6.691667848880144,6.691667848880144,0.0,7.971341782350675e-17,2.7894008272968645e-16,0.2843039687832263,0.28430396878322634,0.39893617021276595,68.2,6.899999999999999,0.0,0.0,0.0,75.10000000000001,0.0,0.0,0.0,0.0,False,False,False
327,3166319258,2915168923,4,gaussian_plus_combined_faults,CombinedErrorSensor,0.65,0.2,0.1,0.05,True,True,False,False,false_completion,0.44432947110206916,78.0,15.59366788767058,15.31191220907801,0.3816621625766423,0.5208214303494202,0.3862712756545452,0.272269918200504,0.43123742888010447,0.28664624776326797,0.05828049882966759,0.33679331430958404,0.07623020343817258,0.13563376960937212,0.10504870508433531,7.061349142054899,7.061349142054899,0.0,8.292071273341573e-17,2.7894008272968645e-16,0.30993221677550725,0.30993221677550736,0.4161331626120358,66.49999999999999,11.500000000000002,0.0,0.0,0.0,76.3,1.6999999999999957,0.0,0.0,0.0,False,False,False
328,4202554975,263124526,4,gaussian_plus_combined_faults,CombinedErrorSensor,0.65,0.2,0.1,0.05,True,True,False,False,false_completion,0.31722437120215013,64.5,13.373702266254256,12.863788662072118,0.372507867688515,0.5354731205935411,0.37696032888866093,0.3171615918246203,0.41655335781464264,0.3240596717060285,0.06394200950220681,0.46881608352945225,0.09582671062325308,0.0,0.102259632534344,6.096360904542113,6.096360904542113,0.0,8.801704930640411e-17,2.7755575615628914e-16,0.36691872546794607,0.36691872546794596,0.4256965944272446,53.99999999999999,8.400000000000006,0.0,2.0999999999999996,0.0,62.49999999999999,2.000000000000007,0.0,0.0,0.0,True,False,False
329,1090630675,260126566,4,gaussian_plus_combined_faults,CombinedErrorSensor,0.65,0.2,0.1,0.05,True,True,False,False,false_completion,0.43374088132382715,69.60000000000001,15.064033399114136,14.475333142166521,0.3777216880520528,0.5689996549154066,0.38268612908232963,0.29485527599209643,0.5180699726234803,0.3119719939103833,0.072755440771046,0.41404668221278157,0.09715946620844058,0.0,0.12528678575881003,6.93061141366111,6.93061141366111,0.0,8.498498084556598e-17,2.779024842816778e-16,0.47211012840625577,0.47211012840625577,0.42180774748923955,51.70000000000001,16.999999999999996,0.8999999999999986,0.0,0.0,63.400000000000006,6.199999999999999,0.0,0.0,0.0,False,True,False
330,805194769,1062113203,4,gaussian_plus_combined_faults,CombinedErrorSensor,0.65,0.2,0.1,0.05,True,True,True,False,safety_violation,0.23589808950475272,67.60000000000001,14.214827072082286,13.809130052501285,0.37759061435320024,0.7071067811865476,0.38140284247547673,0.29391693263783236,0.41360279193890986,0.3043465317053199,0.0631720618273166,0.7071067811865476,0.08828784041627342,0.0,0.05,6.32884720981442,6.32884720981442,0.0,8.579903325147719e-17,2.7894008272968645e-16,0.3851497588212925,0.3851497588212925,0.41211225997045786,57.800000000000004,7.900000000000002,1.8999999999999986,0.0,0.0,67.60000000000001,0.0,0.0,0.0,0.0,False,True,False
331,151607691,3837345201,4,gaussian_plus_combined_faults,CombinedErrorSensor,0.65,0.2,0.1,0.05,True,True,True,False,safety_violation,0.25635818223291845,70.60000000000001,15.210160349506825,14.87587599377176,0.3910634109252788,0.7071067811865476,0.3959680445231204,0.2999062483941349,0.4286219123677991,0.31007894329835445,0.061683062840716577,0.7071067811865476,0.08894038448822307,0.0,0.05,6.548163782492386,6.548163782492386,0.0,8.47714751810314e-17,2.779024842816778e-16,0.3535533905932738,0.3535533905932738,0.3804809052333805,59.1,10.800000000000004,0.6999999999999993,0.0,0.0,68.7,1.9000000000000057,0.0,0.0,0.0,False,True,False
332,2177655872,698235934,4,gaussian_plus_combined_faults,CombinedErrorSensor,0.65,0.2,0.1,0.05,True,True,False,False,false_completion,0.4077196611451581,71.0,13.711197156860628,13.383041199417702,0.3901002068399585,0.5504622756352838,0.3945520833627245,0.3458323416810597,0.5317012353630103,0.35337388077404425,0.06906312657593046,0.4025135765955831,0.0925116404698119,0.001737223474038263,0.1510204675239681,6.379259397872083,6.379259397872083,0.0,8.12471420319788e-17,2.779024842816778e-16,0.33930008426326763,0.3393000842632677,0.4120956399437412,65.10000000000001,5.8999999999999915,0.0,0.0,0.0,69.7,1.2999999999999972,0.0,0.0,0.0,False,False,False
333,897873287,471136995,4,gaussian_plus_combined_faults,CombinedErrorSensor,0.65,0.2,0.1,0.05,True,True,False,False,false_completion,0.336437969206146,77.80000000000001,15.944242895975286,15.613304599612405,0.38290125097752203,0.7071067811865476,0.3878533371696678,0.2890332493638368,0.430193022229492,0.2978535178872388,0.05698585487454875,0.7071067811865476,0.09038760352427917,0.1186917261793301,0.05,7.123521007586694,7.123521007586694,0.0,8.774171754630342e-17,2.7894008272968645e-16,0.3535533905932738,0.3535533905932738,0.39152759948652116,60.000000000000014,17.799999999999994,0.0,0.0,0.0,67.30000000000001,10.499999999999995,0.0,0.0,0.0,False,False,False
334,763514114,294386062,4,gaussian_plus_combined_faults,CombinedErrorSensor,0.65,0.2,0.1,0.05,True,True,True,False,safety_violation,0.2823185834676658,74.4,15.184228075357424,15.057374117111793,0.380359869386685,0.7071067811865476,0.38447420433995627,0.2977889682001378,0.45934835607967106,0.3087600382495263,0.06116614097453108,0.7071067811865476,0.08764788722033913,0.0,0.03853874711370686,6.901810199875792,6.901810199875792,0.0,8.309194492713677e-17,2.830524433501838e-16,0.3535533905932738,0.3535533905932738,0.38657718120805373,61.900000000000006,3.9000000000000004,2.799999999999997,5.799999999999997,0.0,74.4,0.0,0.0,0.0,0.0,True,True,False
335,4175213812,861520140,4,gaussian_plus_combined_faults,CombinedErrorSensor,0.65,0.2,0.1,0.05,False,False,False,False,planning_failure,nan,nan,nan,nan,nan,nan,nan,nan,nan,nan,nan,nan,nan,nan,nan,nan,nan,nan,nan,nan,nan,nan,nan,,,,,,,,,,,,,
336,2954388502,1276276491,4,gaussian_plus_combined_faults,CombinedErrorSensor,0.65,0.2,0.1,0.05,True,True,False,False,false_completion,0.527732346338263,88.9,18.268697858594976,17.80409331665242,0.37689866724239746,0.7071067811865476,0.38259781568728435,0.24757545282226429,0.4346050847434755,0.26721610605783386,0.06257733552555693,0.7071067811865476,0.08920378703896902,0.0,0.05,8.111351303058436,8.111351303058436,0.0,8.43660184497139e-17,2.8066088919804617e-16,0.3535533905932738,0.3535533905932738,0.3887640449438202,76.5,10.599999999999994,1.8000000000000007,0.0,0.0,80.7,8.200000000000001,0.0,0.0,0.0,False,True,False
337,2235943386,2895981783,4,gaussian_plus_combined_faults,CombinedErrorSensor,0.65,0.2,0.1,0.05,False,False,False,False,planning_failure,nan,nan,nan,nan,nan,nan,nan,nan,nan,nan,nan,nan,nan,nan,nan,nan,nan,nan,nan,nan,nan,nan,nan,,,,,,,,,,,,,
338,3470333287,392077091,4,gaussian_plus_combined_faults,CombinedErrorSensor,0.65,0.2,0.1,0.05,True,True,False,False,false_completion,0.3022496454686741,73.7,14.443037025701658,14.041400181333694,0.38249366281178565,0.568794203546584,0.3866437774706738,0.3222959161677576,0.4507199898082029,0.3298838657785504,0.05889321912784258,0.4515971042256949,0.08574013030001493,0.0,0.02631784021542327,6.301196665613114,6.301196665613116,0.0,8.071479240441228e-17,2.7894008272968645e-16,0.28174317234367197,0.28174317234367197,0.3943089430894309,53.9,13.7,4.100000000000001,2.0,0.0,69.9,3.7999999999999865,0.0,0.0,0.0,True,True,False
339,229694451,761326547,4,gaussian_plus_combined_faults,CombinedErrorSensor,0.65,0.2,0.1,0.05,True,True,True,False,safety_violation,0.20882392082914494,66.4,13.866068875608637,13.31870909780476,0.3793640619114745,0.5490100589546935,0.3830178359091667,0.34276685973781507,0.5170196853038236,0.3541088040011228,0.06446511572684271,0.4616074250371958,0.09092611196936735,0.0,0.15129981159642836,5.7094773205571645,5.7094773205571645,0.0,9.058761844014666e-17,2.830524433501838e-16,0.41832258909149267,0.41832258909149267,0.3894736842105263,60.9,5.3999999999999995,0.10000000000000142,0.0,0.0,66.1,0.3000000000000007,0.0,0.0,0.0,False,True,False
340,3389984200,584043030,4,gaussian_plus_combined_faults,CombinedErrorSensor,0.65,0.2,0.1,0.05,True,True,True,False,safety_violation,0.29023746635480124,63.0,13.542953720080655,13.15677407279861,0.38223860914914354,0.541173219989768,0.3860764671617892,0.32310219981647115,0.46475322857220147,0.3320509056541875,0.06684162081833318,0.5119028239811383,0.0939110916202091,0.0,0.09560404155755255,5.596512485223959,5.59651248522396,0.0,8.791867750353763e-17,2.8066088919804617e-16,0.3994529611799882,0.3994529611799882,0.410459587955626,58.0,2.4000000000000004,0.7999999999999972,1.7999999999999972,0.0,63.0,0.0,0.0,0.0,0.0,True,True,False
341,2259846060,1430329713,4,gaussian_plus_combined_faults,CombinedErrorSensor,0.65,0.2,0.1,0.05,True,True,False,False,false_completion,0.3345101380380346,71.8,14.073111796271421,13.346462964303276,0.3822827183299614,0.7071067811865476,0.3875007557030661,0.33081697989431885,0.5198113185211315,0.341766305000978,0.07331662390193806,0.7071067811865476,0.10445102641431075,0.18994489420784433,0.05,6.491256421348863,6.491256421348863,0.0,7.891902743625044e-17,1.7772239894833365e-16,0.3535533905932738,0.3535533905932738,0.3852573018080667,62.599999999999994,9.200000000000003,0.0,0.0,0.0,71.3,0.5,0.0,0.0,0.0,False,False,False
342,1100808599,3351678227,4,gaussian_plus_combined_faults,CombinedErrorSensor,0.65,0.2,0.1,0.05,True,True,False,False,false_completion,0.48413621649569705,85.0,17.032486111224788,16.62388861576076,0.37832556611128326,0.7071067811865476,0.383689649284166,0.2701692381914933,0.4482981314910595,0.2912345454686234,0.06796487647688218,0.7071067811865476,0.09342751423743925,0.0,0.05,7.48944953218041,7.48944953218041,0.0,7.827252341652147e-17,2.7894008272968645e-16,0.3535533905932738,0.3535533905932738,0.3913043478260869,57.10000000000001,24.7,0.0,3.1999999999999886,0.0,74.3,10.7,0.0,0.0,0.0,True,False,False
343,2810020882,1743223712,4,gaussian_plus_combined_faults,CombinedErrorSensor,0.65,0.2,0.1,0.05,True,True,False,False,false_completion,0.48950330203942555,83.4,16.277500589065625,16.174575775491977,0.38393961846504476,0.5813059945617753,0.38872793458384713,0.28125627462073644,0.45094165401574204,0.29857039044329703,0.06873543745131662,0.47180058665006314,0.09182765093030763,0.0,0.011946021124363604,7.841233233787941,7.841233233787941,0.0,8.35797378605979e-17,3.053901726594225e-16,0.33332682843486344,0.33332682843486355,0.4119760479041916,68.7,12.2,2.5,0.0,0.0,81.89999999999999,1.5000000000000053,0.0,0.0,0.0,False,True,False
344,1838110112,3276323680,4,gaussian_plus_combined_faults,CombinedErrorSensor,0.65,0.2,0.1,0.05,True,True,False,False,false_completion,0.4371230926210128,67.10000000000001,13.68569363694191,13.193658866183553,0.38918571069203317,0.6202718469013866,0.3934278494729993,0.342432798350585,0.5586051744987199,0.35253178047140693,0.06783850813613607,0.43517542122793446,0.09282281217332061,0.17150554604132928,0.0468571254140706,6.022919270157212,6.022919270157212,0.0,8.37826751318542e-17,2.779024842816778e-16,0.25781837096772486,0.25781837096772486,0.4151785714285714,66.2,0.9000000000000004,0.0,0.0,0.0,67.10000000000001,0.0,0.0,0.0,0.0,False,False,False
345,731381694,614159404,4,gaussian_plus_combined_faults,CombinedErrorSensor,0.65,0.2,0.1,0.05,True,True,False,False,false_completion,0.43913440750629124,67.4,13.567667217750758,13.62283600082931,0.37053549707330014,0.6024693824639151,0.37362452622689546,0.3039510115291926,0.43056013555434364,0.31113660283637773,0.05291436738290739,0.5620854880121545,0.0765212331311374,0.0,0.10512977622400535,5.5466951957682475,5.5466951957682475,0.0,8.401902853137698e-17,2.7894008272968645e-16,0.31154300933969525,0.31154300933969525,0.4355555555555556,61.100000000000016,2.8999999999999915,3.3999999999999986,0.0,0.0,67.4,0.0,0.0,0.0,0.0,False,True,False
346,1019929013,2368979340,4,gaussian_plus_combined_faults,CombinedErrorSensor,0.65,0.2,0.1,0.05,True,True,False,False,false_completion,0.35659970011812153,68.8,13.957410086346048,13.435383632256142,0.39304105638255843,0.7071067811865476,0.3973010254639222,0.34013699888939686,0.49042971156810383,0.35224998568857396,0.07508686761146678,0.7071067811865476,0.11188621098452442,0.0,0.05,6.433341773318935,6.433341773318935,0.0,8.540598947807812e-17,1.962615573354719e-16,0.3535533905932738,0.3535533905932738,0.4368650217706821,59.199999999999996,4.999999999999999,2.0,2.6000000000000014,0.0,63.99999999999999,4.8,0.0,0.0,0.0,True,True,False
347,1630963745,1016495745,4,gaussian_plus_combined_faults,CombinedErrorSensor,0.65,0.2,0.1,0.05,True,True,False,False,false_completion,0.33625934676488467,80.2,16.308114158247346,15.870771945389821,0.36566116513860436,0.572236956780811,0.37100596490111304,0.2767644611119162,0.4656576535168125,0.2955181028966453,0.062170763485472465,0.37367535345235453,0.08808825050201312,0.14887870489924063,0.14439528670159585,7.624628410025284,7.624628410025285,0.0,8.278460259269632e-17,2.897767167584095e-16,0.36472384618121945,0.3647238461812195,0.41843088418430885,59.599999999999994,20.600000000000005,0.0,0.0,0.0,75.6,4.6000000000000085,0.0,0.0,0.0,False,False,False
348,1598967659,144808118,4,gaussian_plus_combined_faults,CombinedErrorSensor,0.65,0.2,0.1,0.05,True,True,False,False,false_completion,0.3469598192420812,85.0,16.31093715085362,15.646986503234167,0.37048339564123234,0.5332636324446819,0.3758035616882968,0.2564845971577464,0.4350253473209641,0.26815469055499924,0.0677568544753266,0.4636623006664924,0.09445925335945729,0.0,0.011126150721871397,7.630663924607091,7.630663924607091,0.0,7.814577616946353e-17,2.776424787817943e-16,0.30775104126736935,0.30775104126736935,0.40423031727379555,66.09999999999998,17.600000000000012,0.0,1.3000000000000043,0.0,83.39999999999999,1.6000000000000156,0.0,0.0,0.0,True,False,False
349,2574130385,485301375,4,gaussian_plus_combined_faults,CombinedErrorSensor,0.65,0.2,0.1,0.05,True,True,False,False,false_completion,0.35801136810309503,72.8,14.55890226723933,14.290965124817335,0.38571253412495066,0.7071067811865476,0.38978381323036587,0.32018369191104895,0.47650598015813717,0.3369549098866464,0.06074643880213676,0.7071067811865476,0.08054198311794988,0.0,0.031239248244138512,6.558445805463924,6.558445805463924,0.0,8.271024180599986e-17,2.498965354837e-16,0.3640699834954748,0.3640699834954748,0.3758573388203018,60.9,7.199999999999996,0.7999999999999972,3.9000000000000004,0.0,69.2,3.5999999999999943,0.0,0.0,0.0,True,True,False
350,2436862538,653863678,4,gaussian_plus_combined_faults,CombinedErrorSensor,0.65,0.2,0.1,0.05,True,True,False,False,false_completion,0.3564656497220424,67.8,13.521405307577531,13.21251754433663,0.3850948067872476,0.7071067811865476,0.3893548989404445,0.33071203133639043,0.4401927573120465,0.33849119096422065,0.068451704777914,0.7071067811865476,0.09706210329022098,0.0,0.05,6.642967787848563,6.642967787848563,0.0,8.400852448829309e-17,2.7894008272968645e-16,0.3535533905932738,0.3535533905932738,0.4226804123711341,60.199999999999996,5.600000000000001,2.0,0.0,0.0,67.8,0.0,0.0,0.0,0.0,False,True,False
351,3095716540,1916771770,4,gaussian_plus_combined_faults,CombinedErrorSensor,0.65,0.2,0.1,0.05,False,False,False,False,planning_failure,nan,nan,nan,nan,nan,nan,nan,nan,nan,nan,nan,nan,nan,nan,nan,nan,nan,nan,nan,nan,nan,nan,nan,,,,,,,,,,,,,
352,2576106544,2838034749,4,gaussian_plus_combined_faults,CombinedErrorSensor,0.65,0.2,0.1,0.05,True,True,False,False,false_completion,0.4483928911154875,70.7,14.441292463067088,13.910468644071596,0.3741185009198256,0.5444973851802296,0.37859168614854055,0.327725664135121,0.47856825542494535,0.3363674847634103,0.0709255297176879,0.3938119519589705,0.09404135258603541,0.0,0.08264354716762945,6.570831583812137,6.570831583812137,0.0,8.319846761997895e-17,2.7755575615628914e-16,0.23890240224532905,0.23890240224532902,0.39406779661016944,65.6,0.0,4.200000000000003,0.9000000000000004,0.0,70.7,0.0,0.0,0.0,0.0,True,True,False
353,1685133821,2163483778,4,gaussian_plus_combined_faults,CombinedErrorSensor,0.65,0.2,0.1,0.05,True,True,False,False,false_completion,0.4799405941473133,89.10000000000001,16.801600918295797,16.528410811413558,0.3740328405992563,0.7071067811865476,0.378396170992745,0.26195424142331875,0.4474815086962664,0.28146436196234936,0.055390248314552505,0.7071067811865476,0.08206343466414594,0.0,0.05,8.34265354227761,8.342653542277612,0.0,8.003574510871122e-17,2.8066088919804617e-16,0.3535533905932738,0.3535533905932738,0.3677130044843049,73.5,6.6000000000000005,6.5,2.500000000000007,0.0,85.5,3.5999999999999996,0.0,0.0,0.0,True,True,False
354,377070815,2836130717,4,gaussian_plus_combined_faults,CombinedErrorSensor,0.65,0.2,0.1,0.05,True,True,False,False,false_completion,0.3139023648340395,79.9,15.506622975482834,14.962479512397877,0.37344951629337314,0.7071067811865476,0.3790030269268276,0.2958632664958482,0.45730384101495763,0.30680746779774104,0.07158379366918893,0.7071067811865476,0.10582451639389007,0.0,0.05,7.296509982708606,7.296509982708606,0.0,8.072962955361199e-17,2.7894008272968645e-16,0.3535533905932738,0.3535533905932738,0.40249999999999997,61.199999999999996,10.599999999999998,6.1000000000000085,2.0,0.0,75.0,4.899999999999999,0.0,0.0,0.0,True,True,False
355,1676031673,2356379600,4,gaussian_plus_combined_faults,CombinedErrorSensor,0.65,0.2,0.1,0.05,True,True,False,False,false_completion,0.37974933220949086,101.60000000000001,20.004598155185718,19.38656758760893,0.37216927076460016,0.7071067811865476,0.37686872251280057,0.2347460589202758,0.43854710802858893,0.2644134497900061,0.0637377180112847,0.7071067811865476,0.08909774229590336,0.18985374299880717,0.05,8.982443989366246,8.982443989366246,0.0,8.203877201794911e-17,2.779024842816778e-16,0.3535533905932738,0.3535533905932738,0.41199606686332346,89.5,12.100000000000003,0.0,0.0,0.0,99.8,1.8000000000000078,0.0,0.0,0.0,False,False,False
356,1362685604,2558954947,4,gaussian_plus_combined_faults,CombinedErrorSensor,0.65,0.2,0.1,0.05,False,False,False,False,planning_failure,nan,nan,nan,nan,nan,nan,nan,nan,nan,nan,nan,nan,nan,nan,nan,nan,nan,nan,nan,nan,nan,nan,nan,,,,,,,,,,,,,
357,2583425228,2520709038,4,gaussian_plus_combined_faults,CombinedErrorSensor,0.65,0.2,0.1,0.05,True,True,False,False,false_completion,0.3702982138392721,70.3,14.90542826553492,14.284401593314099,0.38741097576800776,0.5229411106629087,0.3925119453950721,0.3083555204452386,0.4871419980026248,0.32033135786775324,0.0739852837418737,0.37128391799077953,0.09716838984584016,0.0,0.09443097144627932,6.603104843791323,6.603104843791323,0.0,9.031595487452088e-17,2.5133742693021536e-16,0.3706302758153556,0.3706302758153556,0.36505681818181823,66.39999999999999,0.0,3.899999999999995,0.0,0.0,70.3,0.0,0.0,0.0,0.0,False,True,False
358,2098428785,2023430440,4,gaussian_plus_combined_faults,CombinedErrorSensor,0.65,0.2,0.1,0.05,True,True,False,False,false_completion,0.3455635561136119,73.8,13.91499564542002,13.5649714502314,0.37806862089877774,0.543481465468181,0.3828663821609137,0.3146368465993345,0.4926402332934228,0.3245173175392878,0.06600384371839432,0.49066183013414116,0.09007988097974812,0.0,0.04965900035339876,6.9690583059780105,6.9690583059780105,0.0,8.182982382983689e-17,2.7894008272968645e-16,0.3549736172331556,0.35497361723315557,0.4127198917456022,52.89999999999999,18.0,0.0,2.9000000000000057,0.0,68.69999999999999,5.100000000000004,0.0,0.0,0.0,True,False,False
359,101576323,3201341764,4,gaussian_plus_combined_faults,CombinedErrorSensor,0.65,0.2,0.1,0.05,True,True,False,False,false_completion,0.4693978464303108,71.7,14.657384636285297,14.005046452259553,0.3760939618891313,0.7071067811865476,0.381988843868321,0.30799668876047975,0.5112951700797972,0.3216504869270421,0.08185808592871768,0.7071067811865476,0.10885434978245985,0.0,0.02604660770816638,6.958770590690821,6.958770590690821,0.0,8.47285513125153e-17,2.5589376332604516e-16,0.3535533905932738,0.3535533905932738,0.4094707520891365,66.2,2.8999999999999986,0.0,2.599999999999998,0.0,71.7,0.0,0.0,0.0,0.0,True,False,False
360,573381417,519949555,4,gaussian_plus_combined_faults,CombinedErrorSensor,0.65,0.2,0.1,0.05,True,True,False,False,false_completion,0.4763659977705638,70.0,14.194871267431953,13.734439995757963,0.38993884409571855,0.5976228202172368,0.3933651215789867,0.33360182066083266,0.4799399516015592,0.34390194711015265,0.06741797873065955,0.36844242580877307,0.08948645864374356,0.0,0.07762455021376613,6.366331883075903,6.366331883075903,0.0,8.386133880398154e-17,2.897767167584095e-16,0.2591119840469469,0.2591119840469469,0.42082738944365194,60.599999999999994,6.200000000000001,0.09999999999999964,3.1000000000000014,0.0,68.6,1.3999999999999986,0.0,0.0,0.0,True,True,False
361,1236351334,3142182448,4,gaussian_plus_combined_faults,CombinedErrorSensor,0.65,0.2,0.1,0.05,True,True,False,False,false_completion,0.40755421076502063,66.0,13.72355311506173,13.435907562728842,0.37634253493742975,0.5229054250942314,0.3802341990647071,0.31754630424568553,0.4474053201550268,0.326685460637676,0.06705013581656685,0.42461203050090124,0.09406264914436527,0.0,0.09598361502649921,6.177717292401312,6.177717292401313,0.0,8.687731284675078e-17,2.830524433501838e-16,0.2970726014606669,0.2970726014606669,0.40998487140695916,54.1,11.100000000000001,0.7999999999999972,0.0,0.0,60.599999999999994,5.400000000000002,0.0,0.0,0.0,False,True,False
362,63961417,2180460835,4,gaussian_plus_combined_faults,CombinedErrorSensor,0.65,0.2,0.1,0.05,True,True,False,False,false_completion,0.43314879696716896,78.5,16.11529205058685,15.73162180995484,0.3778999620496673,0.6108094627912387,0.3828606060519646,0.28715864693367005,0.5184461622948042,0.30698183182412825,0.06012985835693131,0.3758974465184076,0.08449646190247381,0.0,0.0,7.278361356247249,7.278361356247249,0.0,8.186784104161135e-17,2.5133742693021536e-16,0.2883410734802284,0.2883410734802284,0.37531806615776087,68.49999999999999,4.400000000000006,2.8999999999999986,2.6999999999999993,0.0,74.49999999999999,3.9000000000000057,0.0,0.09999999999999964,0.0,True,True,False
363,2327535258,2332584592,4,gaussian_plus_combined_faults,CombinedErrorSensor,0.65,0.2,0.1,0.05,True,True,False,False,false_completion,0.37835833250529016,73.8,15.187473633189143,14.9105295492367,0.38144241873003626,0.5443932665981502,0.3860842448090006,0.2931603878856821,0.5190868665824814,0.3055329956935695,0.056593152759940896,0.3464462103264512,0.07918221800537302,0.0,0.1048288888712374,6.570449027582305,6.570449027582305,0.0,8.719231756473122e-17,2.830524433501838e-16,0.28367678161090065,0.2836767816109006,0.4181326116373477,63.59999999999999,7.6000000000000085,0.0,2.6,0.0,73.6,0.20000000000000284,0.0,0.0,0.0,True,False,False
364,3304647400,2364466265,4,gaussian_plus_combined_faults,CombinedErrorSensor,0.65,0.2,0.1,0.05,True,True,False,False,false_completion,0.42991762372104575,66.0,13.485861193123636,13.045273354134526,0.38998754212441133,0.7071067811865476,0.39434639969846075,0.3281980373955618,0.48062904903076,0.33988988340025766,0.07364921190371974,0.7071067811865476,0.10956183478968841,0.0,0.04067767117588679,5.837454553254637,5.837454553254637,0.0,8.585490608898748e-17,1.962615573354719e-16,0.3535533905932738,0.3535533905932738,0.38275340393343416,47.099999999999994,17.000000000000007,0.0,1.8999999999999986,0.0,61.400000000000006,4.599999999999994,0.0,0.0,0.0,True,False,False
365,2933610517,1293969616,4,gaussian_plus_combined_faults,CombinedErrorSensor,0.65,0.2,0.1,0.05,True,True,False,False,false_completion,0.34645889211070885,71.4,13.911628055992772,13.938297120340225,0.377664486759408,0.7071067811865476,0.3824363585437943,0.3193953211762414,0.4701452349337217,0.32552821460438236,0.060950681528098495,0.7071067811865476,0.08590942199432894,0.0,0.05,6.268066862551425,6.268066862551425,0.0,8.47261157564483e-17,2.9893669801409083e-16,0.3535533905932738,0.3535533905932738,0.3902097902097902,57.7,9.799999999999992,3.9000000000000057,0.0,0.0,69.7,1.7000000000000028,0.0,0.0,0.0,False,True,False
366,2011425080,2499175835,4,gaussian_plus_combined_faults,CombinedErrorSensor,0.65,0.2,0.1,0.05,True,True,False,False,false_completion,0.4783812437060381,73.3,15.096525069416284,14.580190061396202,0.3807338780575645,0.5724287744103873,0.38622071090386545,0.3046006340174877,0.528591669510947,0.31898411309123154,0.07193274964076463,0.4501500747934391,0.09610783027445845,0.1510228958063209,0.11446237100472048,7.026189821299541,7.026189821299541,0.0,8.377167926234906e-17,2.7755575615628914e-16,0.3204612796044625,0.3204612796044625,0.41280653950953683,59.29999999999999,14.000000000000004,0.0,0.0,0.0,70.19999999999999,3.1000000000000014,0.0,0.0,0.0,False,False,False
367,3444746836,3000099893,4,gaussian_plus_combined_faults,CombinedErrorSensor,0.65,0.2,0.1,0.05,True,True,False,False,false_completion,0.4163910704496855,69.4,13.853200525231962,13.372923074520727,0.37925527529570324,0.6008412555312652,0.38463545814053673,0.32530768343271255,0.4600446910693508,0.33211301989307057,0.06623631291527014,0.5216134239460931,0.09087408396404723,0.0,0.14240215049430502,6.242021156226931,6.242021156226932,0.0,8.358339981726549e-17,2.830524433501838e-16,0.3701024941514333,0.3701024941514333,0.40287769784172667,60.70000000000001,5.899999999999995,1.3999999999999986,1.3999999999999986,0.0,67.0,2.3999999999999986,0.0,0.0,0.0,True,True,False
368,3197083060,1875886390,4,gaussian_plus_combined_faults,CombinedErrorSensor,0.65,0.2,0.1,0.05,True,True,False,False,false_completion,0.3821718470734598,63.900000000000006,13.16458611702356,12.862715495362997,0.38010557024294556,0.7071067811865476,0.3838627730883199,0.3377212116676496,0.43937643758999695,0.34591041481657614,0.06326299923379801,0.7071067811865476,0.09566281437025002,0.0,0.05,5.6766812381093334,5.6766812381093334,0.0,8.862085920127115e-17,1.962615573354719e-16,0.3535533905932738,0.3535533905932738,0.36406249999999996,56.20000000000001,6.199999999999996,1.5,0.0,0.0,63.900000000000006,0.0,0.0,0.0,0.0,False,True,False
369,1703573391,4141906095,4,gaussian_plus_combined_faults,CombinedErrorSensor,0.65,0.2,0.1,0.05,True,True,False,False,false_completion,0.3424421428226273,68.7,13.819289215434715,13.259212710213339,0.3784589934673521,0.5164557112029645,0.3821491586395331,0.3153359727647654,0.44589649248003993,0.32457535734093007,0.06617152640595299,0.41065106293245507,0.08998573997592865,0.2060639073547783,0.07129365114031007,6.427795553650597,6.427795553650597,0.0,8.725802174973939e-17,2.9893669801409083e-16,0.29891989527247015,0.2989198952724702,0.41715116279069764,55.0,13.700000000000003,0.0,0.0,0.0,61.3,7.400000000000002,0.0,0.0,0.0,False,False,False
370,4240319741,880666480,4,gaussian_plus_combined_faults,CombinedErrorSensor,0.65,0.2,0.1,0.05,False,False,False,False,planning_failure,nan,nan,nan,nan,nan,nan,nan,nan,nan,nan,nan,nan,nan,nan,nan,nan,nan,nan,nan,nan,nan,nan,nan,,,,,,,,,,,,,
371,830787861,3668575417,4,gaussian_plus_combined_faults,CombinedErrorSensor,0.65,0.2,0.1,0.05,True,True,False,False,false_completion,0.3034242188198692,77.30000000000001,15.929595553319748,15.302726317163808,0.38114997826048574,0.7071067811865476,0.386434545233292,0.2715238749322918,0.43237723731735667,0.2852622573164498,0.06747527935700937,0.7071067811865476,0.09652889707490009,0.0,0.04181249637244955,6.985574329207439,6.985574329207438,0.0,8.180197694296138e-17,3.1031676915590914e-16,0.3535533905932738,0.3535533905932738,0.4160206718346253,65.9,1.5999999999999943,7.500000000000002,2.3000000000000043,0.0,76.9,0.3999999999999986,0.0,0.0,0.0,True,True,False
372,3072657155,1241217907,4,gaussian_plus_combined_faults,CombinedErrorSensor,0.65,0.2,0.1,0.05,True,True,True,False,safety_violation,0.2789690962041694,82.2,15.907540626716461,15.391644130634628,0.37540219121111357,0.5360326337497389,0.3800445778215171,0.2859445596169242,0.4027658734136792,0.2959937498212472,0.06844456668930335,0.3938237635889886,0.09117416565813449,0.0,0.01071897474712813,7.242895107112157,7.242895107112157,0.0,8.208466823712786e-17,2.8066088919804617e-16,0.35472586718606947,0.3547258671860694,0.41190765492102066,69.69999999999999,7.400000000000002,2.8000000000000043,2.299999999999999,0.0,80.0,2.1999999999999957,0.0,0.0,0.0,True,True,False
373,157659641,2151582790,4,gaussian_plus_combined_faults,CombinedErrorSensor,0.65,0.2,0.1,0.05,False,False,False,False,planning_failure,nan,nan,nan,nan,nan,nan,nan,nan,nan,nan,nan,nan,nan,nan,nan,nan,nan,nan,nan,nan,nan,nan,nan,,,,,,,,,,,,,
374,1980307858,4207273182,4,gaussian_plus_combined_faults,CombinedErrorSensor,0.65,0.2,0.1,0.05,True,True,True,True,goal_reached,0.20972216105345898,77.60000000000001,15.434690804541706,14.965015362438695,0.3749672548836007,0.5341083456170077,0.3789998410555939,0.2748013561450002,0.4539756670459537,0.2849562398964327,0.062075847004858714,0.3504492899142537,0.08220119959721935,0.28571660549801337,0.18356809011446182,7.05673663331492,7.05673663331492,0.0,7.896122969396026e-17,2.7894008272968645e-16,0.3928978552690075,0.39289785526900756,0.41184041184041187,68.4,9.199999999999992,0.0,0.0,0.0,77.60000000000001,0.0,0.0,0.0,0.0,False,False,False
375,2569596517,1337955276,4,gaussian_plus_combined_faults,CombinedErrorSensor,0.65,0.2,0.1,0.05,True,True,False,False,false_completion,0.38401220437217154,65.7,13.821787963037398,13.491319593538018,0.37728886768301123,0.5514191078361039,0.38136725009273437,0.32304932746916015,0.45987446923904446,0.3316308100998805,0.06517473470090981,0.42000635402523767,0.08919774878832944,0.0,0.16411136073041277,5.77389904928496,5.77389904928496,0.0,8.632797378098139e-17,2.633125101432526e-16,0.2786668890551791,0.2786668890551791,0.3829787234042553,58.800000000000004,4.9999999999999964,1.8999999999999986,0.0,0.0,65.2,0.5,0.0,0.0,0.0,False,True,False
376,801353321,3573266896,4,gaussian_plus_combined_faults,CombinedErrorSensor,0.65,0.2,0.1,0.05,True,True,False,False,false_completion,0.4454700241249772,64.8,13.690727264929642,13.370344727750021,0.3899938244743959,0.7071067811865476,0.3944021174145733,0.33355476822898755,0.46084308793256423,0.34113910036714884,0.06533204222850102,0.7071067811865476,0.09876976403023188,0.023871606265122303,0.03571752602087944,5.755801875755417,5.755801875755417,0.0,8.738966032068033e-17,2.779024842816778e-16,0.3535533905932738,0.3535533905932738,0.41140215716486905,61.599999999999994,3.1999999999999993,0.0,0.0,0.0,64.8,0.0,0.0,0.0,0.0,False,False,False
377,1281658130,1819150923,4,gaussian_plus_combined_faults,CombinedErrorSensor,0.65,0.2,0.1,0.05,True,True,False,False,false_completion,0.32373123832224676,68.8,13.397501229871576,13.060667155026666,0.3847682456957963,0.5385856385049531,0.38765939116016546,0.3286334010230281,0.44018216385041786,0.33553617796504986,0.058331019411188255,0.44092945337727935,0.08630399086210006,0.0,0.08551086565579796,6.402253426557403,6.402253426557404,0.0,8.308261250612136e-17,2.633125101432526e-16,0.2523512272037124,0.25235122720371245,0.3686502177068215,63.199999999999996,0.0,1.3999999999999986,4.200000000000003,0.0,68.8,0.0,0.0,0.0,0.0,True,True,False
378,2145417192,196741682,4,gaussian_plus_combined_faults,CombinedErrorSensor,0.65,0.2,0.1,0.05,True,True,False,False,false_completion,0.3775638415657155,73.10000000000001,14.480240289412432,14.365182621737864,0.37715469802817736,0.7071067811865476,0.38114977882442763,0.29306650013199875,0.41159711439589364,0.2993665551653027,0.05315023705270829,0.7071067811865476,0.07626282015211426,0.0,0.05,6.864728349150999,6.864728349150999,0.0,8.057984634289662e-17,2.7833528704240246e-16,0.3834364730063352,0.38343647300633527,0.3825136612021858,61.300000000000004,6.000000000000005,4.1,1.6999999999999993,0.0,64.5,8.600000000000001,0.0,0.0,0.0,True,True,False
379,162770764,2517905783,4,gaussian_plus_combined_faults,CombinedErrorSensor,0.65,0.2,0.1,0.05,True,True,False,False,false_completion,0.42597162343190703,68.3,14.36116530511391,13.878504509921695,0.3842989780163481,0.540684257558685,0.3889218232270734,0.3211912335366043,0.46706833987990753,0.3312275833939085,0.07135391483568569,0.45638078387874015,0.0972920130289877,0.0,0.07562680317726478,6.358690051003274,6.358690051003276,0.0,8.638588883298976e-17,2.779024842816778e-16,0.3147733775810319,0.31477337758103185,0.4093567251461988,58.599999999999994,6.899999999999999,0.0,2.8000000000000003,0.0,63.8,4.5,0.0,0.0,0.0,True,False,False
380,3590034308,3616669174,4,gaussian_plus_combined_faults,CombinedErrorSensor,0.65,0.2,0.1,0.05,True,True,False,False,false_completion,0.4227412262291549,82.80000000000001,17.20491189467176,17.07849362826768,0.38463696685604537,0.7071067811865476,0.3896319327087898,0.26664748562985574,0.4507103250285199,0.2867824919488143,0.056263966860708683,0.7071067811865476,0.08367720761039112,0.0,0.05,7.90959959645762,7.909599596457621,0.0,8.507912111783832e-17,2.793066411846225e-16,0.3935394843033763,0.39353948430337626,0.4041013268998793,65.7,10.700000000000003,5.599999999999991,0.8000000000000043,0.0,78.4,4.400000000000009,0.0,0.0,0.0,True,True,False
381,2539382802,3553283520,4,gaussian_plus_combined_faults,CombinedErrorSensor,0.65,0.2,0.1,0.05,True,True,False,False,false_completion,0.32461771336366296,75.2,15.357505448613958,14.839969129060353,0.3863011271648427,0.7071067811865476,0.3907158686594049,0.3085565050138912,0.4361625303584518,0.319177053311482,0.06020334788489327,0.7071067811865476,0.0933197696955022,0.0,0.05,7.112579167925615,7.112579167925615,0.0,8.651860439926898e-17,2.779024842816778e-16,0.3535533905932738,0.3535533905932738,0.398406374501992,61.400000000000006,5.8,7.999999999999993,0.0,0.0,69.1,6.100000000000001,0.0,0.0,0.0,False,True,False
382,1982957362,1878632133,4,gaussian_plus_combined_faults,CombinedErrorSensor,0.65,0.2,0.1,0.05,False,False,False,False,planning_failure,nan,nan,nan,nan,nan,nan,nan,nan,nan,nan,nan,nan,nan,nan,nan,nan,nan,nan,nan,nan,nan,nan,nan,,,,,,,,,,,,,
383,167986647,1158930486,4,gaussian_plus_combined_faults,CombinedErrorSensor,0.65,0.2,0.1,0.05,True,True,False,False,false_completion,0.3789080623672445,76.5,15.327236375141963,14.855243472868743,0.373755642783804,0.7071067811865476,0.3779701432031499,0.29373059946224883,0.515314590904053,0.3122587943131273,0.0681588405435888,0.7071067811865476,0.09540853538800328,0.0,0.03329916809259228,7.168373580902124,7.168373580902124,0.0,8.289176505353089e-17,2.7894008272968645e-16,0.37294123600957985,0.3729412360095799,0.40600522193211486,66.6,2.4000000000000057,6.199999999999999,1.3000000000000043,0.0,74.99999999999999,1.5000000000000142,0.0,0.0,0.0,True,True,False
384,1835590301,968835980,4,gaussian_plus_combined_faults,CombinedErrorSensor,0.65,0.2,0.1,0.05,True,True,False,False,false_completion,0.46204381720641574,112.10000000000001,22.934505552667478,22.531575534693587,0.37368949651108835,0.7071067811865476,0.3802254630321424,0.28188388205355186,0.5074078918892507,0.3019953987277342,0.06754174159289887,0.7071067811865476,0.09532493125236519,0.0,0.05,10.694213967105139,10.694213967105139,0.0,8.549080398678709e-17,2.7894008272968645e-16,0.3535533905932738,0.3535533905932738,0.4153297682709447,99.2,9.29999999999999,3.600000000000005,0.0,0.0,107.3,4.800000000000004,0.0,0.0,0.0,False,True,False
385,381046993,3729855211,4,gaussian_plus_combined_faults,CombinedErrorSensor,0.65,0.2,0.1,0.05,True,True,False,False,false_completion,0.46815997811861304,77.2,14.691195466159446,14.39146460941102,0.37812590244008004,0.7071067811865476,0.3824656333964743,0.31563814397788365,0.45845764776327097,0.32297752687447107,0.06872335982318305,0.7071067811865476,0.09601611181041315,0.0,0.04242365544722926,7.117006782074959,7.117006782074959,0.0,8.14953690270059e-17,2.9893669801409083e-16,0.3535533905932738,0.3535533905932738,0.40232858990944376,68.39999999999999,6.400000000000002,2.3999999999999986,0.0,0.0,73.6,3.6000000000000085,0.0,0.0,0.0,False,True,False
386,1640121633,2425369201,4,gaussian_plus_combined_faults,CombinedErrorSensor,0.65,0.2,0.1,0.05,True,True,False,False,false_completion,0.4281398811430824,72.4,14.994048237465972,14.182481123270524,0.3743426468310267,0.5137920822370011,0.3790397410456381,0.3121188143970961,0.49117974653594487,0.3193312716688352,0.06768774873165227,0.47098159286362296,0.0915280847988733,0.0,0.12275680272280193,6.59767902461737,6.59767902461737,0.0,8.905106509821944e-17,2.7894008272968645e-16,0.4140240208908585,0.41402402089085855,0.40137931034482754,62.1,6.4,0.0,1.6999999999999957,2.200000000000003,72.4,0.0,0.0,0.0,0.0,True,False,True
387,2681951609,244179877,4,gaussian_plus_combined_faults,CombinedErrorSensor,0.65,0.2,0.1,0.05,True,True,False,False,false_completion,0.46111528261335805,76.9,15.626162476026597,15.062166542068594,0.38416755717153644,0.7071067811865476,0.38841873993773146,0.2772188949162927,0.45426027645547534,0.29561420309410685,0.07243252729730522,0.7071067811865476,0.10019548879678325,0.0,0.05,6.817917418459695,6.817917418459696,0.0,8.611450282859944e-17,2.5018537765542007e-16,0.3535533905932738,0.3535533905932738,0.39350649350649347,53.300000000000004,21.399999999999995,0.0,2.200000000000003,0.0,60.1,16.800000000000004,0.0,0.0,0.0,True,False,False
388,1209594724,1105627878,4,gaussian_plus_combined_faults,CombinedErrorSensor,0.65,0.2,0.1,0.05,True,True,True,False,safety_violation,0.27758919928681774,69.3,13.778585949349058,13.394283247325392,0.3745379009638146,0.7071067811865476,0.378965295842066,0.3146907636760326,0.4565283343576043,0.32209554905913557,0.06822412396275568,0.7071067811865476,0.0965736874417587,0.0,0.05,6.546489202380814,6.546489202380814,0.0,8.657989350443968e-17,2.830524433501838e-16,0.3535533905932738,0.3535533905932738,0.4221902017291066,58.49999999999999,2.8000000000000007,6.699999999999996,1.3000000000000043,0.0,69.3,0.0,0.0,0.0,0.0,True,True,False
389,470721726,970358315,4,gaussian_plus_combined_faults,CombinedErrorSensor,0.65,0.2,0.1,0.05,True,True,False,False,false_completion,0.4502730517461903,72.0,14.38538962859957,13.789686761066346,0.3814498528615497,0.7071067811865476,0.38631954748705555,0.33718411634457995,0.5267907973891627,0.3482446144279466,0.07531874350496671,0.7071067811865476,0.10316699717476085,0.0,0.05,6.85695889251123,6.85695889251123,0.0,8.59636263414644e-17,2.7894008272968645e-16,0.3535533905932738,0.3535533905932738,0.41747572815533984,57.3,10.200000000000003,4.5,0.0,0.0,66.1,5.900000000000001,0.0,0.0,0.0,False,True,False
390,67846621,1218254757,4,gaussian_plus_combined_faults,CombinedErrorSensor,0.65,0.2,0.1,0.05,True,True,False,False,false_completion,0.381659738931262,77.2,16.295739499291976,15.915206778056909,0.377154923560276,0.7071067811865476,0.38250166344329367,0.2710427587026072,0.4208891767136797,0.2817171163401534,0.0662031569030424,0.7071067811865476,0.09236828666386798,0.0,0.04798327172691064,7.255859531741136,7.255859531741136,0.0,8.8505410412604e-17,2.830524433501838e-16,0.3535533905932738,0.3535533905932738,0.41009055627425617,65.8,8.000000000000002,3.3999999999999986,0.0,0.0,75.39999999999999,1.8000000000000078,0.0,0.0,0.0,False,True,False
391,3412605371,608249195,4,gaussian_plus_combined_faults,CombinedErrorSensor,0.65,0.2,0.1,0.05,True,True,False,False,false_completion,0.3607664632915658,73.60000000000001,14.642203957400909,13.967539297725832,0.38609340884493387,0.5454662327250491,0.3902470991811068,0.33342996809772846,0.5056203493506614,0.3420500062636864,0.0630443836523634,0.43425358937464553,0.08815742651000795,0.0,0.13837349898589135,6.684133247611661,6.684133247611661,0.0,8.106636957251591e-17,2.5589376332604516e-16,0.25660887686298234,0.25660887686298234,0.3731343283582089,60.60000000000001,5.899999999999999,5.199999999999996,1.9000000000000057,0.0,73.60000000000001,0.0,0.0,0.0,0.0,True,True,False
392,1321953011,4213641362,4,gaussian_plus_combined_faults,CombinedErrorSensor,0.65,0.2,0.1,0.05,True,True,False,False,false_completion,0.47361424361401555,77.10000000000001,15.402721653783129,14.813877064709345,0.377739528448887,0.7071067811865476,0.3833284021951451,0.3048197687361459,0.4818288480599807,0.31870491302671594,0.07054479215743878,0.7071067811865476,0.10809026779213333,0.10300350519505841,0.05,7.287737284048733,7.287737284048733,0.0,8.299055090991059e-17,2.830524433501838e-16,0.3535533905932738,0.3535533905932738,0.38601036269430056,66.5,10.6,0.0,0.0,0.0,71.4,5.700000000000005,0.0,0.0,0.0,False,False,False
393,872354663,2461054940,4,gaussian_plus_combined_faults,CombinedErrorSensor,0.65,0.2,0.1,0.05,True,True,True,False,safety_violation,0.24269977237527676,63.900000000000006,13.34773441458936,12.937429191368103,0.3820457039611845,0.7071067811865476,0.3875244226317417,0.32332677570473073,0.5147395434159048,0.33300277266963774,0.07901362939937168,0.7071067811865476,0.1205027271145477,0.0,0.03691836498209245,6.341717610305455,6.341717610305455,0.0,9.277228936376317e-17,2.5589376332604516e-16,0.3652553003276146,0.36525530032761455,0.44375,59.800000000000004,2.3999999999999986,0.0,1.7000000000000028,0.0,63.900000000000006,0.0,0.0,0.0,0.0,True,False,False
394,1373533898,2386604706,4,gaussian_plus_combined_faults,CombinedErrorSensor,0.65,0.2,0.1,0.05,True,True,False,False,false_completion,0.40864446968666135,73.8,14.572340534010888,14.138243152771205,0.3767547458498903,0.5223757542741878,0.3802518829614554,0.297630602009986,0.420994282603748,0.3057164233335531,0.06589895694099149,0.3919224727724355,0.08944880793675322,0.0,0.15807752722756446,6.310547935729942,6.310547935729942,0.0,8.059725017976998e-17,2.5133742693021536e-16,0.31584663328258417,0.3158466332825842,0.3951285520974289,69.3,3.6000000000000014,0.8999999999999986,0.0,0.0,73.8,0.0,0.0,0.0,0.0,False,True,False
395,2532253106,2816233351,4,gaussian_plus_combined_faults,CombinedErrorSensor,0.65,0.2,0.1,0.05,True,True,True,False,safety_violation,0.24275771928884918,64.60000000000001,13.607613377377778,13.071819230488154,0.3782478059316558,0.7071067811865476,0.3822635042646535,0.3200555436683069,0.48679053313575865,0.3316468560538384,0.06845997626768496,0.7071067811865476,0.10023683092212655,0.0,0.03538074694037566,6.192301309765219,6.192301309765219,0.0,8.865386340399294e-17,2.633125101432526e-16,0.4167367750617328,0.4167367750617328,0.3601236476043277,55.900000000000006,4.999999999999998,2.1999999999999993,1.5,0.0,58.800000000000004,5.799999999999999,0.0,0.0,0.0,True,True,False
396,3273084152,2467234986,4,gaussian_plus_combined_faults,CombinedErrorSensor,0.65,0.2,0.1,0.05,True,True,False,False,false_completion,0.416146311723923,77.4,15.161106470355318,14.503097998553798,0.3740113498127482,0.6048921983609196,0.3795067565687376,0.30746598933409375,0.46583544968049145,0.32211543234942364,0.07756944944588477,0.6048921983609196,0.10597528670841114,0.01920848264154884,0.08648977166689215,7.067947105842379,7.067947105842379,0.0,8.050266630574868e-17,2.5133742693021536e-16,0.23471821502798695,0.2347182150279869,0.40258064516129033,72.9,4.5,0.0,0.0,0.0,77.4,0.0,0.0,0.0,0.0,False,False,False
397,1043526963,2208891233,4,gaussian_plus_combined_faults,CombinedErrorSensor,0.65,0.2,0.1,0.05,True,True,False,False,false_completion,0.3087204613966287,82.60000000000001,16.95054314307544,16.490364543909816,0.3775753934814153,0.5212809979964641,0.3827444783390507,0.2777503104751994,0.469554753053738,0.2936070852302219,0.06280109110120935,0.40128503644145075,0.0862872084283105,0.0,0.1085232950889971,7.582574249111347,7.582574249111348,0.0,8.628904961693116e-17,2.793066411846225e-16,0.298304370062682,0.298304370062682,0.40145102781136643,75.10000000000001,0.0,3.6000000000000014,3.8999999999999986,0.0,78.2,4.399999999999999,0.0,0.0,0.0,True,True,False
398,41399160,3984272595,4,gaussian_plus_combined_faults,CombinedErrorSensor,0.65,0.2,0.1,0.05,True,True,True,False,safety_violation,0.2674089344043006,79.9,14.976854181152481,14.13799612533406,0.3746524102617318,0.7071067811865476,0.37927217501272703,0.304447557200672,0.506083968449332,0.3145718861376083,0.07940713416290864,0.7071067811865476,0.10669994047164501,0.0,0.05,7.665327961828349,7.665327961828349,0.0,7.722967315737301e-17,2.776424787817943e-16,0.4493131294101194,0.4493131294101194,0.40249999999999997,68.89999999999999,7.900000000000006,3.1000000000000014,0.0,0.0,77.5,2.4000000000000004,0.0,0.0,0.0,False,True,False
399,2201137154,3104227786,4,gaussian_plus_combined_faults,CombinedErrorSensor,0.65,0.2,0.1,0.05,True,True,False,False,false_completion,0.3027697969369468,74.9,14.984217037920114,14.852835671921175,0.3791626908088165,0.7071067811865476,0.3830955470384224,0.2915019348005511,0.40540158313897845,0.3013978025869291,0.06431281215309831,0.7071067811865476,0.09002530764622022,0.0,0.05,6.469629674822787,6.469629674822786,0.0,7.966645302624e-17,2.7950589016109366e-16,0.3535533905932738,0.3535533905932738,0.392,58.600000000000016,10.600000000000001,4.399999999999994,1.2999999999999972,0.0,74.4,0.5,0.0,0.0,0.0,True,True,False
400,2366020441,2010926479,4,gaussian_plus_combined_faults,CombinedErrorSensor,0.65,0.2,0.1,0.05,True,True,True,False,safety_violation,0.2925616175792898,77.5,15.515350101212649,14.908543723657269,0.37848878173878026,0.5554585283914367,0.38347407710274767,0.30420303310125446,0.47796562253280506,0.31487146153297374,0.06252477382450405,0.43595161433550605,0.08553059076704239,0.0,0.02057934353553037,7.3809508402325035,7.380950840232504,0.0,8.16625502845822e-17,2.7894008272968645e-16,0.3253212446241865,0.3253212446241865,0.38659793814432986,60.7,5.200000000000001,6.999999999999993,4.600000000000001,0.0,77.1,0.3999999999999986,0.0,0.0,0.0,True,True,False
401,1535119728,1565580028,4,gaussian_plus_combined_faults,CombinedErrorSensor,0.65,0.2,0.1,0.05,True,True,False,False,false_completion,0.364967980834644,69.7,14.002865336329986,13.476762888012807,0.37627613211807914,0.4956625909210164,0.37938517164789864,0.3323522668676772,0.498499289404386,0.3411340278973117,0.06491456276155046,0.3724743352300758,0.08841508022413189,0.0,0.13815311563198795,6.464356714961523,6.464356714961524,0.0,8.769477457669945e-17,2.7894008272968645e-16,0.4265303308567408,0.42653033085674086,0.3982808022922636,60.00000000000001,4.099999999999994,0.7999999999999972,4.8,0.0,69.7,0.0,0.0,0.0,0.0,True,True,False
402,955248925,1124633429,4,gaussian_plus_combined_faults,CombinedErrorSensor,0.65,0.2,0.1,0.05,True,True,False,False,false_completion,0.38683475446274634,64.60000000000001,13.185137531994865,12.852833076444455,0.3805335610421447,0.7071067811865476,0.3849181325371609,0.34354789309215505,0.49235448450810587,0.3521318021707288,0.06934865558277731,0.7071067811865476,0.09629009046136616,0.0,0.05,6.117833372719864,6.117833372719863,0.0,8.733645792464061e-17,2.779024842816778e-16,0.3535533905932738,0.3535533905932738,0.43894899536321486,58.9,5.000000000000002,0.7000000000000028,0.0,0.0,62.400000000000006,2.2000000000000024,0.0,0.0,0.0,False,True,False
403,3485541319,3483450660,4,gaussian_plus_combined_faults,CombinedErrorSensor,0.65,0.2,0.1,0.05,True,True,True,True,goal_reached,0.20664762163035502,92.7,18.161622890741,17.54052997379072,0.37423802259942707,0.5815641554416938,0.38107594980656445,0.24950799486753417,0.38896547916886265,0.26395271259481323,0.06018318317116488,0.410660314423376,0.08316859672014713,0.038139408546499325,0.101554255428147,8.043772890260332,8.043772890260332,0.0,7.954928748034033e-17,2.830524433501838e-16,0.26690445366568166,0.2669044536656816,0.4267241379310345,72.69999999999999,20.000000000000007,0.0,0.0,0.0,76.8,15.900000000000002,0.0,0.0,0.0,False,False,False
404,3184790339,631315687,4,gaussian_plus_combined_faults,CombinedErrorSensor,0.65,0.2,0.1,0.05,True,True,False,False,false_completion,0.34838776629782486,67.0,13.866301125987277,13.24652748885768,0.3814207898322963,0.7071067811865476,0.3849524331169879,0.32753405752739134,0.4624496499514784,0.3372507131386466,0.07482334436911574,0.7071067811865476,0.10089732913526883,0.23317994250747454,0.05,6.31780972157925,6.31780972157925,0.0,8.957468557589472e-17,2.8576114088871287e-16,0.3535533905932738,0.3535533905932738,0.38301043219076003,59.5,7.499999999999998,0.0,0.0,0.0,66.8,0.1999999999999993,0.0,0.0,0.0,False,False,False
405,3285429448,1207168295,4,gaussian_plus_combined_faults,CombinedErrorSensor,0.65,0.2,0.1,0.05,True,True,False,False,false_completion,0.3500553606837088,71.4,14.287179269606543,14.145738583377032,0.3729098277919465,0.7071067811865476,0.37792559240702256,0.2984691970369192,0.5271905080949059,0.3090073216972279,0.0659005857147742,0.7071067811865476,0.09784307065257872,0.0,0.0350248455922193,6.217404102774023,6.217404102774024,0.0,8.285059336577188e-17,2.830524433501838e-16,0.3535533905932738,0.3535533905932738,0.41538461538461535,63.2,4.700000000000003,3.5,0.0,0.0,70.6,0.8000000000000007,0.0,0.0,0.0,False,True,False
406,1711414769,768036703,4,gaussian_plus_combined_faults,CombinedErrorSensor,0.65,0.2,0.1,0.05,True,True,True,False,safety_violation,0.2007172975969917,65.9,13.930070951086684,13.636979445529656,0.38832372000522675,0.5326076378064323,0.39190818999343296,0.32304458287037413,0.4204730014841152,0.3320935300261925,0.06544029910981441,0.37728016924223734,0.08797893773906637,0.0,0.05658628606238492,5.742069996062577,5.742069996062577,0.0,8.836903225171724e-17,2.9893669801409083e-16,0.29583374450834554,0.29583374450834554,0.38030303030303025,56.0,6.900000000000004,3.0,0.0,0.0,63.900000000000006,2.0,0.0,0.0,0.0,False,True,False
407,739438903,1521726463,4,gaussian_plus_combined_faults,CombinedErrorSensor,0.65,0.2,0.1,0.05,True,True,False,False,false_completion,0.4577318310255187,78.4,15.878364966522076,15.447782529221255,0.38042552751285197,0.5947742729527947,0.38579377044762175,0.2870381557672459,0.4206104774584809,0.2959470424406181,0.06032131569827018,0.5254482805150483,0.08510820866882139,0.13327733709760636,0.14001901162062114,7.851893437189424,7.851893437189425,0.0,8.510214751229246e-17,2.830524433501838e-16,0.3576685901589032,0.3576685901589032,0.38980891719745225,67.0,11.399999999999995,0.0,0.0,0.0,73.30000000000001,5.099999999999994,0.0,0.0,0.0,False,False,False
408,1071255186,4062200957,4,gaussian_plus_combined_faults,CombinedErrorSensor,0.65,0.2,0.1,0.05,True,True,False,False,false_completion,0.4587053990034295,77.4,15.943391437739654,15.599081224923452,0.3719937640202899,0.5558500440588104,0.3764583711148043,0.29200105979861873,0.48049225158380876,0.30802040966502886,0.06666036147627764,0.4358727503533063,0.09097820841661712,0.1829395647381773,0.14469370395235037,6.747210144177732,6.747210144177732,0.0,8.54567751537792e-17,2.7833528704240246e-16,0.26357005334826467,0.26357005334826467,0.3935483870967742,72.2,5.1999999999999975,0.0,0.0,0.0,73.2,4.2,0.0,0.0,0.0,False,False,False
409,2658645016,3539954061,4,gaussian_plus_combined_faults,CombinedErrorSensor,0.65,0.2,0.1,0.05,True,True,False,False,false_completion,0.48036998211032034,66.0,13.852048660791587,13.293780244623603,0.3799749823553897,0.5253135404487622,0.3835159344426221,0.3313154325089096,0.47447017044844286,0.3398275656518574,0.06328965101842011,0.40901681675514123,0.08984805801361469,0.12111973844514701,0.1512583632083799,5.919011124919,5.919011124919,0.0,9.006715798506888e-17,2.7894008272968645e-16,0.3004382513840253,0.3004382513840253,0.3842662632375189,62.4,3.6000000000000005,0.0,0.0,0.0,65.6,0.39999999999999947,0.0,0.0,0.0,False,False,False
410,1637467688,2950014254,4,gaussian_plus_combined_faults,CombinedErrorSensor,0.65,0.2,0.1,0.05,True,True,False,False,false_completion,0.4099472968026367,85.80000000000001,17.225814903781014,16.55789717773675,0.3703488933212033,0.535673593563137,0.3751707244551675,0.25967521263141335,0.4595452383812181,0.2717581971874369,0.06877424516420967,0.34933368103895784,0.0894628314175357,0.16084431341983674,0.2331431978300222,7.942138706591172,7.942138706591171,0.0,7.979346435498008e-17,2.779024842816778e-16,0.3049484251724938,0.3049484251724939,0.40279394644935973,80.10000000000001,5.700000000000003,0.0,0.0,0.0,85.30000000000001,0.5,0.0,0.0,0.0,False,False,False
411,3012103856,3939154953,4,gaussian_plus_combined_faults,CombinedErrorSensor,0.65,0.2,0.1,0.05,True,True,False,False,false_completion,0.31589864932745376,70.8,13.793636328011145,13.24773707121697,0.3759662898688329,0.7071067811865476,0.37969457685539487,0.32431120765731164,0.48317136295695556,0.33440959698454015,0.07265996626190996,0.7071067811865476,0.09913896672739013,0.08761540174432107,0.05,6.290491697644119,6.290491697644119,0.0,8.142689002702967e-17,1.7772239894833365e-16,0.3535533905932738,0.3535533905932738,0.4118476727785614,54.8,16.0,0.0,0.0,0.0,68.99999999999999,1.799999999999999,0.0,0.0,0.0,False,False,False
412,1061496009,4126919586,4,gaussian_plus_combined_faults,CombinedErrorSensor,0.65,0.2,0.1,0.05,True,True,False,False,false_completion,0.38324203874150436,66.8,13.212618573488207,12.825915091953675,0.3859759479853772,0.5784774526212417,0.38951837367642,0.34858427291783867,0.4613351730875451,0.35598061953925053,0.07010222191852018,0.35704569867249586,0.09184293032958471,0.0,0.06494521604557113,6.265280508290616,6.265280508290616,0.0,8.603471707975955e-17,1.962615573354719e-16,0.2573597841451248,0.25735978414512484,0.36920777279521677,63.89999999999999,0.0,0.0,2.9000000000000004,0.0,65.8,1.0000000000000004,0.0,0.0,0.0,True,False,False
413,149354069,3266337438,4,gaussian_plus_combined_faults,CombinedErrorSensor,0.65,0.2,0.1,0.05,True,True,True,True,goal_reached,0.24622171600145842,76.9,15.001916235456378,14.531489842998345,0.36916256482543275,0.5196021732091307,0.37327098835752615,0.2953453151545323,0.4832401756146334,0.307452262043287,0.0679888955472198,0.46498160065801525,0.0930875998175862,0.28642084560261377,0.11759177186246646,6.121707141255486,6.121707141255486,0.0,8.067129864619016e-17,2.776424787817943e-16,0.2536908854867751,0.2536908854867751,0.3909090909090909,66.6,10.300000000000002,0.0,0.0,0.0,71.8,5.1,0.0,0.0,0.0,False,False,False
414,4081168298,314093331,4,gaussian_plus_combined_faults,CombinedErrorSensor,0.65,0.2,0.1,0.05,True,True,False,False,false_completion,0.3830730542993121,67.3,14.667177770798585,14.312004157945184,0.37924473152293586,0.5473403799096623,0.38376730770564643,0.3178773161730699,0.440308198987022,0.3267945501280682,0.06562153878765653,0.49962677392510785,0.09209004769856809,0.2478341135652702,0.10736154060205057,5.9234805135545505,5.92348051355455,0.0,9.159666885331014e-17,2.830524433501838e-16,0.34417774294992926,0.34417774294992926,0.4228486646884273,54.50000000000001,12.799999999999988,0.0,0.0,0.0,63.4,3.899999999999995,0.0,0.0,0.0,False,False,False
415,292210110,1564487867,4,gaussian_plus_combined_faults,CombinedErrorSensor,0.65,0.2,0.1,0.05,True,True,True,False,safety_violation,0.28021143844588964,71.5,14.517379172963153,14.027762034467777,0.3794881911189075,0.5730861114535919,0.38334867457877025,0.30670294821150157,0.48679503694798887,0.32147760935190445,0.06538330929588905,0.4063335674906086,0.08967148565730931,0.0,0.18589051664993406,6.4700930365400655,6.4700930365400655,0.0,8.51777380664952e-17,2.897767167584095e-16,0.44540107789210664,0.44540107789210664,0.3533519553072626,62.4,6.800000000000001,2.3,0.0,0.0,69.3,2.1999999999999993,0.0,0.0,0.0,False,True,False
416,471779139,902910705,4,gaussian_plus_combined_faults,CombinedErrorSensor,0.65,0.2,0.1,0.05,True,True,False,False,false_completion,0.4553665974028276,70.7,14.390855157867035,13.903167174347637,0.37877815882547994,0.5314624545518991,0.38294926004301577,0.32034298469408995,0.4433981261874691,0.3289323326532877,0.055686384421794945,0.4552809600835766,0.08012544920618624,0.09979550055883557,0.15561792188813098,5.88452590383225,5.88452590383225,0.0,8.49172553204662e-17,2.776424787817943e-16,0.32908275743475374,0.3290827574347538,0.4180790960451978,68.69999999999999,2.000000000000007,0.0,0.0,0.0,70.7,0.0,0.0,0.0,0.0,False,False,False
417,1257730118,169908158,4,gaussian_plus_combined_faults,CombinedErrorSensor,0.65,0.2,0.1,0.05,True,True,True,False,safety_violation,0.22890681706015947,67.3,14.043198741361639,13.55525427061896,0.376462227809587,0.5130548335070629,0.38037647343023284,0.30594879746821874,0.46072675622664655,0.3176057592829626,0.06490650286943127,0.3875930074097885,0.08679300570689036,0.0,0.07676907351315808,6.6965599933596005,6.696559993359601,0.0,8.738874740665159e-17,2.779024842816778e-16,0.3395943433938922,0.3395943433938922,0.37537091988130566,59.3,6.1999999999999975,1.7999999999999972,0.0,0.0,64.89999999999999,2.3999999999999986,0.0,0.0,0.0,False,True,False
418,1055095300,2099702196,4,gaussian_plus_combined_faults,CombinedErrorSensor,0.65,0.2,0.1,0.05,True,True,False,False,false_completion,0.3133303669292474,61.5,13.506830494920843,13.255738846476635,0.3807795133103294,0.5106066112282098,0.38477663506573595,0.33264327127915816,0.44624472607670923,0.33930465943308885,0.05524240613073755,0.428893403072931,0.08300763497751797,0.0,0.09087650994992229,5.293911983213974,5.293911983213974,0.0,9.71319430723657e-17,2.830524433501838e-16,0.2806524012580937,0.2806524012580937,0.36850649350649356,49.8,9.100000000000001,0.8000000000000007,1.7999999999999972,0.0,60.6,0.8999999999999986,0.0,0.0,0.0,True,True,False
419,2411947258,1651693406,4,gaussian_plus_combined_faults,CombinedErrorSensor,0.65,0.2,0.1,0.05,True,True,False,False,false_completion,0.3238729051653288,66.3,14.223313008348793,13.884019288048915,0.3879421519501573,0.5386145585787575,0.39156302998887516,0.3260993229587501,0.48130870876238807,0.3344991970269278,0.0636385547339696,0.45638027181759433,0.09417617343787779,0.15808532216342994,0.17458534122537522,5.950252239210371,5.950252239210372,0.0,8.458244654393575e-17,2.964296775167217e-16,0.3749402658203028,0.3749402658203028,0.39608433734939763,55.4,10.899999999999999,0.0,0.0,0.0,65.99999999999999,0.30000000000000426,0.0,0.0,0.0,False,False,False
420,2914634240,2192700923,4,gaussian_plus_combined_faults,CombinedErrorSensor,0.65,0.2,0.1,0.05,True,True,False,False,false_completion,0.4723295702870271,76.9,15.5913661888498,14.979451878687223,0.3827444843771205,0.5875391527067527,0.3871512071672693,0.2997688876667665,0.5516741998860596,0.3168725981886811,0.0668412222277203,0.47823363937604285,0.09294984174633204,0.0,0.12877602590247428,7.084615716885345,7.084615716885345,0.0,7.908220959148607e-17,2.776424787817943e-16,0.3348731636153752,0.3348731636153752,0.3922077922077922,67.3,7.500000000000007,2.1000000000000014,0.0,0.0,71.8,5.100000000000001,0.0,0.0,0.0,False,True,False
421,3582409163,1846612564,4,gaussian_plus_combined_faults,CombinedErrorSensor,0.65,0.2,0.1,0.05,True,True,True,False,safety_violation,0.1980301392807911,71.10000000000001,14.292505839858936,13.850471942750502,0.3756802299967964,0.7071067811865476,0.38009067873361285,0.2995736563110905,0.4497817336175767,0.3143782162232817,0.06469381518507486,0.7071067811865476,0.09361190428577083,0.0,0.05,6.858946742106192,6.858946742106192,0.0,8.136184879547858e-17,2.7755575615628914e-16,0.3535533905932738,0.3535533905932738,0.4339887640449438,64.80000000000001,4.399999999999995,0.0,1.9000000000000004,0.0,71.10000000000001,0.0,0.0,0.0,0.0,True,False,False
422,4008422370,2004689862,4,gaussian_plus_combined_faults,CombinedErrorSensor,0.65,0.2,0.1,0.05,True,True,False,False,false_completion,0.4859806754369755,75.8,14.835615422536762,14.254467875309937,0.38715517289023604,0.5560215396845475,0.39155318130768985,0.3268470157511908,0.48405565514373383,0.336790874161767,0.0689860449707197,0.4105685235096493,0.09190158911172698,0.0,0.11238529217632158,6.581207271853721,6.581207271853721,0.0,8.292286942098946e-17,2.7894008272968645e-16,0.31954400790264426,0.3195440079026442,0.3978919631093544,69.1,4.0,2.6999999999999993,0.0,0.0,74.5,1.2999999999999972,0.0,0.0,0.0,False,True,False
423,2882814493,1061927593,4,gaussian_plus_combined_faults,CombinedErrorSensor,0.65,0.2,0.1,0.05,True,True,False,False,false_completion,0.3328501003854778,70.0,13.472692835744557,13.154007106054447,0.3766018518099531,0.5080624327260749,0.3800962779119039,0.32187368638719893,0.4257403480953746,0.328570425803405,0.06088511740310538,0.45310204623737727,0.0853569627094455,0.0,0.1300816229959616,6.441167641801902,6.441167641801902,0.0,8.040140104510814e-17,2.7894008272968645e-16,0.2934896699975584,0.2934896699975584,0.3880171184022825,64.39999999999999,3.1000000000000014,2.5,0.0,0.0,69.89999999999999,0.10000000000000142,0.0,0.0,0.0,False,True,False
424,3680502530,1923750527,4,gaussian_plus_combined_faults,CombinedErrorSensor,0.65,0.2,0.1,0.05,True,True,False,False,false_completion,0.418001667375441,81.4,16.97066732870577,16.303503552337933,0.3731071946754187,0.5899721981879561,0.3796481229142266,0.27448859951508936,0.4168711003014955,0.2860428514460491,0.06619110430913663,0.32394538009646595,0.08764859413287078,0.0,0.0746870163818163,8.18434935855889,8.18434935855889,0.0,8.770690063170056e-17,2.7894008272968645e-16,0.3584436694759943,0.35844366947599426,0.4122699386503067,72.2,8.2,1.0,0.0,0.0,79.9,1.5,0.0,0.0,0.0,False,True,False
425,2946213435,2839389369,4,gaussian_plus_combined_faults,CombinedErrorSensor,0.65,0.2,0.1,0.05,True,True,False,False,false_completion,0.3631555176705212,60.800000000000004,13.41735617926177,12.958634657502824,0.3869973491549374,0.7071067811865476,0.39050742183300186,0.34285866524773945,0.488628553819162,0.35087502294453027,0.06529888887140732,0.7071067811865476,0.09578063517264163,0.0,0.05,5.8848024446414815,5.8848024446414815,0.0,9.345622202538933e-17,2.830524433501838e-16,0.3535533905932738,0.3535533905932738,0.41215106732348117,53.800000000000004,5.0,0.0,2.0,0.0,59.60000000000001,1.1999999999999957,0.0,0.0,0.0,True,False,False
426,2667510470,1232235575,4,gaussian_plus_combined_faults,CombinedErrorSensor,0.65,0.2,0.1,0.05,True,True,False,False,false_completion,0.3297813743018672,69.10000000000001,13.729761366945832,13.366329440789618,0.37390472504075034,0.502666099249664,0.37751169088852815,0.3100210279063049,0.430076162770223,0.3174657450074232,0.061861688299584223,0.405520306180549,0.08231926893419184,0.0,0.1007217931689619,6.388405272364027,6.388405272364027,0.0,8.4038585291248e-17,2.5324586304240974e-16,0.4408438741033983,0.4408438741033983,0.3988439306358381,59.9,0.0,4.3000000000000025,4.900000000000006,0.0,67.8,1.3000000000000114,0.0,0.0,0.0,True,True,False
427,2775479302,3129694536,4,gaussian_plus_combined_faults,CombinedErrorSensor,0.65,0.2,0.1,0.05,False,False,False,False,planning_failure,nan,nan,nan,nan,nan,nan,nan,nan,nan,nan,nan,nan,nan,nan,nan,nan,nan,nan,nan,nan,nan,nan,nan,,,,,,,,,,,,,
428,583548122,2742868653,4,gaussian_plus_combined_faults,CombinedErrorSensor,0.65,0.2,0.1,0.05,True,True,True,False,safety_violation,0.2642032464162358,82.30000000000001,15.592437623318457,15.030440103608665,0.36920116907602896,0.5293468042065168,0.37379556760990207,0.2906239735435399,0.40413828906119864,0.2994234955468715,0.059912974717016634,0.44557596685268275,0.08323077170298501,0.0,0.11212928652133426,7.300714348664217,7.300714348664217,0.0,7.467300534118531e-17,2.776424787817943e-16,0.30157971043389215,0.3015797104338922,0.3956310679611651,69.7,7.20000000000001,5.399999999999993,0.0,0.0,82.30000000000001,0.0,0.0,0.0,0.0,False,True,False
429,395063575,893168507,4,gaussian_plus_combined_faults,CombinedErrorSensor,0.65,0.2,0.1,0.05,True,True,False,False,false_completion,0.33493969310520566,67.10000000000001,14.017118806159488,13.696613050715962,0.37979734041059965,0.7071067811865476,0.38448745341689944,0.2990944255853682,0.4272499416134615,0.31260606891776266,0.07216329963996745,0.7071067811865476,0.10341440587906175,0.14651544148794285,0.05,5.940581521484744,5.940581521484743,0.0,8.734955082530824e-17,2.7894008272968645e-16,0.3535533905932738,0.3535533905932738,0.42708333333333337,63.1,4.000000000000007,0.0,0.0,0.0,67.10000000000001,0.0,0.0,0.0,0.0,False,False,False
430,3316604475,3569072220,4,gaussian_plus_combined_faults,CombinedErrorSensor,0.65,0.2,0.1,0.05,True,True,False,False,false_completion,0.4576905889964144,72.7,14.214495574599791,14.158023020267285,0.3854057502633646,0.7071067811865476,0.3889377428088786,0.3195217189510528,0.41884471158998354,0.3248699783120856,0.05370738542523177,0.7071067811865476,0.08001051091986407,0.0,0.05,6.15012072547197,6.150120725471971,0.0,7.834491883401851e-17,2.830524433501838e-16,0.40497272354133623,0.40497272354133623,0.3832417582417582,59.00000000000001,11.19999999999999,2.5,0.0,0.0,66.9,5.799999999999997,0.0,0.0,0.0,False,True,False
431,2622342899,1742826588,4,gaussian_plus_combined_faults,CombinedErrorSensor,0.65,0.2,0.1,0.05,True,True,True,False,safety_violation,0.29185769845067927,64.4,13.691512698940658,13.21961398356014,0.38550925055299845,0.5489625995149134,0.38947736219881884,0.3310703659220644,0.47122957439374435,0.33903276801938514,0.06451366261086441,0.45082679980432083,0.09219784867103924,0.0,0.10958746497995824,5.728049512050274,5.728049512050274,0.0,8.847495937437704e-17,2.7755575615628914e-16,0.28491447577887646,0.28491447577887646,0.43100775193798446,59.10000000000001,2.1000000000000014,1.7999999999999972,1.3999999999999986,0.0,64.4,0.0,0.0,0.0,0.0,True,True,False
432,3286438300,234230365,4,gaussian_plus_combined_faults,CombinedErrorSensor,0.65,0.2,0.1,0.05,True,True,False,False,false_completion,0.47509573555868057,67.10000000000001,14.074745110800393,13.850659853865388,0.3782931374961284,0.5298164697575426,0.3819596373199766,0.3165759453149261,0.43224814298662323,0.3226845665890894,0.059345721089071005,0.4189138552206329,0.08106098161530773,0.0,0.049680067273166095,5.743788916596943,5.743788916596943,0.0,8.678092637069171e-17,2.8609792490763985e-16,0.26110536212395447,0.2611053621239545,0.3928571428571429,62.400000000000006,0.0,2.1000000000000014,2.599999999999998,0.0,67.10000000000001,0.0,0.0,0.0,0.0,True,True,False
433,2750417563,1262226921,4,gaussian_plus_combined_faults,CombinedErrorSensor,0.65,0.2,0.1,0.05,True,True,False,False,false_completion,0.4220269885485577,75.5,15.476395262146358,14.844105998038058,0.3851622902902734,0.7071067811865476,0.3896551980942574,0.2928125582603024,0.5155063611954855,0.30854788054759286,0.06516388480530826,0.7071067811865476,0.09652987754021333,0.0,0.05,7.047280091239315,7.047280091239315,0.0,8.763497954533791e-17,2.8066088919804617e-16,0.3535533905932738,0.3535533905932738,0.39021164021164023,65.6,5.199999999999996,4.699999999999999,0.0,0.0,73.8,1.7000000000000028,0.0,0.0,0.0,False,True,False
434,4219808666,4170911108,4,gaussian_plus_combined_faults,CombinedErrorSensor,0.65,0.2,0.1,0.05,True,True,True,False,safety_violation,0.28637554507319174,80.80000000000001,15.060005991301873,14.396780975486644,0.3788275153448297,0.5534057108351889,0.3839528660343285,0.31947907515411533,0.5406430003653031,0.33250893487817035,0.0685766424948713,0.553124595848726,0.09681943816175285,0.0,0.020446763782912894,6.797721289866022,6.797721289866022,0.0,7.766813260390017e-17,2.779024842816778e-16,0.2434506030196126,0.2434506030196126,0.43757725587144625,71.4,6.5,2.9000000000000057,0.0,0.0,77.9,2.8999999999999986,0.0,0.0,0.0,False,True,False
435,2996272099,2135640333,4,gaussian_plus_combined_faults,CombinedErrorSensor,0.65,0.2,0.1,0.05,False,False,False,False,planning_failure,nan,nan,nan,nan,nan,nan,nan,nan,nan,nan,nan,nan,nan,nan,nan,nan,nan,nan,nan,nan,nan,nan,nan,,,,,,,,,,,,,
436,2404354633,3116284140,4,gaussian_plus_combined_faults,CombinedErrorSensor,0.65,0.2,0.1,0.05,True,True,False,False,false_completion,0.4944369527241472,69.3,14.284988999060406,13.708473516592594,0.37449869072884645,0.5518580993161272,0.3783057469128015,0.308543763179493,0.4564208749640877,0.3165410775989924,0.06680649334906792,0.5341718969737824,0.09101353728608902,0.10421059551560852,0.12908306695859653,6.61834227467866,6.618342274678659,0.0,8.464007406342248e-17,2.5018537765542007e-16,0.341502434931579,0.341502434931579,0.42939481268011526,64.1,5.200000000000001,0.0,0.0,0.0,69.19999999999999,0.10000000000000003,0.0,0.0,0.0,False,False,False
437,1785047775,2412942496,4,gaussian_plus_combined_faults,CombinedErrorSensor,0.65,0.2,0.1,0.05,False,False,False,False,planning_failure,nan,nan,nan,nan,nan,nan,nan,nan,nan,nan,nan,nan,nan,nan,nan,nan,nan,nan,nan,nan,nan,nan,nan,,,,,,,,,,,,,
438,1137720147,103076549,4,gaussian_plus_combined_faults,CombinedErrorSensor,0.65,0.2,0.1,0.05,True,True,False,False,false_completion,0.32154525092702546,66.0,13.773401358467165,13.390097378321641,0.37053465893481996,0.5510351742488472,0.3739809837783857,0.3143424352656289,0.44271304637029063,0.32263291197882493,0.06255768137028597,0.5241169674107052,0.08713167677440951,0.0,0.06885876176216499,5.960975461234527,5.960975461234527,0.0,8.800746134534301e-17,3.1676639673831405e-16,0.4454556824716948,0.44545568247169476,0.38275340393343416,53.89999999999999,9.800000000000002,1.2000000000000028,1.1000000000000014,0.0,60.0,6.0,0.0,0.0,0.0,True,True,False
439,4162669629,1339972080,4,gaussian_plus_combined_faults,CombinedErrorSensor,0.65,0.2,0.1,0.05,True,True,False,False,false_completion,0.49557391160828007,84.60000000000001,17.707813253135008,17.379881654163952,0.383374003141477,0.7071067811865476,0.38917292466884446,0.24480794852442517,0.47777980827622085,0.26438767467794333,0.06740507443767228,0.7071067811865476,0.10016697236229048,0.0,0.0,8.15088427911865,8.15088427911865,0.0,8.064096901201168e-17,2.830524433501838e-16,0.3640701858342741,0.3640701858342741,0.3955135773317592,65.9,10.800000000000004,6.199999999999996,1.7000000000000028,0.0,83.5,0.9000000000000004,0.0,0.20000000000000284,0.0,True,True,False
440,4238156698,1041179357,4,gaussian_plus_combined_faults,CombinedErrorSensor,0.65,0.2,0.1,0.05,True,True,True,False,safety_violation,0.22697568400818277,78.30000000000001,15.100297677301317,14.435496233754645,0.38091643142135484,0.7071067811865476,0.38531683841066405,0.30696114631675003,0.5460295472985145,0.3254560465992066,0.06549783133684965,0.7071067811865476,0.08916943465033951,0.0,0.05,6.712132527286615,6.712132527286615,0.0,8.012808022896666e-17,2.7894008272968645e-16,0.3535533905932738,0.3535533905932738,0.4158163265306123,70.70000000000002,0.0,2.5999999999999943,5.0,0.0,77.7,0.5999999999999979,0.0,0.0,0.0,True,True,False
441,2321526583,4105025827,4,gaussian_plus_combined_faults,CombinedErrorSensor,0.65,0.2,0.1,0.05,True,True,False,False,false_completion,0.42806793887886696,71.7,15.368107164250745,15.021835040488003,0.38895477805938505,0.7071067811865476,0.3934904895981802,0.28669705800785283,0.4844285082609232,0.2981680401115984,0.06400009559356441,0.7071067811865476,0.09482297022772561,0.012496537037323443,0.05,6.591387943783336,6.591387943783336,0.0,8.792284841271273e-17,2.8576114088871287e-16,0.3535533905932738,0.3535533905932738,0.38857938718662954,59.6,12.099999999999998,0.0,0.0,0.0,66.1,5.599999999999998,0.0,0.0,0.0,False,False,False
442,2806551846,2921142390,4,gaussian_plus_combined_faults,CombinedErrorSensor,0.65,0.2,0.1,0.05,True,True,False,False,false_completion,0.34788454305865113,70.10000000000001,14.721785669963287,14.035626882411453,0.37808821735852505,0.5525045957157442,0.3825916106746442,0.32194509962294093,0.498429587793676,0.3322643425984679,0.07266813144049232,0.4046315463044963,0.09879152831580869,0.0,0.14104740981495123,6.693049992292519,6.6930499922925195,0.0,8.873835828484552e-17,2.830524433501838e-16,0.2696414919908927,0.2696414919908928,0.42165242165242167,57.9,7.900000000000006,4.300000000000004,0.0,0.0,69.8,0.29999999999999893,0.0,0.0,0.0,False,True,False
443,530442452,3520819212,4,gaussian_plus_combined_faults,CombinedErrorSensor,0.65,0.2,0.1,0.05,True,True,True,False,safety_violation,0.22507332236198327,68.9,14.349608510394859,14.148957857472508,0.38341760819029436,0.5354400363869829,0.3876987277262874,0.3074983102065486,0.48571139966404114,0.31980558345427645,0.06277012052097965,0.5249234457126428,0.09203736388579899,0.0,0.03631824958928531,6.212502840622514,6.2125028406225145,0.0,8.716129129486531e-17,2.8576114088871287e-16,0.3649121586401099,0.36491215864010995,0.4217391304347826,57.1,9.3,2.5,0.0,0.0,67.5,1.4000000000000021,0.0,0.0,0.0,False,True,False
444,1845962377,664921687,4,gaussian_plus_combined_faults,CombinedErrorSensor,0.65,0.2,0.1,0.05,True,True,False,False,false_completion,0.3565058979974013,77.2,15.259271854121124,14.712599750638084,0.3888042651544627,0.7071067811865476,0.39322434458134414,0.29407615978456847,0.5119295140073166,0.3098241803884293,0.0690693185059958,0.7071067811865476,0.09303603576316206,0.0,0.05,7.088705873376772,7.088705873376773,0.0,8.117935808282756e-17,2.7809732887839817e-16,0.36364301366060287,0.36364301366060287,0.39197930142302717,64.0,7.899999999999999,5.299999999999997,0.0,0.0,72.00000000000001,5.199999999999989,0.0,0.0,0.0,False,True,False
445,127337084,683216640,4,gaussian_plus_combined_faults,CombinedErrorSensor,0.65,0.2,0.1,0.05,True,True,False,False,false_completion,0.33692729049285547,72.4,14.368313676279605,13.961305184313938,0.37879094636030647,0.7071067811865476,0.3831166433351303,0.31457111017033434,0.43786310100069104,0.32363346815554084,0.06326909936650017,0.7071067811865476,0.09713873607519198,0.0,0.05,6.386066950752744,6.386066950752744,0.0,8.056823227172974e-17,2.7755575615628914e-16,0.3602042545575642,0.3602042545575642,0.4179310344827586,64.4,3.5,4.5,0.0,0.0,71.9,0.5,0.0,0.0,0.0,False,True,False
446,2775364023,2422759464,4,gaussian_plus_combined_faults,CombinedErrorSensor,0.65,0.2,0.1,0.05,True,True,True,False,safety_violation,0.2609633639624847,77.4,15.778316536961224,15.223936657346107,0.37630527187184437,0.7071067811865476,0.38132430021537583,0.26450618480134935,0.4475180672428467,0.28291446854773716,0.07224495364754879,0.7071067811865476,0.09940631523981348,0.0,0.05,7.431509932756468,7.431509932756468,0.0,8.044215636531924e-17,2.779024842816778e-16,0.3535533905932738,0.3535533905932738,0.3935483870967742,71.7,1.1000000000000014,0.0,4.599999999999994,0.0,77.4,0.0,0.0,0.0,0.0,True,False,False
447,769208838,2108056196,4,gaussian_plus_combined_faults,CombinedErrorSensor,0.65,0.2,0.1,0.05,True,True,False,False,false_completion,0.3727797275743103,69.2,13.590328029747496,13.264258353557997,0.3809761503737447,0.5333930216194288,0.3847868766932429,0.3288708942645964,0.5011112938669832,0.3382474073944374,0.0643479214820745,0.46021290589866165,0.0886436298456656,0.2158546239328707,0.17663010773912274,5.744399606588653,5.744399606588653,0.0,8.127559628392534e-17,1.8670653977139892e-16,0.2851000114144432,0.2851000114144432,0.4199134199134199,65.2,4.0,0.0,0.0,0.0,69.0,0.20000000000000284,0.0,0.0,0.0,False,False,False
448,3043459404,2731378376,4,gaussian_plus_combined_faults,CombinedErrorSensor,0.65,0.2,0.1,0.05,True,True,False,False,false_completion,0.521708024663319,78.2,16.896333767941634,16.478071302052854,0.38078674815681424,0.5755430006750175,0.38683703185284535,0.2740672925708101,0.4325502028961151,0.2896071951040701,0.06524846572630685,0.5535742755001994,0.08951158322785206,0.0,0.0969558432770361,7.609229626829991,7.6092296268299915,0.0,8.781277222746528e-17,2.830524433501838e-16,0.3068987945112316,0.3068987945112316,0.388250319284802,71.8,3.700000000000003,0.0,2.700000000000003,0.0,78.2,0.0,0.0,0.0,0.0,True,False,False
449,4010961629,3768035838,4,gaussian_plus_combined_faults,CombinedErrorSensor,0.65,0.2,0.1,0.05,True,True,False,False,false_completion,0.4776028004650433,72.9,14.346847548002895,14.03474824567697,0.3902666954347676,0.5408002361425479,0.3937774411650642,0.3430544163387441,0.4696661914683348,0.3512847241486804,0.06972344463733676,0.42133210284538875,0.09168229691190506,0.0,0.05364346504617537,6.815173316094343,6.815173316094343,0.0,8.426512777719268e-17,2.7757743935277205e-16,0.27951709422948623,0.27951709422948634,0.3835616438356164,57.29999999999999,10.400000000000011,5.199999999999999,0.0,0.0,65.49999999999999,7.40000000000002,0.0,0.0,0.0,False,True,False
450,1928687484,2584878143,4,gaussian_plus_combined_faults,CombinedErrorSensor,0.65,0.2,0.1,0.05,False,False,False,False,planning_failure,nan,nan,nan,nan,nan,nan,nan,nan,nan,nan,nan,nan,nan,nan,nan,nan,nan,nan,nan,nan,nan,nan,nan,,,,,,,,,,,,,
451,4152053962,3199768913,4,gaussian_plus_combined_faults,CombinedErrorSensor,0.65,0.2,0.1,0.05,True,True,False,False,false_completion,0.5151524401637909,70.9,14.221380437005575,13.8428072553712,0.38132982329931464,0.7071067811865476,0.38592107935373415,0.32539521551936756,0.5139519779333823,0.33604839161094624,0.0690391987088522,0.7071067811865476,0.09543113773577715,0.0,0.05,6.569093152413318,6.569093152413318,0.0,8.217848317462993e-17,2.830524433501838e-16,0.3535533905932738,0.3535533905932738,0.4084507042253521,64.5,4.900000000000001,1.5,0.0,0.0,63.5,7.400000000000004,0.0,0.0,0.0,False,True,False
452,4168572242,1705565391,4,gaussian_plus_combined_faults,CombinedErrorSensor,0.65,0.2,0.1,0.05,True,True,False,False,false_completion,0.39487679043557644,90.10000000000001,17.96674119908392,17.53360465996083,0.380057389123793,0.5764138748806441,0.38528401643452515,0.2505834648066286,0.41615800867954056,0.27113238413838775,0.05974990404705298,0.3641229562111685,0.08196019485191423,0.04394574873412715,0.1156896241953553,8.095000315943075,8.095000315943075,0.0,8.712937473029909e-17,2.779024842816778e-16,0.33154786886197307,0.331547868861973,0.4079822616407982,69.60000000000001,20.499999999999996,0.0,0.0,0.0,88.9,1.2000000000000028,0.0,0.0,0.0,False,False,False
453,139743901,2440869414,4,gaussian_plus_combined_faults,CombinedErrorSensor,0.65,0.2,0.1,0.05,True,True,True,False,safety_violation,0.27413376446691734,68.3,13.7265459857804,13.37594380542943,0.3831730478298509,0.7071067811865476,0.38795419055906655,0.3206480235731743,0.5330784045055671,0.33403598102022625,0.07299449707645594,0.7071067811865476,0.10027332440197392,0.0,0.05,6.452886776018722,6.452886776018722,0.0,8.195872294996324e-17,2.897767167584095e-16,0.3535533905932738,0.3535533905932738,0.3801169590643275,59.79999999999999,7.300000000000004,1.200000000000001,0.0,0.0,67.6,0.6999999999999957,0.0,0.0,0.0,False,True,False
454,535639341,2753489956,4,gaussian_plus_combined_faults,CombinedErrorSensor,0.65,0.2,0.1,0.05,True,True,False,False,false_completion,0.34803607609208026,75.3,14.543215928954542,14.39948491931562,0.38630665268424014,0.5335231285514064,0.3905889463860286,0.3242301835513907,0.50262454158525,0.3416442261332507,0.07402291921664547,0.5008282733087519,0.10178654241195732,0.0,0.003633662706206131,7.124981472458259,7.124981472458259,0.0,8.08592341705275e-17,2.5447867175859907e-16,0.2681417908287821,0.2681417908287821,0.3978779840848806,61.89999999999999,6.899999999999995,3.9000000000000057,2.6000000000000014,0.0,72.19999999999999,3.099999999999998,0.0,0.0,0.0,True,True,False
455,1358971682,2777370745,4,gaussian_plus_combined_faults,CombinedErrorSensor,0.65,0.2,0.1,0.05,True,True,False,False,false_completion,0.48734906548158113,70.2,14.007047350270705,13.743801877497104,0.379620198805378,0.5232953007958545,0.38341728843326556,0.32655822364114795,0.46108471042359384,0.3336154069819569,0.06515213176622374,0.3911234411978179,0.08853118185791342,0.0,0.09201468959948966,6.506807127940137,6.506807127940137,0.0,8.456157866731901e-17,2.5018537765542007e-16,0.3111520553231532,0.3111520553231532,0.38264580369843526,59.7,3.3999999999999986,5.9,1.1999999999999957,0.0,65.5,4.7,0.0,0.0,0.0,True,True,False
456,2249758613,3075958973,4,gaussian_plus_combined_faults,CombinedErrorSensor,0.65,0.2,0.1,0.05,True,True,True,False,safety_violation,0.2917793279675606,70.9,13.907775501866812,13.551772256958477,0.3803579991371833,0.5405748985986419,0.3841178777970555,0.32636671573183273,0.44007932124205085,0.33403432036482084,0.06743375196836009,0.34015776052669194,0.08496791737750208,0.0,0.023827269646567784,6.8133735137404,6.813373513740401,0.0,8.047049726361572e-17,2.5018537765542007e-16,0.3456857746327673,0.3456857746327673,0.3802816901408451,57.10000000000001,11.299999999999994,0.0,2.5,0.0,67.7,3.1999999999999904,0.0,0.0,0.0,True,False,False
457,3234002399,399691633,4,gaussian_plus_combined_faults,CombinedErrorSensor,0.65,0.2,0.1,0.05,True,True,False,False,false_completion,0.3965186311314841,66.7,13.692187051856124,13.310020001512132,0.3827383070757797,0.5557884797346496,0.3857632657614805,0.3266823254566981,0.45579359366927247,0.3361663456933227,0.0607217290122846,0.4300408386986358,0.08536486676069224,0.0,0.07848568138533409,6.3188032999680654,6.3188032999680654,0.0,8.457414585130538e-17,2.5324586304240974e-16,0.2717000099358207,0.27170000993582066,0.39520958083832336,57.5,5.9999999999999964,0.0,3.200000000000003,0.0,66.7,0.0,0.0,0.0,0.0,True,False,False
458,2203017644,679757135,4,gaussian_plus_combined_faults,CombinedErrorSensor,0.65,0.2,0.1,0.05,True,True,False,False,false_completion,0.34859873744491165,71.3,14.483391534348153,13.966880514930745,0.37787513640152165,0.5399319857423684,0.3817195918223888,0.3164250082368547,0.4877544154587094,0.3262054066989195,0.06683363934676957,0.38723237023187895,0.08945999832407371,0.2242122700212743,0.2510523577515666,6.1881730947646645,6.188173094764665,0.0,8.338811908908415e-17,2.830524433501838e-16,0.27818361487921944,0.27818361487921955,0.39915966386554624,65.5,5.799999999999997,0.0,0.0,0.0,71.3,0.0,0.0,0.0,0.0,False,False,False
459,506516199,1391648510,4,gaussian_plus_combined_faults,CombinedErrorSensor,0.65,0.2,0.1,0.05,True,True,True,False,safety_violation,0.2825900369791453,78.4,16.31428151200295,15.970469838305664,0.3838656214228132,0.5498971913196149,0.3874387719191039,0.275908802343481,0.46485825407666365,0.29218212409141137,0.05486351158202281,0.38932612841210906,0.07872270941202116,0.0,0.0709424968017209,6.875427626508861,6.875427626508861,0.0,8.375982153081154e-17,2.776424787817943e-16,0.358868316417182,0.358868316417182,0.3885350318471338,66.00000000000001,2.5,0.0,9.899999999999991,0.0,78.4,0.0,0.0,0.0,0.0,True,False,False
460,3148336134,4052583908,4,gaussian_plus_combined_faults,CombinedErrorSensor,0.65,0.2,0.1,0.05,True,True,True,True,goal_reached,0.27222924425096795,69.9,13.740890583164187,13.26512801672084,0.37081736457744063,0.5235782436469814,0.37505470575719396,0.312952556530311,0.42435584199553045,0.32197194309476324,0.062925295395563,0.5235782436469814,0.0917412391348582,0.23763213026135688,0.15076183978100405,6.4394433712365835,6.439443371236582,0.0,8.189596966220585e-17,1.7772239894833365e-16,0.3334145000067083,0.33341450000670825,0.4057142857142857,66.3,3.6000000000000014,0.0,0.0,0.0,69.6,0.3000000000000007,0.0,0.0,0.0,False,False,False
461,2541265752,4115274506,4,gaussian_plus_combined_faults,CombinedErrorSensor,0.65,0.2,0.1,0.05,False,False,False,False,planning_failure,nan,nan,nan,nan,nan,nan,nan,nan,nan,nan,nan,nan,nan,nan,nan,nan,nan,nan,nan,nan,nan,nan,nan,,,,,,,,,,,,,
462,1485890029,2960204149,4,gaussian_plus_combined_faults,CombinedErrorSensor,0.65,0.2,0.1,0.05,True,True,True,False,safety_violation,0.2510243713349846,81.30000000000001,15.276052826199765,14.805058716610391,0.36791052855355627,0.543722786130433,0.3715094921051269,0.2936373273099737,0.4654672323354494,0.3065121019836929,0.05792952935659903,0.3930809314111798,0.07868388157217271,0.0,0.12516520959298147,6.847896300202177,6.847896300202178,0.0,7.868813273133172e-17,2.779024842816778e-16,0.33635427094601356,0.33635427094601356,0.40663390663390664,59.400000000000006,16.6,5.299999999999997,0.0,0.0,72.00000000000001,9.29999999999999,0.0,0.0,0.0,False,True,False
463,301383822,2172981111,4,gaussian_plus_combined_faults,CombinedErrorSensor,0.65,0.2,0.1,0.05,True,True,False,False,false_completion,0.3792103983015042,75.10000000000001,14.564197433924953,14.353031936537091,0.3742268451770842,0.5572609119690244,0.3782477289409438,0.30709046670570866,0.4686510049309019,0.31641138828164,0.06085787118492558,0.45724297818300974,0.08463494687655139,0.0,0.057375488271181,6.391893932270101,6.3918939322701,0.0,7.979087641984423e-17,2.793066411846225e-16,0.340063029926759,0.3400630299267591,0.42553191489361697,62.300000000000004,7.3000000000000025,5.499999999999997,0.0,0.0,75.10000000000001,0.0,0.0,0.0,0.0,False,True,False
464,2308831160,1833916880,4,gaussian_plus_combined_faults,CombinedErrorSensor,0.65,0.2,0.1,0.05,True,True,False,False,false_completion,0.4157885627434964,66.4,13.953347295279006,13.598028841576136,0.38473440221610034,0.7071067811865476,0.3889230827659707,0.33299628374571255,0.46302297960084304,0.34279754277390034,0.06338715015824634,0.7071067811865476,0.09254374042999568,0.0,0.05,6.12789154440047,6.12789154440047,0.0,8.760328537620479e-17,2.8066088919804617e-16,0.548403825829126,0.548403825829126,0.37744360902255636,54.3,8.100000000000005,2.6000000000000014,1.3999999999999986,0.0,62.2,4.200000000000001,0.0,0.0,0.0,True,True,False
465,3560128294,3313768472,4,gaussian_plus_combined_faults,CombinedErrorSensor,0.65,0.2,0.1,0.05,False,False,False,False,planning_failure,nan,nan,nan,nan,nan,nan,nan,nan,nan,nan,nan,nan,nan,nan,nan,nan,nan,nan,nan,nan,nan,nan,nan,,,,,,,,,,,,,
466,776986923,4124742154,4,gaussian_plus_combined_faults,CombinedErrorSensor,0.65,0.2,0.1,0.05,True,True,False,False,false_completion,0.4698832201473993,71.4,15.666201334876048,15.078529157119956,0.38358766517615717,0.7071067811865476,0.38949821424622616,0.28987927048174106,0.5155089326272061,0.3043214631633458,0.07117506685097756,0.7071067811865476,0.09591269336037518,0.0,0.05,6.786540654626194,6.786540654626195,0.0,9.01620863980941e-17,2.830524433501838e-16,0.3535533905932738,0.3535533905932738,0.4013986013986014,69.5,0.0,0.0,1.8999999999999995,0.0,71.4,0.0,0.0,0.0,0.0,True,False,False
467,2850336734,11142806,4,gaussian_plus_combined_faults,CombinedErrorSensor,0.65,0.2,0.1,0.05,True,True,False,False,false_completion,0.47441887164703933,69.9,14.177883453094083,13.64239060022155,0.3795098272359472,0.5712517217172098,0.3840677530092961,0.323940304480688,0.5104111089042482,0.334305272820671,0.07120903214194259,0.36687252181039487,0.09095810768957137,0.0,0.10431952032584026,6.8978832008249515,6.8978832008249515,0.0,8.516445347185736e-17,2.786162483075207e-16,0.3370353736944985,0.3370353736944985,0.3957142857142857,61.900000000000006,5.299999999999997,2.700000000000001,0.0,0.0,69.7,0.19999999999999574,0.0,0.0,0.0,False,True,False
468,506447374,1862155830,4,gaussian_plus_combined_faults,CombinedErrorSensor,0.65,0.2,0.1,0.05,True,True,False,False,false_completion,0.4785768822546476,78.5,14.754094667461956,14.417552289465485,0.38149220845170195,0.7071067811865476,0.3863739047008843,0.31884304845746775,0.4869473120785903,0.3308954871190378,0.06243246244060514,0.7071067811865476,0.08491830092707169,0.0,0.05,7.278190806054189,7.278190806054189,0.0,7.807041328599286e-17,2.779024842816778e-16,0.3702811380187651,0.3702811380187651,0.43256997455470736,68.2,1.6999999999999957,0.0,8.599999999999996,0.0,78.5,0.0,0.0,0.0,0.0,True,False,False
469,38382694,611277468,4,gaussian_plus_combined_faults,CombinedErrorSensor,0.65,0.2,0.1,0.05,True,True,True,False,safety_violation,0.2740046021137117,69.4,13.795177014129582,13.332308871380153,0.37908288167019455,0.5075566601294518,0.38221390392652876,0.3309978860248553,0.4551372094589006,0.34059900688280054,0.06769909519073007,0.40175085982146486,0.09077859096851183,0.0,0.1346930554518071,6.170591636728014,6.170591636728015,0.0,8.275918106464573e-17,2.387624894196368e-16,0.3112411141570082,0.3112411141570082,0.3899280575539569,61.300000000000004,5.600000000000001,2.5,0.0,0.0,69.4,0.0,0.0,0.0,0.0,False,True,False
470,1614957771,2769797369,4,gaussian_plus_combined_faults,CombinedErrorSensor,0.65,0.2,0.1,0.05,True,True,False,False,false_completion,0.46721380133173046,80.10000000000001,16.108732984812825,15.942426905853702,0.3747580386479762,0.7071067811865476,0.3788740347481051,0.2561290403558534,0.42948001479991643,0.2741214040681999,0.06029877539009515,0.7071067811865476,0.08530869377477711,0.0,0.05,6.986053794911273,6.986053794911273,0.0,8.401966532087972e-17,2.8066088919804617e-16,0.3535533905932738,0.3535533905932738,0.39900249376558605,58.7,14.700000000000001,6.700000000000005,0.0,0.0,73.80000000000001,6.299999999999995,0.0,0.0,0.0,False,True,False
471,1947553387,2982980601,4,gaussian_plus_combined_faults,CombinedErrorSensor,0.65,0.2,0.1,0.05,True,True,False,False,false_completion,0.5160989924478521,62.6,13.3877613061297,13.020113158218148,0.3848687416541975,0.5677396348494711,0.38980585387773564,0.3363422291735309,0.5241848673662438,0.3477466982747929,0.06788207808474392,0.4136650996142236,0.09372137044604062,0.0,0.08049334472591907,6.084993291750395,6.084993291750395,0.0,8.878981049875549e-17,2.618455766672135e-16,0.3839921987139741,0.3839921987139741,0.3891547049441786,59.6,0.0,1.0,2.0,0.0,62.6,0.0,0.0,0.0,0.0,True,True,False
472,1889259062,1512499680,4,gaussian_plus_combined_faults,CombinedErrorSensor,0.65,0.2,0.1,0.05,True,True,False,False,false_completion,0.45106786995605724,80.5,15.99146338867766,15.549183418697293,0.3850404150162959,0.7071067811865476,0.38871741129131526,0.2887649136387012,0.44593859148461346,0.3043870283557333,0.05980954808024657,0.7071067811865476,0.08954769107342485,0.0,0.05,7.251991118451252,7.251991118451253,0.0,7.94860627943759e-17,2.7894008272968645e-16,0.3535533905932738,0.3535533905932738,0.3684863523573201,64.39999999999999,14.50000000000001,0.0,1.5999999999999996,0.0,74.69999999999999,5.8000000000000025,0.0,0.0,0.0,True,False,False
473,3323850896,2015045576,4,gaussian_plus_combined_faults,CombinedErrorSensor,0.65,0.2,0.1,0.05,True,True,True,False,safety_violation,0.14520748723086593,65.5,13.791902309760264,13.483000417236749,0.38247810012717043,0.5463169697302347,0.38643523370075844,0.3208777547203571,0.44483568049799627,0.33125377996407934,0.06306475585300178,0.524120482643502,0.09281152890545784,0.0,0.0732395736112632,5.936840895684852,5.936840895684852,0.0,8.791009828981035e-17,2.8576114088871287e-16,0.30355089528345564,0.3035508952834557,0.33536585365853655,53.599999999999994,8.000000000000002,3.8999999999999986,0.0,0.0,64.89999999999999,0.6000000000000014,0.0,0.0,0.0,False,True,False
474,301557636,2102269319,4,gaussian_plus_combined_faults,CombinedErrorSensor,0.65,0.2,0.1,0.05,True,True,False,False,false_completion,0.4044761221963627,69.5,14.275050680777953,13.83334446636013,0.3839229529931689,0.7071067811865476,0.38811027270783327,0.31929762701928843,0.4720992119122803,0.3269684456394454,0.06121227115050729,0.7071067811865476,0.08864017516648486,0.0,0.05,5.920602888749405,5.920602888749405,0.0,8.695668534750953e-17,2.830524433501838e-16,0.36293402550893306,0.36293402550893306,0.42816091954022983,68.89999999999999,0.0,0.5999999999999996,0.0,0.0,69.5,0.0,0.0,0.0,0.0,False,True,False
475,2131969918,99288110,4,gaussian_plus_combined_faults,CombinedErrorSensor,0.65,0.2,0.1,0.05,True,True,False,False,false_completion,0.42638148696269257,65.2,13.580625144943017,13.247591533482582,0.3790368904156592,0.5521225576307973,0.3827372405451693,0.32578193078385154,0.5146034408894317,0.33335713854198484,0.06353679374092829,0.3254520735057063,0.0837930249668799,0.0,0.004581618262516685,5.941759759114884,5.941759759114885,0.0,8.885483436421852e-17,2.7757743935277205e-16,0.43895688795835947,0.43895688795835947,0.3996937212863706,63.900000000000006,0.0,0.0,1.2999999999999972,0.0,62.7,2.5,0.0,0.0,0.0,True,False,False
476,447607539,1053281374,4,gaussian_plus_combined_faults,CombinedErrorSensor,0.65,0.2,0.1,0.05,True,True,False,False,false_completion,0.41580991330805717,63.300000000000004,13.295940180211275,12.83087512830586,0.37523500084910194,0.5099915213945087,0.3793463115218713,0.32165887297308743,0.4564293636323272,0.331210160406869,0.07597624662554844,0.4737503891604476,0.1036906480916405,0.0,0.009656499569375754,6.198390669966064,6.198390669966064,0.0,9.281195872683102e-17,2.830524433501838e-16,0.25772194490968836,0.2577219449096884,0.40220820189274453,59.1,1.5999999999999943,1.2000000000000028,1.4000000000000021,0.0,63.300000000000004,0.0,0.0,0.0,0.0,True,True,False
477,2621228370,2580436250,4,gaussian_plus_combined_faults,CombinedErrorSensor,0.65,0.2,0.1,0.05,True,True,False,False,false_completion,0.46845433305779305,78.9,15.949200204459395,15.639954835270224,0.3758699652607168,0.5213917551068539,0.37998999283809226,0.29901622894185675,0.5023894101852481,0.31224650499400836,0.06088127322250434,0.4417395420886187,0.08435653226473284,0.08162445492505555,0.1598697399201173,6.83412851221829,6.834128512218289,0.0,8.070248858030895e-17,2.7833528704240246e-16,0.3169654368880928,0.3169654368880928,0.3962025316455696,70.1,8.8,0.0,0.0,0.0,78.9,0.0,0.0,0.0,0.0,False,False,False
478,2875798271,4241047379,4,gaussian_plus_combined_faults,CombinedErrorSensor,0.65,0.2,0.1,0.05,False,False,False,False,planning_failure,nan,nan,nan,nan,nan,nan,nan,nan,nan,nan,nan,nan,nan,nan,nan,nan,nan,nan,nan,nan,nan,nan,nan,,,,,,,,,,,,,
479,97946494,3150012955,4,gaussian_plus_combined_faults,CombinedErrorSensor,0.65,0.2,0.1,0.05,True,True,False,False,false_completion,0.41214674236820464,71.8,14.740488319490138,14.288774542451284,0.37303375065023314,0.5530360740933419,0.3781007162320544,0.28985898645052494,0.5131242850340982,0.2999112595428071,0.06520276521791973,0.3786124037010828,0.087550268193421,0.12339125110611704,0.1713875962989172,6.686501790299358,6.686501790299358,0.0,8.288265178777331e-17,2.830524433501838e-16,0.31973935158064615,0.31973935158064615,0.4061196105702365,65.69999999999999,6.100000000000001,0.0,0.0,0.0,71.8,0.0,0.0,0.0,0.0,False,False,False
480,2941189654,1656477099,4,gaussian_plus_combined_faults,CombinedErrorSensor,0.65,0.2,0.1,0.05,True,True,False,False,false_completion,0.3861582991514645,73.7,14.290050363044699,14.043394241321641,0.37708481118337317,0.5879047020090691,0.38223633140192403,0.3173741982771929,0.5037143146958336,0.32717637727681265,0.06460716085050089,0.3516473338825077,0.08433098917065718,0.2094645581036012,0.044578559960245734,6.428244032598325,6.428244032598325,0.0,8.292182214999526e-17,2.237726045655905e-16,0.30483725567779835,0.30483725567779835,0.3929539295392954,60.50000000000001,13.199999999999996,0.0,0.0,0.0,68.6,5.100000000000001,0.0,0.0,0.0,False,False,False
481,1120920137,1371190207,4,gaussian_plus_combined_faults,CombinedErrorSensor,0.65,0.2,0.1,0.05,True,True,False,False,false_completion,0.4834504178991932,66.4,13.640608577682425,13.283588461063617,0.38138686401005584,0.5324207664148448,0.3851926793138103,0.3233638564356134,0.4805585243641237,0.3303788823570085,0.06261518238815532,0.47563182324069414,0.0894737698779578,0.0,0.09561881827672569,5.7283838075841285,5.7283838075841285,0.0,8.690707701042669e-17,2.779024842816778e-16,0.21851167637822766,0.21851167637822774,0.37593984962406013,61.10000000000001,3.299999999999997,2.0,0.0,0.0,66.4,0.0,0.0,0.0,0.0,False,True,False
482,1441686073,3249876181,4,gaussian_plus_combined_faults,CombinedErrorSensor,0.65,0.2,0.1,0.05,True,True,True,False,safety_violation,0.299711998024143,74.60000000000001,14.630368811450705,14.277741518597749,0.373779734802754,0.5326229185596135,0.3775876256034318,0.3097715253725431,0.43802388918565893,0.31741043771030514,0.05662793884476174,0.4215439705540536,0.07707329418100684,0.0,0.17403846909166418,6.534788117722546,6.534788117722546,0.0,8.012196158919429e-17,2.7651296315394197e-16,0.2746682809496733,0.2746682809496733,0.35876840696117807,53.199999999999996,20.700000000000006,0.7000000000000011,0.0,0.0,72.6,2.0000000000000053,0.0,0.0,0.0,False,True,False
483,1404618197,1265139002,4,gaussian_plus_combined_faults,CombinedErrorSensor,0.65,0.2,0.1,0.05,True,True,False,False,false_completion,0.39232485318142984,74.2,14.522009221642115,14.031073245557806,0.3696980328658367,0.7071067811865476,0.3736692260767928,0.29090984549606586,0.4487387867837402,0.3034044078363314,0.07055962026424978,0.7071067811865476,0.09907486403207098,0.0,0.05,6.746272782059745,6.746272782059746,0.0,8.147868474734008e-17,2.830524433501838e-16,0.3535533905932738,0.3535533905932738,0.3930013458950202,64.8,8.299999999999997,0.0,1.1000000000000014,0.0,73.1,1.1000000000000014,0.0,0.0,0.0,True,False,False
484,1244476722,2560154243,4,gaussian_plus_combined_faults,CombinedErrorSensor,0.65,0.2,0.1,0.05,True,True,False,False,false_completion,0.3870753928117556,72.7,14.73122780824568,14.345063897610917,0.3766376555400601,0.528815063346455,0.3806165526455915,0.30495828744299847,0.46379138774651507,0.3226486228329493,0.06398818012057055,0.47871355496149726,0.08432677116158027,0.0,0.04127656631101395,6.653382542567181,6.653382542567181,0.0,8.357656218180083e-17,2.7928509224031823e-16,0.3306953218583917,0.3306953218583916,0.3928571428571429,58.400000000000006,11.099999999999994,0.0,3.1999999999999993,0.0,66.60000000000001,6.099999999999994,0.0,0.0,0.0,True,False,False
485,3564904496,3242463166,4,gaussian_plus_combined_faults,CombinedErrorSensor,0.65,0.2,0.1,0.05,True,True,False,False,false_completion,0.3057935977636481,73.4,15.377286471748878,14.793251042413331,0.38498398739309964,0.5736191825628484,0.38895713329577897,0.2910149107004658,0.43931659751332625,0.3018608189573921,0.056381385395804416,0.3304954961369566,0.07541176545585114,0.0,0.10344929005403447,6.3011814371290225,6.301181437129021,0.0,8.219082679132582e-17,2.7894008272968645e-16,0.263701618656868,0.2637016186568679,0.38911564625850337,62.20000000000001,4.7,2.1999999999999957,4.300000000000001,0.0,71.8,1.6000000000000005,0.0,0.0,0.0,True,True,False
486,844619944,1080847503,4,gaussian_plus_combined_faults,CombinedErrorSensor,0.65,0.2,0.1,0.05,True,True,True,True,goal_reached,0.1817050559927831,73.9,15.142249159174359,14.89927061984796,0.3738305056709381,0.7071067811865476,0.37841118906378685,0.2805373644694064,0.40170574408836723,0.2953892252023987,0.058883893298389466,0.7071067811865476,0.08564840753319602,0.00723702583556296,0.05,6.628160409324849,6.628160409324849,0.0,8.498657893664397e-17,2.897767167584095e-16,0.3535533905932738,0.3535533905932738,0.4135135135135135,62.400000000000006,11.5,0.0,0.0,0.0,69.2,4.700000000000003,0.0,0.0,0.0,False,False,False
487,2665329952,3776639358,4,gaussian_plus_combined_faults,CombinedErrorSensor,0.65,0.2,0.1,0.05,True,True,False,False,false_completion,0.30448183614466706,76.2,15.88202917334894,15.183657102091942,0.3871877288453081,0.7071067811865476,0.39248925127623074,0.3056019248884475,0.48746078461805525,0.31861972297859503,0.07196127724507528,0.7071067811865476,0.0991084660697382,0.0,0.05,6.967350451906166,6.967350451906166,0.0,8.230826550575462e-17,3.1031676915590914e-16,0.3535533905932738,0.3535533905932738,0.4285714285714286,65.3,6.6000000000000085,4.299999999999997,0.0,0.0,76.2,0.0,0.0,0.0,0.0,False,True,False
488,206684354,2480945970,4,gaussian_plus_combined_faults,CombinedErrorSensor,0.65,0.2,0.1,0.05,True,True,True,False,safety_violation,0.29659257621945806,69.10000000000001,14.507217687553615,14.18900133256719,0.3775819329318252,0.5622370065209759,0.3823023735841716,0.31395346022208404,0.46246807634910564,0.32456785990778664,0.06238061563117421,0.33961602211663927,0.08414629955910903,0.0,0.04679426091089938,6.789121051828472,6.789121051828472,0.0,8.541710667558207e-17,2.8066088919804617e-16,0.36598444169802963,0.36598444169802963,0.40895953757225434,59.70000000000001,3.3999999999999986,0.0,6.0,0.0,68.9,0.1999999999999993,0.0,0.0,0.0,True,False,False
489,230487301,332724478,4,gaussian_plus_combined_faults,CombinedErrorSensor,0.65,0.2,0.1,0.05,True,True,False,False,false_completion,0.4307647802689242,67.0,13.652599206397465,13.115226478379096,0.383649514592078,0.7071067811865476,0.3882185536405524,0.33952530881300963,0.5000252595242968,0.3502525739525513,0.07771308067430298,0.7071067811865476,0.10499819920147772,0.0,0.05,5.911622490773646,5.911622490773647,0.0,8.843939301603605e-17,2.9893669801409083e-16,0.3535533905932738,0.3535533905932738,0.40834575260804773,64.8,0.0,2.1999999999999993,0.0,0.0,67.0,0.0,0.0,0.0,0.0,False,True,False
490,2649271792,2500886733,4,gaussian_plus_combined_faults,CombinedErrorSensor,0.65,0.2,0.1,0.05,True,True,False,False,false_completion,0.4572067014131013,72.5,15.672935233263667,15.286704341049898,0.3753208882271449,0.5971509631485025,0.38054144147218355,0.2674951441661786,0.46124464714443764,0.2808918591646341,0.06050098125990765,0.45760790817730834,0.08329010933893062,0.0,0.13784744288241502,6.832764602754715,6.832764602754715,0.0,8.746254295960273e-17,2.830524433501838e-16,0.3509748956209329,0.3509748956209329,0.42699724517906334,65.5,3.5,0.0,3.5,0.0,71.99999999999999,0.5000000000000071,0.0,0.0,0.0,True,False,False
491,1901333916,3597879735,4,gaussian_plus_combined_faults,CombinedErrorSensor,0.65,0.2,0.1,0.05,True,True,False,False,false_completion,0.4465703753435558,69.10000000000001,13.955547124828467,13.3980018116655,0.3861698500104583,0.5349340141723538,0.3906898807508092,0.32916994436453667,0.45979916615725736,0.33771222359424025,0.07570017763670876,0.39925352573312456,0.10191397719809331,0.16930854609950075,0.19233056162123952,6.190501110278624,6.190501110278625,0.0,8.351196918409017e-17,2.830524433501838e-16,0.2746049900778166,0.2746049900778167,0.4060693641618497,62.000000000000014,7.099999999999994,0.0,0.0,0.0,68.50000000000001,0.5999999999999943,0.0,0.0,0.0,False,False,False
492,731024186,1289400343,4,gaussian_plus_combined_faults,CombinedErrorSensor,0.65,0.2,0.1,0.05,True,True,False,False,false_completion,0.347373339189883,68.10000000000001,14.331735107359858,13.97681524964933,0.3785219870412644,0.7071067811865476,0.3820647186946124,0.2977157754236095,0.4835739630341378,0.3128435385520815,0.06476297344534883,0.7071067811865476,0.09346415619714245,0.0,0.05,6.408788018335464,6.408788018335464,0.0,8.845053747034013e-17,2.7833528704240246e-16,0.3535533905932738,0.3535533905932738,0.3973607038123167,61.300000000000004,5.300000000000004,1.5,0.0,0.0,66.3,1.8000000000000007,0.0,0.0,0.0,False,True,False
493,602705326,1652745490,4,gaussian_plus_combined_faults,CombinedErrorSensor,0.65,0.2,0.1,0.05,True,True,False,False,false_completion,0.5051448220935706,71.8,15.571401981073961,15.116970340808157,0.3807413713573999,0.5283143858776073,0.384716797147033,0.30112099057208674,0.5000557054501137,0.3200441892170643,0.06385540825748513,0.48513755873813025,0.08961728121390306,0.05350540296359618,0.052366122899089484,6.904752799810867,6.904752799810867,0.0,9.051197011435465e-17,2.897767167584095e-16,0.2656256850331249,0.2656256850331249,0.3852573018080667,70.19999999999999,1.6000000000000014,0.0,0.0,0.0,71.8,0.0,0.0,0.0,0.0,False,False,False
494,1847664839,2928025270,4,gaussian_plus_combined_faults,CombinedErrorSensor,0.65,0.2,0.1,0.05,True,True,True,False,safety_violation,0.2699365200533997,70.9,14.144607933685762,13.984454172833294,0.38044468538989357,0.5481818178990849,0.3849287303949378,0.315244273982258,0.4842439526114862,0.3259253802582522,0.06853060752360837,0.42428846609960386,0.09708304024637485,0.0,0.10885184802934056,6.6885306140769885,6.6885306140769885,0.0,8.023438531411222e-17,2.237726045655905e-16,0.2632121329290128,0.26321213292901274,0.4112676056338028,63.9,0.6000000000000014,6.400000000000002,0.0,0.0,70.9,0.0,0.0,0.0,0.0,False,True,False
495,4098558235,3215272856,4,gaussian_plus_combined_faults,CombinedErrorSensor,0.65,0.2,0.1,0.05,True,True,False,False,false_completion,0.42375987617257,84.7,17.006084104908027,16.888145773336966,0.38284783727542443,0.5531898298907811,0.38782542608684056,0.2817805213050339,0.45639344126243464,0.30627354960867276,0.0599964557783146,0.41715979547669824,0.08016110529633975,0.0,0.10114634780843268,7.81800645369648,7.81800645369648,0.0,8.599445298958953e-17,2.830524433501838e-16,0.2994522175938725,0.2994522175938725,0.4327830188679245,73.5,9.799999999999997,1.3999999999999986,0.0,0.0,84.7,0.0,0.0,0.0,0.0,False,True,False
496,2717390137,1350678647,4,gaussian_plus_combined_faults,CombinedErrorSensor,0.65,0.2,0.1,0.05,True,True,True,False,safety_violation,0.2843207910314781,87.4,17.74895111501413,17.32662647717314,0.3738711165083619,0.7071067811865476,0.37891315220067273,0.24453039179289743,0.43605612653177594,0.2570201438031716,0.06838300969702309,0.7071067811865476,0.09191955618025853,0.0,0.05,8.470593006926556,8.470593006926556,0.0,8.128674435083477e-17,2.830524433501838e-16,0.3535533905932738,0.3535533905932738,0.37828571428571434,71.39999999999999,8.800000000000011,4.900000000000009,2.3000000000000007,0.0,84.20000000000003,3.1999999999999744,0.0,0.0,0.0,True,True,False
497,640233742,749597644,4,gaussian_plus_combined_faults,CombinedErrorSensor,0.65,0.2,0.1,0.05,True,True,True,False,safety_violation,0.17597509247392526,68.2,14.051710761087147,13.761161644053859,0.38110952436740897,0.534297896203088,0.3844087943348128,0.3270838944843944,0.4835930017445701,0.33548704262118734,0.052074774150294295,0.392306984445807,0.0749551507869859,0.0,0.11874952147104918,5.984690392671954,5.984690392671955,0.0,8.770071673829394e-17,2.779024842816778e-16,0.38297074610026294,0.382970746100263,0.4187408491947291,60.1,4.0,0.0,4.099999999999996,0.0,68.2,0.0,0.0,0.0,0.0,True,False,False
498,2648700291,2637678906,4,gaussian_plus_combined_faults,CombinedErrorSensor,0.65,0.2,0.1,0.05,True,True,False,False,false_completion,0.327570239499693,72.10000000000001,15.249994295093325,14.74574009704064,0.3840689620919436,0.5740671275856624,0.3882463874448485,0.32941310254646017,0.4510235438505981,0.3427255229957385,0.06388970293407682,0.5165332026336601,0.09141473209441414,0.1880620621577534,0.04390552280594708,6.9820767676565065,6.9820767676565065,0.0,8.79144519251446e-17,2.8609792490763985e-16,0.3288842595775784,0.3288842595775784,0.3905817174515236,53.7,18.400000000000006,0.0,0.0,0.0,70.3,1.8000000000000007,0.0,0.0,0.0,False,False,False
499,3219993521,3284632546,4,gaussian_plus_combined_faults,CombinedErrorSensor,0.65,0.2,0.1,0.05,True,True,False,False,false_completion,0.35558990074486807,68.2,13.995758951313135,13.541109866662305,0.3740380451189307,0.5549447750823652,0.3780767647974939,0.3282115569145471,0.4861082348520198,0.3367117433972975,0.07093044596043746,0.5276912987855328,0.09670528362582279,0.0,0.03925295228077573,6.559988804089484,6.559988804089484,0.0,8.668123564169111e-17,2.7894008272968645e-16,0.3585651627060672,0.35856516270606725,0.3967789165446559,54.50000000000001,11.599999999999998,0.0,2.099999999999998,0.0,62.7,5.5,0.0,0.0,0.0,True,False,False
