trial,environment_seed,sensor_seed,sensor_scenario,sensor_scenario_name,sensor_model,free_probability,occupied_probability,disallowed_probability,restricted_probability,planning_success,onboard_completion,true_goal_reached,true_mission_success,termination_state,final_true_distance,completion_time,actual_path_length,planned_path_length,mean_estimation_error,max_estimation_error,rmse_estimation_error,mean_true_cross_track_error,max_true_cross_track_error,rmse_true_cross_track_error,mean_estimated_cross_track_error,max_estimated_cross_track_error,rmse_estimated_cross_track_error,minimum_true_clearance,minimum_estimated_clearance,commanded_control_effort,applied_control_effort,control_saturation_fraction,mean_control_saturation_error,max_control_saturation_error,max_commanded_acceleration,max_applied_acceleration,measurement_dropout_fraction,true_free_time,true_occupied_time,true_disallowed_time,true_restricted_time,true_out_of_bounds_time,estimated_free_time,estimated_occupied_time,estimated_disallowed_time,estimated_restricted_time,estimated_out_of_bounds_time,restricted_violation,disallowed_violation,out_of_bounds_violation
0,2730937650,2972426433,3,gaussian_plus_dropout,CombinedErrorSensor,0.65,0.2,0.1,0.05,True,True,True,True,goal_reached,0.19016554550354667,73.9,14.466171662939955,14.454892214981566,0.06030707997238583,0.7071067811865476,0.07635710317310715,0.04455987630702654,0.11676779286417727,0.055326155951692275,0.05233671806306661,0.7071067811865476,0.07354946426353733,0.20518141303045956,0.05,5.8473864754163145,5.847386475416315,0.0,8.070625591047808e-17,2.7757743935277205e-16,0.3901774048838206,0.3901774048838206,0.4162162162162162,73.9,0.0,0.0,0.0,0.0,73.9,0.0,0.0,0.0,0.0,False,False,False
1,725595369,1766001812,3,gaussian_plus_dropout,CombinedErrorSensor,0.65,0.2,0.1,0.05,True,True,True,True,goal_reached,0.2006545001224079,68.3,14.019088509655482,14.18806012461787,0.057586355371386885,0.19258954380872628,0.06510704103981742,0.03109838425919779,0.08458199780037304,0.03732991381159268,0.044950953206209,0.20242618564767548,0.057103733758092176,0.19822835738940023,0.12028074700541957,5.603674620874436,5.603674620874436,0.0,8.672364737092876e-17,2.7894008272968645e-16,0.24951047050873276,0.24951047050873282,0.39181286549707606,68.3,0.0,0.0,0.0,0.0,68.1,0.1999999999999993,0.0,0.0,0.0,False,False,False
2,696368142,856203148,3,gaussian_plus_dropout,CombinedErrorSensor,0.65,0.2,0.1,0.05,True,True,True,True,goal_reached,0.2018442229848969,66.8,12.785989908189118,12.835580577877149,0.0593359857825046,0.19940064456309278,0.0671162266192325,0.040634967105518054,0.08495832851997298,0.04647061002454844,0.051136982198593785,0.18165676535000574,0.062273355531340883,0.11739614871304509,0.1275640150724186,5.395308611320301,5.395308611320303,0.0,8.644068587055406e-17,1.962615573354719e-16,0.30408560071203794,0.30408560071203794,0.3961136023916293,66.8,0.0,0.0,0.0,0.0,66.8,0.0,0.0,0.0,0.0,False,False,False
3,707573593,2121814943,3,gaussian_plus_dropout,CombinedErrorSensor,0.65,0.2,0.1,0.05,True,True,True,True,goal_reached,0.17364739630264303,67.7,13.863870421669604,13.975985827963239,0.0658582118460718,0.7071067811865476,0.0884640563617549,0.03296000004080235,0.1206872476880183,0.042427393492079954,0.05436047253568096,0.7071067811865476,0.08331894877778576,0.20397035885076364,0.05,5.65162163335515,5.65162163335515,0.0,8.1658926417067e-17,2.498001805406602e-16,0.3535533905932738,0.3535533905932738,0.3938053097345132,62.4,5.300000000000004,0.0,0.0,0.0,62.0,5.700000000000003,0.0,0.0,0.0,False,False,False
4,1443673076,4002826033,3,gaussian_plus_dropout,CombinedErrorSensor,0.65,0.2,0.1,0.05,True,True,False,False,false_completion,0.3275370420603998,73.3,15.221085057828939,15.333738415326255,0.06387170933572593,0.7071067811865476,0.07611540162059284,0.041945712797572386,0.11148393783919386,0.0517546156616204,0.05452590751838173,0.7071067811865476,0.07399969667247447,0.16315915031575887,0.05,6.414767014331428,6.41476701433143,0.0,8.314747585237148e-17,2.7894008272968645e-16,0.3535533905932738,0.3535533905932738,0.40326975476839233,72.1,1.1999999999999957,0.0,0.0,0.0,71.6,1.6999999999999957,0.0,0.0,0.0,False,False,False
5,1283743613,2132980747,3,gaussian_plus_dropout,CombinedErrorSensor,0.65,0.2,0.1,0.05,True,True,True,True,goal_reached,0.10080808941233972,69.4,13.911474099526622,13.845509908924008,0.0624228543454504,0.17646680688265828,0.06994344076199878,0.035002348551800504,0.1382161201761824,0.0442284797379335,0.051083525442336686,0.22416945351652545,0.06576298754849008,0.13393870378345327,0.10673366853879794,5.816148646153582,5.816148646153583,0.0,8.388686300786607e-17,2.7894008272968645e-16,0.2672330659821676,0.2672330659821676,0.4201438848920863,69.4,0.0,0.0,0.0,0.0,69.4,0.0,0.0,0.0,0.0,False,False,False
6,2118442539,3858050010,3,gaussian_plus_dropout,CombinedErrorSensor,0.65,0.2,0.1,0.05,True,True,True,True,goal_reached,0.19574040010718277,80.0,15.316444623231913,15.480072929749646,0.06038337492927499,0.24820413286823365,0.07085536838479749,0.037678355615975476,0.14905765112000546,0.05044831434059847,0.05019835337081532,0.1918773702631471,0.06397713170903867,0.10094234887999454,0.0872718345142971,6.425985253923196,6.425985253923196,0.0,7.849941485969341e-17,2.8066088919804617e-16,0.2722544894697253,0.2722544894697253,0.44194756554307113,79.5,0.4999999999999929,0.0,0.0,0.0,79.10000000000001,0.8999999999999915,0.0,0.0,0.0,False,False,False
7,1122514226,3692069387,3,gaussian_plus_dropout,CombinedErrorSensor,0.65,0.2,0.1,0.05,True,True,True,True,goal_reached,0.20794469689568051,72.2,14.353540289766904,14.29819271388575,0.06208681109507147,0.7071067811865476,0.07407405787889691,0.0536096551172675,0.16107218273243154,0.06855935329794337,0.06402013474614959,0.7071067811865476,0.08499734236513695,0.15629235594417493,0.05,6.183342274723386,6.183342274723386,0.0,8.314031072325015e-17,2.7755575615628914e-16,0.3535533905932738,0.3535533905932738,0.4163208852005532,65.5,6.699999999999996,0.0,0.0,0.0,63.5,8.7,0.0,0.0,0.0,False,False,False
8,2945440137,252367688,3,gaussian_plus_dropout,CombinedErrorSensor,0.65,0.2,0.1,0.05,True,True,True,True,goal_reached,0.14237608551766218,73.2,14.610810784564244,14.679742900388355,0.06072544695178983,0.7071067811865476,0.0865991245343309,0.0377401751556978,0.15175136737967865,0.049501828372538886,0.056991737133706956,0.7071067811865476,0.08534035170487952,0.22427624832244883,0.05,6.312839864756252,6.312839864756251,0.0,8.144128857139601e-17,2.776424787817943e-16,0.4494744420801246,0.4494744420801246,0.39427012278308327,73.2,0.0,0.0,0.0,0.0,73.2,0.0,0.0,0.0,0.0,False,False,False
9,278029302,3907757283,3,gaussian_plus_dropout,CombinedErrorSensor,0.65,0.2,0.1,0.05,True,True,True,True,goal_reached,0.2074815956882663,67.5,14.165051462386753,14.10187113209799,0.06524034528689987,0.30320231675721115,0.07507281733495078,0.0526621440942489,0.14283551198520517,0.0635375440711532,0.058199389691705634,0.2760886238097588,0.07337597508575172,0.24294578355968532,0.190220454714777,5.917543339510587,5.917543339510587,0.0,8.169778718751025e-17,2.830524433501838e-16,0.40020935126432744,0.40020935126432744,0.42603550295857984,67.5,0.0,0.0,0.0,0.0,67.39999999999999,0.09999999999999964,0.0,0.0,0.0,False,False,False
10,3616197823,2935630276,3,gaussian_plus_dropout,CombinedErrorSensor,0.65,0.2,0.1,0.05,True,True,True,True,goal_reached,0.2136986161659609,68.5,13.898267626708002,14.041210033374572,0.06067995863904265,0.7071067811865476,0.07356949055893815,0.03546408224279942,0.09996510931380206,0.04368818500486151,0.053239701291641454,0.7071067811865476,0.06995720991428465,0.11957307036530061,0.03686457521954203,5.954075235224647,5.954075235224647,0.0,8.343648736305418e-17,2.776424787817943e-16,0.41121138774457233,0.41121138774457233,0.39504373177842567,68.5,0.0,0.0,0.0,0.0,68.5,0.0,0.0,0.0,0.0,False,False,False
11,1745707571,4237896947,3,gaussian_plus_dropout,CombinedErrorSensor,0.65,0.2,0.1,0.05,True,True,True,True,goal_reached,0.18001364111803184,69.10000000000001,13.767911854121536,13.79375447390864,0.0605435976589216,0.17819120486506015,0.06878462514822938,0.049005343865639456,0.1360636353265067,0.058782486418789484,0.056080587000320405,0.178437842544156,0.06905579407974234,0.16921510289806702,0.15561780192998625,5.4545595398990265,5.4545595398990265,0.0,8.117566090400317e-17,2.5133742693021536e-16,0.40055098478427065,0.4005509847842708,0.3930635838150289,69.10000000000001,0.0,0.0,0.0,0.0,69.10000000000001,0.0,0.0,0.0,0.0,False,False,False
12,2210454256,3908414215,3,gaussian_plus_dropout,CombinedErrorSensor,0.65,0.2,0.1,0.05,True,True,True,True,goal_reached,0.18884846266323566,86.4,17.10888756784084,17.111446185678226,0.06072952074210035,0.20301134575984414,0.06855619025434681,0.030087596632634685,0.11134582234532786,0.03821646792280712,0.04884724901481143,0.2134243318382019,0.06246070749673913,0.14752758616455908,0.10346454105212224,7.101158458240569,7.101158458240569,0.0,8.332499529754865e-17,2.7833528704240246e-16,0.2359484686798461,0.23594846867984617,0.4034682080924855,83.5,2.8999999999999986,0.0,0.0,0.0,83.89999999999999,2.5000000000000036,0.0,0.0,0.0,False,False,False
13,2511590377,3203569087,3,gaussian_plus_dropout,CombinedErrorSensor,0.65,0.2,0.1,0.05,False,False,False,False,planning_failure,nan,nan,nan,nan,nan,nan,nan,nan,nan,nan,nan,nan,nan,nan,nan,nan,nan,nan,nan,nan,nan,nan,nan,,,,,,,,,,,,,
14,2274882830,1406550982,3,gaussian_plus_dropout,CombinedErrorSensor,0.65,0.2,0.1,0.05,True,True,True,True,goal_reached,0.21137998267674213,71.9,14.315274742383123,14.352066650916205,0.0631396886103496,0.20016696755791333,0.07302635293259208,0.045657113543580485,0.19111251498951895,0.05911031178846697,0.05555656495460079,0.21801014354464043,0.07124600194102453,0.15299030430121627,0.06736457879731135,5.968600460855368,5.968600460855368,0.0,7.970141088858737e-17,2.7755575615628914e-16,0.3082551971306206,0.3082551971306206,0.4194444444444444,69.5,2.4000000000000057,0.0,0.0,0.0,70.6,1.3000000000000043,0.0,0.0,0.0,False,False,False
15,1306523764,2141035876,3,gaussian_plus_dropout,CombinedErrorSensor,0.65,0.2,0.1,0.05,True,True,True,True,goal_reached,0.1294355669212774,67.60000000000001,13.865304362388692,13.899657054491193,0.05909303887151211,0.7071067811865476,0.0717033289151596,0.03486244451413111,0.158840989339091,0.047875418712299056,0.05891225870817195,0.7071067811865476,0.07839987700821104,0.1435905039501858,0.05,5.620171727821958,5.620171727821959,0.0,8.322477350353053e-17,2.7833528704240246e-16,0.3535533905932738,0.3535533905932738,0.39881831610044316,67.4,0.19999999999999574,0.0,0.0,0.0,66.9,0.7000000000000028,0.0,0.0,0.0,False,False,False
16,1010042146,3658271060,3,gaussian_plus_dropout,CombinedErrorSensor,0.65,0.2,0.1,0.05,True,True,True,True,goal_reached,0.20735285713075083,73.0,14.29498137002961,14.44750680147757,0.05681527672949516,0.7071067811865476,0.06816565330787731,0.0356707866490339,0.13680145644050418,0.04506404244426084,0.049206001408252445,0.7071067811865476,0.06769972567538521,0.4428566756652218,0.05,5.701945714707201,5.7019457147072,0.0,7.98659386255275e-17,2.830524433501838e-16,0.3535533905932738,0.3535533905932738,0.387140902872777,73.0,0.0,0.0,0.0,0.0,73.0,0.0,0.0,0.0,0.0,False,False,False
17,2786688297,2335196008,3,gaussian_plus_dropout,CombinedErrorSensor,0.65,0.2,0.1,0.05,True,True,True,True,goal_reached,0.25245118370698283,84.0,17.18914216943317,17.42815837391544,0.06086866222262671,0.7071067811865476,0.07216242557095581,0.033796349698865365,0.10853102798893843,0.042705639971636206,0.05297397952940531,0.7071067811865476,0.06901424506154302,0.16221904569474357,0.05,6.51620316588833,6.516203165888329,0.0,8.281304979491103e-17,2.776045409667003e-16,0.3535533905932738,0.3535533905932738,0.3721759809750297,84.0,0.0,0.0,0.0,0.0,83.8,0.1999999999999993,0.0,0.0,0.0,False,False,False
18,3018799164,2492545633,3,gaussian_plus_dropout,CombinedErrorSensor,0.65,0.2,0.1,0.05,False,False,False,False,planning_failure,nan,nan,nan,nan,nan,nan,nan,nan,nan,nan,nan,nan,nan,nan,nan,nan,nan,nan,nan,nan,nan,nan,nan,,,,,,,,,,,,,
19,102116917,2305910465,3,gaussian_plus_dropout,CombinedErrorSensor,0.65,0.2,0.1,0.05,True,True,True,True,goal_reached,0.25012493082587794,76.60000000000001,14.849611299862808,15.069904982644191,0.06060843921913103,0.2186896035703056,0.06860560627514602,0.040900049334844195,0.13263261449283914,0.05192995240768422,0.053348220101628416,0.2186896035703056,0.0654027156224551,0.08837356452881662,0.06836268959936517,6.2975880686286185,6.2975880686286185,0.0,7.868018510842649e-17,2.779024842816778e-16,0.35230627462844655,0.35230627462844644,0.3833116036505867,75.5,1.1000000000000014,0.0,0.0,0.0,75.7,0.9000000000000021,0.0,0.0,0.0,False,False,False
20,3818948148,4038365003,3,gaussian_plus_dropout,CombinedErrorSensor,0.65,0.2,0.1,0.05,True,True,True,True,goal_reached,0.13106526635617646,72.5,15.336799158461362,15.53475537394618,0.0571992506772151,0.162375216464255,0.06550736782600033,0.03275388436539284,0.11304758206347651,0.042386192638640824,0.04609001360395009,0.17912838299467576,0.05797147938164126,0.17683269411663055,0.08111999293626952,6.13050122058573,6.13050122058573,0.0,8.817150265579009e-17,2.852763173004607e-16,0.3757140070473486,0.3757140070473486,0.3870523415977961,68.3,4.200000000000003,0.0,0.0,0.0,68.7,3.799999999999997,0.0,0.0,0.0,False,False,False
21,1630693696,702805332,3,gaussian_plus_dropout,CombinedErrorSensor,0.65,0.2,0.1,0.05,True,True,False,False,false_completion,0.3052279671935263,70.60000000000001,13.737965866612557,13.96383903277059,0.06278826315265054,0.7071067811865476,0.08583693159102448,0.0374462463517705,0.14632818945987375,0.04766388101088232,0.05356936896862795,0.7071067811865476,0.08203874816993617,0.26074628389778787,0.05,5.71540880977937,5.71540880977937,0.0,8.02958943536568e-17,2.592584715281538e-16,0.3535533905932738,0.3535533905932738,0.4073550212164073,70.1,0.5000000000000018,0.0,0.0,0.0,69.7,0.9000000000000004,0.0,0.0,0.0,False,False,False
22,3668936892,1048787770,3,gaussian_plus_dropout,CombinedErrorSensor,0.65,0.2,0.1,0.05,True,True,True,True,goal_reached,0.16497678919793046,78.4,16.1715329555822,16.18835733924556,0.05670169270774185,0.23309158099191254,0.06561507433440185,0.03262693150513321,0.11866911388826774,0.04238080151459137,0.04713393739312007,0.2472079929865087,0.059689638732042576,0.21322691784679162,0.12913903837418683,6.826256827815413,6.826256827815413,0.0,8.428252507314082e-17,2.7894008272968645e-16,0.3481565948872284,0.34815659488722833,0.37579617834394907,72.3,6.1000000000000085,0.0,0.0,0.0,72.1,6.300000000000004,0.0,0.0,0.0,False,False,False
23,3826687389,3806095897,3,gaussian_plus_dropout,CombinedErrorSensor,0.65,0.2,0.1,0.05,True,True,True,True,goal_reached,0.16327526002579545,70.60000000000001,14.067209031599027,14.111939694775828,0.06471473159654284,0.7071067811865476,0.08346758972828353,0.04211730214809324,0.1381728633612218,0.05095434020724823,0.06109418316574049,0.7071067811865476,0.0858005236039318,0.13905944826882993,0.05,6.014009409795527,6.014009409795527,0.0,8.61045343784863e-17,2.779024842816778e-16,0.3535533905932738,0.3535533905932738,0.3988684582743989,70.60000000000001,0.0,0.0,0.0,0.0,70.60000000000001,0.0,0.0,0.0,0.0,False,False,False
24,173106281,2255675188,3,gaussian_plus_dropout,CombinedErrorSensor,0.65,0.2,0.1,0.05,False,False,False,False,planning_failure,nan,nan,nan,nan,nan,nan,nan,nan,nan,nan,nan,nan,nan,nan,nan,nan,nan,nan,nan,nan,nan,nan,nan,,,,,,,,,,,,,
25,1785024439,1397878296,3,gaussian_plus_dropout,CombinedErrorSensor,0.65,0.2,0.1,0.05,True,True,True,True,goal_reached,0.26515693190577927,59.2,12.859047990750092,12.984916865703093,0.06178144109526871,0.17239114899068259,0.06851305237963017,0.03622056187920827,0.1218381904090446,0.044818160417716094,0.0487687395209252,0.20866356463252841,0.06391544239187986,0.35780535187789536,0.2983717093018227,5.230266665545799,5.2302666655458,0.0,9.379343281502289e-17,2.5324586304240974e-16,0.34202606310454864,0.34202606310454864,0.39460370994940974,57.400000000000006,1.7999999999999972,0.0,0.0,0.0,56.400000000000006,2.799999999999997,0.0,0.0,0.0,False,False,False
26,417408578,3621816617,3,gaussian_plus_dropout,CombinedErrorSensor,0.65,0.2,0.1,0.05,True,True,True,True,goal_reached,0.19239916334650903,71.8,13.93888090589659,14.030958523617288,0.061825002573431154,0.15603795262555403,0.06915710981533807,0.043975308771306704,0.13019307696881197,0.05446484544409074,0.05724236629213054,0.19694961969136768,0.07036830383193378,0.22090977210608206,0.20910166419898069,5.749364955537266,5.749364955537266,0.0,8.016466431236705e-17,1.6939998869943826e-16,0.3324115196282346,0.3324115196282346,0.41307371349095967,71.8,0.0,0.0,0.0,0.0,71.19999999999999,0.6000000000000014,0.0,0.0,0.0,False,False,False
27,3501454577,3222647000,3,gaussian_plus_dropout,CombinedErrorSensor,0.65,0.2,0.1,0.05,True,True,True,True,goal_reached,0.22630697040523978,71.60000000000001,14.061933943696395,14.31390757960287,0.05485449715358255,0.15231288872362986,0.06218223783808866,0.03748044374508761,0.14239988336679488,0.05027957094696624,0.04333231060091717,0.16341607787266207,0.05437881626844332,0.059894923901116635,0.11376391365948535,5.529124062730042,5.529124062730042,0.0,7.603614756249377e-17,1.8670653977139892e-16,0.31627276027110507,0.3162727602711051,0.404463040446304,71.10000000000001,0.5,0.0,0.0,0.0,70.8,0.8000000000000007,0.0,0.0,0.0,False,False,False
28,2671864052,1579004851,3,gaussian_plus_dropout,CombinedErrorSensor,0.65,0.2,0.1,0.05,True,True,True,True,goal_reached,0.23925323633236395,69.5,14.091975387282472,14.22146749133639,0.06331343855651012,0.22600837427841267,0.07211921192107501,0.039493918795183706,0.14176451096822973,0.050207536438877695,0.05261117983156038,0.22515971313273103,0.06825579970722633,0.07763392583197659,0.0366958374459999,6.008461731470662,6.008461731470661,0.0,8.207268090998727e-17,2.7894008272968645e-16,0.25690386353801586,0.2569038635380158,0.3979885057471264,67.0,2.5,0.0,0.0,0.0,67.6,1.8999999999999986,0.0,0.0,0.0,False,False,False
29,3674706989,3306811554,3,gaussian_plus_dropout,CombinedErrorSensor,0.65,0.2,0.1,0.05,True,True,True,True,goal_reached,0.16970760411226515,84.80000000000001,16.089366387768706,16.108721854566653,0.06111090934046141,0.2061752694356093,0.06948133394750935,0.039768359720851874,0.13402109726188316,0.05016563321803709,0.05168101579077537,0.23974443331064635,0.06190431048918806,0.22008339923548972,0.1537401753249752,6.842358334388014,6.842358334388014,0.0,7.490029877666584e-17,2.779024842816778e-16,0.22129570687968114,0.2212957068796812,0.4216725559481743,83.9,0.9000000000000057,0.0,0.0,0.0,83.70000000000002,1.0999999999999943,0.0,0.0,0.0,False,False,False
30,3431604673,467454945,3,gaussian_plus_dropout,CombinedErrorSensor,0.65,0.2,0.1,0.05,True,True,True,True,goal_reached,0.16978626877442543,68.5,12.99575742288497,13.076476182686914,0.06356752853416284,0.7071067811865476,0.07616361655182231,0.03728191809350002,0.1603885824275174,0.048628603354735525,0.05091531866919639,0.7071067811865476,0.06758871398013165,0.4351689435060306,0.05,5.613675850684398,5.613675850684398,0.0,8.203726615084696e-17,1.962615573354719e-16,0.3535533905932738,0.3535533905932738,0.4037900874635568,68.5,0.0,0.0,0.0,0.0,68.3,0.1999999999999993,0.0,0.0,0.0,False,False,False
31,2772736690,475943986,3,gaussian_plus_dropout,CombinedErrorSensor,0.65,0.2,0.1,0.05,True,True,True,True,goal_reached,0.1855364194174064,81.7,15.974532498437537,16.22636236568617,0.06144750821683004,0.22739809241833694,0.07028404591548555,0.04680332642835171,0.15034711593799308,0.05820611644281292,0.05142363407384978,0.17791804269964814,0.06303177721561129,0.13522875330384046,0.0580396947434869,6.935680937838393,6.935680937838393,0.0,8.132095579149282e-17,2.7894008272968645e-16,0.2798580214993223,0.2798580214993223,0.36430317848410754,72.1,9.600000000000012,0.0,0.0,0.0,72.79999999999998,8.90000000000002,0.0,0.0,0.0,False,False,False
32,34757296,3305648994,3,gaussian_plus_dropout,CombinedErrorSensor,0.65,0.2,0.1,0.05,True,True,True,True,goal_reached,0.24331615457684241,75.4,14.976682174014229,15.205261390424752,0.05530800788819536,0.19924385986969084,0.06408155572907394,0.04077051443020147,0.10530349144953449,0.04852653296594762,0.049350883261388756,0.1999994721354334,0.06152681620413453,0.18773022305574164,0.13610656476540584,6.0298693134419,6.0298693134419,0.0,8.250266866272807e-17,2.779024842816778e-16,0.6592279992277413,0.6592279992277413,0.41324503311258276,75.1,0.29999999999999893,0.0,0.0,0.0,74.5,0.8999999999999995,0.0,0.0,0.0,False,False,False
33,2257902095,2132756255,3,gaussian_plus_dropout,CombinedErrorSensor,0.65,0.2,0.1,0.05,True,True,True,True,goal_reached,0.25472863216337643,81.10000000000001,15.793266796798612,15.83915422536744,0.06204219302607932,0.7071067811865476,0.07741420997743156,0.03352672107050996,0.10977049577327685,0.041826744992330696,0.05248946657841261,0.7071067811865476,0.07277743616604494,0.1770460512120138,0.05,6.820321010881505,6.820321010881505,0.0,8.241763937094222e-17,2.8609792490763985e-16,0.3535533905932738,0.3535533905932738,0.4002463054187192,73.4,7.699999999999999,0.0,0.0,0.0,73.2,7.900000000000006,0.0,0.0,0.0,False,False,False
34,1990091749,1553859126,3,gaussian_plus_dropout,CombinedErrorSensor,0.65,0.2,0.1,0.05,True,True,True,True,goal_reached,0.09241092060685259,81.2,16.092571663538724,16.043512163472563,0.06412625623586464,0.7071067811865476,0.07515966405542236,0.03897693592882288,0.13299936975634763,0.05001720677365341,0.05460107073822036,0.7071067811865476,0.07177797855704873,0.2036370600884321,0.05,6.67186577737997,6.67186577737997,0.0,7.758602352699417e-17,2.797157557069881e-16,0.42560595447718824,0.42560595447718824,0.3911439114391144,76.0,5.200000000000001,0.0,0.0,0.0,75.0,6.199999999999992,0.0,0.0,0.0,False,False,False
35,688663972,1741335336,3,gaussian_plus_dropout,CombinedErrorSensor,0.65,0.2,0.1,0.05,True,True,True,True,goal_reached,0.1561271429064744,74.9,14.443318415810449,14.497929398860107,0.06203244250076691,0.7071067811865476,0.07464083752871212,0.02954205099057908,0.11119837788387439,0.03670157556052586,0.05309580240209692,0.7071067811865476,0.07077672819267668,0.16524265736396693,0.05,6.0685630671561475,6.0685630671561475,0.0,7.61240118816803e-17,2.7757743935277205e-16,0.3535533905932738,0.3535533905932738,0.4,71.8,3.099999999999998,0.0,0.0,0.0,73.39999999999999,1.5000000000000018,0.0,0.0,0.0,False,False,False
36,248667807,2779221576,3,gaussian_plus_dropout,CombinedErrorSensor,0.65,0.2,0.1,0.05,True,True,True,True,goal_reached,0.1373186237217457,75.5,14.446376321383529,14.39724933927625,0.061462834478978434,0.7071067811865476,0.07316716370463223,0.036362041331916416,0.1073375783201851,0.04476644246544758,0.05117843248003986,0.7071067811865476,0.0663948361727951,0.09543824620169016,0.05,5.930699145886947,5.930699145886946,0.0,7.640995499154467e-17,2.5447867175859907e-16,0.3535533905932738,0.3535533905932738,0.3928571428571429,75.5,0.0,0.0,0.0,0.0,75.3,0.20000000000000284,0.0,0.0,0.0,False,False,False
37,3831690327,406686172,3,gaussian_plus_dropout,CombinedErrorSensor,0.65,0.2,0.1,0.05,True,True,True,True,goal_reached,0.25567256612321526,81.2,16.50347647463503,16.59948279152174,0.061718132708835444,0.18642432150957583,0.06984254687709522,0.0476002607812318,0.1757561745473283,0.06121825679280572,0.056180596526887255,0.2110089915220867,0.07014323736836477,0.07618476050571914,0.08081064615500948,6.8822457315093715,6.882245731509372,0.0,8.323774789427692e-17,2.776424787817943e-16,0.48404385157118707,0.4840438515711872,0.40590405904059046,81.2,0.0,0.0,0.0,0.0,81.2,0.0,0.0,0.0,0.0,False,False,False
38,3292381605,3853507458,3,gaussian_plus_dropout,CombinedErrorSensor,0.65,0.2,0.1,0.05,True,True,True,True,goal_reached,0.2638397369958586,69.9,13.435820500465404,13.556277141521099,0.06611888739544751,0.290687384075358,0.07481468073306596,0.04935153978992045,0.16210408116262903,0.05893076909314438,0.05391919778924326,0.290687384075358,0.06915358169335517,0.11510871946539197,0.11934815840644983,5.630370804230516,5.630370804230517,0.0,8.150974820098629e-17,2.5324586304240974e-16,0.2535801256754826,0.2535801256754826,0.37571428571428567,69.8,0.10000000000000142,0.0,0.0,0.0,69.9,0.0,0.0,0.0,0.0,False,False,False
39,2677946230,1366849576,3,gaussian_plus_dropout,CombinedErrorSensor,0.65,0.2,0.1,0.05,True,True,True,True,goal_reached,0.2263083241069746,65.3,13.527806840541928,13.670414520754132,0.06773058319790054,0.20363601175121004,0.076529797378855,0.041706068125931965,0.16901279155998716,0.055661586826617544,0.049226933689016296,0.20765454697122512,0.06422334620080263,0.13017260516381554,0.10000917928345525,5.422464153175548,5.4224641531755475,0.0,8.681339382166912e-17,2.776424787817943e-16,0.303115014972928,0.303115014972928,0.4143730886850153,63.5,1.7999999999999945,0.0,0.0,0.0,62.79999999999999,2.500000000000003,0.0,0.0,0.0,False,False,False
40,3465243617,2315462378,3,gaussian_plus_dropout,CombinedErrorSensor,0.65,0.2,0.1,0.05,True,True,True,True,goal_reached,0.18578908525782137,73.60000000000001,14.666215953251179,14.575855982264368,0.05881450929488508,0.24157778164686428,0.06763202707325859,0.04056438983312665,0.15722943204676548,0.05237632975110311,0.052749161959086,0.22687249175650318,0.06957960801253309,0.2009060219400614,0.16121402474281557,5.9403001000402105,5.9403001000402105,0.0,8.103063170371181e-17,2.797157557069881e-16,0.30662708818044326,0.30662708818044326,0.4151967435549525,71.4,2.1999999999999993,0.0,0.0,0.0,70.9,2.700000000000001,0.0,0.0,0.0,False,False,False
41,2277377269,4090432965,3,gaussian_plus_dropout,CombinedErrorSensor,0.65,0.2,0.1,0.05,True,True,True,True,goal_reached,0.22100543392542013,82.9,17.190749410793817,17.023272470856263,0.06178592119165121,0.23972528728462225,0.07058125989150163,0.04962284610882966,0.21565352771758164,0.06758898874824872,0.06116540349726713,0.275228363052249,0.07838168077771382,0.13221855514244826,0.12884916382829567,7.12969248882796,7.129692488827961,0.0,8.7823896583603e-17,2.779024842816778e-16,0.31968112562032514,0.31968112562032525,0.3939759036144578,79.8,3.099999999999998,0.0,0.0,0.0,79.1,3.8000000000000007,0.0,0.0,0.0,False,False,False
42,4173135836,1061777408,3,gaussian_plus_dropout,CombinedErrorSensor,0.65,0.2,0.1,0.05,True,True,True,True,goal_reached,0.15471838836531396,82.7,16.005631709982406,15.985618836298341,0.06369273276623594,0.7071067811865476,0.08062256884501498,0.0329454037150548,0.12058605606073577,0.04050242685094008,0.051774655031073896,0.7071067811865476,0.07551208273647415,0.14810099757877238,0.05,7.281785760163511,7.281785760163512,0.0,7.850113290272449e-17,2.776424787817943e-16,0.3535533905932738,0.3535533905932738,0.4094202898550725,79.6,3.100000000000005,0.0,0.0,0.0,79.1,3.600000000000012,0.0,0.0,0.0,False,False,False
43,1315936761,1898025599,3,gaussian_plus_dropout,CombinedErrorSensor,0.65,0.2,0.1,0.05,True,True,True,True,goal_reached,0.22758076669428645,64.10000000000001,12.96652231851212,13.123085893377983,0.05896564583748273,0.7071067811865476,0.07090411228297362,0.03164056485871115,0.10906557706164961,0.038601269404734996,0.04728578340298969,0.7071067811865476,0.06460150287618441,0.13819127266221745,0.05,5.172005298919603,5.172005298919603,0.0,8.65648723150975e-17,2.7894008272968645e-16,0.3535533905932738,0.3535533905932738,0.4252336448598131,64.10000000000001,0.0,0.0,0.0,0.0,64.10000000000001,0.0,0.0,0.0,0.0,False,False,False
44,476705537,3455327742,3,gaussian_plus_dropout,CombinedErrorSensor,0.65,0.2,0.1,0.05,True,True,True,True,goal_reached,0.1998166326241309,84.5,16.137091245824536,16.363285689674875,0.06488904876591854,0.19752793100413238,0.07271047773829005,0.04139224120861584,0.12335589790899483,0.04955644971183173,0.048175334440614885,0.18214020075801798,0.06184228647269119,0.07952815504633684,0.10983082957716483,6.966256880701292,6.966256880701292,0.0,7.873754020392248e-17,2.779024842816778e-16,0.3550696950514273,0.3550696950514273,0.4042553191489362,84.3,0.20000000000000284,0.0,0.0,0.0,83.30000000000001,1.1999999999999886,0.0,0.0,0.0,False,False,False
45,2193159741,4146204961,3,gaussian_plus_dropout,CombinedErrorSensor,0.65,0.2,0.1,0.05,True,True,True,True,goal_reached,0.2226542217189265,73.0,13.720471190444329,13.78997689693724,0.061824995854274194,0.7071067811865476,0.0755392344485468,0.04211893034488861,0.11980478910424576,0.05214221835473978,0.05371974011398707,0.7071067811865476,0.07062956926518937,0.16327320655991998,0.05,6.0483521337618615,6.0483521337618615,0.0,7.836391344113378e-17,2.7833528704240246e-16,0.3535533905932738,0.3535533905932738,0.4240766073871409,70.89999999999999,2.1000000000000014,0.0,0.0,0.0,70.8,2.1999999999999957,0.0,0.0,0.0,False,False,False
46,3193969877,1580823276,3,gaussian_plus_dropout,CombinedErrorSensor,0.65,0.2,0.1,0.05,True,True,True,True,goal_reached,0.23799230303085295,81.4,16.449512262708687,16.50915893035879,0.060746985015041034,0.7071067811865476,0.0752558000374006,0.04341439154207466,0.1026108972901217,0.05141151935458309,0.05458429081936712,0.7071067811865476,0.07374122462252672,0.19071976094443308,0.049230599417531745,6.765294529423228,6.765294529423228,0.0,8.078627772412956e-17,2.830524433501838e-16,0.3535533905932738,0.3535533905932738,0.4159509202453988,78.4,2.9999999999999964,0.0,0.0,0.0,79.00000000000001,2.3999999999999915,0.0,0.0,0.0,False,False,False
47,2977401754,3603991116,3,gaussian_plus_dropout,CombinedErrorSensor,0.65,0.2,0.1,0.05,True,True,True,True,goal_reached,0.23951569004846968,79.30000000000001,15.46448914923616,15.711237766357758,0.06312467083053404,0.7071067811865476,0.0749232630907441,0.04081947556485683,0.13696623269473057,0.0513839198258307,0.051430713834271,0.7071067811865476,0.06854315294323197,0.12346794647123761,0.05,6.673794599709524,6.673794599709524,0.0,8.11377066705492e-17,2.793066411846225e-16,0.3535533905932738,0.3535533905932738,0.3841309823677582,76.9,2.4000000000000004,0.0,0.0,0.0,76.5,2.8000000000000096,0.0,0.0,0.0,False,False,False
48,96550472,615466156,3,gaussian_plus_dropout,CombinedErrorSensor,0.65,0.2,0.1,0.05,True,True,True,True,goal_reached,0.2534606652898636,66.60000000000001,13.386235153390931,13.556989025696764,0.05913019960620765,0.19584496376963617,0.06756304212127844,0.044449723351129435,0.15204304240308975,0.05549489509768901,0.05248772484918122,0.1946228316947801,0.06647667241075068,0.09594144411237976,0.03254150176099715,5.671499322461445,5.671499322461444,0.0,8.436690756870503e-17,2.237726045655905e-16,0.4855276045068344,0.48552760450683435,0.38230884557721134,66.60000000000001,0.0,0.0,0.0,0.0,66.60000000000001,0.0,0.0,0.0,0.0,False,False,False
49,1777529677,4251989012,3,gaussian_plus_dropout,CombinedErrorSensor,0.65,0.2,0.1,0.05,True,True,True,True,goal_reached,0.16310797830830706,75.8,15.952611566652012,15.858911505110303,0.06093528771269979,0.7071067811865476,0.07633177518907544,0.044011982952411814,0.13772467219274193,0.05398644181786502,0.057343897298275284,0.7071067811865476,0.07847194846914508,0.16501696577511155,0.05,6.256916048499593,6.256916048499592,0.0,8.061153451235918e-17,2.797157557069881e-16,0.3535533905932738,0.3535533905932738,0.3754940711462451,74.1,1.700000000000001,0.0,0.0,0.0,74.49999999999999,1.3000000000000007,0.0,0.0,0.0,False,False,False
50,3863705637,2665314677,3,gaussian_plus_dropout,CombinedErrorSensor,0.65,0.2,0.1,0.05,True,True,True,True,goal_reached,0.17601900634746226,65.3,13.071993444232085,13.066678025253246,0.0640943608490963,0.2561811855162576,0.07259921528369821,0.03616161129925853,0.09950259803303219,0.044021279647059104,0.05555341009397413,0.2559373644156953,0.06818095418437943,0.17543958036951238,0.18749285589227038,5.592156527492811,5.592156527492811,0.0,8.667657498502462e-17,1.962615573354719e-16,0.38081484817757266,0.38081484817757266,0.3914373088685015,65.0,0.29999999999999716,0.0,0.0,0.0,64.5,0.7999999999999972,0.0,0.0,0.0,False,False,False
51,4005499836,353644800,3,gaussian_plus_dropout,CombinedErrorSensor,0.65,0.2,0.1,0.05,True,True,True,True,goal_reached,0.08882426547415348,66.3,12.830514226357066,12.844006571885457,0.05641510352686241,0.18488998718113475,0.06397983818675891,0.03124727717100181,0.08976728892662984,0.03854700703845345,0.04216440355912574,0.1612625837413549,0.054042781639785556,0.1318501226325488,0.1441047665886147,5.315440129396717,5.315440129396716,0.0,8.568505862316292e-17,1.962615573354719e-16,0.21609548790263727,0.21609548790263716,0.3674698795180723,66.3,0.0,0.0,0.0,0.0,66.3,0.0,0.0,0.0,0.0,False,False,False
52,891226929,3904815875,3,gaussian_plus_dropout,CombinedErrorSensor,0.65,0.2,0.1,0.05,True,True,True,True,goal_reached,0.27412954444457144,69.5,13.63995243735961,13.809080382915246,0.059127996603758344,0.19538618894875812,0.06696099286470136,0.026153098489683935,0.10240034332223757,0.03375602990795926,0.04597165110083028,0.19395101225239408,0.059067478301994235,0.1355686000935937,0.09063959305886293,5.721524525573926,5.721524525573926,0.0,8.112550173682672e-17,2.776424787817943e-16,0.40121668221652595,0.40121668221652595,0.375,68.19999999999999,1.3000000000000007,0.0,0.0,0.0,68.6,0.8999999999999986,0.0,0.0,0.0,False,False,False
53,2197124845,2770081290,3,gaussian_plus_dropout,CombinedErrorSensor,0.65,0.2,0.1,0.05,True,True,True,True,goal_reached,0.13671793204647248,75.0,14.880181271473202,14.951218435556825,0.06561745315446983,0.22532892319416498,0.07651768420289239,0.03761582168542739,0.1631846696083108,0.04872168623351384,0.05770952664261591,0.22389099222709047,0.07303540052903433,0.05297147030249493,0.08201089976105003,6.611475131094204,6.611475131094204,0.0,8.260958846890088e-17,2.897767167584095e-16,0.2745955359563379,0.2745955359563379,0.4181091877496671,71.4,3.5999999999999943,0.0,0.0,0.0,71.10000000000001,3.8999999999999897,0.0,0.0,0.0,False,False,False
54,4033668095,794826118,3,gaussian_plus_dropout,CombinedErrorSensor,0.65,0.2,0.1,0.05,True,True,True,True,goal_reached,0.15901963188063215,87.9,18.223533371048365,18.27043447087648,0.06755474519583786,0.2700389854641929,0.0785322210908789,0.04519421154292226,0.1433216268439727,0.056722071411960236,0.05881180980465687,0.26843768371507076,0.07214638927556286,0.16019923574087266,0.12996471930043185,7.347949429098843,7.347949429098843,0.0,8.487539451697713e-17,2.779024842816778e-16,0.34890558033158203,0.34890558033158203,0.3931818181818182,86.9,1.0,0.0,0.0,0.0,87.10000000000002,0.799999999999983,0.0,0.0,0.0,False,False,False
55,2805449324,2103271234,3,gaussian_plus_dropout,CombinedErrorSensor,0.65,0.2,0.1,0.05,True,True,True,True,goal_reached,0.19509401531781315,65.2,13.118777452001694,13.172160644955955,0.062328881566151864,0.20663827778923713,0.07167450272876906,0.046648893248959045,0.14522943901151794,0.05707373490248783,0.056863259670515934,0.27107987420877183,0.07282592978936508,0.13993952320080635,0.1412011672900927,5.594128049220409,5.5941280492204095,0.0,8.898716815190389e-17,2.7894008272968645e-16,0.3511705499523303,0.3511705499523303,0.3767228177641654,65.0,0.1999999999999993,0.0,0.0,0.0,65.1,0.09999999999999964,0.0,0.0,0.0,False,False,False
56,3382419591,112816621,3,gaussian_plus_dropout,CombinedErrorSensor,0.65,0.2,0.1,0.05,True,True,True,True,goal_reached,0.1534881286455781,78.10000000000001,15.25434346432949,15.11126690932932,0.060146853709103186,0.7071067811865476,0.07176129020417144,0.04516108558884759,0.11575317798468035,0.05360708291304259,0.055099196170208246,0.7071067811865476,0.07209591396501333,0.09221193154924091,0.05,6.611913580461838,6.611913580461838,0.0,7.878358060204089e-17,2.7755575615628914e-16,0.3535533905932738,0.3535533905932738,0.3759590792838875,75.0,3.1000000000000014,0.0,0.0,0.0,74.60000000000001,3.499999999999993,0.0,0.0,0.0,False,False,False
57,3238864453,1737177286,3,gaussian_plus_dropout,CombinedErrorSensor,0.65,0.2,0.1,0.05,True,True,True,True,goal_reached,0.19141319144419777,70.4,14.581535837910334,14.710773529519802,0.0615318206235934,0.7071067811865476,0.07438199694520803,0.02974302046155492,0.1326501165291289,0.03808179686290156,0.04994906256499657,0.7071067811865476,0.06654984992822327,0.14143844590935403,0.05,5.857507479580361,5.857507479580361,0.0,8.587052535608009e-17,2.776424787817943e-16,0.3535533905932738,0.3535533905932738,0.4425531914893617,70.1,0.3000000000000007,0.0,0.0,0.0,70.4,0.0,0.0,0.0,0.0,False,False,False
58,765708987,849004654,3,gaussian_plus_dropout,CombinedErrorSensor,0.65,0.2,0.1,0.05,True,True,True,True,goal_reached,0.21750907416500678,74.4,15.006868612200746,15.174970372963122,0.06176862088099152,0.19517685886822805,0.07000454805237283,0.035937300544187645,0.1351908482982026,0.046929974269059184,0.053969189482281604,0.21841991412669304,0.0683577106998944,0.19984172181215568,0.15772908262571417,6.337881035283798,6.337881035283798,0.0,8.075286749045311e-17,2.778605206969998e-16,0.32409443342454447,0.3240944334245444,0.42147651006711406,72.5,1.8999999999999986,0.0,0.0,0.0,72.3,2.0999999999999996,0.0,0.0,0.0,False,False,False
59,3948529331,1523910091,3,gaussian_plus_dropout,CombinedErrorSensor,0.65,0.2,0.1,0.05,False,False,False,False,planning_failure,nan,nan,nan,nan,nan,nan,nan,nan,nan,nan,nan,nan,nan,nan,nan,nan,nan,nan,nan,nan,nan,nan,nan,,,,,,,,,,,,,
60,581552647,1295379497,3,gaussian_plus_dropout,CombinedErrorSensor,0.65,0.2,0.1,0.05,True,True,True,True,goal_reached,0.17157212707384728,90.80000000000001,17.68220656529573,17.654056520141058,0.056808784443820204,0.7071067811865476,0.07054663431799409,0.043881552518833356,0.12647060246650277,0.054822549618473215,0.054967025826553356,0.7071067811865476,0.07374759716113807,0.12136792331068598,0.05,7.318203269345643,7.318203269345643,0.0,7.805118134693326e-17,2.776424787817943e-16,0.3535533905932738,0.3535533905932738,0.3872387238723872,90.60000000000001,0.20000000000000284,0.0,0.0,0.0,90.40000000000002,0.3999999999999915,0.0,0.0,0.0,False,False,False
61,106579484,4042782794,3,gaussian_plus_dropout,CombinedErrorSensor,0.65,0.2,0.1,0.05,True,True,True,True,goal_reached,0.21348984776449695,66.60000000000001,14.007600064125416,14.010662299509333,0.061455728409704924,0.1948698395039364,0.07040639880554443,0.04217449694840692,0.09860241090817808,0.048979117364796855,0.05019350862068713,0.18008094431860505,0.06204527069463844,0.1730656026897156,0.12288726035546071,5.693038716872075,5.693038716872075,0.0,8.679900773649845e-17,2.7756117711421305e-16,0.3547265767618276,0.35472657676182756,0.4287856071964018,66.60000000000001,0.0,0.0,0.0,0.0,66.60000000000001,0.0,0.0,0.0,0.0,False,False,False
62,4075693272,1439449350,3,gaussian_plus_dropout,CombinedErrorSensor,0.65,0.2,0.1,0.05,True,True,True,True,goal_reached,0.25253048894830665,58.7,12.713498551229414,12.818376618407356,0.06293042327721737,0.7071067811865476,0.07631093145529691,0.03561257744871296,0.13144369269966205,0.04175212598476165,0.04858226605031353,0.7071067811865476,0.06622159612424236,0.21903849931588582,0.05,4.986506043150758,4.986506043150758,0.0,9.684980900737977e-17,2.897767167584095e-16,0.3535533905932738,0.3535533905932738,0.41666666666666663,58.10000000000001,0.5999999999999943,0.0,0.0,0.0,58.5,0.20000000000000284,0.0,0.0,0.0,False,False,False
63,4067301700,2913743672,3,gaussian_plus_dropout,CombinedErrorSensor,0.65,0.2,0.1,0.05,True,True,True,True,goal_reached,0.18770153824239863,67.0,13.67554245851921,13.69255011416258,0.06147645049527701,0.7071067811865476,0.0736410101763686,0.0398529386419983,0.11874557934836666,0.04797785761745251,0.05549113426794589,0.7071067811865476,0.07360837565866611,0.17294004414496672,0.05,5.432297516519422,5.432297516519422,0.0,8.437292311685952e-17,2.8066088919804617e-16,0.3535533905932738,0.3535533905932738,0.3979135618479881,67.0,0.0,0.0,0.0,0.0,67.0,0.0,0.0,0.0,0.0,False,False,False
64,408409058,2783164376,3,gaussian_plus_dropout,CombinedErrorSensor,0.65,0.2,0.1,0.05,True,True,True,True,goal_reached,0.185760550633794,63.6,13.06850589901251,13.187005726782258,0.05569640018595188,0.18823886091252234,0.062450659998928536,0.027632900841725937,0.07435354401069585,0.03295440922160438,0.04641103983212427,0.17401623722368553,0.05857794122464781,0.13603242733934415,0.10318030857115434,5.395415276131323,5.395415276131323,0.0,8.642968466802256e-17,2.5133742693021536e-16,0.28467923404849543,0.2846792340484955,0.3626373626373627,62.1,1.5,0.0,0.0,0.0,62.400000000000006,1.1999999999999957,0.0,0.0,0.0,False,False,False
65,4054606464,2684696174,3,gaussian_plus_dropout,CombinedErrorSensor,0.65,0.2,0.1,0.05,True,True,False,False,false_completion,0.3128589030072357,71.2,13.725275340472457,13.91013874870581,0.0589792671943119,0.18095476617388254,0.06814896485504582,0.04043637767474207,0.11906641186542936,0.05056677212094614,0.05329281839906656,0.18387731467327526,0.06749989556093995,0.4379874088457214,0.34113244329769543,5.718059317504661,5.718059317504661,0.0,8.047262093182402e-17,2.8066088919804617e-16,0.27719742906537387,0.27719742906537387,0.37727910238429174,70.9,0.29999999999999716,0.0,0.0,0.0,71.0,0.20000000000000284,0.0,0.0,0.0,False,False,False
66,3584757783,812451508,3,gaussian_plus_dropout,CombinedErrorSensor,0.65,0.2,0.1,0.05,True,True,True,True,goal_reached,0.18158904409246418,69.4,13.735507417288895,13.799104854570611,0.06229072392557187,0.21217968306875887,0.07055841058003534,0.03324927918949902,0.1072118671054547,0.04053197153734634,0.047691477165348724,0.18268770748018764,0.06024985912374684,0.1745475466178581,0.11698149159605217,5.65067837522799,5.65067837522799,0.0,8.007790027089153e-17,1.7772239894833365e-16,0.30747830260720715,0.3074783026072071,0.4201438848920863,69.4,0.0,0.0,0.0,0.0,69.4,0.0,0.0,0.0,0.0,False,False,False
67,2242817554,3855248184,3,gaussian_plus_dropout,CombinedErrorSensor,0.65,0.2,0.1,0.05,True,True,True,True,goal_reached,0.19287142500721083,75.8,14.976180427026915,14.983308196635617,0.06029093222909747,0.21014983149451982,0.0676426113062609,0.032630884445550574,0.09637491201948833,0.03932302394807387,0.048290772828103956,0.17113618877627607,0.05981851869069686,0.15362508798051167,0.10718389012103824,6.368487994463872,6.368487994463872,0.0,7.985945959433726e-17,2.830524433501838e-16,0.28796091766828347,0.28796091766828347,0.4137022397891963,62.3,13.499999999999996,0.0,0.0,0.0,63.399999999999984,12.40000000000001,0.0,0.0,0.0,False,False,False
68,3870536607,2054617115,3,gaussian_plus_dropout,CombinedErrorSensor,0.65,0.2,0.1,0.05,True,True,True,True,goal_reached,0.23244343295481182,87.7,17.33532879128429,17.59314835776028,0.06210066559163353,0.7071067811865476,0.07290611855759971,0.03744269730772994,0.1661604421022891,0.04818121639744105,0.054353461790160096,0.7071067811865476,0.070380798864425,0.03557422468174151,0.05,7.285551175686665,7.285551175686665,0.0,7.552600112236106e-17,2.7894008272968645e-16,0.36987677099818067,0.3698767709981808,0.38610478359908884,87.1,0.6000000000000085,0.0,0.0,0.0,86.7,1.0,0.0,0.0,0.0,False,False,False
69,1473522219,4028730749,3,gaussian_plus_dropout,CombinedErrorSensor,0.65,0.2,0.1,0.05,True,True,True,True,goal_reached,0.19741870340125564,67.10000000000001,13.653764791137775,13.635326972871313,0.06061644611570109,0.7071067811865476,0.08433284150305954,0.038814680635188,0.13214744608586315,0.04987089984851567,0.059722822500431975,0.7071067811865476,0.08752739677223942,0.14284091390810655,0.05,5.76994566968621,5.76994566968621,0.0,7.909657791830897e-17,1.8670653977139892e-16,0.3535533905932738,0.3535533905932738,0.41815476190476186,66.4,0.6999999999999993,0.0,0.0,0.0,66.2,0.9000000000000021,0.0,0.0,0.0,False,False,False
70,865400509,2297404356,3,gaussian_plus_dropout,CombinedErrorSensor,0.65,0.2,0.1,0.05,True,True,True,True,goal_reached,0.17841106534785667,69.7,13.713858947912467,13.703833814098969,0.06104843736143989,0.7071067811865476,0.07344397326809256,0.05112705694542652,0.139267904708322,0.06266821919945458,0.05868108442906644,0.7071067811865476,0.07741012676467408,0.13301458942674807,0.05,5.596577590295418,5.596577590295418,0.0,7.979476454778493e-17,2.220717083251841e-16,0.4249478362518179,0.424947836251818,0.3982808022922636,69.1,0.5999999999999979,0.0,0.0,0.0,69.0,0.6999999999999993,0.0,0.0,0.0,False,False,False
71,1033281415,2164047885,3,gaussian_plus_dropout,CombinedErrorSensor,0.65,0.2,0.1,0.05,True,True,True,True,goal_reached,0.2675276662608713,78.60000000000001,15.96892140239818,16.22484740770011,0.05990916210848772,0.271210746292899,0.06819806637864768,0.024533292015898437,0.09381925893948218,0.03215987450836553,0.04499358031308497,0.26084449744831284,0.056522277927053804,0.14941021513820807,0.0961397677590552,7.146572972627501,7.146572972627501,0.0,7.981540953833669e-17,2.779024842816778e-16,0.26471989553922937,0.2647198955392293,0.4002541296060991,71.8,6.800000000000001,0.0,0.0,0.0,71.60000000000001,7.0,0.0,0.0,0.0,False,False,False
72,600023430,990868258,3,gaussian_plus_dropout,CombinedErrorSensor,0.65,0.2,0.1,0.05,True,True,True,True,goal_reached,0.20825467456427002,67.7,13.752322307933243,13.84624783671449,0.05831246481575803,0.17780707018108796,0.06574458566348217,0.043771935529894945,0.127803370912698,0.052692120686197136,0.05270366240119304,0.18509708092948635,0.06431437252721517,0.1329380013509084,0.13574013336862953,5.468284204026585,5.468284204026585,0.0,8.471594969266718e-17,2.5324586304240974e-16,0.31801448898683454,0.31801448898683454,0.4129793510324484,66.39999999999999,1.3000000000000043,0.0,0.0,0.0,65.8,1.8999999999999986,0.0,0.0,0.0,False,False,False
73,4212648003,1745885839,3,gaussian_plus_dropout,CombinedErrorSensor,0.65,0.2,0.1,0.05,True,True,True,True,goal_reached,0.15496924773654505,64.8,13.201605799538086,13.196270702155047,0.0628290564177348,0.7071067811865476,0.07899216128610477,0.038063243478641894,0.11833368140958953,0.04709151413842218,0.05119301437750623,0.7071067811865476,0.07259383569872148,0.15727965138287942,0.05,4.946749732568385,4.946749732568387,0.0,8.946330844028027e-17,2.830524433501838e-16,0.3535533905932738,0.3535533905932738,0.40061633281972264,64.8,0.0,0.0,0.0,0.0,64.8,0.0,0.0,0.0,0.0,False,False,False
74,3471671828,204828556,3,gaussian_plus_dropout,CombinedErrorSensor,0.65,0.2,0.1,0.05,True,True,True,True,goal_reached,0.19605315397661974,69.5,13.37660938009406,13.398100825588008,0.05809910111230467,0.17041332965145545,0.06510163617817612,0.03312440743640682,0.11737166176042624,0.04293025267941663,0.05001724009555164,0.17879267566903165,0.06229333168247987,0.17196884034686372,0.11840059223268021,5.4390590646305705,5.439059064630571,0.0,8.288385539697291e-17,2.793066411846225e-16,0.22626736875426168,0.22626736875426165,0.35775862068965514,69.5,0.0,0.0,0.0,0.0,69.5,0.0,0.0,0.0,0.0,False,False,False
75,565181289,3805150019,3,gaussian_plus_dropout,CombinedErrorSensor,0.65,0.2,0.1,0.05,True,True,True,True,goal_reached,0.17246321685328053,69.9,13.531288421109242,13.499651398158973,0.06095280800725028,0.20444046940842217,0.06947833660917792,0.03721115907906056,0.12191251440046938,0.04631446059816347,0.057999001043791965,0.1959894902205631,0.06910178115949382,0.17302471685634183,0.08678107201261936,5.576370005319514,5.576370005319514,0.0,8.480010167793886e-17,1.962615573354719e-16,0.4470517800145813,0.4470517800145813,0.37857142857142856,67.9,2.0,0.0,0.0,0.0,68.0,1.8999999999999986,0.0,0.0,0.0,False,False,False
76,493419000,2342670495,3,gaussian_plus_dropout,CombinedErrorSensor,0.65,0.2,0.1,0.05,True,True,True,True,goal_reached,0.17558418765664696,69.0,13.744300207169568,13.787639354823126,0.062189988632270855,0.20737679231984077,0.07039474174100557,0.04541294153385258,0.1373049134205156,0.05602693382611138,0.05397373995230758,0.19106074118907923,0.06656201572611135,0.12495460621362618,0.1517604704586205,5.675688684249728,5.675688684249728,0.0,8.01634418503946e-17,1.962615573354719e-16,0.24941307676831717,0.24941307676831717,0.41534008683068013,59.2,9.79999999999999,0.0,0.0,0.0,59.0,10.0,0.0,0.0,0.0,False,False,False
77,2523805071,2573858176,3,gaussian_plus_dropout,CombinedErrorSensor,0.65,0.2,0.1,0.05,True,True,True,True,goal_reached,0.18741079153450285,81.60000000000001,16.904707453007173,16.977207591867344,0.05527657727960977,0.15549560972662835,0.06272367587999174,0.02882460258185709,0.09621327717991912,0.036521271385634824,0.04881706076992684,0.18881255071473113,0.06094581709622001,0.181928554101605,0.17528320150339416,6.991255089884278,6.991255089884278,0.0,8.141949649487125e-17,2.897767167584095e-16,0.4071771576654665,0.40717715766546647,0.401468788249694,81.60000000000001,0.0,0.0,0.0,0.0,81.60000000000001,0.0,0.0,0.0,0.0,False,False,False
78,45677837,1364071988,3,gaussian_plus_dropout,CombinedErrorSensor,0.65,0.2,0.1,0.05,True,True,True,True,goal_reached,0.20747042580273603,73.2,14.532897509988512,14.560166396954905,0.05585763773817291,0.1806257689361692,0.06397976989899354,0.03700522299852197,0.11480538149688171,0.046095215445283,0.048683263160709346,0.18728335216124628,0.061403180982244586,0.2536677765175385,0.21137600312149196,5.969865561286624,5.969865561286624,0.0,7.797746278655846e-17,2.7755575615628914e-16,0.3182558878825892,0.3182558878825892,0.37380627557980906,73.2,0.0,0.0,0.0,0.0,73.2,0.0,0.0,0.0,0.0,False,False,False
79,2369212922,1884941461,3,gaussian_plus_dropout,CombinedErrorSensor,0.65,0.2,0.1,0.05,True,True,True,True,goal_reached,0.21325220368827202,63.5,12.79740417970492,12.809550113848358,0.06390156754383487,0.24399413139374648,0.07359611938193038,0.045992130486853904,0.1534190526123564,0.05821786872203278,0.05805328194671327,0.2583661482354371,0.07445162678073673,0.11358417092974317,0.06547641138942183,5.410359683696586,5.410359683696586,0.0,8.712510811041462e-17,1.8670653977139892e-16,0.25439187901505755,0.25439187901505755,0.39937106918238996,63.5,0.0,0.0,0.0,0.0,63.5,0.0,0.0,0.0,0.0,False,False,False
80,4013271687,1413058190,3,gaussian_plus_dropout,CombinedErrorSensor,0.65,0.2,0.1,0.05,True,True,True,True,goal_reached,0.16248306773793314,86.5,17.74752844671358,17.637940709573318,0.06006872739605372,0.7071067811865476,0.07126655292123912,0.041355981217857656,0.14200884133354238,0.051560732417133444,0.053173231337805556,0.7071067811865476,0.06948291205108129,0.1498386506065021,0.05,7.5991587805747844,7.5991587805747844,0.0,8.701786651392367e-17,2.9406505148178845e-16,0.3535533905932738,0.3535533905932738,0.4041570438799076,84.8,1.6999999999999993,0.0,0.0,0.0,84.1,2.4000000000000057,0.0,0.0,0.0,False,False,False
81,463264661,1517162635,3,gaussian_plus_dropout,CombinedErrorSensor,0.65,0.2,0.1,0.05,False,False,False,False,planning_failure,nan,nan,nan,nan,nan,nan,nan,nan,nan,nan,nan,nan,nan,nan,nan,nan,nan,nan,nan,nan,nan,nan,nan,,,,,,,,,,,,,
82,2864355002,146698999,3,gaussian_plus_dropout,CombinedErrorSensor,0.65,0.2,0.1,0.05,True,True,False,False,false_completion,0.31306447039131663,76.4,15.18029021286593,15.422148076891489,0.06200553864574144,0.7071067811865476,0.07629001617949784,0.043908069726487024,0.1317893674992088,0.05256763190474942,0.05403920752261952,0.7071067811865476,0.0737345164708435,0.10220889487734122,0.05,5.9990570725765195,5.9990570725765195,0.0,8.151282527299899e-17,2.8609792490763985e-16,0.35480138011452866,0.3548013801145286,0.41045751633986927,74.5,1.8999999999999986,0.0,0.0,0.0,75.2,1.2000000000000028,0.0,0.0,0.0,False,False,False
83,2988069353,815718213,3,gaussian_plus_dropout,CombinedErrorSensor,0.65,0.2,0.1,0.05,True,True,True,True,goal_reached,0.20256543880769237,66.3,13.22435632570383,13.316694613064472,0.059788055429059565,0.16412067388781387,0.06773710407371077,0.035676109286990804,0.1285576081198738,0.04705585054665056,0.04869934495168589,0.18642500939420784,0.061064227082249324,0.11550789629697414,0.059349923048357844,5.23275231779999,5.23275231779999,0.0,8.271731755581837e-17,1.962615573354719e-16,0.3449325248098324,0.3449325248098324,0.375,66.3,0.0,0.0,0.0,0.0,66.3,0.0,0.0,0.0,0.0,False,False,False
84,232323784,3866835605,3,gaussian_plus_dropout,CombinedErrorSensor,0.65,0.2,0.1,0.05,True,True,True,True,goal_reached,0.21914645882774286,66.60000000000001,14.019030071938205,14.145014427064732,0.05742874067009814,0.7071067811865476,0.0698835949939061,0.04015787180086931,0.10599303706348578,0.04765523426513369,0.04832661316446189,0.7071067811865476,0.0673862106198829,0.157031862408625,0.05,5.958570369044735,5.958570369044734,0.0,8.591013555566379e-17,2.7894008272968645e-16,0.3535533905932738,0.3535533905932738,0.343328335832084,66.10000000000001,0.49999999999999956,0.0,0.0,0.0,66.2,0.40000000000000036,0.0,0.0,0.0,False,False,False
85,2062693019,1463358873,3,gaussian_plus_dropout,CombinedErrorSensor,0.65,0.2,0.1,0.05,True,True,True,True,goal_reached,0.17861859048673256,74.4,15.059702711105786,15.023182538306214,0.06336228037462467,0.22305304115102073,0.07182000486773273,0.0431803319762613,0.21033536812825443,0.056969371065526485,0.050788749829148334,0.17848873094813603,0.06454681196624412,0.059603405909864494,0.06768021288547545,6.385685121565169,6.385685121565169,0.0,8.271676527261927e-17,2.500169269419937e-16,0.41584720656200747,0.41584720656200763,0.4134228187919463,74.4,0.0,0.0,0.0,0.0,74.4,0.0,0.0,0.0,0.0,False,False,False
86,2696811765,677721415,3,gaussian_plus_dropout,CombinedErrorSensor,0.65,0.2,0.1,0.05,True,True,True,True,goal_reached,0.17038499569722507,73.0,15.713935216050487,15.591234552412937,0.06499942561919053,0.19965868831533976,0.07310393195271012,0.03861975904039891,0.10856586417999943,0.04661714759880178,0.04917316335503256,0.18231436109942017,0.06101306925018353,0.24968175019073366,0.20474962283939802,6.479376194043873,6.479376194043874,0.0,8.767992870743886e-17,2.786162483075207e-16,0.3740132611074834,0.3740132611074834,0.41039671682626544,70.4,2.5999999999999943,0.0,0.0,0.0,70.3,2.6999999999999957,0.0,0.0,0.0,False,False,False
87,2431573722,4128245809,3,gaussian_plus_dropout,CombinedErrorSensor,0.65,0.2,0.1,0.05,True,True,True,True,goal_reached,0.12118707875605937,76.3,15.522009264265943,15.415705060348422,0.058350497849944644,0.1527047039709659,0.06529994542668852,0.03991095565927435,0.1056303433417826,0.04717005908199975,0.05357524293666876,0.19157883162308234,0.06673864150449005,0.14290635174992142,0.10783727658173892,6.426935958029786,6.4269359580297865,0.0,8.182725697527351e-17,2.7833528704240246e-16,0.2312424505298529,0.23124245052985307,0.3782722513089005,74.89999999999999,1.4000000000000057,0.0,0.0,0.0,74.89999999999999,1.4000000000000057,0.0,0.0,0.0,False,False,False
88,288904282,1334095557,3,gaussian_plus_dropout,CombinedErrorSensor,0.65,0.2,0.1,0.05,True,True,True,True,goal_reached,0.21767041443461607,71.0,13.300118604593095,13.436783614632725,0.06791619314342257,0.7071067811865476,0.08538525464953985,0.045850615663900716,0.11049224984163288,0.05505115975312409,0.061358559985635434,0.7071067811865476,0.08045822328012107,0.12750876486481091,0.05,5.663442718957144,5.663442718957144,0.0,8.434334799857162e-17,1.8670653977139892e-16,0.3535533905932738,0.3535533905932738,0.3966244725738397,69.6,1.4000000000000021,0.0,0.0,0.0,70.1,0.8999999999999986,0.0,0.0,0.0,False,False,False
89,2448428947,1044006471,3,gaussian_plus_dropout,CombinedErrorSensor,0.65,0.2,0.1,0.05,False,False,False,False,planning_failure,nan,nan,nan,nan,nan,nan,nan,nan,nan,nan,nan,nan,nan,nan,nan,nan,nan,nan,nan,nan,nan,nan,nan,,,,,,,,,,,,,
90,3814120060,3172955040,3,gaussian_plus_dropout,CombinedErrorSensor,0.65,0.2,0.1,0.05,True,True,True,True,goal_reached,0.21564904856770903,73.3,14.514456721960293,14.73870634403929,0.06160993797873891,0.7071067811865476,0.08324902544060944,0.03609724246247631,0.09844792287983317,0.0435690385712569,0.05385206556684288,0.7071067811865476,0.08030664943576879,0.08845114447743023,0.0019878548608023294,5.971735067293531,5.971735067293531,0.0,8.030557758273565e-17,2.498965354837e-16,0.3535533905932738,0.3535533905932738,0.41825613079019075,70.8,2.5,0.0,0.0,0.0,70.39999999999999,2.900000000000002,0.0,0.0,0.0,False,False,False
91,2701641550,3221346186,3,gaussian_plus_dropout,CombinedErrorSensor,0.65,0.2,0.1,0.05,True,True,True,True,goal_reached,0.18321309118543558,80.30000000000001,16.29592378751481,16.227412520385947,0.05946029089417082,0.1780938465285252,0.06736480356323693,0.03965653731501728,0.13002258693288443,0.0491367507819743,0.056177463073740636,0.17519704616358778,0.06868129250866266,0.18901231778973226,0.14296764004195062,6.820883712036588,6.820883712036587,0.0,8.575766555357223e-17,2.7833528704240246e-16,0.3302090509574282,0.3302090509574282,0.4191542288557214,76.10000000000001,4.200000000000003,0.0,0.0,0.0,76.0,4.300000000000004,0.0,0.0,0.0,False,False,False
92,1467073285,944703461,3,gaussian_plus_dropout,CombinedErrorSensor,0.65,0.2,0.1,0.05,True,True,True,True,goal_reached,0.2285033769697635,69.7,14.117066739362023,14.257050344922432,0.062205865368923544,0.7071067811865476,0.07867632909737948,0.040431937411516086,0.13416823766656083,0.050913597092110595,0.053071612309587235,0.7071067811865476,0.07368499502831541,0.09802444672648593,0.05,6.161683471815004,6.161683471815004,0.0,8.59659802532755e-17,2.7894008272968645e-16,0.3535533905932738,0.3535533905932738,0.4083094555873925,69.7,0.0,0.0,0.0,0.0,69.7,0.0,0.0,0.0,0.0,False,False,False
93,169941178,1456512961,3,gaussian_plus_dropout,CombinedErrorSensor,0.65,0.2,0.1,0.05,True,True,False,False,false_completion,0.30683161394471115,65.0,12.81586379022833,12.980656642879222,0.06072415177453748,0.20502996222709938,0.06908168425448084,0.03769359092823429,0.11417270705100915,0.04632646479378241,0.051461645675676765,0.19166065392111242,0.06344809856770699,0.12923661568480074,0.0679748068944986,5.53964200831639,5.53964200831639,0.0,8.639258044949901e-17,1.962615573354719e-16,0.3166421547240642,0.3166421547240643,0.3963133640552995,63.4,1.5999999999999996,0.0,0.0,0.0,63.9,1.1000000000000014,0.0,0.0,0.0,False,False,False
94,2253011611,405432984,3,gaussian_plus_dropout,CombinedErrorSensor,0.65,0.2,0.1,0.05,True,True,True,True,goal_reached,0.21504330215570766,80.7,16.342993777622613,16.462791178128928,0.05851633738543913,0.1833955564391947,0.06705480688964492,0.04693177958163195,0.13496025813496693,0.05694171704713623,0.05928190338016923,0.20563411170968782,0.07425083508414025,0.1338129555562193,0.12446702681860065,6.7336348328430855,6.7336348328430855,0.0,7.97010719656748e-17,2.776424787817943e-16,0.26858948994440734,0.2685894899444073,0.39232673267326734,77.5,3.200000000000003,0.0,0.0,0.0,76.8,3.8999999999999932,0.0,0.0,0.0,False,False,False
95,4089296776,1361720255,3,gaussian_plus_dropout,CombinedErrorSensor,0.65,0.2,0.1,0.05,True,True,True,True,goal_reached,0.1578342671426208,75.2,15.58901353142618,15.711525403929658,0.05779400730340407,0.18252145650828905,0.06552362122862793,0.033305671949188466,0.09317409383323838,0.039756334038998975,0.05181124422058014,0.1778385344244297,0.06241794614367824,0.13954897614427683,0.08148144993280391,6.255016288156094,6.255016288156094,0.0,8.141472433407035e-17,2.7894008272968645e-16,0.26886306673090365,0.26886306673090365,0.399734395750332,75.2,0.0,0.0,0.0,0.0,75.2,0.0,0.0,0.0,0.0,False,False,False
96,4024072039,3290223108,3,gaussian_plus_dropout,CombinedErrorSensor,0.65,0.2,0.1,0.05,True,True,True,True,goal_reached,0.23744684101996322,68.4,13.532753865947083,13.693095294430385,0.05795012864029003,0.16031545275958534,0.06459209279151022,0.04043974283344035,0.135556005890041,0.05088763986796242,0.05060114791067813,0.2091348915847598,0.06468906696879557,0.10494736319788736,0.042954194486841235,5.630830524136843,5.630830524136844,0.0,8.035941911647764e-17,2.7894008272968645e-16,0.2540605869156936,0.25406058691569366,0.39708029197080297,62.900000000000006,5.5,0.0,0.0,0.0,62.30000000000001,6.099999999999994,0.0,0.0,0.0,False,False,False
97,4120847382,1005880465,3,gaussian_plus_dropout,CombinedErrorSensor,0.65,0.2,0.1,0.05,True,True,True,True,goal_reached,0.1930488469105866,67.9,13.324446746077518,13.37263259066347,0.05654631893427222,0.7071067811865476,0.07278005992101634,0.035667997458916315,0.10670121622606912,0.04328102242142201,0.054570045852364336,0.7071067811865476,0.07526636227175164,0.1401387201568637,0.05,5.758166340194991,5.758166340194991,0.0,8.44019444095443e-17,2.5018537765542007e-16,0.3535533905932738,0.3535533905932738,0.3764705882352941,65.7,2.1999999999999993,0.0,0.0,0.0,65.8,2.0999999999999996,0.0,0.0,0.0,False,False,False
98,3675887853,1206917796,3,gaussian_plus_dropout,CombinedErrorSensor,0.65,0.2,0.1,0.05,True,True,True,True,goal_reached,0.13903911280277492,72.8,14.648982370948048,14.816033545162263,0.06383902029241441,0.7071067811865476,0.07612579002693524,0.04113373269772006,0.15166772461176076,0.051310796063487416,0.05665500770680214,0.7071067811865476,0.07546902200376229,0.09947972966485373,0.022676629267092352,6.235277517738951,6.235277517738952,0.0,8.463822254221026e-17,2.7894008272968645e-16,0.3535533905932738,0.3535533905932738,0.4060356652949245,66.9,5.8999999999999915,0.0,0.0,0.0,66.99999999999999,5.800000000000004,0.0,0.0,0.0,False,False,False
99,279667856,3140931407,3,gaussian_plus_dropout,CombinedErrorSensor,0.65,0.2,0.1,0.05,True,True,True,True,goal_reached,0.1558292577532685,65.2,13.261016212298767,13.324543534291855,0.06275641916079738,0.19035778036999987,0.07093500260475147,0.036463574056736406,0.09725361600572155,0.04510239386507753,0.05106406460272716,0.2011257579907138,0.06422083720263115,0.09898939001028674,0.06070514183969357,5.553975608796211,5.553975608796212,0.0,8.672818471216978e-17,2.830524433501838e-16,0.267921097216664,0.2679210972166641,0.38284839203675347,64.8,0.3999999999999986,0.0,0.0,0.0,64.5,0.6999999999999957,0.0,0.0,0.0,False,False,False
100,540232124,440410583,3,gaussian_plus_dropout,CombinedErrorSensor,0.65,0.2,0.1,0.05,False,False,False,False,planning_failure,nan,nan,nan,nan,nan,nan,nan,nan,nan,nan,nan,nan,nan,nan,nan,nan,nan,nan,nan,nan,nan,nan,nan,,,,,,,,,,,,,
101,3396719581,2568424225,3,gaussian_plus_dropout,CombinedErrorSensor,0.65,0.2,0.1,0.05,True,True,True,True,goal_reached,0.15793200124612478,74.5,14.303403132080724,14.251142023692957,0.058325618452161006,0.7071067811865476,0.06956870041298807,0.037309235190791615,0.11430154219319694,0.0470280625062059,0.05112178743565645,0.7071067811865476,0.06680243175898117,0.18454971343262966,0.05,5.899433909877113,5.899433909877114,0.0,7.656714494135979e-17,2.8066088919804617e-16,0.3535533905932738,0.3535533905932738,0.4115281501340483,74.5,0.0,0.0,0.0,0.0,74.5,0.0,0.0,0.0,0.0,False,False,False
102,4254502148,4115934492,3,gaussian_plus_dropout,CombinedErrorSensor,0.65,0.2,0.1,0.05,False,False,False,False,planning_failure,nan,nan,nan,nan,nan,nan,nan,nan,nan,nan,nan,nan,nan,nan,nan,nan,nan,nan,nan,nan,nan,nan,nan,,,,,,,,,,,,,
103,52029571,1451775251,3,gaussian_plus_dropout,CombinedErrorSensor,0.65,0.2,0.1,0.05,True,True,True,True,goal_reached,0.18642482838175137,61.800000000000004,13.009916754510714,13.039707325417293,0.0638877310753439,0.7071067811865476,0.0765258213192589,0.04804837420802527,0.1589291061500253,0.06050865134537665,0.0620660431627298,0.7071067811865476,0.08411518128805759,0.12830190056140464,0.034076975231625894,5.4815883398452065,5.481588339845206,0.0,9.386326659925149e-17,2.7928509224031823e-16,0.3535533905932738,0.3535533905932738,0.37156704361873993,61.300000000000004,0.5,0.0,0.0,0.0,61.5,0.3000000000000007,0.0,0.0,0.0,False,False,False
104,2150617837,3318149514,3,gaussian_plus_dropout,CombinedErrorSensor,0.65,0.2,0.1,0.05,False,False,False,False,planning_failure,nan,nan,nan,nan,nan,nan,nan,nan,nan,nan,nan,nan,nan,nan,nan,nan,nan,nan,nan,nan,nan,nan,nan,,,,,,,,,,,,,
105,1920392900,1186325760,3,gaussian_plus_dropout,CombinedErrorSensor,0.65,0.2,0.1,0.05,True,True,True,True,goal_reached,0.1440256151666122,70.7,13.876079628529823,13.870143291862115,0.06385149619541639,0.30920870862575406,0.07359121222454487,0.03351492522489145,0.11671892261512884,0.04225527007851349,0.048911133981806146,0.3082806676672293,0.061654165745733736,0.2126391783457153,0.1422994107005628,6.036851328140665,6.036851328140665,0.0,8.104532714305831e-17,2.500169269419937e-16,0.3750352581762943,0.3750352581762943,0.40254237288135597,70.7,0.0,0.0,0.0,0.0,70.60000000000001,0.09999999999999432,0.0,0.0,0.0,False,False,False
106,3782786491,3318578905,3,gaussian_plus_dropout,CombinedErrorSensor,0.65,0.2,0.1,0.05,True,True,True,True,goal_reached,0.16864249223661504,102.0,18.96320652449525,19.06729382584731,0.05768377928171659,0.19988258683374707,0.06612616491440788,0.03169720076196536,0.09398260661400461,0.03976493994563355,0.045630375378484335,0.19050819372214445,0.05736959973840968,0.19878340096245672,0.12484054879464423,7.9877241386900995,7.987724138690098,0.0,7.735189095197595e-17,2.7894008272968645e-16,0.34402075681358535,0.34402075681358535,0.3966699314397649,101.7,0.29999999999999716,0.0,0.0,0.0,101.69999999999999,0.30000000000000426,0.0,0.0,0.0,False,False,False
107,1852949863,3905180727,3,gaussian_plus_dropout,CombinedErrorSensor,0.65,0.2,0.1,0.05,True,True,True,True,goal_reached,0.2015511869807077,59.900000000000006,12.875357430420998,12.98297627349098,0.05589775343301049,0.31043178293053136,0.06608086072726185,0.029597702336105567,0.08764232821347057,0.03676523996084733,0.04774037081984597,0.31043178293053136,0.06374211101665972,0.1508125019476226,0.1181384192518932,5.281224474118503,5.2812244741185035,0.0,9.120891060968462e-17,2.618455766672135e-16,0.27151288452180233,0.2715128845218024,0.3833333333333333,57.900000000000006,2.0,0.0,0.0,0.0,58.1,1.799999999999999,0.0,0.0,0.0,False,False,False
108,4292450816,2371327617,3,gaussian_plus_dropout,CombinedErrorSensor,0.65,0.2,0.1,0.05,True,True,True,True,goal_reached,0.2702417797861181,70.60000000000001,14.07387278977657,14.126482364289728,0.061493749543621926,0.17862730117998316,0.06918407938185234,0.04875434404996709,0.1250261378515333,0.057293875679210196,0.055891244679392216,0.18844185913776013,0.06948434695230901,0.2104525403239991,0.14780192907625989,5.956662392149514,5.956662392149514,0.0,8.460087692994405e-17,2.830524433501838e-16,0.2889293578702992,0.28892935787029916,0.4257425742574258,65.5,5.1000000000000085,0.0,0.0,0.0,65.7,4.900000000000006,0.0,0.0,0.0,False,False,False
109,4267953794,845914130,3,gaussian_plus_dropout,CombinedErrorSensor,0.65,0.2,0.1,0.05,True,True,True,True,goal_reached,0.18354742591313952,70.60000000000001,13.89847206963441,13.983985346720244,0.061101924339729705,0.7071067811865476,0.07244531504599688,0.03893218881626164,0.11858271353693343,0.046048415279907606,0.051079513861662804,0.7071067811865476,0.06878407703134175,0.17256756081552194,0.05,5.827193533709993,5.827193533709993,0.0,8.422701197945657e-17,2.7833528704240246e-16,0.3535533905932738,0.3535533905932738,0.3847241867043847,63.6,7.0000000000000036,0.0,0.0,0.0,63.5,7.1000000000000085,0.0,0.0,0.0,False,False,False
110,1963136374,3650030472,3,gaussian_plus_dropout,CombinedErrorSensor,0.65,0.2,0.1,0.05,True,True,True,True,goal_reached,0.23665609949833238,67.9,13.778559086133345,13.992355391233788,0.05905560181493399,0.7071067811865476,0.07603994010718888,0.035319950294460604,0.15193993931964445,0.04764200222650606,0.05158104116328597,0.7071067811865476,0.0739005665586775,0.03564448687151134,0.03927037798520602,5.1130981540261455,5.113098154026146,0.0,8.631074416617048e-17,2.7833528704240246e-16,0.3535533905932738,0.3535533905932738,0.388235294117647,67.9,0.0,0.0,0.0,0.0,67.9,0.0,0.0,0.0,0.0,False,False,False
111,212347388,3906612652,3,gaussian_plus_dropout,CombinedErrorSensor,0.65,0.2,0.1,0.05,True,True,True,True,goal_reached,0.2122704793145627,71.8,13.487823688588739,13.481097350535608,0.0612883181174635,0.20915190758293084,0.07027353708801061,0.041846835353816184,0.14116595908348226,0.05216795181026561,0.05102741121430822,0.20680682202990047,0.06497676072780442,0.1628630040706861,0.051948062919193023,5.703097058955623,5.703097058955623,0.0,7.903971262669054e-17,1.962615573354719e-16,0.33877436493637453,0.3387743649363745,0.3852573018080667,71.8,0.0,0.0,0.0,0.0,71.8,0.0,0.0,0.0,0.0,False,False,False
112,2133831415,1351782111,3,gaussian_plus_dropout,CombinedErrorSensor,0.65,0.2,0.1,0.05,True,True,True,True,goal_reached,0.19346327570693392,73.8,13.713421404595948,13.66748811505712,0.060836151920463745,0.2189981171006481,0.06912705897611165,0.03467774107120469,0.10863471175633808,0.04252798611596714,0.05217315071909861,0.21638644362859374,0.06581783477764036,0.1335341135919618,0.05108428672548605,6.045712066638847,6.045712066638847,0.0,7.945680237274306e-17,2.776424787817943e-16,0.242764133551143,0.24276413355114304,0.41677943166441134,73.8,0.0,0.0,0.0,0.0,73.8,0.0,0.0,0.0,0.0,False,False,False
113,2416155944,1610198770,3,gaussian_plus_dropout,CombinedErrorSensor,0.65,0.2,0.1,0.05,True,True,True,True,goal_reached,0.14807390041344556,81.60000000000001,16.60322920383339,16.577535728694823,0.06058525831584261,0.1667223390678176,0.06829198049819343,0.03743882974787299,0.10986510692904317,0.04686782895033214,0.049555636667040166,0.18619517890650839,0.06045020838188929,0.19777654738406175,0.13335117029659083,6.736502978733959,6.736502978733959,0.0,8.314039771037653e-17,2.8066088919804617e-16,0.3102393091293676,0.31023930912936754,0.3757649938800489,81.3,0.30000000000000426,0.0,0.0,0.0,81.5,0.10000000000000142,0.0,0.0,0.0,False,False,False
114,1031285833,497434967,3,gaussian_plus_dropout,CombinedErrorSensor,0.65,0.2,0.1,0.05,True,True,True,True,goal_reached,0.16749430233234092,68.10000000000001,13.113328312954204,13.112993385992597,0.06239737694403945,0.7071067811865476,0.0819560504379864,0.03968667880910063,0.13085537766994204,0.04692345021336438,0.055531266677741054,0.7071067811865476,0.08260793079091466,0.1256955439626126,0.05,5.6900429643161345,5.6900429643161345,0.0,8.252796018906334e-17,1.7772239894833365e-16,0.3535533905932738,0.3535533905932738,0.39882697947214074,68.10000000000001,0.0,0.0,0.0,0.0,68.0,0.10000000000000142,0.0,0.0,0.0,False,False,False
115,1491554370,1807222696,3,gaussian_plus_dropout,CombinedErrorSensor,0.65,0.2,0.1,0.05,True,True,True,True,goal_reached,0.2698761182626743,74.0,14.43392071015152,14.543839183296573,0.06009744841147977,0.7071067811865476,0.0723718897534439,0.03678212526685891,0.10145339031066491,0.04515849717103609,0.04875195487031494,0.7071067811865476,0.06515463663854489,0.16776857581232277,0.05,5.846793247222838,5.8467932472228386,0.0,8.106053526835583e-17,2.5324586304240974e-16,0.3535533905932738,0.3535533905932738,0.3873144399460189,71.89999999999999,2.0999999999999996,0.0,0.0,0.0,71.6,2.4000000000000004,0.0,0.0,0.0,False,False,False
116,2111179620,4259083263,3,gaussian_plus_dropout,CombinedErrorSensor,0.65,0.2,0.1,0.05,True,True,True,True,goal_reached,0.16698456793446587,76.80000000000001,15.700573112724213,15.710209563364499,0.059773501937503186,0.7071067811865476,0.0753370418783992,0.0376281135016081,0.14135939446879361,0.049233208970992884,0.0495851156357367,0.7071067811865476,0.07148904289194694,0.10224329193955052,0.05,6.522402379420711,6.522402379420711,0.0,8.149522937748562e-17,2.8177377798042847e-16,0.3535533905932738,0.3535533905932738,0.38491547464239273,68.4,8.400000000000002,0.0,0.0,0.0,68.4,8.4,0.0,0.0,0.0,False,False,False
117,3067009748,4125571272,3,gaussian_plus_dropout,CombinedErrorSensor,0.65,0.2,0.1,0.05,True,True,True,True,goal_reached,0.14316031445006022,70.10000000000001,13.685215495598138,13.603822448650888,0.059650000869064544,0.7071067811865476,0.07625276755221559,0.03265406295156023,0.11594759340797724,0.04049789826700209,0.05449798417536612,0.7071067811865476,0.07668232846298523,0.12202323398585752,0.05,6.104808813744409,6.104808813744409,0.0,7.807215274665755e-17,2.2247786310271853e-16,0.36753670350182044,0.36753670350182044,0.3689458689458689,68.9,1.1999999999999993,0.0,0.0,0.0,67.6,2.5000000000000036,0.0,0.0,0.0,False,False,False
118,1383855522,3437330170,3,gaussian_plus_dropout,CombinedErrorSensor,0.65,0.2,0.1,0.05,False,False,False,False,planning_failure,nan,nan,nan,nan,nan,nan,nan,nan,nan,nan,nan,nan,nan,nan,nan,nan,nan,nan,nan,nan,nan,nan,nan,,,,,,,,,,,,,
119,1826956592,3051676881,3,gaussian_plus_dropout,CombinedErrorSensor,0.65,0.2,0.1,0.05,True,True,True,True,goal_reached,0.1885148399068944,67.2,13.273313534164537,13.269360601224458,0.06330606065761635,0.1743536134007128,0.07091475292041909,0.03785178380740774,0.14270015717629447,0.04944280205259245,0.049663084918782484,0.24864116849712842,0.06401066295083342,0.15665822489776346,0.15212998324553606,5.6807001978601175,5.6807001978601175,0.0,8.296133211352918e-17,2.830524433501838e-16,0.41578656740258313,0.41578656740258313,0.40564635958395245,62.1,5.1,0.0,0.0,0.0,61.9,5.300000000000001,0.0,0.0,0.0,False,False,False
120,688581709,34371585,3,gaussian_plus_dropout,CombinedErrorSensor,0.65,0.2,0.1,0.05,True,True,True,True,goal_reached,0.17585180014481624,69.7,13.85623665757782,13.860366735070237,0.0627124315988903,0.7071067811865476,0.0861045673426007,0.04187448246902105,0.13418459290396498,0.051990736244382496,0.056992243390363406,0.7071067811865476,0.08684460923979914,0.146575283451148,0.05,5.767626576250756,5.767626576250756,0.0,8.050363712360955e-17,2.5133742693021536e-16,0.3535533905932738,0.3535533905932738,0.3868194842406877,69.7,0.0,0.0,0.0,0.0,69.7,0.0,0.0,0.0,0.0,False,False,False
121,3855786694,2553437302,3,gaussian_plus_dropout,CombinedErrorSensor,0.65,0.2,0.1,0.05,True,True,True,True,goal_reached,0.2675708363615342,64.2,13.534071607170839,13.65387461070031,0.06055466380618887,0.16192670703054213,0.06812319170337629,0.03565825875377102,0.1313447976906046,0.04514745244812034,0.05297131016896639,0.20935587670950984,0.06588056320319512,0.13770295778384867,0.04902620548752023,5.314707680666597,5.314707680666597,0.0,8.843201740930306e-17,2.779024842816778e-16,0.31010627866419843,0.31010627866419843,0.4027993779160186,64.2,0.0,0.0,0.0,0.0,64.2,0.0,0.0,0.0,0.0,False,False,False
122,4279156192,1134888897,3,gaussian_plus_dropout,CombinedErrorSensor,0.65,0.2,0.1,0.05,True,True,True,True,goal_reached,0.1724897080194715,67.9,13.765644382665315,13.888451242031596,0.06196701000396784,0.19555011583750054,0.07091337360416207,0.03328553985581094,0.11536524272195882,0.042335095365554035,0.051440357863138275,0.22222340936009274,0.06330382117194251,0.156479612916942,0.09137792950352283,5.614684908639058,5.614684908639058,0.0,8.688422437980099e-17,2.5133742693021536e-16,0.30626787729945365,0.30626787729945365,0.41323529411764703,63.6,4.3,0.0,0.0,0.0,62.400000000000006,5.500000000000001,0.0,0.0,0.0,False,False,False
123,126927254,984246979,3,gaussian_plus_dropout,CombinedErrorSensor,0.65,0.2,0.1,0.05,True,True,True,True,goal_reached,0.21470062276037466,86.10000000000001,16.867452169567144,16.925884870866323,0.06190765947719767,0.2873987243682528,0.07222362715965855,0.03697193621767154,0.15093967217093507,0.049385152973500095,0.049840976394226015,0.22545677731294458,0.06582788632899925,0.5030517607440187,0.4219861893656631,7.139746887211972,7.139746887211972,0.0,7.87387270393809e-17,2.779024842816778e-16,0.27326788488994996,0.2732678848899499,0.425754060324826,85.80000000000001,0.29999999999999716,0.0,0.0,0.0,85.60000000000001,0.4999999999999929,0.0,0.0,0.0,False,False,False
124,2258222714,325666615,3,gaussian_plus_dropout,CombinedErrorSensor,0.65,0.2,0.1,0.05,True,True,True,True,goal_reached,0.2008891365717753,86.60000000000001,16.813271866462614,16.958641274556772,0.059628658837279885,0.23035978893786163,0.06772654029125731,0.028512132258132296,0.1153643430011157,0.03758944664464539,0.04567100717988108,0.26264774432314697,0.058519746196848126,0.1645969953854789,0.09027284088863423,6.9428177812307394,6.94281778123074,0.0,7.604978129505297e-17,2.779024842816778e-16,0.3690241578978707,0.3690241578978707,0.36562860438292966,85.9,0.6999999999999993,0.0,0.0,0.0,86.2,0.3999999999999986,0.0,0.0,0.0,False,False,False
125,2983517800,828412743,3,gaussian_plus_dropout,CombinedErrorSensor,0.65,0.2,0.1,0.05,True,True,True,True,goal_reached,0.23414647654483267,64.9,12.857249335359352,12.9122798807634,0.06200760428321393,0.17290947600594506,0.07107043627259378,0.0427377835656237,0.12160614101592954,0.051255177378943646,0.05108218285015882,0.18965804706194592,0.0630534455654344,0.12192062787328517,0.014665675956822,5.368614529582213,5.368614529582213,0.0,8.687210019570507e-17,2.830524433501838e-16,0.4493161229905535,0.4493161229905535,0.3830769230769231,64.9,0.0,0.0,0.0,0.0,64.9,0.0,0.0,0.0,0.0,False,False,False
126,1251051613,3961295683,3,gaussian_plus_dropout,CombinedErrorSensor,0.65,0.2,0.1,0.05,True,True,True,True,goal_reached,0.14599582513842327,77.80000000000001,15.684075952698008,15.897035290617225,0.056882142167431086,0.16801134360221281,0.06388898603569476,0.042738077367330075,0.14510206684130722,0.05407301657942799,0.056646932358366126,0.21888408108025598,0.07094139843782502,0.06920586294366801,0.04936504272725052,6.283638001789213,6.283638001789214,0.0,8.359479260296927e-17,2.830524433501838e-16,0.2860818392855446,0.2860818392855446,0.38510911424903727,70.80000000000001,6.999999999999998,0.0,0.0,0.0,70.9,6.899999999999996,0.0,0.0,0.0,False,False,False
127,2952988485,3026545368,3,gaussian_plus_dropout,CombinedErrorSensor,0.65,0.2,0.1,0.05,True,True,True,True,goal_reached,0.1698670179122589,80.80000000000001,15.758142038520017,15.74412966715383,0.06048577340938872,0.15991682260233153,0.06782161037107752,0.03911924614298549,0.1070754913825479,0.047230398301085004,0.052368902581495964,0.2121879760706565,0.06555721668683626,0.11366760484858726,0.09151382325755897,6.2652630533862705,6.2652630533862705,0.0,8.067622414122388e-17,2.7894008272968645e-16,0.25915847781904544,0.2591584778190455,0.39184177997527814,77.30000000000001,3.4999999999999964,0.0,0.0,0.0,77.10000000000001,3.6999999999999957,0.0,0.0,0.0,False,False,False
128,293623351,4173873018,3,gaussian_plus_dropout,CombinedErrorSensor,0.65,0.2,0.1,0.05,True,True,True,True,goal_reached,0.29179334406086366,71.4,13.51775469746223,13.70152094412827,0.0600104292723968,0.24128928981429695,0.07060833433317171,0.034241951626705784,0.11865386733381474,0.04084086145873265,0.050113686776576266,0.21149627197132959,0.06325335791699319,0.26495092797816483,0.2134857998255796,5.224094129090101,5.224094129090101,0.0,7.815049402059702e-17,1.962615573354719e-16,0.24806247504983694,0.248062475049837,0.41678321678321684,70.7,0.7000000000000002,0.0,0.0,0.0,70.8,0.6000000000000005,0.0,0.0,0.0,False,False,False
129,1511299177,2073675167,3,gaussian_plus_dropout,CombinedErrorSensor,0.65,0.2,0.1,0.05,False,False,False,False,planning_failure,nan,nan,nan,nan,nan,nan,nan,nan,nan,nan,nan,nan,nan,nan,nan,nan,nan,nan,nan,nan,nan,nan,nan,,,,,,,,,,,,,
130,751479923,1103311033,3,gaussian_plus_dropout,CombinedErrorSensor,0.65,0.2,0.1,0.05,True,True,True,True,goal_reached,0.2482327535802496,79.30000000000001,15.197424000592061,15.281063240836678,0.06243253024833116,0.18146674627583112,0.07073825585700767,0.03649079533782736,0.11305406989292957,0.04398939149062986,0.050825959402134975,0.19682661044045915,0.06485134347163075,0.12916914142811498,0.04761171025330467,6.718400506528809,6.718400506528809,0.0,7.891158256773997e-17,2.776424787817943e-16,0.26321883817551145,0.2632188381755114,0.3816120906801007,74.4,4.900000000000002,0.0,0.0,0.0,73.7,5.600000000000001,0.0,0.0,0.0,False,False,False
131,1991012891,3792124852,3,gaussian_plus_dropout,CombinedErrorSensor,0.65,0.2,0.1,0.05,True,True,True,True,goal_reached,0.2014615418815253,72.0,13.700278125321065,13.687868029276153,0.05514719906455014,0.15074701136139756,0.0620053556184194,0.044861848635912985,0.1145813701128652,0.05500034081264191,0.04908297410935366,0.2310524774860699,0.062912445050354,0.0871421270753848,0.05884452778915394,5.441429716456025,5.441429716456025,0.0,7.813924748534915e-17,2.592584715281538e-16,0.3026405495623959,0.3026405495623959,0.40499306518724,72.0,0.0,0.0,0.0,0.0,72.0,0.0,0.0,0.0,0.0,False,False,False
132,2860860257,1656021677,3,gaussian_plus_dropout,CombinedErrorSensor,0.65,0.2,0.1,0.05,True,True,True,True,goal_reached,0.22375766250509505,63.1,13.249079438736427,13.402286216285825,0.06322601702794341,0.41504562096688136,0.0740447725871375,0.036451821072318834,0.1005679486768603,0.04505676966886252,0.05485201415611177,0.3895831450664187,0.07212656110531443,0.4184666061339879,0.2558626149433493,5.134178849555367,5.134178849555368,0.0,8.870573806012771e-17,2.0014830212433605e-16,0.22495439770323447,0.22495439770323444,0.36708860759493667,63.1,0.0,0.0,0.0,0.0,63.1,0.0,0.0,0.0,0.0,False,False,False
133,3150799191,2735906809,3,gaussian_plus_dropout,CombinedErrorSensor,0.65,0.2,0.1,0.05,True,True,True,True,goal_reached,0.1999065139440556,79.30000000000001,15.379353952424989,15.325161788581338,0.06086073993961874,0.7071067811865476,0.07829082422082462,0.04962181579521207,0.2112297414929308,0.06484793671065921,0.06037240542929874,0.7071067811865476,0.08372876144770303,0.44084852659033347,0.05,6.540640603321702,6.540640603321702,0.0,7.64105401825883e-17,2.7756795316273483e-16,0.3620443622642861,0.36204436226428616,0.3967254408060453,79.30000000000001,0.0,0.0,0.0,0.0,79.30000000000001,0.0,0.0,0.0,0.0,False,False,False
134,2520119097,2511480234,3,gaussian_plus_dropout,CombinedErrorSensor,0.65,0.2,0.1,0.05,True,True,True,True,goal_reached,0.13470742648877196,66.2,13.414106647107356,13.549045549502388,0.06442390384678433,0.20858474334272434,0.07211489111438028,0.04986156322814031,0.15894689600284562,0.061254108154251384,0.050256010892190305,0.2218790873722828,0.06453272571947691,0.05226051276362898,0.06240947378146444,5.255946647944377,5.255946647944378,0.0,8.197020535097247e-17,1.962615573354719e-16,0.29592667724885835,0.29592667724885835,0.40120663650075417,64.7,1.5,0.0,0.0,0.0,65.39999999999999,0.8000000000000043,0.0,0.0,0.0,False,False,False
135,992731555,3548265620,3,gaussian_plus_dropout,CombinedErrorSensor,0.65,0.2,0.1,0.05,True,True,True,True,goal_reached,0.19375123598248714,68.2,13.259256229812841,13.256780503266269,0.06052582189377244,0.7071067811865476,0.08019614586899551,0.03536563616203154,0.09913015436286905,0.043354863129660026,0.05104650558464096,0.7071067811865476,0.07483259143135777,0.1632922029680941,0.05,5.457409172664444,5.457409172664444,0.0,8.364280214617228e-17,1.8875832159447664e-16,0.3535533905932738,0.3535533905932738,0.39824304538799415,62.699999999999996,5.500000000000007,0.0,0.0,0.0,62.8,5.400000000000006,0.0,0.0,0.0,False,False,False
136,1778656040,1032768909,3,gaussian_plus_dropout,CombinedErrorSensor,0.65,0.2,0.1,0.05,True,True,True,True,goal_reached,0.25019217202874433,63.5,13.466742054831672,13.581012157603697,0.06051054376412462,0.16590153569338925,0.06835995694039697,0.03915031045295998,0.10877734859145573,0.047088610269078686,0.05001165420312668,0.1861569737136021,0.06243846440454476,0.09293377181768632,0.09070605607585946,5.493642955196683,5.493642955196682,0.0,9.371351268768974e-17,2.830524433501838e-16,0.2694607370723882,0.26946073707238827,0.44339622641509435,63.5,0.0,0.0,0.0,0.0,63.5,0.0,0.0,0.0,0.0,False,False,False
137,558936973,2014098144,3,gaussian_plus_dropout,CombinedErrorSensor,0.65,0.2,0.1,0.05,True,True,True,True,goal_reached,0.1958026357776269,72.3,13.726805824341643,13.742132870528456,0.06226512289935367,0.18162020333773882,0.0706624804160555,0.041074861779169664,0.18209580998537211,0.05651144058608178,0.05386565139596357,0.24554591753180238,0.06737584778645055,0.1699933764524293,0.13621786355082932,5.926518089830231,5.926518089830231,0.0,7.782956939983366e-17,2.8066088919804617e-16,0.3230608249082505,0.3230608249082505,0.40469613259668513,71.8,0.49999999999999867,0.0,0.0,0.0,71.8,0.5,0.0,0.0,0.0,False,False,False
138,617682228,3068230679,3,gaussian_plus_dropout,CombinedErrorSensor,0.65,0.2,0.1,0.05,True,True,True,True,goal_reached,0.2200223763165219,67.10000000000001,13.675359212819913,13.7733059671422,0.05965645005497158,0.20770797683763187,0.06795325307538021,0.039935118218467174,0.12494063188233621,0.04924228102456746,0.05354995677198694,0.19850934027067613,0.06721576187364274,0.16246630530453607,0.09601179510039409,5.550311768481383,5.550311768481384,0.0,8.013093402888999e-17,2.8066088919804617e-16,0.40550336960392874,0.40550336960392874,0.4107142857142857,67.10000000000001,0.0,0.0,0.0,0.0,67.10000000000001,0.0,0.0,0.0,0.0,False,False,False
139,4061457540,273083801,3,gaussian_plus_dropout,CombinedErrorSensor,0.65,0.2,0.1,0.05,True,True,True,True,goal_reached,0.14501037797449076,74.7,15.141234283992906,15.263254440977624,0.05855866351231654,0.1728549733269195,0.06539709544722062,0.0320207555498118,0.10458634531806954,0.04027883114331919,0.042095345083806704,0.14390475314958273,0.053184525459496514,0.11061506196405868,0.10902219211972049,6.056710482729432,6.056710482729432,0.0,8.54113872037725e-17,2.7769124835677133e-16,0.3315862680218541,0.3315862680218541,0.4117647058823529,74.39999999999999,0.29999999999999893,0.0,0.0,0.0,74.1,0.5999999999999996,0.0,0.0,0.0,False,False,False
140,36204085,428051633,3,gaussian_plus_dropout,CombinedErrorSensor,0.65,0.2,0.1,0.05,True,True,True,True,goal_reached,0.23431470099095417,67.0,13.485716057216397,13.629612926529587,0.058559114613669846,0.16934053277210923,0.06575790170609443,0.037322747069669246,0.12309832086184136,0.0463577781232285,0.05280407383384977,0.2048446480445158,0.0647714167950681,0.12286924942435332,0.09900794591781144,5.721959548615324,5.721959548615324,0.0,8.66340370905994e-17,2.8609792490763985e-16,0.3281789256156285,0.3281789256156285,0.3621460506706409,61.599999999999994,5.400000000000002,0.0,0.0,0.0,61.49999999999999,5.500000000000005,0.0,0.0,0.0,False,False,False
141,1511048123,3403416606,3,gaussian_plus_dropout,CombinedErrorSensor,0.65,0.2,0.1,0.05,True,True,True,True,goal_reached,0.09967752410809258,71.2,13.559799460158882,13.512401474242434,0.06158213292577798,0.7071067811865476,0.07248967855668742,0.04527542983134399,0.20447489108204334,0.05932548491464194,0.055565348972760685,0.7071067811865476,0.07374886282788477,0.13126513407486717,0.05,5.454823512994284,5.454823512994283,0.0,8.051760769132108e-17,2.5589376332604516e-16,0.3535533905932738,0.3535533905932738,0.4081346423562412,71.2,0.0,0.0,0.0,0.0,71.2,0.0,0.0,0.0,0.0,False,False,False
142,3562023227,3854600966,3,gaussian_plus_dropout,CombinedErrorSensor,0.65,0.2,0.1,0.05,True,True,True,True,goal_reached,0.15492143863528002,79.0,15.254428984748031,15.118731396248105,0.05896095593131334,0.7071067811865476,0.06980271760471772,0.04396867613289534,0.1494306407357644,0.056977938683395964,0.05535875801427371,0.7071067811865476,0.07164435134199115,0.12958493769468685,0.05,6.640699906214202,6.640699906214203,0.0,7.884090506240366e-17,2.8066088919804617e-16,0.3535533905932738,0.3535533905932738,0.4146649810366625,73.69999999999999,5.300000000000004,0.0,0.0,0.0,74.1,4.900000000000002,0.0,0.0,0.0,False,False,False
143,4243938459,758232080,3,gaussian_plus_dropout,CombinedErrorSensor,0.65,0.2,0.1,0.05,True,True,True,True,goal_reached,0.12584976240062762,66.60000000000001,13.288020813459672,13.248863817612602,0.058662646333837255,0.17281786768307247,0.06708754933520994,0.053689711019085165,0.1401995425644488,0.06561896226326562,0.04771696166106691,0.21655285871860225,0.06028715842382551,0.4406405135117774,0.45616157846484423,5.187442350995406,5.187442350995405,0.0,8.663949796836214e-17,2.5018537765542007e-16,0.30881774266551515,0.30881774266551526,0.39730134932533734,66.60000000000001,0.0,0.0,0.0,0.0,66.60000000000001,0.0,0.0,0.0,0.0,False,False,False
144,3590091208,2608530522,3,gaussian_plus_dropout,CombinedErrorSensor,0.65,0.2,0.1,0.05,True,True,True,True,goal_reached,0.22170135924025883,66.5,13.140737015140022,13.156800407552138,0.06195241289629764,0.16434937971356078,0.06913915749595172,0.05118105265262914,0.13215884490312518,0.06066768603608203,0.05326545800864861,0.199538906166349,0.0678768537597215,0.1580303986361618,0.0954328208193491,5.30396179176506,5.30396179176506,0.0,8.379315815852139e-17,1.962615573354719e-16,0.24780986775501376,0.24780986775501362,0.3768768768768769,66.3,0.19999999999999574,0.0,0.0,0.0,65.8,0.6999999999999957,0.0,0.0,0.0,False,False,False
145,1561310123,3203553205,3,gaussian_plus_dropout,CombinedErrorSensor,0.65,0.2,0.1,0.05,True,True,True,True,goal_reached,0.21796618995611955,68.2,13.422923603581392,13.501858744543139,0.05841655572405356,0.15468578919834847,0.06458813174690525,0.033866669207965265,0.09563936931692998,0.040332700678339245,0.04935159441100739,0.17492443692621976,0.061148483102146434,0.40562964471917695,0.3660718349339085,5.741122868245362,5.7411228682453626,0.0,8.280739545435846e-17,2.7833528704240246e-16,0.29691344071377207,0.29691344071377207,0.3689604685212299,67.6,0.5999999999999979,0.0,0.0,0.0,67.3,0.9000000000000021,0.0,0.0,0.0,False,False,False
146,4272674245,4092905196,3,gaussian_plus_dropout,CombinedErrorSensor,0.65,0.2,0.1,0.05,True,True,True,True,goal_reached,0.2523853504464825,74.5,14.493334995055013,14.626177285308074,0.05782592413886052,0.15625654447264956,0.06555963598485051,0.038554241639794026,0.12782454716066924,0.04681863142830846,0.04656677320047782,0.17708433010271202,0.05836534460476724,0.14577366019132612,0.12229759829347808,6.067890366748914,6.067890366748914,0.0,8.336630230824291e-17,2.779024842816778e-16,0.2957570005625205,0.29575700056252047,0.3632707774798928,65.2,9.299999999999995,0.0,0.0,0.0,65.0,9.500000000000002,0.0,0.0,0.0,False,False,False
147,3804410766,43637163,3,gaussian_plus_dropout,CombinedErrorSensor,0.65,0.2,0.1,0.05,True,True,True,True,goal_reached,0.20692579192192376,74.10000000000001,14.923276338132286,14.981931443119555,0.059779141994594776,0.20529838466899458,0.0675167194288011,0.03601162583506045,0.12663650685968447,0.04735650503600362,0.04956643108683081,0.2239105831385361,0.0639390635693836,0.17771401710993692,0.1474170817562809,6.1307957594592555,6.1307957594592555,0.0,8.023712512233517e-17,2.779024842816778e-16,0.4023272899435678,0.4023272899435678,0.42452830188679247,74.10000000000001,0.0,0.0,0.0,0.0,74.10000000000001,0.0,0.0,0.0,0.0,False,False,False
148,2942001979,3949632329,3,gaussian_plus_dropout,CombinedErrorSensor,0.65,0.2,0.1,0.05,True,True,True,True,goal_reached,0.13348579201233235,69.2,13.746750603056356,13.737689014914249,0.06284585919035142,0.7071067811865476,0.07527027036674953,0.03740130917961162,0.1281152847844172,0.046741335894639524,0.05165391636946133,0.7071067811865476,0.06695054245419071,0.2049936487120888,0.05,5.460541456184867,5.460541456184867,0.0,8.16182340241975e-17,2.498001805406602e-16,0.3535533905932738,0.3535533905932738,0.36796536796536794,67.2,2.0,0.0,0.0,0.0,66.5,2.700000000000001,0.0,0.0,0.0,False,False,False
149,2622422237,3948635486,3,gaussian_plus_dropout,CombinedErrorSensor,0.65,0.2,0.1,0.05,True,True,True,True,goal_reached,0.24947729850169156,72.9,15.147669556066893,15.329894026864505,0.06418584479423439,0.31472099986498103,0.0742107384642079,0.0322827907146116,0.12333764550853069,0.04317464806829669,0.049294130525182264,0.31503487189835383,0.06516817600953917,0.13845856458308697,0.09457156701162622,6.412250638887834,6.412250638887835,0.0,8.125933510511593e-17,2.5133742693021536e-16,0.2734359516934092,0.2734359516934092,0.4013698630136986,71.9,1.0,0.0,0.0,0.0,72.1,0.8000000000000043,0.0,0.0,0.0,False,False,False
150,4292375466,970091554,3,gaussian_plus_dropout,CombinedErrorSensor,0.65,0.2,0.1,0.05,True,True,True,True,goal_reached,0.17492887019038134,68.10000000000001,13.583853807785985,13.68933261415397,0.061585470748674404,0.1936544945912093,0.07020000142480631,0.04612442967231765,0.16560542345892376,0.05846795266029287,0.057376181035209646,0.252682493465206,0.07238178014193096,0.13218925281512164,0.08324371940516591,5.669466096199236,5.669466096199237,0.0,8.477421729725735e-17,2.7894008272968645e-16,0.3479629239803019,0.3479629239803019,0.37683284457478006,68.10000000000001,0.0,0.0,0.0,0.0,67.8,0.30000000000000115,0.0,0.0,0.0,False,False,False
151,2339108289,80255215,3,gaussian_plus_dropout,CombinedErrorSensor,0.65,0.2,0.1,0.05,True,True,True,True,goal_reached,0.2555012945433116,61.300000000000004,13.00368167986001,13.149067255084676,0.059773256597002236,0.16952973370034455,0.06729146870731532,0.03220161330059523,0.1661193030468433,0.047396251538930796,0.0487894508257755,0.25544840487970805,0.06282828640279163,0.1763687852259929,0.16652003244881772,5.169993916844876,5.169993916844877,0.0,9.02247099256691e-17,2.5589376332604516e-16,0.30109401587044626,0.3010940158704463,0.42182410423452765,58.50000000000001,2.799999999999997,0.0,0.0,0.0,58.800000000000004,2.5,0.0,0.0,0.0,False,False,False
152,2242091718,2669274835,3,gaussian_plus_dropout,CombinedErrorSensor,0.65,0.2,0.1,0.05,True,True,True,True,goal_reached,0.22157531791185137,61.300000000000004,12.949514746505631,13.131734143244287,0.052214858441766134,0.20746863722781955,0.06004457963538436,0.03726306199826334,0.0897682306529763,0.0432875840312408,0.048597987166816195,0.2054958812434933,0.05879209016055714,0.17017841220418492,0.13383619351038334,5.083202011315641,5.083202011315641,0.0,9.003319523934768e-17,1.8670653977139892e-16,0.29557980671672307,0.29557980671672307,0.37133550488599354,55.1,6.200000000000003,0.0,0.0,0.0,54.900000000000006,6.399999999999999,0.0,0.0,0.0,False,False,False
153,3577544150,221483861,3,gaussian_plus_dropout,CombinedErrorSensor,0.65,0.2,0.1,0.05,True,True,False,False,false_completion,0.30555485205806765,78.9,15.04511236798887,15.175521467341971,0.06340592331319375,0.7071067811865476,0.07499485160434467,0.040109726014886916,0.12072488595518752,0.04738095792792018,0.052052087166742034,0.7071067811865476,0.07075553418496229,0.15121190728245915,0.05,6.316095375803683,6.316095375803683,0.0,7.739655095611363e-17,2.797157557069881e-16,0.3535533905932738,0.3535533905932738,0.4037974683544304,78.9,0.0,0.0,0.0,0.0,78.9,0.0,0.0,0.0,0.0,False,False,False
154,667072100,1207010422,3,gaussian_plus_dropout,CombinedErrorSensor,0.65,0.2,0.1,0.05,True,True,True,True,goal_reached,0.19174726294123126,75.0,14.236561395880823,14.245359295411898,0.05673049838312312,0.16852508930952087,0.06496122775067696,0.037696277112720784,0.1290337265128514,0.04594497173774447,0.050094730420454876,0.19426191020951583,0.06159295683449262,0.11377082182706647,0.008667816836175568,6.059921707988455,6.0599217079884555,0.0,7.802707115715768e-17,1.8670653977139892e-16,0.3526418784470913,0.3526418784470913,0.3781624500665779,69.2,5.799999999999997,0.0,0.0,0.0,68.5,6.5,0.0,0.0,0.0,False,False,False
155,4209979507,961869777,3,gaussian_plus_dropout,CombinedErrorSensor,0.65,0.2,0.1,0.05,True,True,True,True,goal_reached,0.21586546292940767,79.10000000000001,16.559490600233087,16.638512704150116,0.060218017284608454,0.1691269573596237,0.06887178052885541,0.046060391507256215,0.12892711812785937,0.05520716039661671,0.05937475908667613,0.19603931199702607,0.07291010129427564,0.1550830961255617,0.13844293555325607,7.151680588068503,7.151680588068505,0.0,8.439631924268538e-17,2.8449465006019636e-16,0.41938434362121274,0.41938434362121274,0.4078282828282829,77.9,1.1999999999999957,0.0,0.0,0.0,77.60000000000001,1.5,0.0,0.0,0.0,False,False,False
156,3915324021,814030660,3,gaussian_plus_dropout,CombinedErrorSensor,0.65,0.2,0.1,0.05,False,False,False,False,planning_failure,nan,nan,nan,nan,nan,nan,nan,nan,nan,nan,nan,nan,nan,nan,nan,nan,nan,nan,nan,nan,nan,nan,nan,,,,,,,,,,,,,
157,2248235921,1154256923,3,gaussian_plus_dropout,CombinedErrorSensor,0.65,0.2,0.1,0.05,True,True,True,True,goal_reached,0.13772842076187572,63.5,13.274195356904425,13.232672357227917,0.0646596790882946,0.7071067811865476,0.07637583768711105,0.05044069761266868,0.12363927298830592,0.05748968717274977,0.05626110080014007,0.7071067811865476,0.07317677190361971,0.10963669555545354,0.05,5.139311563601228,5.139311563601228,0.0,8.842836142329155e-17,1.8670653977139892e-16,0.3535533905932738,0.3535533905932738,0.4056603773584906,62.4,1.1000000000000014,0.0,0.0,0.0,62.300000000000004,1.1999999999999957,0.0,0.0,0.0,False,False,False
158,2344631310,2304365659,3,gaussian_plus_dropout,CombinedErrorSensor,0.65,0.2,0.1,0.05,True,True,True,True,goal_reached,0.21527627956587314,69.4,14.094543009172824,14.222955072674987,0.05867013717850292,0.2173501959887874,0.06660865851197983,0.03753235341208154,0.09478625778306995,0.04361895951674217,0.049768008248398,0.20536563907721458,0.061377577530561576,0.09066320301447009,0.021112726645952762,5.747025529546651,5.74702552954665,0.0,8.434626273936434e-17,2.776424787817943e-16,0.5064881631965104,0.5064881631965104,0.39424460431654673,66.4,3.0,0.0,0.0,0.0,66.10000000000001,3.29999999999999,0.0,0.0,0.0,False,False,False
159,2077221000,2239487451,3,gaussian_plus_dropout,CombinedErrorSensor,0.65,0.2,0.1,0.05,True,True,True,True,goal_reached,0.16962171227690545,68.2,13.778178759583934,13.813493109956209,0.06387653931731367,0.23179572533961662,0.07325231509299068,0.03678872781176837,0.0988265981827994,0.04472593960485125,0.053689761764024506,0.2157758586187902,0.06700562736845914,0.15689420809031365,0.07554872450466465,5.6421459092449355,5.6421459092449355,0.0,8.176357920586238e-17,2.7894008272968645e-16,0.2693171430437403,0.26931714304374027,0.39824304538799415,68.2,0.0,0.0,0.0,0.0,68.2,0.0,0.0,0.0,0.0,False,False,False
160,4171941414,934373081,3,gaussian_plus_dropout,CombinedErrorSensor,0.65,0.2,0.1,0.05,True,True,True,True,goal_reached,0.18446834973289372,74.60000000000001,14.830572089916094,14.755457298140332,0.05843208231976523,0.18399102114616037,0.06660432127670596,0.04637749821139389,0.15458822485753698,0.0567846410757327,0.05545851456741542,0.19514222996552544,0.06841710252518175,0.13337114036240297,0.08469392851049716,6.210196570988373,6.210196570988373,0.0,7.870907110601332e-17,2.7894008272968645e-16,0.4423614960273311,0.44236149602733116,0.4230254350736279,74.60000000000001,0.0,0.0,0.0,0.0,74.60000000000001,0.0,0.0,0.0,0.0,False,False,False
161,1729366613,1692179550,3,gaussian_plus_dropout,CombinedErrorSensor,0.65,0.2,0.1,0.05,True,True,True,True,goal_reached,0.13058264472374323,75.4,15.663727663391276,15.580991426010675,0.06100121011552892,0.18192837470730897,0.06957987401015067,0.04329749789591981,0.12804138222884875,0.05320073263103474,0.058343116864488155,0.2229465496614434,0.07192676497219908,0.14283781425761005,0.03391572658632775,6.5768091419008385,6.5768091419008385,0.0,8.312726446344014e-17,2.8066088919804617e-16,0.4844679807067131,0.4844679807067131,0.4039735099337748,72.1,3.3000000000000007,0.0,0.0,0.0,72.9,2.499999999999993,0.0,0.0,0.0,False,False,False
162,67660197,2588837785,3,gaussian_plus_dropout,CombinedErrorSensor,0.65,0.2,0.1,0.05,True,True,True,True,goal_reached,0.23606733208921654,78.7,15.364976103118131,15.568825736314098,0.06171795653773437,0.7071067811865476,0.07960244376582117,0.040449418816927776,0.12319575814593708,0.04926777123588269,0.05525862344041346,0.7071067811865476,0.07750008482432065,0.14891842957037363,0.05,6.524074044374169,6.524074044374169,0.0,7.853154953107121e-17,2.5589376332604516e-16,0.3535533905932738,0.3535533905932738,0.38959390862944165,69.8,8.900000000000002,0.0,0.0,0.0,68.29999999999998,10.400000000000022,0.0,0.0,0.0,False,False,False
163,3647637070,2498199066,3,gaussian_plus_dropout,CombinedErrorSensor,0.65,0.2,0.1,0.05,True,True,True,True,goal_reached,0.2458491541313359,70.8,13.721605900726637,13.825109207233313,0.06324338303519797,0.20033232111912652,0.07192945964649582,0.03319611607828151,0.09352613942147313,0.039374289380993674,0.049380293417547114,0.20336628419916508,0.0628683337348924,0.13830217120248767,0.08610495643480152,5.882326636263831,5.882326636263831,0.0,8.157503574406952e-17,2.830524433501838e-16,0.3471762099454883,0.3471762099454883,0.39915373765867423,68.8,1.9999999999999982,0.0,0.0,0.0,68.6,2.1999999999999975,0.0,0.0,0.0,False,False,False
164,1097764499,438665298,3,gaussian_plus_dropout,CombinedErrorSensor,0.65,0.2,0.1,0.05,True,True,True,True,goal_reached,0.18715193729034144,68.7,12.820776756834576,12.972047369787594,0.061912536871188126,0.18540291203647905,0.07116560383609878,0.04908471925893265,0.1722787426969689,0.06151458041428924,0.058085288731044696,0.19267678293417412,0.07059899796481735,0.11041520844081605,0.10376557693570411,5.095968516855139,5.095968516855139,0.0,7.95154177848372e-17,1.962615573354719e-16,0.24996329420873553,0.24996329420873553,0.4156976744186046,68.7,0.0,0.0,0.0,0.0,68.7,0.0,0.0,0.0,0.0,False,False,False
165,2415939641,2972775906,3,gaussian_plus_dropout,CombinedErrorSensor,0.65,0.2,0.1,0.05,True,True,True,True,goal_reached,0.20991480888447303,86.30000000000001,16.410933538825518,16.49439226015005,0.062419995944551304,0.7071067811865476,0.08230100295754264,0.03625158285064692,0.11537509136358409,0.045496187554384025,0.05302284559082465,0.7071067811865476,0.0795893138929911,0.22433254856186174,0.05,6.766550599235168,6.766550599235169,0.0,7.646423890819376e-17,2.779024842816778e-16,0.3535533905932738,0.3535533905932738,0.38657407407407407,86.2,0.10000000000000142,0.0,0.0,0.0,85.80000000000001,0.5,0.0,0.0,0.0,False,False,False
166,3334599102,1751419161,3,gaussian_plus_dropout,CombinedErrorSensor,0.65,0.2,0.1,0.05,True,True,True,True,goal_reached,0.22329611757263573,73.9,15.302166064879724,15.40415860611407,0.061825338055686706,0.1819395191565387,0.06979072727905927,0.039272537434837815,0.12052837161899037,0.04530792351209607,0.04897335856239449,0.1940283145354016,0.061206257059702486,0.12513208862616143,0.10823002771246498,6.372208428384722,6.372208428384722,0.0,8.159769446941889e-17,2.830524433501838e-16,0.25541710811670904,0.2554171081167091,0.3932432432432432,73.9,0.0,0.0,0.0,0.0,73.9,0.0,0.0,0.0,0.0,False,False,False
167,2779470929,255465974,3,gaussian_plus_dropout,CombinedErrorSensor,0.65,0.2,0.1,0.05,True,True,True,True,goal_reached,0.26603887774016177,67.3,13.550945211912367,13.646746313355063,0.05994507917692809,0.7071067811865476,0.07116110248179913,0.047297232696297965,0.1112225843442595,0.05633616478966658,0.052414125816454896,0.7071067811865476,0.06868208306089417,0.11475367434019569,0.05,5.391898687175386,5.391898687175386,0.0,8.49601704024763e-17,2.5066604164831255e-16,0.3535533905932738,0.3535533905932738,0.40949554896142437,67.3,0.0,0.0,0.0,0.0,67.3,0.0,0.0,0.0,0.0,False,False,False
168,4090243799,2284752968,3,gaussian_plus_dropout,CombinedErrorSensor,0.65,0.2,0.1,0.05,True,True,True,True,goal_reached,0.15809409973275412,79.0,14.68295866767205,14.819141974637107,0.05767651631960871,0.18956557777027658,0.06574574085228903,0.03750051837459454,0.1309461484815257,0.049605010558715114,0.05105205268760937,0.17864219292562153,0.06270969425076682,0.14507878036906915,0.12463883094235513,5.963627911818134,5.963627911818134,0.0,7.83041353213505e-17,2.2247786310271853e-16,0.2977309840212894,0.2977309840212894,0.4108723135271808,77.5,1.5,0.0,0.0,0.0,78.0,1.0,0.0,0.0,0.0,False,False,False
169,3612385362,879771800,3,gaussian_plus_dropout,CombinedErrorSensor,0.65,0.2,0.1,0.05,True,True,True,True,goal_reached,0.13619299315584124,78.10000000000001,14.697110022822663,14.932277608979799,0.06156589246430619,0.7071067811865476,0.07569815247035976,0.03352610627296587,0.08909782407933901,0.04165103872636464,0.05051812950429128,0.7071067811865476,0.07133812307343636,0.1400791885736787,0.05,6.363533569800293,6.363533569800293,0.0,7.625552033299717e-17,1.942890293094024e-16,0.3535533905932738,0.3535533905932738,0.38746803069053704,76.4,1.6999999999999993,0.0,0.0,0.0,76.30000000000001,1.7999999999999972,0.0,0.0,0.0,False,False,False
170,2584319147,1028574110,3,gaussian_plus_dropout,CombinedErrorSensor,0.65,0.2,0.1,0.05,True,True,True,True,goal_reached,0.1663999964447758,76.10000000000001,14.767641840442588,14.833120910395452,0.05918461930788246,0.2305235366482407,0.06650037809065408,0.03875064183798522,0.148172327736414,0.04952649037399162,0.05341867369087818,0.2309264087873179,0.06494308957832133,0.029965503803174188,0.07511159544455337,6.029590878956584,6.029590878956585,0.0,8.011601997287587e-17,2.7756117711421305e-16,0.3009574933066022,0.3009574933066022,0.405511811023622,64.4,11.700000000000006,0.0,0.0,0.0,63.80000000000001,12.299999999999997,0.0,0.0,0.0,False,False,False
171,436442763,675799786,3,gaussian_plus_dropout,CombinedErrorSensor,0.65,0.2,0.1,0.05,True,True,True,True,goal_reached,0.17705349416645605,73.2,13.623154937063545,13.660446298663588,0.06109311150836151,0.21830031911858216,0.07008868292850223,0.04428973214772968,0.17333838490999057,0.059509667676856226,0.056510681116752594,0.21993335726583585,0.07288149935516831,0.1349617082667762,0.11464464105118712,5.74718944457206,5.74718944457206,0.0,7.845896052967644e-17,1.7772239894833365e-16,0.40666498313549704,0.406664983135497,0.42428376534788537,73.2,0.0,0.0,0.0,0.0,73.2,0.0,0.0,0.0,0.0,False,False,False
172,3794097624,2065298060,3,gaussian_plus_dropout,CombinedErrorSensor,0.65,0.2,0.1,0.05,True,True,True,True,goal_reached,0.15555090821795828,70.7,13.793781057888712,13.733937274152723,0.06322559419579699,0.7071067811865476,0.0834357828140733,0.03575474648043059,0.12417692089176757,0.04518944363146579,0.05400727696828597,0.7071067811865476,0.08053639071509458,0.18911211788753812,0.05,6.016037132444129,6.01603713244413,0.0,8.179452675250148e-17,2.5066604164831255e-16,0.3535533905932738,0.3535533905932738,0.3954802259887006,65.8,4.9,0.0,0.0,0.0,65.89999999999999,4.799999999999999,0.0,0.0,0.0,False,False,False
173,2911976809,774395539,3,gaussian_plus_dropout,CombinedErrorSensor,0.65,0.2,0.1,0.05,True,True,True,True,goal_reached,0.14290849323171884,67.3,14.031964274651095,14.062785286536638,0.06131127880881152,0.7071067811865476,0.07699051079843959,0.03803261532251804,0.11230638741600543,0.04628112512625639,0.052939855892018065,0.7071067811865476,0.0748213291441163,0.19766963531751403,0.05,5.340331009692676,5.340331009692677,0.0,8.514422907411564e-17,2.9893669801409083e-16,0.3535533905932738,0.3535533905932738,0.3946587537091988,67.3,0.0,0.0,0.0,0.0,67.19999999999999,0.10000000000000142,0.0,0.0,0.0,False,False,False
174,3199249514,3002494220,3,gaussian_plus_dropout,CombinedErrorSensor,0.65,0.2,0.1,0.05,True,True,True,True,goal_reached,0.18975805809238633,61.800000000000004,12.877302595463046,12.894323439289733,0.06057561669424991,0.1736763081556331,0.06995095473751248,0.03933902061238755,0.1424383358315354,0.05397517552617853,0.05151389568721556,0.19398709536598222,0.06471163195027566,0.55,0.4909516539037717,5.270091945061763,5.270091945061763,0.0,8.95968243449137e-17,2.220446049250313e-16,0.3713366746762237,0.3713366746762236,0.4200323101777059,61.800000000000004,0.0,0.0,0.0,0.0,61.800000000000004,0.0,0.0,0.0,0.0,False,False,False
175,2681399514,1388369604,3,gaussian_plus_dropout,CombinedErrorSensor,0.65,0.2,0.1,0.05,False,False,False,False,planning_failure,nan,nan,nan,nan,nan,nan,nan,nan,nan,nan,nan,nan,nan,nan,nan,nan,nan,nan,nan,nan,nan,nan,nan,,,,,,,,,,,,,
176,3029070720,845756978,3,gaussian_plus_dropout,CombinedErrorSensor,0.65,0.2,0.1,0.05,True,True,True,True,goal_reached,0.1671107921501414,80.9,15.949757671695714,15.88894592459224,0.06125479754555321,0.34730134244405425,0.070070697243345,0.04151255393146838,0.1874324594690715,0.054218607008494006,0.06210338795332843,0.3467576717062717,0.07912133039541017,0.1420148367465373,0.1023607546106482,6.770862949059124,6.770862949059124,0.0,8.100437919711965e-17,2.830524433501838e-16,0.2839604836027603,0.2839604836027603,0.4209876543209876,80.9,0.0,0.0,0.0,0.0,80.9,0.0,0.0,0.0,0.0,False,False,False
177,3812837130,3191976705,3,gaussian_plus_dropout,CombinedErrorSensor,0.65,0.2,0.1,0.05,True,True,True,True,goal_reached,0.20527943077214753,65.4,13.047160183656578,13.070197602492025,0.052917980242560475,0.2094524712650447,0.060422163379645434,0.03912505263635639,0.12885432375615105,0.047844172204858,0.05196450479047687,0.1994651582801115,0.0644427684125356,0.1354832760194988,0.06589730346709137,5.551484019323473,5.551484019323473,0.0,8.598911371675796e-17,2.5133742693021536e-16,0.36735841245681555,0.36735841245681555,0.3954198473282443,65.4,0.0,0.0,0.0,0.0,65.4,0.0,0.0,0.0,0.0,False,False,False
178,323190429,1915161174,3,gaussian_plus_dropout,CombinedErrorSensor,0.65,0.2,0.1,0.05,True,True,True,True,goal_reached,0.10711913097280852,80.30000000000001,16.167325407800003,16.1169639590373,0.05754404532104579,0.16711039194682936,0.06497043101524176,0.04223135352164046,0.140034375662355,0.05179715541150927,0.0533551240461602,0.21935137260141416,0.06807519158274118,0.14585752788009143,0.056719375859129784,6.638466220470398,6.638466220470398,0.0,7.874797669882674e-17,2.8066088919804617e-16,0.37223400855285094,0.37223400855285105,0.41666666666666663,80.30000000000001,0.0,0.0,0.0,0.0,80.30000000000001,0.0,0.0,0.0,0.0,False,False,False
179,1930477740,3376499275,3,gaussian_plus_dropout,CombinedErrorSensor,0.65,0.2,0.1,0.05,True,True,True,True,goal_reached,0.20275600403545999,66.5,14.05941345490897,14.17972125494158,0.06504430967442071,0.7071067811865476,0.07673246302373497,0.04180040458233951,0.14393480082829269,0.05214022492374314,0.0541554085653822,0.7071067811865476,0.0729794781424684,0.07331849825089208,0.05,5.443896514181429,5.443896514181429,0.0,8.626940412266777e-17,2.779024842816778e-16,0.3675993219086084,0.3675993219086084,0.4519519519519519,66.5,0.0,0.0,0.0,0.0,66.5,0.0,0.0,0.0,0.0,False,False,False
180,3664593863,1203705817,3,gaussian_plus_dropout,CombinedErrorSensor,0.65,0.2,0.1,0.05,False,False,False,False,planning_failure,nan,nan,nan,nan,nan,nan,nan,nan,nan,nan,nan,nan,nan,nan,nan,nan,nan,nan,nan,nan,nan,nan,nan,,,,,,,,,,,,,
181,795718452,2131830739,3,gaussian_plus_dropout,CombinedErrorSensor,0.65,0.2,0.1,0.05,True,True,True,True,goal_reached,0.17931525748573687,74.0,14.834396236018783,14.95648537735028,0.05982341287150402,0.7071067811865476,0.07175739589677588,0.03054353120497459,0.0862936457549296,0.038225559977868744,0.044714887604242505,0.7071067811865476,0.06084066023678995,0.1483399410189729,0.05,5.917369814315244,5.917369814315244,0.0,8.333243318826172e-17,2.779024842816778e-16,0.3535533905932738,0.3535533905932738,0.3724696356275303,71.3,2.6999999999999975,0.0,0.0,0.0,71.29999999999998,2.7000000000000135,0.0,0.0,0.0,False,False,False
182,2761085476,974724826,3,gaussian_plus_dropout,CombinedErrorSensor,0.65,0.2,0.1,0.05,True,True,True,True,goal_reached,0.142812545115986,78.2,15.410670776869114,15.458859577192769,0.06156168431648371,0.18292483274610855,0.06886230549366867,0.043437055440185876,0.13433290045429125,0.05307384039977455,0.04881646010556503,0.16263655463739607,0.06092203438758514,0.1819098569627958,0.1251961548041255,5.796906664238645,5.796906664238645,0.0,7.642338499609568e-17,2.220446049250313e-16,0.28688656208345076,0.28688656208345076,0.3844189016602809,78.2,0.0,0.0,0.0,0.0,78.2,0.0,0.0,0.0,0.0,False,False,False
183,1532893928,1966218153,3,gaussian_plus_dropout,CombinedErrorSensor,0.65,0.2,0.1,0.05,True,True,True,True,goal_reached,0.19104706753042439,67.5,13.178249774522289,13.246218677760439,0.056955462418085655,0.14258463717248915,0.06447694958059343,0.03834374518217011,0.10503119159475315,0.0479881795422929,0.04607447963302591,0.1832620892688297,0.05821034950940265,0.10230316679053195,0.10824585445350941,5.181248352370887,5.181248352370886,0.0,8.669334089029382e-17,1.962615573354719e-16,0.28865077113410426,0.28865077113410426,0.42899408284023666,66.8,0.6999999999999993,0.0,0.0,0.0,66.6,0.9000000000000021,0.0,0.0,0.0,False,False,False
184,1112156342,1573685486,3,gaussian_plus_dropout,CombinedErrorSensor,0.65,0.2,0.1,0.05,True,True,True,True,goal_reached,0.13728498202834108,80.80000000000001,15.33494544537184,15.172108039692631,0.06221657766267454,0.19695407658165887,0.07093525008784321,0.03446575982165901,0.10133875224184052,0.04162941002627854,0.05144144719721275,0.2081586622565405,0.06262837951013839,0.10101087096909932,0.055567271663004826,6.495981002781036,6.495981002781036,0.0,7.918715545699953e-17,2.8609792490763985e-16,0.5418295166513125,0.5418295166513124,0.38071693448702104,78.60000000000001,2.200000000000001,0.0,0.0,0.0,78.4,2.3999999999999986,0.0,0.0,0.0,False,False,False
185,1114021337,631108310,3,gaussian_plus_dropout,CombinedErrorSensor,0.65,0.2,0.1,0.05,True,True,True,True,goal_reached,0.2620375904860833,62.400000000000006,12.91309625917778,13.075360627864343,0.06268972563302022,0.1720606135963451,0.07119736601904961,0.036599465528045355,0.11719552130304649,0.044673956716687266,0.05146617525560843,0.17178966596436213,0.06489016922886265,0.15309677965193594,0.11253662041900717,5.260331961780611,5.260331961780611,0.0,8.929419029548157e-17,2.5589376332604516e-16,0.4637735158566484,0.4637735158566484,0.40800000000000003,62.400000000000006,0.0,0.0,0.0,0.0,62.400000000000006,0.0,0.0,0.0,0.0,False,False,False
186,1325414481,1605829894,3,gaussian_plus_dropout,CombinedErrorSensor,0.65,0.2,0.1,0.05,False,False,False,False,planning_failure,nan,nan,nan,nan,nan,nan,nan,nan,nan,nan,nan,nan,nan,nan,nan,nan,nan,nan,nan,nan,nan,nan,nan,,,,,,,,,,,,,
187,176961545,636445662,3,gaussian_plus_dropout,CombinedErrorSensor,0.65,0.2,0.1,0.05,True,True,True,True,goal_reached,0.18482153385690558,64.60000000000001,13.28951791049412,13.416432619997817,0.06170394795303836,0.18190971335236336,0.07058042347494543,0.036382995185931195,0.08537191857269597,0.043238760871871874,0.048314212595650455,0.1769760692266983,0.05881142404354802,0.12185232072398822,0.07167466471385785,5.811459700070202,5.811459700070202,0.0,8.690130029190612e-17,2.0014830212433605e-16,0.2542232363861023,0.25422323638610234,0.38948995363214833,64.60000000000001,0.0,0.0,0.0,0.0,64.60000000000001,0.0,0.0,0.0,0.0,False,False,False
188,1651782110,4107392115,3,gaussian_plus_dropout,CombinedErrorSensor,0.65,0.2,0.1,0.05,False,False,False,False,planning_failure,nan,nan,nan,nan,nan,nan,nan,nan,nan,nan,nan,nan,nan,nan,nan,nan,nan,nan,nan,nan,nan,nan,nan,,,,,,,,,,,,,
189,1779023298,2158193279,3,gaussian_plus_dropout,CombinedErrorSensor,0.65,0.2,0.1,0.05,True,True,True,True,goal_reached,0.1844262828218053,75.8,15.23726975230684,15.354682871184243,0.0611299465013473,0.7071067811865476,0.07634573770490921,0.041879206632724215,0.16791595908094503,0.05542962403478235,0.05240082247452042,0.7071067811865476,0.0747921813823744,0.0780068847529896,0.05,6.609437504290949,6.60943750429095,0.0,7.946095480719352e-17,2.5133742693021536e-16,0.3535533905932738,0.3535533905932738,0.3965744400527009,74.1,1.700000000000001,0.0,0.0,0.0,74.19999999999999,1.6000000000000014,0.0,0.0,0.0,False,False,False
190,4138237076,785607711,3,gaussian_plus_dropout,CombinedErrorSensor,0.65,0.2,0.1,0.05,True,True,True,True,goal_reached,0.18600676934885077,91.2,18.030546904585727,18.046529000263284,0.06131578946128931,0.17164573805770664,0.06892040790461318,0.030764584785788647,0.10761055012517673,0.038936570502233994,0.049237944003510864,0.22104361002878498,0.06252752282166749,0.0929508170492348,0.08265172726106407,7.889424896084995,7.8894248960849955,0.0,7.94936743895693e-17,2.830524433501838e-16,0.40971736691424626,0.4097173669142463,0.39320920043811614,89.0,2.200000000000003,0.0,0.0,0.0,89.5,1.6999999999999957,0.0,0.0,0.0,False,False,False
191,1190706895,3844410921,3,gaussian_plus_dropout,CombinedErrorSensor,0.65,0.2,0.1,0.05,False,False,False,False,planning_failure,nan,nan,nan,nan,nan,nan,nan,nan,nan,nan,nan,nan,nan,nan,nan,nan,nan,nan,nan,nan,nan,nan,nan,,,,,,,,,,,,,
192,1376100548,2023100640,3,gaussian_plus_dropout,CombinedErrorSensor,0.65,0.2,0.1,0.05,True,True,True,True,goal_reached,0.14898963826159675,75.8,15.369314594436286,15.301282883292581,0.060585855418840165,0.3570585641078199,0.0699284923503214,0.050187779402216234,0.12811603854728773,0.059638498981402,0.053649590879448115,0.1772997570681877,0.0659909518898903,0.0839748227780866,0.08574482514710098,6.3764415710225455,6.376441571022546,0.0,7.892651919558142e-17,2.5133742693021536e-16,0.24805449458868783,0.2480544945886878,0.4189723320158103,75.8,0.0,0.0,0.0,0.0,75.8,0.0,0.0,0.0,0.0,False,False,False
193,1014721197,1461180214,3,gaussian_plus_dropout,CombinedErrorSensor,0.65,0.2,0.1,0.05,True,True,True,True,goal_reached,0.19433004155118425,74.9,14.609735715266446,14.663982391369855,0.061765159506107656,0.2556505856402037,0.07077586157101172,0.044695523255649,0.1152868265482958,0.05194473582640025,0.05651186858800992,0.24522775265019933,0.07027420290255572,0.15197226162302216,0.08336591703431107,6.23286321193035,6.23286321193035,0.0,7.806195146579051e-17,2.2887833992611187e-16,0.27461404597812,0.27461404597812006,0.38,68.5,6.400000000000006,0.0,0.0,0.0,68.00000000000001,6.8999999999999915,0.0,0.0,0.0,False,False,False
194,1525762871,3126151894,3,gaussian_plus_dropout,CombinedErrorSensor,0.65,0.2,0.1,0.05,True,True,True,True,goal_reached,0.23783791345091135,70.10000000000001,13.168515573029504,13.247910368410492,0.05947458929889043,0.7071067811865476,0.0712674298325294,0.04284039317175145,0.1559918672529124,0.05335843361955506,0.04825756059005314,0.7071067811865476,0.06557407159518654,0.17354594721115607,0.05,5.599751053576556,5.599751053576558,0.0,8.270353027896207e-17,1.962615573354719e-16,0.3535533905932738,0.3535533905932738,0.405982905982906,69.50000000000001,0.5999999999999943,0.0,0.0,0.0,69.70000000000002,0.3999999999999915,0.0,0.0,0.0,False,False,False
195,1260217734,1227112746,3,gaussian_plus_dropout,CombinedErrorSensor,0.65,0.2,0.1,0.05,True,True,True,True,goal_reached,0.2006320898172492,74.2,14.793638124857145,14.770189981183925,0.06344712849042296,0.18571484424901746,0.07175111671289455,0.047267174085657684,0.1995594836786506,0.059984029500040684,0.05885038785862169,0.29881298233506587,0.07514899627867237,0.19006987045056395,0.12581664929871367,6.560821015054341,6.560821015054341,0.0,8.135547497722853e-17,2.5589376332604516e-16,0.3204833443668491,0.3204833443668492,0.3755047106325706,67.89999999999999,6.300000000000004,0.0,0.0,0.0,67.1,7.100000000000001,0.0,0.0,0.0,False,False,False
196,504774215,3149632713,3,gaussian_plus_dropout,CombinedErrorSensor,0.65,0.2,0.1,0.05,True,True,True,True,goal_reached,0.2591815932343742,66.7,13.042897466402607,13.089543290556401,0.0627032582345025,0.7071067811865476,0.07657962424216679,0.04356887041072732,0.1397023055814143,0.05483503907912224,0.055941842537819655,0.7071067811865476,0.07545698632353151,0.16601813567616616,0.05,5.708470351583561,5.708470351583561,0.0,8.156626602772029e-17,2.2887833992611187e-16,0.3535533905932738,0.3535533905932738,0.38323353293413176,65.2,1.4999999999999964,0.0,0.0,0.0,65.0,1.6999999999999957,0.0,0.0,0.0,False,False,False
197,1106937606,493780939,3,gaussian_plus_dropout,CombinedErrorSensor,0.65,0.2,0.1,0.05,True,True,True,True,goal_reached,0.21128656781784128,70.0,14.915638386274932,14.953263381568368,0.058779864578264146,0.7071067811865476,0.07181277136636989,0.054959436122028936,0.1960919109223574,0.07009065545044647,0.061044659261508274,0.7071067811865476,0.08033704756632049,0.11464797794631523,0.05,6.357530177001195,6.357530177001195,0.0,8.336006754253777e-17,2.7894008272968645e-16,0.3535533905932738,0.3535533905932738,0.3837375178316691,69.9,0.09999999999999432,0.0,0.0,0.0,69.7,0.29999999999999716,0.0,0.0,0.0,False,False,False
198,3459676030,3110934484,3,gaussian_plus_dropout,CombinedErrorSensor,0.65,0.2,0.1,0.05,True,True,True,True,goal_reached,0.16643802339023947,68.10000000000001,13.269413927512842,13.342594643458803,0.061477212359782436,0.7071067811865476,0.07329674852916529,0.03151968446541375,0.11358050071460002,0.03956296469632273,0.050040044027845766,0.7071067811865476,0.06741026637298016,0.15928700257344758,0.05,5.135405445154544,5.135405445154544,0.0,8.062493430472156e-17,2.5324586304240974e-16,0.3535533905932738,0.3535533905932738,0.3870967741935484,68.0,0.09999999999999787,0.0,0.0,0.0,67.60000000000001,0.5,0.0,0.0,0.0,False,False,False
199,1781291391,1335936830,3,gaussian_plus_dropout,CombinedErrorSensor,0.65,0.2,0.1,0.05,True,True,True,True,goal_reached,0.12809787743030188,78.2,16.40838400444546,16.617182604734193,0.05715357751351781,0.7071067811865476,0.0689771878463027,0.033037673802253364,0.12310390383597102,0.04458476502111476,0.047934267289153905,0.7071067811865476,0.06428475616670623,0.17355579460722342,0.05,6.815216989276584,6.815216989276584,0.0,8.625780581289297e-17,2.8066088919804617e-16,0.3535533905932738,0.3535533905932738,0.38569604086845466,76.39999999999999,1.8000000000000043,0.0,0.0,0.0,76.09999999999998,2.100000000000012,0.0,0.0,0.0,False,False,False
200,3523129448,2826415160,3,gaussian_plus_dropout,CombinedErrorSensor,0.65,0.2,0.1,0.05,True,True,True,True,goal_reached,0.16365676384383426,84.7,16.145014774331436,16.255544452326337,0.06293506508267388,0.7071067811865476,0.07814292864574089,0.04311193285863459,0.12419652199653868,0.0550977848933595,0.06269158921542554,0.7071067811865476,0.08486866994135409,0.12365168101699962,0.03573830454506677,7.366054933610766,7.366054933610766,0.0,7.536154753282901e-17,2.5133742693021536e-16,0.3535533905932738,0.3535533905932738,0.38561320754716977,76.6,8.100000000000005,0.0,0.0,0.0,76.8,7.900000000000006,0.0,0.0,0.0,False,False,False
201,1124748912,2844255851,3,gaussian_plus_dropout,CombinedErrorSensor,0.65,0.2,0.1,0.05,True,True,True,True,goal_reached,0.1833590481892574,70.8,13.919155362660973,13.913784350934923,0.061771464101335674,0.7071067811865476,0.07452721628047358,0.04542371621697075,0.12932236798926874,0.05443045544781903,0.050985284041933504,0.7071067811865476,0.067864276149592,0.07951718380133871,0.05,5.572263375026143,5.572263375026144,0.0,7.951605598833135e-17,2.7833528704240246e-16,0.3535533905932738,0.3535533905932738,0.40761636107193233,62.39999999999999,8.400000000000002,0.0,0.0,0.0,62.3,8.499999999999998,0.0,0.0,0.0,False,False,False
202,1766979982,1842838237,3,gaussian_plus_dropout,CombinedErrorSensor,0.65,0.2,0.1,0.05,True,True,False,False,false_completion,0.3321962291251916,76.60000000000001,14.025682682711501,14.106522524708334,0.05418581290317113,0.15460996194808738,0.0609609502179427,0.03549475569783436,0.11881201301212942,0.045144859843830515,0.04862347439352238,0.2031716396716881,0.060940550434016943,0.19278387868092783,0.14626734510584125,6.006011313514152,6.006011313514152,0.0,7.593552191358008e-17,2.9893669801409083e-16,0.2999200307902234,0.2999200307902234,0.4159061277705346,75.60000000000001,1.0,0.0,0.0,0.0,76.10000000000001,0.5,0.0,0.0,0.0,False,False,False
203,1379070658,2045846455,3,gaussian_plus_dropout,CombinedErrorSensor,0.65,0.2,0.1,0.05,True,True,True,True,goal_reached,0.21453502349721862,72.4,14.335476593186778,14.441932976327678,0.058817995322473594,0.7071067811865476,0.07006945936179047,0.04089553717788226,0.10519426423596118,0.04765504867618479,0.05214808540978247,0.7071067811865476,0.06998445841754083,0.1510186053340472,0.05,5.538595769099775,5.538595769099775,0.0,8.190424658243457e-17,2.5447867175859907e-16,0.3535533905932738,0.3535533905932738,0.3944827586206896,70.9,1.5,0.0,0.0,0.0,70.9,1.5,0.0,0.0,0.0,False,False,False
204,902837847,4223214188,3,gaussian_plus_dropout,CombinedErrorSensor,0.65,0.2,0.1,0.05,True,True,True,True,goal_reached,0.1776591402715791,77.10000000000001,15.547062135544909,15.418799209155305,0.06031518248029492,0.7071067811865476,0.0721354382377598,0.04479762871435609,0.11032257618529613,0.053204768253561116,0.057831007649070676,0.7071067811865476,0.07546302498519987,0.14493025001854556,0.05,6.648944236350486,6.648944236350486,0.0,7.926042009714069e-17,2.776424787817943e-16,0.3535533905932738,0.3535533905932738,0.405440414507772,74.50000000000001,2.5999999999999943,0.0,0.0,0.0,74.4,2.700000000000003,0.0,0.0,0.0,False,False,False
205,2193816033,507685065,3,gaussian_plus_dropout,CombinedErrorSensor,0.65,0.2,0.1,0.05,True,True,True,True,goal_reached,0.2318117046032477,66.8,13.197433405320153,13.126398906578396,0.07255198156063566,0.7071067811865476,0.0850072016759044,0.045370265270989044,0.1366077495926391,0.053003880539880095,0.061407906178657136,0.7071067811865476,0.08101557697877088,0.19380369460368094,0.05,5.836771869453762,5.836771869453762,0.0,8.258721180771265e-17,1.962615573354719e-16,0.3535533905932738,0.3535533905932738,0.43497757847533636,66.6,0.20000000000000284,0.0,0.0,0.0,66.39999999999999,0.4000000000000057,0.0,0.0,0.0,False,False,False
206,829894770,3799876144,3,gaussian_plus_dropout,CombinedErrorSensor,0.65,0.2,0.1,0.05,True,True,True,True,goal_reached,0.2012297489393499,64.5,12.963780738333924,12.988905724842105,0.06100864045996987,0.23425845685595106,0.0694914054697411,0.03543759918533229,0.12659054411544318,0.04336436816391462,0.05024886690324705,0.23335799452485467,0.06121518726948677,0.1349926028674439,0.1433587641980741,5.740583915188589,5.740583915188589,0.0,8.54706671285337e-17,2.2887833992611187e-16,0.3605574722568239,0.3605574722568239,0.4256965944272446,64.5,0.0,0.0,0.0,0.0,64.5,0.0,0.0,0.0,0.0,False,False,False
207,4130689922,2896272208,3,gaussian_plus_dropout,CombinedErrorSensor,0.65,0.2,0.1,0.05,True,True,True,True,goal_reached,0.244463745297885,87.80000000000001,16.914392523494026,17.052515570462354,0.060062505633643286,0.22778326452345735,0.06809011316362995,0.035355844073878685,0.10243306469226887,0.04410819885453066,0.04918582431401008,0.1844829907436992,0.061218943026749205,0.10965364696212179,0.07323929845723362,7.7531571469744325,7.753157146974434,0.0,7.742502113670671e-17,2.797157557069881e-16,0.26716456150385437,0.26716456150385437,0.38566552901023887,83.7,4.100000000000005,0.0,0.0,0.0,80.9,6.9,0.0,0.0,0.0,False,False,False
208,2550648182,2877323974,3,gaussian_plus_dropout,CombinedErrorSensor,0.65,0.2,0.1,0.05,True,True,True,True,goal_reached,0.18709184517798227,66.10000000000001,13.361998767327204,13.459365241422455,0.057936166746663735,0.7071067811865476,0.07007103710032814,0.029470396817197528,0.08011291177659402,0.03558873762457214,0.044909446751559896,0.7071067811865476,0.06178391264042504,0.1260742893244431,0.05,5.565287202668307,5.565287202668307,0.0,8.455020439760656e-17,2.7336071744532853e-16,0.3535533905932738,0.3535533905932738,0.3942598187311178,63.10000000000001,3.0,0.0,0.0,0.0,62.1,4.0000000000000036,0.0,0.0,0.0,False,False,False
209,4014434589,2002339998,3,gaussian_plus_dropout,CombinedErrorSensor,0.65,0.2,0.1,0.05,True,True,True,True,goal_reached,0.10986728418777574,76.7,15.085757325551953,14.943538539952707,0.060094047286126905,0.1779943711025231,0.06813868139673042,0.03171200991973023,0.15379789752525327,0.04218118398286772,0.048989630882453485,0.2131628842187926,0.06200743647521509,0.16442067909647295,0.11972580337469402,6.168365251337896,6.168365251337896,0.0,7.992135957172486e-17,2.830524433501838e-16,0.3889974358732418,0.3889974358732418,0.38541666666666663,76.7,0.0,0.0,0.0,0.0,76.7,0.0,0.0,0.0,0.0,False,False,False
210,697825325,1529883739,3,gaussian_plus_dropout,CombinedErrorSensor,0.65,0.2,0.1,0.05,False,False,False,False,planning_failure,nan,nan,nan,nan,nan,nan,nan,nan,nan,nan,nan,nan,nan,nan,nan,nan,nan,nan,nan,nan,nan,nan,nan,,,,,,,,,,,,,
211,2610880024,3515193591,3,gaussian_plus_dropout,CombinedErrorSensor,0.65,0.2,0.1,0.05,True,True,True,True,goal_reached,0.16907937646317334,68.3,13.350903980823148,13.39829431183988,0.062245958211655586,0.17603692409344354,0.07012408507992829,0.04186825851027974,0.17938500339507343,0.05739003442675468,0.05344410521158109,0.22390270655414576,0.06817400052889297,0.0880260541033258,0.013595896594995594,5.3934889216138515,5.3934889216138515,0.0,8.272504933304125e-17,2.6945789820192466e-16,0.28188631094609,0.28188631094609,0.38450292397660824,68.3,0.0,0.0,0.0,0.0,68.3,0.0,0.0,0.0,0.0,False,False,False
212,2765976715,3730418815,3,gaussian_plus_dropout,CombinedErrorSensor,0.65,0.2,0.1,0.05,True,True,True,True,goal_reached,0.2709639662655533,66.0,12.844082372768476,12.959690571862367,0.060312922818941406,0.7071067811865476,0.07764024495281577,0.03971947133149326,0.13413095465988067,0.05021688963286474,0.05519877631802967,0.7071067811865476,0.07626873846217062,0.17706854462107308,0.05,5.411437113559505,5.411437113559505,0.0,8.581216509723185e-17,1.7772239894833365e-16,0.3535533905932738,0.3535533905932738,0.3842662632375189,66.0,0.0,0.0,0.0,0.0,66.0,0.0,0.0,0.0,0.0,False,False,False
213,1522203079,4141194637,3,gaussian_plus_dropout,CombinedErrorSensor,0.65,0.2,0.1,0.05,True,True,True,True,goal_reached,0.24739051201146775,68.60000000000001,13.232165496600292,13.33026559266788,0.06036111880787405,0.7071067811865476,0.07583130375217186,0.04168195685539972,0.11162691870076778,0.0480941116704169,0.054234272585951634,0.7071067811865476,0.07693056079335313,0.16017426784729177,0.05,5.535204718778033,5.535204718778033,0.0,8.173072912323539e-17,2.237726045655905e-16,0.3535533905932738,0.3535533905932738,0.3697234352256187,65.5,3.1000000000000014,0.0,0.0,0.0,64.60000000000001,4.000000000000002,0.0,0.0,0.0,False,False,False
214,844180384,4213348376,3,gaussian_plus_dropout,CombinedErrorSensor,0.65,0.2,0.1,0.05,True,True,True,True,goal_reached,0.2152509636648957,93.0,18.050902426408367,17.973222277031127,0.06169591338581295,0.7071067811865476,0.07596774188217299,0.049031417166746055,0.17346218370974165,0.06364814373739007,0.06266613597487242,0.7071067811865476,0.08426602407106822,0.0785238226844602,0.0015757280917819694,7.684684340492735,7.684684340492736,0.0,7.909287798381396e-17,2.779024842816778e-16,0.3535533905932738,0.3535533905932738,0.4167561761546724,82.6,10.400000000000002,0.0,0.0,0.0,83.10000000000001,9.899999999999984,0.0,0.0,0.0,False,False,False
215,2770669953,565027956,3,gaussian_plus_dropout,CombinedErrorSensor,0.65,0.2,0.1,0.05,True,True,True,True,goal_reached,0.19587484722195753,73.60000000000001,13.61253600768113,13.70498229696073,0.058259231646751675,0.19735291074962086,0.0660251764776422,0.036691471212921406,0.11309664750649197,0.04375424767229445,0.05032784430164609,0.1924326003264145,0.06291308676963353,0.5394220168035844,0.4661800012941953,5.2959257963282855,5.2959257963282855,0.0,7.80623927304155e-17,2.779024842816778e-16,0.1991445215660866,0.19914452156608672,0.40841248303934874,73.60000000000001,0.0,0.0,0.0,0.0,73.60000000000001,0.0,0.0,0.0,0.0,False,False,False
216,752442399,2170143469,3,gaussian_plus_dropout,CombinedErrorSensor,0.65,0.2,0.1,0.05,True,True,True,True,goal_reached,0.2580306062664448,72.10000000000001,13.910873150110898,13.99544247909519,0.05904321426980961,0.16826191380587918,0.06711814906927163,0.038022945832493195,0.11203202284806364,0.0458207910899917,0.048667920330378034,0.2127699296975567,0.061642079128761774,0.14182510855530986,0.12819512571296968,6.005824419838508,6.005824419838509,0.0,7.782158605651166e-17,2.5018537765542007e-16,0.31760435009274046,0.31760435009274046,0.368421052631579,72.10000000000001,0.0,0.0,0.0,0.0,72.10000000000001,0.0,0.0,0.0,0.0,False,False,False
217,2836585270,2438147499,3,gaussian_plus_dropout,CombinedErrorSensor,0.65,0.2,0.1,0.05,True,True,True,True,goal_reached,0.24981930278806525,68.2,14.073188395805508,14.21028434414931,0.062100498787289564,0.7071067811865476,0.07847720562792057,0.03998185905818805,0.12619320771424866,0.051815737051892026,0.05012485763219799,0.7071067811865476,0.07261380264460984,0.11281478330749672,0.05,5.762675823519462,5.762675823519461,0.0,8.623749229430961e-17,2.4980620381344523e-16,0.3535533905932738,0.3535533905932738,0.39824304538799415,68.2,0.0,0.0,0.0,0.0,68.2,0.0,0.0,0.0,0.0,False,False,False
218,1258152814,4150384163,3,gaussian_plus_dropout,CombinedErrorSensor,0.65,0.2,0.1,0.05,True,True,True,True,goal_reached,0.13485085471942282,70.7,13.466093890528718,13.496712451705369,0.06471929024851485,0.7071067811865476,0.07685989335495708,0.03831468871153678,0.11984399636695334,0.04513854099868357,0.04790895754513166,0.7071067811865476,0.06446502119525478,0.4757666595047336,0.05,5.761961730565331,5.761961730565331,0.0,8.189374214998329e-17,2.7894008272968645e-16,0.3535533905932738,0.3535533905932738,0.4081920903954802,65.6,5.1,0.0,0.0,0.0,65.89999999999999,4.8,0.0,0.0,0.0,False,False,False
219,1025412693,1539643235,3,gaussian_plus_dropout,CombinedErrorSensor,0.65,0.2,0.1,0.05,True,True,True,True,goal_reached,0.17232409997423878,68.7,13.330564713378712,13.35770240346671,0.06234070085565684,0.7071067811865476,0.07586537417720926,0.04107442786487601,0.12623429852828383,0.05027405792748098,0.05498960644004188,0.7071067811865476,0.07278094915518911,0.12275442352866227,0.05,5.808641650076012,5.808641650076011,0.0,8.165012236631969e-17,1.962615573354719e-16,0.3535533905932738,0.3535533905932738,0.41715116279069764,66.8,1.8999999999999986,0.0,0.0,0.0,66.5,2.199999999999994,0.0,0.0,0.0,False,False,False
220,752715902,488982456,3,gaussian_plus_dropout,CombinedErrorSensor,0.65,0.2,0.1,0.05,True,True,True,True,goal_reached,0.23810205807085405,86.2,17.241780934204883,17.26116821159539,0.058009697521025964,0.19136920497497756,0.06550107168503383,0.0366921173164494,0.10398233374684228,0.04430616842958399,0.04422288092636437,0.19136920497497756,0.05501028083990743,0.1476557782288722,0.12353508772877753,6.972634947520959,6.972634947520959,0.0,7.917580956150246e-17,2.7894008272968645e-16,0.26600243703994164,0.2660024370399416,0.3835457705677868,83.9,2.299999999999997,0.0,0.0,0.0,84.39999999999999,1.8000000000000043,0.0,0.0,0.0,False,False,False
221,512319883,815337352,3,gaussian_plus_dropout,CombinedErrorSensor,0.65,0.2,0.1,0.05,True,True,True,True,goal_reached,0.16214067138826022,68.5,13.602094190863818,13.651635646959244,0.05627525512937219,0.19683399760126982,0.06316641720843995,0.036077454076368844,0.09277959972236044,0.04249761581033504,0.041965950741109835,0.15617234530571897,0.05245350865107235,0.13281610868083008,0.08205068269928151,5.559933411239602,5.559933411239603,0.0,8.33429782093054e-17,2.779024842816778e-16,0.2500448381544007,0.25004483815440065,0.38046647230320696,68.5,0.0,0.0,0.0,0.0,68.5,0.0,0.0,0.0,0.0,False,False,False
222,4032067323,2635905015,3,gaussian_plus_dropout,CombinedErrorSensor,0.65,0.2,0.1,0.05,True,True,True,True,goal_reached,0.0925577349092676,68.60000000000001,13.648092095248806,13.379496867179844,0.07071714431426292,0.7071067811865476,0.09577296375288581,0.056500042988407155,0.17209493946935728,0.06766994277832339,0.07196794512929507,0.7071067811865476,0.09979708667420248,0.22166826793093214,0.05,5.946140756994682,5.946140756994681,0.0,8.228948525863729e-17,2.7755575615628914e-16,0.3535533905932738,0.3535533905932738,0.38719068413391555,68.60000000000001,0.0,0.0,0.0,0.0,68.60000000000001,0.0,0.0,0.0,0.0,False,False,False
223,2154464537,4206247815,3,gaussian_plus_dropout,CombinedErrorSensor,0.65,0.2,0.1,0.05,False,False,False,False,planning_failure,nan,nan,nan,nan,nan,nan,nan,nan,nan,nan,nan,nan,nan,nan,nan,nan,nan,nan,nan,nan,nan,nan,nan,,,,,,,,,,,,,
224,382400512,3995035099,3,gaussian_plus_dropout,CombinedErrorSensor,0.65,0.2,0.1,0.05,True,True,True,True,goal_reached,0.21564795935886236,87.9,17.669308635511218,17.875953428321697,0.060499001397079075,0.1649457990938818,0.06873290495613991,0.06681110643650581,0.20579096090908688,0.08085537115966769,0.06392798106247828,0.23462986611108916,0.08075474636288626,0.12038628722909211,0.07807221101456552,7.3077422683370195,7.30774226833702,0.0,8.405190512304742e-17,2.9893669801409083e-16,0.297536911609194,0.29753691160919393,0.4193181818181818,75.7,12.200000000000003,0.0,0.0,0.0,76.0,11.900000000000007,0.0,0.0,0.0,False,False,False
225,3055466972,3734794692,3,gaussian_plus_dropout,CombinedErrorSensor,0.65,0.2,0.1,0.05,True,True,True,True,goal_reached,0.20059279994147042,68.5,13.08256411548101,13.098841314891363,0.059635648013935345,0.7071067811865476,0.07190970483235072,0.03436419606041859,0.09940015039058404,0.04234459141272682,0.05310188431813948,0.7071067811865476,0.06927187725391279,0.44582606383813517,0.05,5.53189847758811,5.5318984775881095,0.0,8.28765488361458e-17,1.962615573354719e-16,0.3535533905932738,0.3535533905932738,0.41836734693877553,67.19999999999999,1.3000000000000007,0.0,0.0,0.0,66.89999999999999,1.6000000000000014,0.0,0.0,0.0,False,False,False
226,3193199788,634261231,3,gaussian_plus_dropout,CombinedErrorSensor,0.65,0.2,0.1,0.05,True,True,True,True,goal_reached,0.1355548429666665,76.2,14.199902060494459,14.162857105038581,0.059649302756527536,0.17069710842732555,0.06816634457844388,0.03354596348772122,0.12909687349831586,0.042541866249590166,0.04726777834614596,0.17520561656806122,0.060228784977758944,0.0736560401443586,0.07067881641464785,6.109599881162438,6.109599881162438,0.0,7.460061461597801e-17,2.498965354837e-16,0.2960995863137613,0.2960995863137613,0.40104849279161203,70.5,5.699999999999996,0.0,0.0,0.0,70.8,5.400000000000006,0.0,0.0,0.0,False,False,False
227,2535396865,501233337,3,gaussian_plus_dropout,CombinedErrorSensor,0.65,0.2,0.1,0.05,True,True,True,True,goal_reached,0.24240344026336916,69.60000000000001,13.827043155586596,13.954527776631789,0.0609965436728559,0.19269121819892468,0.06959216537024437,0.0440535313473697,0.14300715794981322,0.05671085947687608,0.0536980718411333,0.1836562164677985,0.066440317026393,0.040179748315118315,0.06304669369194545,5.761442443318996,5.761442443318996,0.0,8.078174303540849e-17,2.7894008272968645e-16,0.43367954412633186,0.43367954412633186,0.375896700143472,69.60000000000001,0.0,0.0,0.0,0.0,69.60000000000001,0.0,0.0,0.0,0.0,False,False,False
228,80660561,973294536,3,gaussian_plus_dropout,CombinedErrorSensor,0.65,0.2,0.1,0.05,True,True,True,True,goal_reached,0.19080120817243662,67.0,13.275146173109631,13.286744230430434,0.06239626178478145,0.2022966984745921,0.07048595712437859,0.042021812953160244,0.11358599455028624,0.04941939250491883,0.053563887311421074,0.205445625352765,0.06605357244486386,0.16513172206964263,0.10784736930930727,5.322392229997428,5.322392229997429,0.0,8.214101262610036e-17,1.962615573354719e-16,0.23207253692872248,0.23207253692872248,0.4172876304023845,65.1,1.9000000000000008,0.0,0.0,0.0,65.2,1.799999999999998,0.0,0.0,0.0,False,False,False
229,800819641,3241945518,3,gaussian_plus_dropout,CombinedErrorSensor,0.65,0.2,0.1,0.05,True,True,True,True,goal_reached,0.14663483545419753,66.60000000000001,13.170744633045114,13.167858548544773,0.06535287114021299,0.7071067811865476,0.08077953139616986,0.03912813060541184,0.1284934642798724,0.048296227848444784,0.05469420294366825,0.7071067811865476,0.07513206600242438,0.08697506241256314,0.05,5.290721720543289,5.290721720543289,0.0,8.617905161681439e-17,2.0816681711721685e-16,0.3535533905932738,0.3535533905932738,0.4077961019490255,66.60000000000001,0.0,0.0,0.0,0.0,66.60000000000001,0.0,0.0,0.0,0.0,False,False,False
230,2410070537,1887917039,3,gaussian_plus_dropout,CombinedErrorSensor,0.65,0.2,0.1,0.05,True,True,True,True,goal_reached,0.22267306399386105,77.4,15.186849135511238,15.310756887408678,0.057727249014858185,0.7071067811865476,0.06836425087928755,0.030467951089418722,0.12554845436846307,0.03850389765417233,0.049443896658332404,0.7071067811865476,0.0648522532848498,0.10673742555132061,0.05,6.618777509070913,6.618777509070913,0.0,7.943475362109559e-17,2.776424787817943e-16,0.3535533905932738,0.3535533905932738,0.40258064516129033,77.4,0.0,0.0,0.0,0.0,77.1,0.3000000000000007,0.0,0.0,0.0,False,False,False
231,1574677147,1569186631,3,gaussian_plus_dropout,CombinedErrorSensor,0.65,0.2,0.1,0.05,True,True,True,True,goal_reached,0.2540094667918159,62.0,12.904852843892748,13.04121839707117,0.06506757075149977,0.2668825520165962,0.07486557000912082,0.03294032567502973,0.10504443962553393,0.04185836942210617,0.053775954507578744,0.2522919116850453,0.06884293675319127,0.16821314887501987,0.11483997538381985,5.284857467777188,5.284857467777188,0.0,8.824284511255391e-17,1.962615573354719e-16,0.4070470354685125,0.40704703546851256,0.41384863123993554,57.9,4.1,0.0,0.0,0.0,57.5,4.5,0.0,0.0,0.0,False,False,False
232,2426998121,1979405758,3,gaussian_plus_dropout,CombinedErrorSensor,0.65,0.2,0.1,0.05,True,True,True,True,goal_reached,0.15376758454740777,69.7,13.959149586687312,14.041849662058084,0.06445650548956834,0.18548982351723675,0.07213531215812446,0.03931868932730264,0.12150572825511381,0.04772614269411979,0.055131912906304065,0.1937105583972652,0.06816061819427746,0.08148557929244704,0.07780013637857316,6.266158771180854,6.266158771180855,0.0,7.970475970899958e-17,2.7894008272968645e-16,0.3251194202402372,0.3251194202402372,0.3724928366762178,69.7,0.0,0.0,0.0,0.0,69.7,0.0,0.0,0.0,0.0,False,False,False
233,4113121730,182882604,3,gaussian_plus_dropout,CombinedErrorSensor,0.65,0.2,0.1,0.05,True,True,True,True,goal_reached,0.18936844864643265,70.4,13.144993248616409,13.21127805242146,0.05838516165716161,0.19388857334232373,0.0664790987876787,0.04057817631415084,0.11770678496987114,0.05073435642712314,0.057034061024017334,0.22026776224389266,0.07024355040226944,0.14124021287342808,0.08939087229847065,5.521338185359452,5.521338185359452,0.0,7.927469440426766e-17,1.7772239894833365e-16,0.3273462710815146,0.3273462710815146,0.4170212765957447,70.4,0.0,0.0,0.0,0.0,70.4,0.0,0.0,0.0,0.0,False,False,False
234,4132313933,1628314587,3,gaussian_plus_dropout,CombinedErrorSensor,0.65,0.2,0.1,0.05,True,True,True,True,goal_reached,0.11056238314970103,77.0,13.829439929612224,13.820146930360954,0.06544888960863231,0.18157109320064865,0.07334855823109954,0.04397651779377336,0.19900706792183345,0.059941106575435096,0.0645579789882544,0.20901049766211038,0.07928588005419422,0.07341025412266516,0.08005817846901575,6.136702160206286,6.136702160206285,0.0,7.68749706663552e-17,2.2301825219878386e-16,0.21492762066909427,0.21492762066909427,0.3904020752269779,74.6,2.4000000000000004,0.0,0.0,0.0,74.8,2.1999999999999975,0.0,0.0,0.0,False,False,False
235,4121474858,3718346006,3,gaussian_plus_dropout,CombinedErrorSensor,0.65,0.2,0.1,0.05,True,True,True,True,goal_reached,0.15300709287233769,78.2,14.678234837324574,14.678794607725276,0.06621289241696114,0.7071067811865476,0.07736185582333137,0.03451497047160975,0.10810332820605478,0.042174735790725705,0.045658634928671366,0.7071067811865476,0.06053525462925517,0.1459535468064096,0.05,6.45915537162581,6.45915537162581,0.0,7.779308603511986e-17,2.786162483075207e-16,0.3535533905932738,0.3535533905932738,0.3946360153256705,78.2,0.0,0.0,0.0,0.0,78.2,0.0,0.0,0.0,0.0,False,False,False
236,1749518471,4218670630,3,gaussian_plus_dropout,CombinedErrorSensor,0.65,0.2,0.1,0.05,True,True,True,True,goal_reached,0.17162087712543242,61.2,12.816494680162844,12.98488205452668,0.055598019429983006,0.7071067811865476,0.0687060921586412,0.03436526352431339,0.08000050679645909,0.04004346112033722,0.04341738670019592,0.7071067811865476,0.06068176200270147,0.11218229444450917,0.05,4.9860255185165885,4.9860255185165885,0.0,9.417125589373495e-17,2.482534153247273e-16,0.3535533905932738,0.3535533905932738,0.39314845024469824,59.6,1.5999999999999996,0.0,0.0,0.0,59.1,2.1000000000000014,0.0,0.0,0.0,False,False,False
237,2050407800,812743304,3,gaussian_plus_dropout,CombinedErrorSensor,0.65,0.2,0.1,0.05,True,True,True,True,goal_reached,0.1385676918632732,76.7,15.501892068218918,15.41625073858059,0.061656597282484425,0.2045943162918302,0.07106879708044943,0.04479059680907096,0.13944418751357598,0.05604362047980133,0.05508649241454632,0.20515100930603256,0.06879479590770513,0.15667722088955682,0.08801067160047982,6.495583785887965,6.495583785887965,0.0,8.366570055647161e-17,2.777508439858666e-16,0.42573072187557953,0.42573072187557953,0.40494791666666663,67.50000000000001,9.199999999999989,0.0,0.0,0.0,67.19999999999999,9.500000000000004,0.0,0.0,0.0,False,False,False
238,2768454339,1065980605,3,gaussian_plus_dropout,CombinedErrorSensor,0.65,0.2,0.1,0.05,True,True,True,True,goal_reached,0.2291299482280712,77.30000000000001,14.769133846275707,14.6379568811643,0.06591277861441137,0.7071067811865476,0.07680544058594653,0.049982907456812685,0.15683376899348495,0.06340350643822844,0.06017580930616083,0.7071067811865476,0.07795449015858068,0.30733049854779065,0.05,6.685952308859015,6.685952308859014,0.0,8.10501726790044e-17,3.1031676915590914e-16,0.3535533905932738,0.3535533905932738,0.3746770025839793,75.9,1.4000000000000057,0.0,0.0,0.0,76.4,0.8999999999999986,0.0,0.0,0.0,False,False,False
239,3941405442,1484742440,3,gaussian_plus_dropout,CombinedErrorSensor,0.65,0.2,0.1,0.05,False,False,False,False,planning_failure,nan,nan,nan,nan,nan,nan,nan,nan,nan,nan,nan,nan,nan,nan,nan,nan,nan,nan,nan,nan,nan,nan,nan,,,,,,,,,,,,,
240,3869716259,3573157605,3,gaussian_plus_dropout,CombinedErrorSensor,0.65,0.2,0.1,0.05,True,True,True,True,goal_reached,0.24237612843209674,65.0,13.009413350873265,13.135856850000971,0.0651418502189502,0.7071067811865476,0.08489060024983493,0.02613222996777851,0.08814453944246482,0.032411049935213786,0.04894043573377997,0.7071067811865476,0.07476505591731722,0.18195365360512297,0.05,5.39622889598831,5.39622889598831,0.0,8.67273640730355e-17,2.237726045655905e-16,0.3535533905932738,0.3535533905932738,0.37941628264208904,64.39999999999999,0.6000000000000014,0.0,0.0,0.0,64.6,0.40000000000000036,0.0,0.0,0.0,False,False,False
241,766761893,701999192,3,gaussian_plus_dropout,CombinedErrorSensor,0.65,0.2,0.1,0.05,True,True,True,True,goal_reached,0.23302601345765983,64.3,13.366727948261186,13.360835878066126,0.059089177271827144,0.21448640636771774,0.06810856221084123,0.048811994098289055,0.13386357103733176,0.06042545737340415,0.051719195618214975,0.20083126014321911,0.06454416731276917,0.4827896279310462,0.3842850201318537,5.138412708213253,5.138412708213253,0.0,8.82759103867165e-17,2.5133742693021536e-16,0.40623011318457775,0.40623011318457775,0.3913043478260869,64.3,0.0,0.0,0.0,0.0,64.3,0.0,0.0,0.0,0.0,False,False,False
242,3654324957,1543357433,3,gaussian_plus_dropout,CombinedErrorSensor,0.65,0.2,0.1,0.05,True,True,True,True,goal_reached,0.17915613540863676,71.8,14.018086501586904,14.17849097736288,0.05565899350371754,0.16155932518691354,0.06324798054620127,0.033528068195783134,0.10325057284989854,0.04163109788556787,0.04780120565723079,0.18352188559089774,0.059401686622071515,0.12234532470706251,0.08045249549594542,6.1839550174022975,6.1839550174022975,0.0,8.0887566985395e-17,2.776424787817943e-16,0.22909224446039242,0.22909224446039236,0.3699582753824756,70.19999999999999,1.6000000000000085,0.0,0.0,0.0,69.6,2.200000000000003,0.0,0.0,0.0,False,False,False
243,3055384314,3837704628,3,gaussian_plus_dropout,CombinedErrorSensor,0.65,0.2,0.1,0.05,True,True,True,True,goal_reached,0.11495001306246463,84.2,17.220581876219697,17.275009154375518,0.060261517941408896,0.15026613052948642,0.06852914636160094,0.0454393961189968,0.12255846836772923,0.054286723275419495,0.05441240914769068,0.21865609433275648,0.06684532439030932,0.09764773663354191,0.08317137951424275,6.826169202969772,6.826169202969772,0.0,8.05584872427743e-17,2.776424787817943e-16,0.26843222870043754,0.2684322287004375,0.3879003558718861,77.3,6.900000000000006,0.0,0.0,0.0,76.8,7.400000000000006,0.0,0.0,0.0,False,False,False
244,1392087708,763274201,3,gaussian_plus_dropout,CombinedErrorSensor,0.65,0.2,0.1,0.05,True,True,True,True,goal_reached,0.1747023925144691,82.2,15.706188510320018,15.756547573393876,0.059997085125858676,0.2504444874278732,0.06785642549963347,0.047973491295386486,0.18286909581036145,0.06307653107199353,0.056667991821992995,0.2504396046361446,0.07027147416402185,0.1782033185920019,0.11123248019557337,6.4922959503231485,6.4922959503231485,0.0,7.665344954372701e-17,2.7894008272968645e-16,0.27940774752255965,0.27940774752255965,0.40826245443499387,81.4,0.7999999999999972,0.0,0.0,0.0,81.3,0.8999999999999986,0.0,0.0,0.0,False,False,False
245,3206700546,809877950,3,gaussian_plus_dropout,CombinedErrorSensor,0.65,0.2,0.1,0.05,True,True,True,True,goal_reached,0.21431446788140848,70.4,13.561388746147877,13.558149870734301,0.06141797139241307,0.2373832305158384,0.0710286008483463,0.04118851232453696,0.19890302291905468,0.05643659653503752,0.053673555087651016,0.2616231000941033,0.06927805263660583,0.19996559483004805,0.14680204825052723,5.822860337074866,5.822860337074866,0.0,8.194685955415564e-17,2.776424787817943e-16,0.29079191369601326,0.2907919136960134,0.39858156028368796,69.9,0.5,0.0,0.0,0.0,70.0,0.40000000000000213,0.0,0.0,0.0,False,False,False
246,3528407741,3617959806,3,gaussian_plus_dropout,CombinedErrorSensor,0.65,0.2,0.1,0.05,True,True,True,True,goal_reached,0.17735295927947042,64.0,12.982069701685502,13.006859889575384,0.06336608247052122,0.7071067811865476,0.07532388655756293,0.03264917154514247,0.11313433892393848,0.041391579199956646,0.04777583487490397,0.7071067811865476,0.06533391193324063,0.30413111890356415,0.05,5.285112080818523,5.285112080818524,0.0,8.949804492849391e-17,1.962615573354719e-16,0.3535533905932738,0.3535533905932738,0.391575663026521,64.0,0.0,0.0,0.0,0.0,64.0,0.0,0.0,0.0,0.0,False,False,False
247,2475004145,54769133,3,gaussian_plus_dropout,CombinedErrorSensor,0.65,0.2,0.1,0.05,True,True,True,True,goal_reached,0.12151427238692847,88.9,18.39916478942165,18.302116546267396,0.06067450834269673,0.220391518075899,0.06886007514101382,0.039400940704588765,0.14470687693515522,0.0523831175603443,0.04775868604045037,0.2098529384460968,0.06085529393650692,0.10938195686188991,0.0962637661946439,7.298270520622592,7.298270520622591,0.0,8.394339198660531e-17,2.8576114088871287e-16,0.3457994134800603,0.3457994134800603,0.4101123595505618,86.9,2.0,0.0,0.0,0.0,87.2,1.7000000000000028,0.0,0.0,0.0,False,False,False
248,250102834,10777752,3,gaussian_plus_dropout,CombinedErrorSensor,0.65,0.2,0.1,0.05,True,True,True,True,goal_reached,0.196114775394493,69.3,13.458576766591401,13.514239941134269,0.06187962608329973,0.1660258167809885,0.06874075067361275,0.04232052757401078,0.11816696175924105,0.05262949960603901,0.05794488993190711,0.25872659213102445,0.0717425337770846,0.17057697137661512,0.21858843778639958,5.7306949432320415,5.7306949432320415,0.0,8.333215257065636e-17,2.220446049250313e-16,0.25133988735856033,0.25133988735856033,0.3919308357348703,69.3,0.0,0.0,0.0,0.0,69.19999999999999,0.09999999999999964,0.0,0.0,0.0,False,False,False
249,1567656518,446596209,3,gaussian_plus_dropout,CombinedErrorSensor,0.65,0.2,0.1,0.05,True,True,True,True,goal_reached,0.17795541059710845,69.7,13.344221403888318,13.356883257669457,0.06612389320144567,0.7071067811865476,0.07755143258587958,0.04774525072715919,0.12445896739935142,0.05680037342482355,0.05411999153805902,0.7071067811865476,0.07185849136490104,0.10958838082962212,0.04648427526606127,5.764105959191488,5.764105959191488,0.0,8.307539242431061e-17,2.7894008272968645e-16,0.3535533905932738,0.3535533905932738,0.4226361031518625,69.0,0.6999999999999993,0.0,0.0,0.0,69.1,0.5999999999999996,0.0,0.0,0.0,False,False,False
250,1370524627,2884711889,3,gaussian_plus_dropout,CombinedErrorSensor,0.65,0.2,0.1,0.05,True,True,True,True,goal_reached,0.2277809823326748,76.5,14.466002979154384,14.493460864516587,0.06324363919476676,0.2194401894492217,0.07159197746435261,0.03854172142900883,0.10982541309188816,0.046236182227229944,0.049098815263536155,0.21809195283663452,0.06114222968332469,0.15749454053864465,0.10553410646472405,6.048140250914567,6.048140250914568,0.0,7.951578802548636e-17,2.7755575615628914e-16,0.3303514166790122,0.3303514166790122,0.39817232375979117,76.3,0.1999999999999993,0.0,0.0,0.0,76.39999999999999,0.09999999999999787,0.0,0.0,0.0,False,False,False
251,3235678144,3559111741,3,gaussian_plus_dropout,CombinedErrorSensor,0.65,0.2,0.1,0.05,True,True,True,True,goal_reached,0.10750179552887097,74.4,14.998360826031902,14.979637692289753,0.0651594429558141,0.7071067811865476,0.08920764547771223,0.042767854892632,0.12789715137125734,0.050813216261504174,0.05884902915024659,0.7071067811865476,0.08718916548388847,0.13132328995083747,0.04227617562098507,6.007229916628729,6.007229916628729,0.0,8.087529436026699e-17,2.7894008272968645e-16,0.3535533905932738,0.3535533905932738,0.41879194630872485,74.4,0.0,0.0,0.0,0.0,74.4,0.0,0.0,0.0,0.0,False,False,False
252,4069850,2347762154,3,gaussian_plus_dropout,CombinedErrorSensor,0.65,0.2,0.1,0.05,True,True,True,True,goal_reached,0.14874719193984257,68.0,13.658599196794615,13.544530978833622,0.06724769739406908,0.18700595431964945,0.07600506363994992,0.05176614224909916,0.14637572664480128,0.0663506402444254,0.06044113946045255,0.25898504335169925,0.0791749231569493,0.22135109016365212,0.20948097140336952,5.6708211111535665,5.6708211111535665,0.0,8.376739874446418e-17,2.2247786310271853e-16,0.26434811148932225,0.2643481114893222,0.4023494860499266,68.0,0.0,0.0,0.0,0.0,68.0,0.0,0.0,0.0,0.0,False,False,False
253,971320180,4027294110,3,gaussian_plus_dropout,CombinedErrorSensor,0.65,0.2,0.1,0.05,True,True,True,True,goal_reached,0.18865281227245786,75.4,14.846615685696852,14.813258907597586,0.061882677542996756,0.19815609319442562,0.07042392926194205,0.04124016770013997,0.11793549469643097,0.04971444222453239,0.05430675269319636,0.2337715700397322,0.06821381828517219,0.06497146717501667,0.0884088087451628,6.231924133194748,6.231924133194748,0.0,8.148962495873877e-17,2.779024842816778e-16,0.36440992917411885,0.36440992917411874,0.39602649006622515,75.2,0.20000000000000284,0.0,0.0,0.0,75.2,0.20000000000000284,0.0,0.0,0.0,False,False,False
254,2099617389,1438848757,3,gaussian_plus_dropout,CombinedErrorSensor,0.65,0.2,0.1,0.05,True,True,True,True,goal_reached,0.17494449455366642,79.7,16.0013182504327,15.880565843125867,0.05868755464945124,0.18456100094000588,0.06720573916091481,0.049819765438793316,0.17868377698683022,0.06716857510033959,0.05867440547535887,0.2721571556474628,0.07561839876184492,0.19059089792263864,0.16235279493301813,6.713789778507414,6.713789778507414,0.0,8.161274766900601e-17,2.776424787817943e-16,0.25137521935891893,0.25137521935891904,0.39097744360902253,78.0,1.6999999999999993,0.0,0.0,0.0,78.0,1.6999999999999993,0.0,0.0,0.0,False,False,False
255,697894123,2229103892,3,gaussian_plus_dropout,CombinedErrorSensor,0.65,0.2,0.1,0.05,True,True,True,True,goal_reached,0.21022208660116823,80.2,16.690067811442738,16.705032329484126,0.060284274387933795,0.7071067811865476,0.0741469347281918,0.03328472001295006,0.09440967159232727,0.040972780776459154,0.04716379702852789,0.7071067811865476,0.06809356255381291,0.18716572663687164,0.05,6.80538047256252,6.80538047256252,0.0,7.966532301959262e-17,2.7833528704240246e-16,0.3535533905932738,0.3535533905932738,0.3823163138231631,70.19999999999999,10.000000000000009,0.0,0.0,0.0,69.7,10.5,0.0,0.0,0.0,False,False,False
256,2312331451,3874631184,3,gaussian_plus_dropout,CombinedErrorSensor,0.65,0.2,0.1,0.05,True,True,True,True,goal_reached,0.18297061206503307,64.7,13.175924105361272,13.270933440555947,0.058151584468784975,0.1759749186865156,0.06528987405006623,0.03077554324790443,0.09016097622357877,0.037054770826958766,0.04819395608966597,0.16525736342027378,0.060897266301717094,0.13587577802341086,0.10285861335490457,5.32792985493335,5.32792985493335,0.0,8.686981534583425e-17,2.830524433501838e-16,0.31153383236667026,0.31153383236667026,0.4104938271604939,64.7,0.0,0.0,0.0,0.0,64.7,0.0,0.0,0.0,0.0,False,False,False
257,915480018,4151120313,3,gaussian_plus_dropout,CombinedErrorSensor,0.65,0.2,0.1,0.05,False,False,False,False,planning_failure,nan,nan,nan,nan,nan,nan,nan,nan,nan,nan,nan,nan,nan,nan,nan,nan,nan,nan,nan,nan,nan,nan,nan,,,,,,,,,,,,,
258,3229257819,646055159,3,gaussian_plus_dropout,CombinedErrorSensor,0.65,0.2,0.1,0.05,True,True,True,True,goal_reached,0.1582373907375565,79.7,14.996997067030495,15.001164885457579,0.05850412498184684,0.1839335468541113,0.06651700052631633,0.03244725011715879,0.11275161131289,0.043065506350809614,0.04188945630735506,0.19831962523406652,0.0528491775341355,0.14996186951852475,0.12595039867644678,6.525647047483112,6.525647047483111,0.0,7.554681596660195e-17,2.797157557069881e-16,0.2802882283171349,0.28028822831713507,0.38596491228070173,77.0,2.700000000000003,0.0,0.0,0.0,76.2,3.5,0.0,0.0,0.0,False,False,False
259,375716469,3308732160,3,gaussian_plus_dropout,CombinedErrorSensor,0.65,0.2,0.1,0.05,True,True,True,True,goal_reached,0.2348118914216793,71.8,13.738514632320792,13.808015363051544,0.06034007520206424,0.18565058387311462,0.06875515771039983,0.03887644422223401,0.12845020780626368,0.05039159608491667,0.05183291224962976,0.2178709927565082,0.0653739495067814,0.07524392658800601,0.05493168685011337,5.491310637829232,5.491310637829232,0.0,8.147935800330142e-17,2.779024842816778e-16,0.3591879816794043,0.3591879816794043,0.4033379694019471,71.8,0.0,0.0,0.0,0.0,71.8,0.0,0.0,0.0,0.0,False,False,False
260,4187386334,184584446,3,gaussian_plus_dropout,CombinedErrorSensor,0.65,0.2,0.1,0.05,False,False,False,False,planning_failure,nan,nan,nan,nan,nan,nan,nan,nan,nan,nan,nan,nan,nan,nan,nan,nan,nan,nan,nan,nan,nan,nan,nan,,,,,,,,,,,,,
261,2388139156,3812305768,3,gaussian_plus_dropout,CombinedErrorSensor,0.65,0.2,0.1,0.05,True,True,True,True,goal_reached,0.17878707880317696,69.5,13.711325375675347,13.786087654625597,0.059605765033745046,0.2940717277930544,0.06863047079271213,0.04214173555159902,0.11348930590748521,0.04912009755453714,0.056547252608443406,0.29483783202535363,0.06957674902605385,0.1011649153180235,0.05934662438590396,5.890186960242707,5.890186960242707,0.0,8.025410408975255e-17,2.7894008272968645e-16,0.2527114684019861,0.2527114684019861,0.4051724137931034,69.5,0.0,0.0,0.0,0.0,69.5,0.0,0.0,0.0,0.0,False,False,False
262,453140449,4267112886,3,gaussian_plus_dropout,CombinedErrorSensor,0.65,0.2,0.1,0.05,True,True,True,True,goal_reached,0.16146992321765727,70.60000000000001,14.296156273483327,14.227816075446237,0.06732201791756122,0.21011622950317757,0.0768556932076094,0.057780997809542406,0.2028646900527397,0.07440647380381266,0.0646126225886251,0.233992634442039,0.07875158545550111,0.5004591119188699,0.44589991204044027,6.203543212053489,6.203543212053489,0.0,8.781599013497925e-17,2.779024842816778e-16,0.3470766354003734,0.34707663540037337,0.4356435643564357,69.8,0.7999999999999998,0.0,0.0,0.0,69.7,0.9000000000000004,0.0,0.0,0.0,False,False,False
263,3455058573,1492825667,3,gaussian_plus_dropout,CombinedErrorSensor,0.65,0.2,0.1,0.05,True,True,True,True,goal_reached,0.22947059893565985,68.0,13.356243361932425,13.315393502418189,0.06227630775594313,0.3031995478413467,0.07226416372793634,0.03796206451228067,0.14943572923114734,0.04955161935149621,0.05048587618187206,0.30234684596881595,0.0651151332321705,0.21646937401221275,0.14800594097548112,5.515976286013447,5.515976286013447,0.0,8.353697579007585e-17,3.1031676915590914e-16,0.2705263125025617,0.2705263125025617,0.3906020558002937,67.5,0.5,0.0,0.0,0.0,67.69999999999999,0.2999999999999998,0.0,0.0,0.0,False,False,False
264,1846112378,935440738,3,gaussian_plus_dropout,CombinedErrorSensor,0.65,0.2,0.1,0.05,True,True,True,True,goal_reached,0.17517487681985217,66.7,13.500862521748243,13.634887393275417,0.05672654917514749,0.17800081507640297,0.06455471199654342,0.04333615598150544,0.15449250252102123,0.05471873163449426,0.05350920041214582,0.20844155907219228,0.06684901355750122,0.15258301723419274,0.06084308039362341,5.483689685012242,5.483689685012241,0.0,8.044547466961128e-17,1.962615573354719e-16,0.37031219056693676,0.37031219056693676,0.37574850299401197,64.0,2.6999999999999957,0.0,0.0,0.0,63.900000000000006,2.7999999999999936,0.0,0.0,0.0,False,False,False
265,4151916802,2328685090,3,gaussian_plus_dropout,CombinedErrorSensor,0.65,0.2,0.1,0.05,True,True,True,True,goal_reached,0.12829326028340826,72.10000000000001,14.125725812392714,14.090864917194061,0.06175985736137948,0.7071067811865476,0.07379635262604069,0.0389759817539112,0.1325425366549759,0.05110401132391006,0.05587825966030519,0.7071067811865476,0.07647721323017387,0.16351100345087322,0.05,6.452759384479895,6.452759384479896,0.0,8.280207978129435e-17,2.8609792490763985e-16,0.3535533905932738,0.3535533905932738,0.4030470914127424,66.5,5.6000000000000005,0.0,0.0,0.0,65.7,6.4,0.0,0.0,0.0,False,False,False
266,3502127710,2151495928,3,gaussian_plus_dropout,CombinedErrorSensor,0.65,0.2,0.1,0.05,True,True,True,True,goal_reached,0.1636795283518783,70.8,13.857024699362137,13.7857608270855,0.06087593900821896,0.2032489661314552,0.06857521089292674,0.04863890348866512,0.13921251340491422,0.05847715101269734,0.060384062336351775,0.2251182486491603,0.07443818504999358,0.11808252757253695,0.11738142947093243,5.699656770736803,5.699656770736803,0.0,8.360191331157713e-17,2.779024842816778e-16,0.2578428446526453,0.2578428446526453,0.4033850493653033,64.1,6.699999999999996,0.0,0.0,0.0,64.5,6.299999999999997,0.0,0.0,0.0,False,False,False
267,3747001689,1587324755,3,gaussian_plus_dropout,CombinedErrorSensor,0.65,0.2,0.1,0.05,True,True,True,True,goal_reached,0.15914761891306933,73.60000000000001,13.802817920333528,13.837909082624817,0.05871322293982302,0.7071067811865476,0.07094290672566496,0.03465512005230133,0.10544118009295642,0.04118112925550638,0.0506919384502533,0.7071067811865476,0.06882700880456642,0.14013027505777162,0.05,5.858335345307414,5.858335345307414,0.0,7.805328110350861e-17,2.830524433501838e-16,0.3535533905932738,0.3535533905932738,0.43147896879240166,73.1,0.5000000000000053,0.0,0.0,0.0,73.2,0.4000000000000039,0.0,0.0,0.0,False,False,False
268,3931630109,482995397,3,gaussian_plus_dropout,CombinedErrorSensor,0.65,0.2,0.1,0.05,True,True,True,True,goal_reached,0.1709619291069241,71.0,13.610206235241643,13.50041670752239,0.05730319377607412,0.7071067811865476,0.06899227523836747,0.04594036699922368,0.11656315497130719,0.054332976902254845,0.0616779326880243,0.7071067811865476,0.07910843666276471,0.1742572847836567,0.05,5.899293016784766,5.899293016784766,0.0,8.22970009766855e-17,2.306595211858756e-16,0.3535533905932738,0.3535533905932738,0.37271448663853723,70.89999999999999,0.10000000000000142,0.0,0.0,0.0,70.1,0.8999999999999986,0.0,0.0,0.0,False,False,False
269,3343084945,1155353691,3,gaussian_plus_dropout,CombinedErrorSensor,0.65,0.2,0.1,0.05,True,True,True,True,goal_reached,0.25382099901138255,64.60000000000001,13.358441731748448,13.54983105898118,0.05699965584438619,0.17341829377945764,0.0653232145334756,0.02736104167981287,0.11530133025028592,0.03807768958470411,0.04628442683988609,0.2131335727228591,0.06126249771323245,0.3396501753611586,0.37518204665029087,5.473037446446192,5.473037446446192,0.0,8.629033134027734e-17,1.962615573354719e-16,0.3321646442634699,0.3321646442634699,0.36785162287480677,64.60000000000001,0.0,0.0,0.0,0.0,63.7,0.9000000000000021,0.0,0.0,0.0,False,False,False
270,2308215660,3359604399,3,gaussian_plus_dropout,CombinedErrorSensor,0.65,0.2,0.1,0.05,True,True,True,True,goal_reached,0.15693020982633268,64.5,13.261040912885356,13.267813769134172,0.05922129127238659,0.18270696491869126,0.06799791862653001,0.029870292199507053,0.09129132666590767,0.03838166712774167,0.05304950263541048,0.19180545290478132,0.06634194650653669,0.20641418405883616,0.11861270424809756,5.370973111987345,5.370973111987345,0.0,8.459331565959971e-17,1.8619006149354548e-16,0.2563619229508577,0.2563619229508575,0.39783281733746134,64.5,0.0,0.0,0.0,0.0,64.5,0.0,0.0,0.0,0.0,False,False,False
271,716948047,2914218226,3,gaussian_plus_dropout,CombinedErrorSensor,0.65,0.2,0.1,0.05,True,True,True,True,goal_reached,0.16694616543131785,77.7,15.263200704714121,15.221943167482424,0.05810970520781332,0.2531932650544084,0.06597370925570444,0.03883851563716257,0.12415769806709431,0.04900124610288314,0.04788991135835661,0.2528710144985149,0.05989799538412467,0.23871060268060199,0.1965862255728847,6.259617365050062,6.259617365050061,0.0,7.783438662923608e-17,2.779024842816778e-16,0.24404895030977228,0.2440489503097722,0.39974293059125965,77.7,0.0,0.0,0.0,0.0,77.7,0.0,0.0,0.0,0.0,False,False,False
272,3683843986,2185353725,3,gaussian_plus_dropout,CombinedErrorSensor,0.65,0.2,0.1,0.05,True,True,True,True,goal_reached,0.2861014160787009,70.4,14.936715418044075,15.039262820021671,0.06575190048364737,0.19438404070556334,0.07283209512678958,0.037558978831497246,0.11535596084726063,0.04537175597948743,0.05552031577267234,0.1786627689974074,0.06837611408740675,0.1756701315703476,0.14010819228696114,5.905449016838716,5.905449016838717,0.0,8.585331878265633e-17,3.1031676915590914e-16,0.28044222509481054,0.28044222509481054,0.39858156028368796,70.4,0.0,0.0,0.0,0.0,70.4,0.0,0.0,0.0,0.0,False,False,False
273,641729385,1443877831,3,gaussian_plus_dropout,CombinedErrorSensor,0.65,0.2,0.1,0.05,True,True,True,True,goal_reached,0.2067020065514714,72.5,14.186176614757498,14.2248121218937,0.06479674072317615,0.7071067811865476,0.0869312879127367,0.041482797195185564,0.12103734709892847,0.05135685404147735,0.0578133317622392,0.7071067811865476,0.08581217632632415,0.13806924559533382,0.05,5.793783891899451,5.7937838918994515,0.0,7.944372166046575e-17,2.5324586304240974e-16,0.3535533905932738,0.3535533905932738,0.4049586776859504,65.8,6.699999999999996,0.0,0.0,0.0,65.3,7.199999999999996,0.0,0.0,0.0,False,False,False
274,53817024,1444500207,3,gaussian_plus_dropout,CombinedErrorSensor,0.65,0.2,0.1,0.05,True,True,False,False,false_completion,0.30238042033400797,69.0,13.623567056113139,13.736080893452288,0.06712255155657103,0.1921494456350188,0.07621366110935969,0.038470895071156884,0.11963168355144348,0.04651336195767368,0.05931491724792326,0.17296436071026858,0.07171149092664793,0.09238259641283589,0.03920449884885681,5.716764071790285,5.716764071790285,0.0,8.172209619768658e-17,2.7755575615628914e-16,0.29934499834499023,0.29934499834499023,0.4356005788712012,68.1,0.8999999999999986,0.0,0.0,0.0,67.6,1.3999999999999986,0.0,0.0,0.0,False,False,False
275,3940032784,3701184968,3,gaussian_plus_dropout,CombinedErrorSensor,0.65,0.2,0.1,0.05,True,True,True,True,goal_reached,0.2627014775816128,71.4,13.285674841548817,13.40995831956715,0.05954341187579836,0.17438741266529897,0.0688935662983131,0.042187246745018184,0.11892681550735973,0.049622179178513096,0.05571926476904489,0.20121992821299264,0.07024658127723755,0.15027252594126317,0.07014574634236936,5.798721198268989,5.798721198268989,0.0,7.952767608168145e-17,1.962615573354719e-16,0.33089944624737233,0.3308994462473723,0.42097902097902096,70.0,1.3999999999999986,0.0,0.0,0.0,69.9,1.5,0.0,0.0,0.0,False,False,False
276,4114063967,4248643499,3,gaussian_plus_dropout,CombinedErrorSensor,0.65,0.2,0.1,0.05,True,True,True,True,goal_reached,0.11735229329125149,69.0,13.479238026781388,13.386521432021132,0.06031346665508017,0.1779023662112616,0.06745866417243317,0.03620835769130696,0.11385037050660986,0.04441099343281516,0.04600700480530803,0.20151609626587244,0.05962941182364172,0.14210195894078773,0.1012172310082286,5.755408150905579,5.755408150905579,0.0,8.21011232451411e-17,1.962615573354719e-16,0.297374390466084,0.2973743904660841,0.3835021707670043,69.0,0.0,0.0,0.0,0.0,69.0,0.0,0.0,0.0,0.0,False,False,False
277,2764423084,946444819,3,gaussian_plus_dropout,CombinedErrorSensor,0.65,0.2,0.1,0.05,True,True,True,True,goal_reached,0.09162917356566859,76.10000000000001,14.750302424051576,14.646541991302287,0.06063387683318864,0.7071067811865476,0.08195593873313008,0.04155154664719949,0.13931504629040872,0.05376085564245597,0.05688055163912099,0.7071067811865476,0.08483928530582469,0.17100792500875853,0.05,6.563115583402751,6.563115583402752,0.0,8.045502043039623e-17,2.7755575615628914e-16,0.3535533905932738,0.3535533905932738,0.410761154855643,71.5,4.6000000000000005,0.0,0.0,0.0,71.4,4.699999999999999,0.0,0.0,0.0,False,False,False
278,3095793555,2007649964,3,gaussian_plus_dropout,CombinedErrorSensor,0.65,0.2,0.1,0.05,True,True,True,True,goal_reached,0.1972612610132841,63.0,13.233723996820931,13.298169445129078,0.05815420153636648,0.7071067811865476,0.07024350119003628,0.04305919877562146,0.16134113890462612,0.05567895867131426,0.05383116278612438,0.7071067811865476,0.07272496455786816,0.15953680106363854,0.05,5.335634289301938,5.335634289301938,0.0,8.86130541977784e-17,2.779024842816778e-16,0.3535533905932738,0.3535533905932738,0.39302694136291605,63.0,0.0,0.0,0.0,0.0,62.699999999999996,0.30000000000000426,0.0,0.0,0.0,False,False,False
279,1232035917,1746799248,3,gaussian_plus_dropout,CombinedErrorSensor,0.65,0.2,0.1,0.05,True,True,True,True,goal_reached,0.21508603669176518,68.5,13.449076077092368,13.475395113573148,0.06119609679927957,0.19474940761664303,0.06977074121200537,0.03766574187191752,0.10510702248352795,0.04729183899106528,0.05031495806683257,0.16992499118560286,0.06262807923633894,0.14296829768338928,0.11196698250375056,5.6808870436213965,5.6808870436213965,0.0,8.0187036021467e-17,2.7894008272968645e-16,0.33394694239155914,0.33394694239155914,0.3746355685131195,68.5,0.0,0.0,0.0,0.0,68.5,0.0,0.0,0.0,0.0,False,False,False
280,229561739,1691000978,3,gaussian_plus_dropout,CombinedErrorSensor,0.65,0.2,0.1,0.05,True,True,True,True,goal_reached,0.155326062487144,77.9,14.756501511434509,14.854198403127391,0.06201178356795316,0.18146098321638487,0.07132773578448919,0.03503426535078181,0.12496002489754512,0.04452348665000922,0.05235738987232953,0.17007790023635147,0.06460664567263076,0.17818524068157357,0.0958725571128099,6.299154362409915,6.299154362409916,0.0,7.814739711514861e-17,2.779024842816778e-16,0.26908277622027865,0.26908277622027876,0.40897435897435896,68.79999999999998,9.10000000000001,0.0,0.0,0.0,68.60000000000001,9.299999999999995,0.0,0.0,0.0,False,False,False
281,4056746478,1322814385,3,gaussian_plus_dropout,CombinedErrorSensor,0.65,0.2,0.1,0.05,True,True,True,True,goal_reached,0.20264585485911357,68.0,13.866055722783107,13.915353736387043,0.061989257688678,0.2736179690881822,0.07178378039162309,0.03317322407764513,0.13531294374888558,0.044134717896848724,0.0539519360098083,0.2739498586947118,0.07028465820755794,0.15864684578112936,0.12451399605353654,5.575584647261499,5.575584647261499,0.0,8.698496170435602e-17,2.7894008272968645e-16,0.2577365570386298,0.2577365570386298,0.395007342143906,68.0,0.0,0.0,0.0,0.0,68.0,0.0,0.0,0.0,0.0,False,False,False
282,1490637715,235682852,3,gaussian_plus_dropout,CombinedErrorSensor,0.65,0.2,0.1,0.05,True,True,True,True,goal_reached,0.19541335217015707,73.10000000000001,13.991596341227183,14.108166394300154,0.05956569537681104,0.1978544826488936,0.06770287888071111,0.039845852418605575,0.10994832459820583,0.04854023930878963,0.04885913158440707,0.17256111157803886,0.06195088440761144,0.11381791109186327,0.07086141332259326,5.699874494085055,5.699874494085056,0.0,8.020340089980626e-17,2.776424787817943e-16,0.37685418973919016,0.37685418973919016,0.389344262295082,73.10000000000001,0.0,0.0,0.0,0.0,73.10000000000001,0.0,0.0,0.0,0.0,False,False,False
283,3172887330,1257601206,3,gaussian_plus_dropout,CombinedErrorSensor,0.65,0.2,0.1,0.05,True,True,True,True,goal_reached,0.1283076588785352,83.9,16.901649636455094,17.044288693874947,0.06263106319313727,0.2520196678905591,0.07054145905853877,0.045865687137877996,0.19355108828181838,0.05887449895801695,0.05376095358405777,0.2340933737592314,0.06797168338013808,0.10188617248754224,0.07505534121094973,7.340504991505988,7.340504991505988,0.0,8.340438194289426e-17,2.830524433501838e-16,0.3297971705817594,0.3297971705817594,0.3738095238095238,81.2,2.700000000000003,0.0,0.0,0.0,80.7,3.1999999999999957,0.0,0.0,0.0,False,False,False
284,4059518722,4054307301,3,gaussian_plus_dropout,CombinedErrorSensor,0.65,0.2,0.1,0.05,True,True,True,True,goal_reached,0.2659162154532058,67.9,13.193013057474689,13.257429545326108,0.06414457472494453,0.17630425415127735,0.07206889289936814,0.04169754809480223,0.13224923136881034,0.050681501915414255,0.06303339169061434,0.23322949436831864,0.07555483936208339,0.08361040667803833,0.09272278336207326,5.4671838247376225,5.4671838247376225,0.0,8.456965303333666e-17,1.8670653977139892e-16,0.28229899536031516,0.28229899536031516,0.38235294117647056,67.9,0.0,0.0,0.0,0.0,67.9,0.0,0.0,0.0,0.0,False,False,False
285,3789557191,1481771505,3,gaussian_plus_dropout,CombinedErrorSensor,0.65,0.2,0.1,0.05,True,True,True,True,goal_reached,0.2692645460383042,68.10000000000001,13.122705167242138,13.278139138059744,0.0654692749121496,0.21933941135444235,0.07376149789573244,0.039201217951626316,0.16649229684664113,0.05238796216563262,0.0550701692177363,0.2594522763882805,0.0708471119704478,0.14889581658079287,0.10785704520047971,5.532367047593576,5.532367047593576,0.0,8.200162756048063e-17,1.8670653977139892e-16,0.2654088963221979,0.26540889632219794,0.4134897360703812,68.0,0.10000000000000142,0.0,0.0,0.0,67.4,0.7000000000000028,0.0,0.0,0.0,False,False,False
286,3875003028,956792337,3,gaussian_plus_dropout,CombinedErrorSensor,0.65,0.2,0.1,0.05,True,True,True,True,goal_reached,0.1482590793780261,69.3,13.84402920801888,13.805933455550955,0.06393399662496467,0.23236545019077287,0.07283671665156302,0.04559299943231651,0.17645168999617916,0.05942138572344697,0.05580926956067348,0.2328389602837111,0.07066546906770677,0.35366910758193754,0.31725402513734685,5.764215078335905,5.764215078335905,0.0,8.12887526171397e-17,2.7894008272968645e-16,0.3208728086084077,0.3208728086084077,0.43804034582132567,64.3,5.0,0.0,0.0,0.0,64.3,5.0,0.0,0.0,0.0,False,False,False
287,3836413122,1604764411,3,gaussian_plus_dropout,CombinedErrorSensor,0.65,0.2,0.1,0.05,True,True,True,True,goal_reached,0.17772486173000926,68.4,13.827813668485962,13.956286610776067,0.06265123918902472,0.18632708151987687,0.07130314100119405,0.04050716269695714,0.11050174325906766,0.04796940809831765,0.050222615988029566,0.18689878538151594,0.06371729725774371,0.1146060327484471,0.11289952376471657,5.739918796134945,5.739918796134945,0.0,8.459751779887552e-17,2.9893669801409083e-16,0.31940497062745926,0.31940497062745926,0.4087591240875912,68.3,0.09999999999999787,0.0,0.0,0.0,68.0,0.3999999999999986,0.0,0.0,0.0,False,False,False
288,2184115418,276814588,3,gaussian_plus_dropout,CombinedErrorSensor,0.65,0.2,0.1,0.05,True,True,True,True,goal_reached,0.17292248619995013,76.3,15.314312310928205,15.254551565421012,0.057156349999905424,0.7071067811865476,0.0804823171886751,0.03397782338355084,0.16449552666386824,0.04375962795942965,0.05278059632601251,0.7071067811865476,0.08206421364994851,0.08550447333613176,0.024157737355778308,6.90453135311178,6.90453135311178,0.0,8.252989015817872e-17,2.779024842816778e-16,0.3535533905932738,0.3535533905932738,0.3638743455497382,65.6,10.699999999999996,0.0,0.0,0.0,64.89999999999999,11.4,0.0,0.0,0.0,False,False,False
289,3267561147,1867115710,3,gaussian_plus_dropout,CombinedErrorSensor,0.65,0.2,0.1,0.05,True,True,True,True,goal_reached,0.18896735661032724,75.8,14.717777584537213,14.674954858478564,0.06516136271198725,0.31557595385439174,0.07407444620212315,0.042064535153130266,0.12141406568819502,0.051188524408151415,0.05628484136475285,0.2941664385973821,0.07204130941540814,0.09859605384599442,0.046537420916191286,6.323007025598603,6.323007025598602,0.0,8.098634716905568e-17,2.5324586304240974e-16,0.39167480751246675,0.39167480751246686,0.4057971014492754,72.69999999999999,3.099999999999998,0.0,0.0,0.0,73.6,2.200000000000008,0.0,0.0,0.0,False,False,False
290,1338960723,2020451545,3,gaussian_plus_dropout,CombinedErrorSensor,0.65,0.2,0.1,0.05,True,True,True,True,goal_reached,0.2348362523947389,74.9,13.901660347756815,14.152632497732684,0.05890221007326574,0.17436726898486402,0.06693128611147565,0.04210159494115099,0.14112408838814738,0.05111402711459031,0.0504842724571949,0.25316433854352044,0.06545572011712979,0.37025447322305055,0.3647411761063569,5.6978740796517116,5.6978740796517116,0.0,7.697230264573961e-17,2.5133742693021536e-16,0.36194485863864284,0.36194485863864284,0.4026666666666666,74.9,0.0,0.0,0.0,0.0,74.5,0.39999999999999947,0.0,0.0,0.0,False,False,False
291,3105204066,3893728945,3,gaussian_plus_dropout,CombinedErrorSensor,0.65,0.2,0.1,0.05,True,True,True,True,goal_reached,0.16120308924080853,75.8,16.019166439762436,16.15844250019676,0.06031043817544419,0.19333382595238105,0.0695909680900618,0.027942635669053053,0.09871095384275969,0.034030523012293624,0.04784714884492503,0.20849957294018928,0.05962715569046001,0.18196307271306633,0.11109644852202205,6.2319343804658,6.2319343804658,0.0,9.071389226010338e-17,2.8449465006019636e-16,0.39175802063347287,0.39175802063347287,0.42028985507246375,75.0,0.7999999999999972,0.0,0.0,0.0,74.0,1.79999999999999,0.0,0.0,0.0,False,False,False
292,3217045316,3144965389,3,gaussian_plus_dropout,CombinedErrorSensor,0.65,0.2,0.1,0.05,False,False,False,False,planning_failure,nan,nan,nan,nan,nan,nan,nan,nan,nan,nan,nan,nan,nan,nan,nan,nan,nan,nan,nan,nan,nan,nan,nan,,,,,,,,,,,,,
293,3129666222,2804183316,3,gaussian_plus_dropout,CombinedErrorSensor,0.65,0.2,0.1,0.05,False,False,False,False,planning_failure,nan,nan,nan,nan,nan,nan,nan,nan,nan,nan,nan,nan,nan,nan,nan,nan,nan,nan,nan,nan,nan,nan,nan,,,,,,,,,,,,,
294,1628645893,3900630187,3,gaussian_plus_dropout,CombinedErrorSensor,0.65,0.2,0.1,0.05,True,True,True,True,goal_reached,0.22957324483501199,65.4,13.516702216457583,13.606458227048908,0.059600247574042184,0.7071067811865476,0.07222605623916703,0.04122197680547592,0.12784839549527388,0.05216676321460825,0.053286545561011235,0.7071067811865476,0.07031309053351874,0.13371773531546355,0.05,5.486467255684344,5.486467255684346,0.0,8.4928853640527e-17,2.2215299868541707e-16,0.3535533905932738,0.3535533905932738,0.38320610687022905,65.4,0.0,0.0,0.0,0.0,65.4,0.0,0.0,0.0,0.0,False,False,False
295,271103938,670980768,3,gaussian_plus_dropout,CombinedErrorSensor,0.65,0.2,0.1,0.05,True,True,True,True,goal_reached,0.12888756204865429,79.60000000000001,16.350212190841606,16.348846782928177,0.05990123011037321,0.7071067811865476,0.07088077264988508,0.03824227437239939,0.11604993258127866,0.04694112530338587,0.04985436847599368,0.7071067811865476,0.06686413202912908,0.18741754934406646,0.05,6.556284061549318,6.556284061549318,0.0,7.99431639040665e-17,2.7833528704240246e-16,0.3535533905932738,0.3535533905932738,0.3889585947302384,76.3,3.3000000000000043,0.0,0.0,0.0,77.10000000000001,2.5,0.0,0.0,0.0,False,False,False
296,930298321,3877237296,3,gaussian_plus_dropout,CombinedErrorSensor,0.65,0.2,0.1,0.05,True,True,True,True,goal_reached,0.16091060357163367,68.5,13.332487271200817,13.431036051235091,0.059618533602187336,0.1901973462679225,0.06816629737034995,0.03333003725977542,0.10874770722528235,0.04143532645600397,0.04951383964554893,0.1849386210048814,0.060366523085144876,0.1709260961308828,0.09848764317426517,5.651607244202836,5.651607244202837,0.0,8.577249678048896e-17,1.962615573354719e-16,0.25444025256328545,0.25444025256328545,0.40962099125364426,65.2,3.299999999999997,0.0,0.0,0.0,64.3,4.199999999999996,0.0,0.0,0.0,False,False,False
297,4247440162,64953539,3,gaussian_plus_dropout,CombinedErrorSensor,0.65,0.2,0.1,0.05,True,True,True,True,goal_reached,0.25382905532126654,70.5,14.307292937128013,14.491459109360544,0.060612192118661985,0.2365811817676266,0.06875255789934362,0.036500225856499036,0.12605132027603097,0.04545849686497278,0.04202327434368342,0.15710793461315495,0.052805686444096375,0.06857527191556305,0.02646019901025253,5.9574432555727785,5.9574432555727785,0.0,8.388672825506939e-17,2.7755575615628914e-16,0.260118202010961,0.260118202010961,0.39660056657223797,70.5,0.0,0.0,0.0,0.0,70.5,0.0,0.0,0.0,0.0,False,False,False
298,2355914593,3287357915,3,gaussian_plus_dropout,CombinedErrorSensor,0.65,0.2,0.1,0.05,True,True,True,True,goal_reached,0.23082742373750414,76.0,14.569753773345278,14.709096610965807,0.06176604419770889,0.184841615031224,0.0701108110036678,0.04395963298258214,0.12937451554019888,0.05380876339509628,0.052408569926768185,0.192850615980972,0.06445085291169603,0.10166433144600218,0.1279940763604115,6.604654461078752,6.604654461078754,0.0,7.794835897760956e-17,2.7894008272968645e-16,0.36195926720130916,0.36195926720130916,0.40473061760841,74.1,1.8999999999999986,0.0,0.0,0.0,73.8,2.2000000000000046,0.0,0.0,0.0,False,False,False
299,3155458668,3892778345,3,gaussian_plus_dropout,CombinedErrorSensor,0.65,0.2,0.1,0.05,True,True,True,True,goal_reached,0.20568447689826042,70.8,14.360540102438346,14.399902630083695,0.05888953847567859,0.17701865492956095,0.06696428459960287,0.03862394010479115,0.1602916612823194,0.0508066707895962,0.05179960466921361,0.17697297568316067,0.0624405007872998,0.2750424194880008,0.2174125681069304,5.507718602044202,5.507718602044202,0.0,7.975648868146203e-17,2.779024842816778e-16,0.2560900517055627,0.2560900517055627,0.40902679830747535,70.8,0.0,0.0,0.0,0.0,70.8,0.0,0.0,0.0,0.0,False,False,False
300,261694751,3306138721,3,gaussian_plus_dropout,CombinedErrorSensor,0.65,0.2,0.1,0.05,True,True,True,True,goal_reached,0.26806490600713506,71.60000000000001,13.649119643851343,13.702308471173717,0.060831016647647805,0.7071067811865476,0.07281026439382533,0.03490152024183742,0.09751606457367744,0.04269370016761184,0.054494940730297196,0.7071067811865476,0.07345802367005291,0.16203111377526494,0.05,5.818571462159426,5.818571462159426,0.0,7.872831042279543e-17,2.7894008272968645e-16,0.3535533905932738,0.3535533905932738,0.4211994421199442,71.60000000000001,0.0,0.0,0.0,0.0,70.9,0.6999999999999957,0.0,0.0,0.0,False,False,False
301,3070443799,2229780676,3,gaussian_plus_dropout,CombinedErrorSensor,0.65,0.2,0.1,0.05,False,False,False,False,planning_failure,nan,nan,nan,nan,nan,nan,nan,nan,nan,nan,nan,nan,nan,nan,nan,nan,nan,nan,nan,nan,nan,nan,nan,,,,,,,,,,,,,
302,4014468795,3330966323,3,gaussian_plus_dropout,CombinedErrorSensor,0.65,0.2,0.1,0.05,True,True,True,True,goal_reached,0.11750675284876817,72.3,14.25941911088589,14.232794534966603,0.06019452268336311,0.23594863002363684,0.06833681686565796,0.04239990184051865,0.12276072804762714,0.05060267063482235,0.0432886038884787,0.2353785166601896,0.05552439015806854,0.12489274297702524,0.11131000272618696,6.00194079938049,6.00194079938049,0.0,8.464335416836704e-17,2.830524433501838e-16,0.32135927404753334,0.3213592740475335,0.425414364640884,67.1,5.199999999999999,0.0,0.0,0.0,67.19999999999999,5.1,0.0,0.0,0.0,False,False,False
303,2297809352,309975942,3,gaussian_plus_dropout,CombinedErrorSensor,0.65,0.2,0.1,0.05,True,True,True,True,goal_reached,0.13894927090584389,65.7,13.059036183483759,13.1278796462491,0.06463387432460463,0.2286434006386186,0.07344949919461857,0.04579505584990189,0.19433366186729056,0.0592624229483533,0.05969389669024556,0.26853099338483344,0.07409943080156985,0.03819821448053978,0.017301908761960583,5.368428834371481,5.368428834371481,0.0,8.949405927649008e-17,2.5589376332604516e-16,0.23873295106269773,0.2387329510626977,0.3693009118541033,65.7,0.0,0.0,0.0,0.0,65.7,0.0,0.0,0.0,0.0,False,False,False
304,1395041433,176894916,3,gaussian_plus_dropout,CombinedErrorSensor,0.65,0.2,0.1,0.05,True,True,True,True,goal_reached,0.1757539973894451,73.0,14.467407032344884,14.483748987745242,0.06435763155013098,0.22329573047035825,0.0731153872450215,0.047877649185201016,0.17855491686494412,0.06572321459071459,0.05894883472024813,0.21795342294283665,0.07380613299553795,0.15139367833379944,0.0782777335915874,5.840693199143649,5.840693199143649,0.0,8.493673447459262e-17,2.7755575615628914e-16,0.2656265318477332,0.26562653184773327,0.3898768809849521,71.10000000000001,1.8999999999999915,0.0,0.0,0.0,71.4,1.5999999999999943,0.0,0.0,0.0,False,False,False
305,3864368792,234163914,3,gaussian_plus_dropout,CombinedErrorSensor,0.65,0.2,0.1,0.05,True,True,True,True,goal_reached,0.17683530444701082,73.9,15.063023941120187,15.059390255015968,0.06144489656144033,0.2767651439507597,0.07004865833521429,0.03919307297789122,0.12606630679407604,0.048087059175568485,0.05367729893159406,0.2767651439507597,0.06617634238965187,0.23252779091953193,0.16973306194521073,6.079025665899564,6.079025665899564,0.0,8.265599461332835e-17,2.7894008272968645e-16,0.37495142444115515,0.37495142444115515,0.3756756756756757,68.10000000000001,5.799999999999997,0.0,0.0,0.0,67.80000000000001,6.099999999999987,0.0,0.0,0.0,False,False,False
306,3165692786,152022987,3,gaussian_plus_dropout,CombinedErrorSensor,0.65,0.2,0.1,0.05,True,True,True,True,goal_reached,0.1980667723662925,70.10000000000001,14.280972552435209,14.275432048288213,0.061365304588681356,0.24167692601309024,0.0706343981592649,0.039938077069133424,0.09454965632315891,0.04655488171627935,0.05630359181333395,0.19631745566578596,0.06871371098723622,0.15017859938220687,0.13053331279154123,6.203888343692947,6.203888343692947,0.0,8.65108068164575e-17,2.779024842816778e-16,0.3105467240523758,0.3105467240523758,0.4487179487179487,70.10000000000001,0.0,0.0,0.0,0.0,70.10000000000001,0.0,0.0,0.0,0.0,False,False,False
307,2518834372,2627015822,3,gaussian_plus_dropout,CombinedErrorSensor,0.65,0.2,0.1,0.05,True,True,True,True,goal_reached,0.166028850141322,86.80000000000001,17.512074626630447,17.351755391459918,0.06002641137839449,0.7071067811865476,0.07061232756749354,0.03519793539868139,0.1314665510245927,0.045386557325224564,0.05079776926058582,0.7071067811865476,0.0674898717744596,0.1741574244860956,0.05,7.555275745662302,7.5552757456623025,0.0,8.042966831791672e-17,2.7894008272968645e-16,0.3535533905932738,0.3535533905932738,0.4062140391254315,85.7,1.0999999999999979,0.0,0.0,0.0,85.2,1.5999999999999979,0.0,0.0,0.0,False,False,False
308,1500926823,2702353126,3,gaussian_plus_dropout,CombinedErrorSensor,0.65,0.2,0.1,0.05,True,True,True,True,goal_reached,0.15285251725949808,72.7,14.85308528680006,14.935301291548276,0.06079593565213922,0.28114858828295725,0.06950633169886118,0.043350958663544534,0.12720064788896068,0.05101935877328907,0.05196077525081633,0.28114858828295725,0.06527024589841472,0.12235087305953657,0.12379849019964108,6.275005977974057,6.275005977974057,0.0,8.254256268554717e-17,2.5748813241687586e-16,0.24911946957171416,0.2491194695717142,0.4107142857142857,72.0,0.7000000000000028,0.0,0.0,0.0,72.7,0.0,0.0,0.0,0.0,False,False,False
309,1478697371,1836739835,3,gaussian_plus_dropout,CombinedErrorSensor,0.65,0.2,0.1,0.05,True,True,True,True,goal_reached,0.2189950113009281,67.8,12.955216000684871,13.060211431863303,0.061067361680780564,0.7071067811865476,0.0737910512012938,0.03881212792309871,0.12578625458645015,0.048352039915924266,0.0518763265326243,0.7071067811865476,0.06856638796628513,0.14230369847204077,0.05,5.358123794152088,5.358123794152088,0.0,8.481667054441799e-17,1.962615573354719e-16,0.3535533905932738,0.3535533905932738,0.43151693667157587,67.8,0.0,0.0,0.0,0.0,67.8,0.0,0.0,0.0,0.0,False,False,False
310,1997022228,3702656684,3,gaussian_plus_dropout,CombinedErrorSensor,0.65,0.2,0.1,0.05,False,False,False,False,planning_failure,nan,nan,nan,nan,nan,nan,nan,nan,nan,nan,nan,nan,nan,nan,nan,nan,nan,nan,nan,nan,nan,nan,nan,,,,,,,,,,,,,
311,8808251,2699201123,3,gaussian_plus_dropout,CombinedErrorSensor,0.65,0.2,0.1,0.05,True,True,True,True,goal_reached,0.16531991854845102,70.3,14.404243414938081,14.4364239705302,0.0623080138306723,0.7071067811865476,0.07750424243463426,0.03917859428098863,0.10269391543411788,0.04813336649124917,0.05595491257610061,0.7071067811865476,0.07726960871428164,0.12500319073232266,0.05,6.151640466309898,6.151640466309898,0.0,8.210347547960351e-17,2.7755575615628914e-16,0.3535533905932738,0.3535533905932738,0.38778409090909094,65.3,4.9999999999999964,0.0,0.0,0.0,63.599999999999994,6.699999999999999,0.0,0.0,0.0,False,False,False
312,2510452995,877120150,3,gaussian_plus_dropout,CombinedErrorSensor,0.65,0.2,0.1,0.05,True,True,True,True,goal_reached,0.19300963508734392,66.5,13.388054178451116,13.41165034222107,0.06608154016739723,0.2332076743349737,0.07583274861769553,0.05148149475161082,0.16051750991484767,0.06401288530841115,0.05543163800267424,0.1756580024939314,0.06865668275214704,0.1297133469028602,0.12645166067832225,5.3211797743857545,5.321179774385755,0.0,8.400044644228993e-17,2.7755575615628914e-16,0.3012457423666479,0.301245742366648,0.4159159159159159,66.1,0.3999999999999986,0.0,0.0,0.0,66.5,0.0,0.0,0.0,0.0,False,False,False
313,3662182205,3029917006,3,gaussian_plus_dropout,CombinedErrorSensor,0.65,0.2,0.1,0.05,True,True,True,True,goal_reached,0.198924914819636,113.30000000000001,21.68784181184281,21.761132732255525,0.06064169068348388,0.7071067811865476,0.07045322003620465,0.038383598069645156,0.13153325246525138,0.0467269601179174,0.05452111146341344,0.7071067811865476,0.0696740846720664,0.09869384839943934,0.020838970830567405,9.380609161728167,9.380609161728165,0.0,7.842601270219728e-17,2.776424787817943e-16,0.3535533905932738,0.3535533905932738,0.41446208112874783,109.70000000000002,3.599999999999996,0.0,0.0,0.0,109.80000000000001,3.499999999999993,0.0,0.0,0.0,False,False,False
314,2529132381,1521881222,3,gaussian_plus_dropout,CombinedErrorSensor,0.65,0.2,0.1,0.05,True,True,True,True,goal_reached,0.20478578030989772,74.8,15.461856002244202,15.34700025264416,0.06107910612361335,0.18774391780643707,0.06860877434645964,0.041703562957250966,0.1259134392806196,0.05141620087448533,0.05710495995770965,0.18232075833092692,0.07010911312603436,0.14073156870383333,0.07613682867399996,6.421077463091261,6.421077463091261,0.0,8.254130212372975e-17,2.7755575615628914e-16,0.29223525065627987,0.29223525065627987,0.36582109479305736,73.89999999999999,0.9000000000000021,0.0,0.0,0.0,73.99999999999999,0.8000000000000007,0.0,0.0,0.0,False,False,False
315,4244911519,1257395889,3,gaussian_plus_dropout,CombinedErrorSensor,0.65,0.2,0.1,0.05,True,True,True,True,goal_reached,0.13753372133002031,58.2,12.730935537752602,12.788225099390857,0.05959105398682165,0.29538371757161763,0.06825941567605497,0.033266313947135154,0.09108589388526447,0.03958675560155438,0.049419493733999814,0.18447443504245703,0.06215540598195944,0.19445529004135523,0.1469157166636551,5.042745857589322,5.042745857589322,0.0,9.839675815651889e-17,1.962615573354719e-16,0.3586905890040556,0.3586905890040556,0.4065180102915952,58.2,0.0,0.0,0.0,0.0,58.2,0.0,0.0,0.0,0.0,False,False,False
316,1076928853,2642541720,3,gaussian_plus_dropout,CombinedErrorSensor,0.65,0.2,0.1,0.05,True,True,True,True,goal_reached,0.13256095557766376,68.2,14.01946117061063,14.026142827622786,0.06772922803848098,0.7071067811865476,0.08102044055189599,0.050748709231700016,0.1714666337216032,0.06715112989624007,0.05946465749754136,0.7071067811865476,0.07841685749778422,0.11669346070941145,0.05,6.214048773205646,6.214048773205645,0.0,8.361426003022994e-17,2.779024842816778e-16,0.3535533905932738,0.3535533905932738,0.4187408491947291,63.0,5.2,0.0,0.0,0.0,62.7,5.500000000000001,0.0,0.0,0.0,False,False,False
317,3900580241,3253598588,3,gaussian_plus_dropout,CombinedErrorSensor,0.65,0.2,0.1,0.05,True,True,True,True,goal_reached,0.20603791154151202,76.60000000000001,15.915346198695556,15.911335371557154,0.0594375648367056,0.7071067811865476,0.07119553717205573,0.04331209799622574,0.19433722609934279,0.05956216273338112,0.0597416115110404,0.7071067811865476,0.07895893534669254,0.13332421992683877,0.05,6.413353047275446,6.4133530472754465,0.0,8.173203882499722e-17,2.8066088919804617e-16,0.3535533905932738,0.3535533905932738,0.35593220338983056,76.60000000000001,0.0,0.0,0.0,0.0,76.60000000000001,0.0,0.0,0.0,0.0,False,False,False
318,1443759745,4221436515,3,gaussian_plus_dropout,CombinedErrorSensor,0.65,0.2,0.1,0.05,True,True,True,True,goal_reached,0.13219532215774396,67.5,13.911248518975032,13.93245381933185,0.06478768250989059,0.7071067811865476,0.08044123097082062,0.03694568776789818,0.12249276443197782,0.04618917310416708,0.048303694914356876,0.7071067811865476,0.07056724429555966,0.15637398341986566,0.05,5.640465812606953,5.640465812606953,0.0,8.418595603591938e-17,2.9893669801409083e-16,0.3535533905932738,0.3535533905932738,0.3979289940828402,67.5,0.0,0.0,0.0,0.0,67.5,0.0,0.0,0.0,0.0,False,False,False
319,4114846692,1948432374,3,gaussian_plus_dropout,CombinedErrorSensor,0.65,0.2,0.1,0.05,True,True,True,True,goal_reached,0.20391515403670402,72.3,14.243186661757779,14.346716381730992,0.056886890495788996,0.16486122036117462,0.06476755298620203,0.036632243368882524,0.11578047368336253,0.04613895940220674,0.04895845511789071,0.16300460040718392,0.05900416001134374,0.1562101223772584,0.11113385611161064,6.053524279564636,6.053524279564636,0.0,8.198333507471004e-17,2.779024842816778e-16,0.29690529889041983,0.29690529889041983,0.37983425414364635,65.79999999999998,6.5000000000000036,0.0,0.0,0.0,66.1,6.200000000000005,0.0,0.0,0.0,False,False,False
320,1401556152,1596559168,3,gaussian_plus_dropout,CombinedErrorSensor,0.65,0.2,0.1,0.05,True,True,True,True,goal_reached,0.16904455565171708,68.8,13.736142845330011,13.790041801160825,0.05926809761153665,0.21961191576639646,0.06792268311325346,0.039989280282715776,0.11911262334720245,0.051961631022791124,0.04829259187865466,0.17743478658966244,0.05941031709094349,0.1732064147058562,0.14405658981306851,5.490656670396723,5.490656670396723,0.0,8.554701028786938e-17,2.830524433501838e-16,0.3303275730336346,0.3303275730336346,0.40928882438316405,58.199999999999996,10.599999999999996,0.0,0.0,0.0,58.800000000000004,9.999999999999993,0.0,0.0,0.0,False,False,False
321,3842624667,3668822796,3,gaussian_plus_dropout,CombinedErrorSensor,0.65,0.2,0.1,0.05,True,True,True,True,goal_reached,0.15676286214739305,68.3,13.357003000206438,13.340850322382234,0.058659567917860776,0.1602756591411862,0.06633794364820521,0.04296932499066274,0.13331149803574616,0.05507953143478922,0.05786540512445873,0.20983629423985561,0.07241560547326867,0.058152678853706216,0.03354044873929183,5.467172823329889,5.467172823329889,0.0,8.268464917442894e-17,1.962615573354719e-16,0.3156754475856272,0.3156754475856272,0.4064327485380117,68.3,0.0,0.0,0.0,0.0,68.3,0.0,0.0,0.0,0.0,False,False,False
322,1983609201,1852087215,3,gaussian_plus_dropout,CombinedErrorSensor,0.65,0.2,0.1,0.05,True,True,True,True,goal_reached,0.16362046290079804,77.10000000000001,15.453632084605761,15.621270726346342,0.060941335754926704,0.1681715642352216,0.06848226842224264,0.03461448411386745,0.09935569688377968,0.041548889156829416,0.05065108721842268,0.20679269377587534,0.06376927553037497,0.1655290788107229,0.09311056604660625,6.246315301199992,6.246315301199993,0.0,8.104067148898161e-17,2.7894008272968645e-16,0.3327804849990736,0.3327804849990736,0.4209844559585493,75.3,1.8000000000000007,0.0,0.0,0.0,73.80000000000001,3.299999999999997,0.0,0.0,0.0,False,False,False
323,1265791630,93762455,3,gaussian_plus_dropout,CombinedErrorSensor,0.65,0.2,0.1,0.05,True,True,True,True,goal_reached,0.11458981683674098,65.0,13.152259439629995,13.141130638151479,0.06299553376365506,0.16645296510253563,0.07040349949507127,0.035260321976963306,0.09020905555869038,0.04327690158213966,0.049018674675903255,0.16935164872959776,0.060299067569260206,0.17932036605873647,0.14302561196564056,4.968008088314326,4.968008088314326,0.0,8.543229990760446e-17,1.962615573354719e-16,0.2517693766978513,0.2517693766978513,0.43317972350230416,65.0,0.0,0.0,0.0,0.0,65.0,0.0,0.0,0.0,0.0,False,False,False
324,3546151447,4049281049,3,gaussian_plus_dropout,CombinedErrorSensor,0.65,0.2,0.1,0.05,True,True,True,True,goal_reached,0.20130173438437957,72.5,14.720504967585288,14.761812379607653,0.05983623909466814,0.7071067811865476,0.07206095934411871,0.041378668655960724,0.10451521773188283,0.04998165175265445,0.05601684377371982,0.7071067811865476,0.0729815602538588,0.16892570438518043,0.05,5.980514300943669,5.980514300943669,0.0,8.007748831982898e-17,2.2301825219878386e-16,0.3535533905932738,0.3535533905932738,0.37741046831955927,70.39999999999999,2.1000000000000014,0.0,0.0,0.0,69.8,2.700000000000001,0.0,0.0,0.0,False,False,False
325,525814137,3539809369,3,gaussian_plus_dropout,CombinedErrorSensor,0.65,0.2,0.1,0.05,True,True,True,True,goal_reached,0.17103051526172172,67.4,14.053731667734247,14.034746225683913,0.061588669172934235,0.7071067811865476,0.07470294093468555,0.04344917565082715,0.1111074685786538,0.04965287620806997,0.05577846992096547,0.7071067811865476,0.07259704929736738,0.16227217305376918,0.05,5.86536527150966,5.865365271509659,0.0,8.479712711578075e-17,2.7336071744532853e-16,0.3535533905932738,0.3535533905932738,0.4162962962962963,65.7,1.7000000000000028,0.0,0.0,0.0,65.9,1.5,0.0,0.0,0.0,False,False,False
326,2481991110,814435279,3,gaussian_plus_dropout,CombinedErrorSensor,0.65,0.2,0.1,0.05,True,True,True,True,goal_reached,0.22803954794421288,75.3,14.032642072447246,14.149848183508091,0.06196796108909447,0.19103350577215494,0.07056969593239845,0.0434122975201871,0.15464103369827936,0.057237998125956945,0.0571713794568189,0.24432428937854742,0.073081044314809,0.07632407370025004,0.0,5.77616987984015,5.77616987984015,0.0,7.70646776514767e-17,2.7894008272968645e-16,0.23816979445608305,0.238169794456083,0.4005305039787799,75.3,0.0,0.0,0.0,0.0,75.3,0.0,0.0,0.0,0.0,False,False,False
327,3166319258,2915168923,3,gaussian_plus_dropout,CombinedErrorSensor,0.65,0.2,0.1,0.05,True,True,True,True,goal_reached,0.16288752267648768,78.0,15.281546502389975,15.31191220907801,0.06156519722052106,0.1724496699356398,0.06945324167594542,0.04045340690237772,0.092067932307402,0.046388864371992806,0.05030522303305326,0.21244481002788382,0.06169514984833441,0.08353536422575987,0.09152346445080271,6.418778803768283,6.418778803768282,0.0,7.654014100118678e-17,2.498965354837e-16,0.2715116388501018,0.27151163885010193,0.4161331626120358,77.0,1.0,0.0,0.0,0.0,76.19999999999999,1.8000000000000043,0.0,0.0,0.0,False,False,False
328,4202554975,263124526,3,gaussian_plus_dropout,CombinedErrorSensor,0.65,0.2,0.1,0.05,True,True,True,True,goal_reached,0.19400082377185052,61.300000000000004,12.730432399143854,12.863788662072118,0.06155490028489068,0.20032055292193018,0.06944457959751528,0.04523019930345952,0.16852445581618486,0.054179985078354,0.05009945418501593,0.2049942947052839,0.0635976966091505,0.07083977730995496,0.016488064989860864,5.260529097018177,5.260529097018177,0.0,9.331043204333778e-17,2.830524433501838e-16,0.2733512953393472,0.2733512953393473,0.42508143322475567,60.300000000000004,0.9999999999999964,0.0,0.0,0.0,60.300000000000004,1.0,0.0,0.0,0.0,False,False,False
329,1090630675,260126566,3,gaussian_plus_dropout,CombinedErrorSensor,0.65,0.2,0.1,0.05,True,True,True,True,goal_reached,0.23870028169229612,69.60000000000001,14.49986795032084,14.475333142166521,0.059550210434873206,0.15363334923690217,0.06780816130487095,0.04461978600931989,0.15069520223441657,0.056965851442194376,0.05656763775281906,0.1859868878285738,0.0703844699449274,0.18925187596393656,0.1481967178695367,6.05217434945428,6.05217434945428,0.0,8.466220096848017e-17,2.7755575615628914e-16,0.3533645170249434,0.3533645170249434,0.42180774748923955,62.400000000000006,7.199999999999999,0.0,0.0,0.0,62.10000000000001,7.500000000000002,0.0,0.0,0.0,False,False,False
330,805194769,1062113203,3,gaussian_plus_dropout,CombinedErrorSensor,0.65,0.2,0.1,0.05,True,True,True,True,goal_reached,0.20721339119754417,65.4,13.881628186144205,13.809130052501285,0.06188538437029444,0.7071067811865476,0.07465498512143506,0.0448659562060507,0.19573736580747791,0.05865915044520219,0.0506905847387229,0.7071067811865476,0.06834375825889161,0.16358713184701973,0.05,5.589903958610076,5.589903958610075,0.0,8.79017046843698e-17,2.220446049250313e-16,0.3535533905932738,0.3535533905932738,0.41526717557251913,65.4,0.0,0.0,0.0,0.0,65.4,0.0,0.0,0.0,0.0,False,False,False
331,151607691,3837345201,3,gaussian_plus_dropout,CombinedErrorSensor,0.65,0.2,0.1,0.05,True,True,True,True,goal_reached,0.11247925797409386,70.0,14.885251293516788,14.87587599377176,0.06382071863993906,0.7071067811865476,0.07568845556041318,0.033750393023268384,0.09002090704438899,0.04078331180288143,0.04569853869526747,0.7071067811865476,0.06321122980286141,0.16796974802511966,0.05,5.766958461383361,5.7669584613833615,0.0,8.937611852948248e-17,2.8177377798042847e-16,0.3535533905932738,0.3535533905932738,0.3794579172610556,67.6,2.3999999999999986,0.0,0.0,0.0,68.0,2.0,0.0,0.0,0.0,False,False,False
332,2177655872,698235934,3,gaussian_plus_dropout,CombinedErrorSensor,0.65,0.2,0.1,0.05,True,True,True,True,goal_reached,0.21841870584501272,71.0,13.286090123846376,13.383041199417702,0.06715379018843477,0.22164908034052794,0.0766830129916644,0.04187957469836316,0.17196438385637552,0.054254746294464196,0.057411758458773186,0.22048844738375017,0.07201953595542251,0.22801482156299974,0.1466146637181303,5.565879392792596,5.5658793927925965,0.0,7.803468059156148e-17,1.962615573354719e-16,0.22591350023932552,0.22591350023932558,0.4120956399437412,69.7,1.2999999999999972,0.0,0.0,0.0,69.60000000000001,1.3999999999999915,0.0,0.0,0.0,False,False,False
333,897873287,471136995,3,gaussian_plus_dropout,CombinedErrorSensor,0.65,0.2,0.1,0.05,True,True,True,True,goal_reached,0.14057006764922206,77.80000000000001,15.50357784855939,15.613304599612405,0.0643910872763371,0.7071067811865476,0.07786642877507928,0.028938602954897086,0.11230299656181433,0.037130694280763564,0.04730404583281357,0.7071067811865476,0.06773130907338056,0.19021355983189325,0.05,6.390283174180229,6.390283174180229,0.0,8.479178808291874e-17,2.830524433501838e-16,0.3535533905932738,0.3535533905932738,0.39152759948652116,67.0,10.8,0.0,0.0,0.0,66.8,11.000000000000007,0.0,0.0,0.0,False,False,False
334,763514114,294386062,3,gaussian_plus_dropout,CombinedErrorSensor,0.65,0.2,0.1,0.05,True,True,True,True,goal_reached,0.19160169901966265,74.4,14.852983252746025,15.057374117111793,0.058274228034480666,0.7071067811865476,0.07032651482144807,0.038381924620676036,0.13956282178728863,0.04763196010079977,0.053271625998269914,0.7071067811865476,0.07394639580195558,0.11043717821271137,0.04628137312360936,6.252420321503635,6.252420321503635,0.0,8.6132615266159e-17,2.7809732887839817e-16,0.3535533905932738,0.3535533905932738,0.38657718120805373,74.4,0.0,0.0,0.0,0.0,74.4,0.0,0.0,0.0,0.0,False,False,False
335,4175213812,861520140,3,gaussian_plus_dropout,CombinedErrorSensor,0.65,0.2,0.1,0.05,False,False,False,False,planning_failure,nan,nan,nan,nan,nan,nan,nan,nan,nan,nan,nan,nan,nan,nan,nan,nan,nan,nan,nan,nan,nan,nan,nan,,,,,,,,,,,,,
336,2954388502,1276276491,3,gaussian_plus_dropout,CombinedErrorSensor,0.65,0.2,0.1,0.05,True,True,True,True,goal_reached,0.27921328095138875,88.5,17.763971692910633,17.80409331665242,0.06038997474192591,0.7071067811865476,0.07049084203122209,0.03472158565453875,0.15097457788135787,0.045401350385638,0.048690283865178534,0.7071067811865476,0.06531416511386814,0.1632209025717044,0.05,7.2635214088466675,7.2635214088466675,0.0,8.11261141218208e-17,2.7757743935277205e-16,0.3535533905932738,0.3535533905932738,0.38826185101580135,81.2,7.299999999999997,0.0,0.0,0.0,80.9,7.599999999999994,0.0,0.0,0.0,False,False,False
337,2235943386,2895981783,3,gaussian_plus_dropout,CombinedErrorSensor,0.65,0.2,0.1,0.05,False,False,False,False,planning_failure,nan,nan,nan,nan,nan,nan,nan,nan,nan,nan,nan,nan,nan,nan,nan,nan,nan,nan,nan,nan,nan,nan,nan,,,,,,,,,,,,,
338,3470333287,392077091,3,gaussian_plus_dropout,CombinedErrorSensor,0.65,0.2,0.1,0.05,True,True,True,True,goal_reached,0.161869000788117,70.8,13.838524835697903,14.041400181333694,0.056619753207789815,0.21102002028880182,0.06400462666940639,0.0391138137642277,0.1303700250379295,0.04844900143446407,0.04791024645079989,0.19551812988658507,0.05855146307144095,0.12295441443751506,0.08400487043000109,5.872125327629988,5.872125327629987,0.0,7.785989762247532e-17,2.8066088919804617e-16,0.2846377933849099,0.28463779338490985,0.3949224259520452,66.7,4.099999999999995,0.0,0.0,0.0,65.6,5.200000000000004,0.0,0.0,0.0,False,False,False
339,229694451,761326547,3,gaussian_plus_dropout,CombinedErrorSensor,0.65,0.2,0.1,0.05,True,True,True,True,goal_reached,0.1573240928419228,64.9,13.346988236410223,13.31870909780476,0.06217432792722354,0.16582121699768615,0.07018198594804828,0.037935472506843294,0.1504646900776864,0.051169698055663085,0.051584303694876904,0.20427637914590074,0.06522452073504802,0.2547409831556854,0.14308712176240376,5.1627075872071115,5.1627075872071115,0.0,8.915255552597508e-17,2.5589376332604516e-16,0.2989288557892424,0.29892885578924244,0.39076923076923076,64.8,0.09999999999999964,0.0,0.0,0.0,64.8,0.09999999999999964,0.0,0.0,0.0,False,False,False
340,3389984200,584043030,3,gaussian_plus_dropout,CombinedErrorSensor,0.65,0.2,0.1,0.05,True,True,True,True,goal_reached,0.20153281938332349,62.800000000000004,13.066514028137817,13.15677407279861,0.061108483426904794,0.18557885641925828,0.06935256380142066,0.03248147106206045,0.10239990389864038,0.04208020808085511,0.04868143461777564,0.16005983279070693,0.05978034190970098,0.18718798513498214,0.11346542847942562,5.26331444492669,5.26331444492669,0.0,8.692556160560984e-17,1.962615573354719e-16,0.45194690125260717,0.45194690125260717,0.4117647058823529,62.800000000000004,0.0,0.0,0.0,0.0,62.800000000000004,0.0,0.0,0.0,0.0,False,False,False
341,2259846060,1430329713,3,gaussian_plus_dropout,CombinedErrorSensor,0.65,0.2,0.1,0.05,True,True,True,True,goal_reached,0.26062523429488993,69.0,13.275984074255433,13.346462964303276,0.06548602912459843,0.7071067811865476,0.08136238942794291,0.04458642997742298,0.161621547102023,0.05651942472396748,0.061006496676432154,0.7071067811865476,0.08460320635667141,0.15055215032399605,0.05,5.35937901611227,5.359379016112271,0.0,8.0605920867317e-17,1.8670653977139892e-16,0.3535533905932738,0.3535533905932738,0.3849493487698987,68.7,0.29999999999999716,0.0,0.0,0.0,69.0,0.0,0.0,0.0,0.0,False,False,False
342,1100808599,3351678227,3,gaussian_plus_dropout,CombinedErrorSensor,0.65,0.2,0.1,0.05,True,True,True,True,goal_reached,0.07156209968112662,84.0,16.763811719517374,16.62388861576076,0.058298447757696985,0.7071067811865476,0.06885500439491217,0.037722644002386806,0.11896140352674536,0.04567150702579789,0.05303440397109717,0.7071067811865476,0.06872353734376692,0.09289168256867258,0.04970881947466843,7.2480558744416985,7.2480558744416985,0.0,7.935348109821505e-17,2.779024842816778e-16,0.3535533905932738,0.3535533905932738,0.38882282996432815,73.7,10.299999999999994,0.0,0.0,0.0,74.3,9.700000000000001,0.0,0.0,0.0,False,False,False
343,2810020882,1743223712,3,gaussian_plus_dropout,CombinedErrorSensor,0.65,0.2,0.1,0.05,True,True,False,False,false_completion,0.3079355196339957,83.4,15.873872828084739,16.174575775491977,0.06196725402235645,0.19141217914315464,0.07100144559404045,0.04877722688084128,0.1663682842841831,0.05709857241853359,0.05589927931228583,0.20631224276038815,0.07145826555296796,0.09290398783983021,0.00749884478202258,7.0254280314807716,7.0254280314807716,0.0,7.525247632794036e-17,2.7757743935277205e-16,0.3281423890439465,0.32814238904394644,0.4119760479041916,81.5,1.9000000000000004,0.0,0.0,0.0,80.89999999999999,2.5000000000000044,0.0,0.0,0.0,False,False,False
344,1838110112,3276323680,3,gaussian_plus_dropout,CombinedErrorSensor,0.65,0.2,0.1,0.05,True,True,True,True,goal_reached,0.15695546863267718,67.7,13.236911000243591,13.193658866183553,0.06570432682026157,0.2668379410174009,0.07569146168503801,0.04260387932254446,0.18333452546402876,0.05614087688805269,0.052795739835203866,0.19586605687991282,0.06705287487087863,0.14375334408387275,0.0923980754330795,5.345284919967696,5.345284919967695,0.0,8.657205940619672e-17,1.8670653977139892e-16,0.23761135036384978,0.23761135036384975,0.4144542772861357,67.7,0.0,0.0,0.0,0.0,67.7,0.0,0.0,0.0,0.0,False,False,False
345,731381694,614159404,3,gaussian_plus_dropout,CombinedErrorSensor,0.65,0.2,0.1,0.05,True,True,True,True,goal_reached,0.28514531113451896,67.5,13.374913971803112,13.62283600082931,0.05858646520314442,0.268577965029524,0.0675209193679642,0.03321875728022336,0.11274138421808047,0.042193651495243005,0.04415119486062717,0.21148576463352342,0.055833000891746504,0.14868162151404124,0.11888107158237989,5.293828522605466,5.293828522605465,0.0,8.22081831012133e-17,2.8066088919804617e-16,0.2568927064127195,0.2568927064127195,0.43639053254437865,67.5,0.0,0.0,0.0,0.0,67.5,0.0,0.0,0.0,0.0,False,False,False
346,1019929013,2368979340,3,gaussian_plus_dropout,CombinedErrorSensor,0.65,0.2,0.1,0.05,True,True,True,True,goal_reached,0.24583256322409355,66.2,13.387006031733184,13.435383632256142,0.06854647890517436,0.7071067811865476,0.09387014864732598,0.04041322293771267,0.1210297698881057,0.050311100005096025,0.06160830476971458,0.7071067811865476,0.09232468799045922,0.1639768861931671,0.05,5.5448814206026755,5.5448814206026755,0.0,9.186847674377488e-17,2.7894008272968645e-16,0.3535533905932738,0.3535533905932738,0.4374057315233786,62.3,3.9000000000000004,0.0,0.0,0.0,62.4,3.8000000000000003,0.0,0.0,0.0,False,False,False
347,1630963745,1016495745,3,gaussian_plus_dropout,CombinedErrorSensor,0.65,0.2,0.1,0.05,True,True,True,True,goal_reached,0.1924966337139018,77.5,15.683065720007376,15.870771945389821,0.060405654744565385,0.19150345998163057,0.06948104886187709,0.03492349700853767,0.11868196173323749,0.04626237052626914,0.05271035703147301,0.21152619683743037,0.06720928899329166,0.09794297722792661,0.06313359812513408,6.90152022748722,6.90152022748722,0.0,8.20327671851642e-17,2.7894008272968645e-16,0.31518843869354823,0.3151884386935482,0.4226804123711341,72.49999999999999,5.000000000000002,0.0,0.0,0.0,71.2,6.299999999999995,0.0,0.0,0.0,False,False,False
348,1598967659,144808118,3,gaussian_plus_dropout,CombinedErrorSensor,0.65,0.2,0.1,0.05,True,True,True,True,goal_reached,0.1931545246817969,83.10000000000001,15.626163439163783,15.646986503234167,0.05907699592309526,0.19996026681797374,0.06733070556107566,0.03988439869003871,0.12507670986354386,0.050197209792467605,0.05215840248260582,0.2188991091681244,0.06710935013291726,0.15584390559784686,0.062489326931461794,6.842801041029247,6.842801041029247,0.0,7.783384171938285e-17,2.7756117711421305e-16,0.3800712121305825,0.3800712121305825,0.40504807692307687,82.4,0.6999999999999957,0.0,0.0,0.0,81.5,1.600000000000005,0.0,0.0,0.0,False,False,False
349,2574130385,485301375,3,gaussian_plus_dropout,CombinedErrorSensor,0.65,0.2,0.1,0.05,True,True,True,True,goal_reached,0.15326184138579074,72.60000000000001,14.324439286579782,14.290965124817335,0.06360879154219663,0.7071067811865476,0.07556445766470615,0.038134608153136094,0.1385791456764636,0.048092453036884565,0.05406998436948923,0.7071067811865476,0.06955505790255566,0.036141202427159576,0.05,6.22876219829571,6.22876219829571,0.0,8.528734466480537e-17,1.8875832159447664e-16,0.3535533905932738,0.3535533905932738,0.3768913342503438,68.7,3.8999999999999986,0.0,0.0,0.0,68.80000000000001,3.799999999999997,0.0,0.0,0.0,False,False,False
350,2436862538,653863678,3,gaussian_plus_dropout,CombinedErrorSensor,0.65,0.2,0.1,0.05,True,True,True,True,goal_reached,0.2629691516075507,65.7,13.020583066180443,13.21251754433663,0.06391078428305877,0.7071067811865476,0.08024481714489272,0.042949766780386665,0.14893965269377435,0.05413719673733066,0.055791422027481274,0.7071067811865476,0.07813750844312588,0.21571590220461617,0.05,5.7814872037262015,5.781487203726202,0.0,8.485547818787054e-17,2.830524433501838e-16,0.3535533905932738,0.3535533905932738,0.42097264437689974,65.7,0.0,0.0,0.0,0.0,65.6,0.10000000000000142,0.0,0.0,0.0,False,False,False
351,3095716540,1916771770,3,gaussian_plus_dropout,CombinedErrorSensor,0.65,0.2,0.1,0.05,False,False,False,False,planning_failure,nan,nan,nan,nan,nan,nan,nan,nan,nan,nan,nan,nan,nan,nan,nan,nan,nan,nan,nan,nan,nan,nan,nan,,,,,,,,,,,,,
352,2576106544,2838034749,3,gaussian_plus_dropout,CombinedErrorSensor,0.65,0.2,0.1,0.05,True,True,True,True,goal_reached,0.20095542096518193,68.7,13.943871543809301,13.910468644071596,0.0627524712753937,0.20662097722192332,0.07155428297893414,0.038101439802130876,0.12638679652405296,0.04711385209252101,0.05720464160043732,0.21589455823391673,0.07082328307827723,0.16379410485894816,0.11598728962518097,5.796953228686478,5.796953228686478,0.0,8.378170166286082e-17,2.220446049250313e-16,0.302570163732664,0.30257016373266404,0.39970930232558144,68.7,0.0,0.0,0.0,0.0,68.7,0.0,0.0,0.0,0.0,False,False,False
353,1685133821,2163483778,3,gaussian_plus_dropout,CombinedErrorSensor,0.65,0.2,0.1,0.05,True,True,True,True,goal_reached,0.23159876584517233,87.30000000000001,16.322002717025917,16.528410811413558,0.05674185532016472,0.7071067811865476,0.07067390009903392,0.035016042259631,0.1202324238312702,0.043389968281001855,0.0468947879824381,0.7071067811865476,0.0657601171292463,0.12489582540294067,0.05,7.152322490096181,7.152322490096181,0.0,7.632896208798581e-17,2.7756117711421305e-16,0.3535533905932738,0.3535533905932738,0.36727688787185353,84.2,3.100000000000001,0.0,0.0,0.0,84.10000000000001,3.1999999999999993,0.0,0.0,0.0,False,False,False
354,377070815,2836130717,3,gaussian_plus_dropout,CombinedErrorSensor,0.65,0.2,0.1,0.05,True,True,True,True,goal_reached,0.22962207545108823,74.3,14.737661545241947,14.962479512397877,0.06395283069753521,0.7071067811865476,0.07666370032523398,0.03631135304195135,0.13678328068866796,0.044681336671410235,0.05519744242036581,0.7071067811865476,0.07553280213169546,0.1215915303710071,0.05,6.204054529997052,6.204054529997052,0.0,8.092005474845578e-17,2.779024842816778e-16,0.3535533905932738,0.3535533905932738,0.396505376344086,68.49999999999999,5.800000000000001,0.0,0.0,0.0,67.89999999999999,6.4,0.0,0.0,0.0,False,False,False
355,1676031673,2356379600,3,gaussian_plus_dropout,CombinedErrorSensor,0.65,0.2,0.1,0.05,True,True,True,True,goal_reached,0.14592284027852057,98.7,19.56897361614908,19.38656758760893,0.05890018594331437,0.7071067811865476,0.06950723786073468,0.03876173755716034,0.11659958211592053,0.047310699320217045,0.05260471040500301,0.7071067811865476,0.06788765821092567,0.32976667861502795,0.05,8.263508826519352,8.263508826519352,0.0,8.174511155682417e-17,2.8066088919804617e-16,0.3535533905932738,0.3535533905932738,0.409919028340081,98.7,0.0,0.0,0.0,0.0,98.1,0.5999999999999979,0.0,0.0,0.0,False,False,False
356,1362685604,2558954947,3,gaussian_plus_dropout,CombinedErrorSensor,0.65,0.2,0.1,0.05,False,False,False,False,planning_failure,nan,nan,nan,nan,nan,nan,nan,nan,nan,nan,nan,nan,nan,nan,nan,nan,nan,nan,nan,nan,nan,nan,nan,,,,,,,,,,,,,
357,2583425228,2520709038,3,gaussian_plus_dropout,CombinedErrorSensor,0.65,0.2,0.1,0.05,True,True,True,True,goal_reached,0.2423563128690156,67.8,14.291764534967282,14.284401593314099,0.06638954424404299,0.21656826186138753,0.07384615707405844,0.045201098965833415,0.18849341542797052,0.057665157603111326,0.059111805793001834,0.23178933642497168,0.07463224871282818,0.13732745389085052,0.05226326832760909,5.892767128653979,5.892767128653979,0.0,8.65015204770657e-17,2.779024842816778e-16,0.2722207582394158,0.2722207582394158,0.36818851251840945,67.8,0.0,0.0,0.0,0.0,67.8,0.0,0.0,0.0,0.0,False,False,False
358,2098428785,2023430440,3,gaussian_plus_dropout,CombinedErrorSensor,0.65,0.2,0.1,0.05,True,True,True,True,goal_reached,0.187527693327287,73.0,13.41723176271584,13.5649714502314,0.06267316375099456,0.16480620560270373,0.07057970492263362,0.039842117791635615,0.12164362103535258,0.04784069243703707,0.05497669419611598,0.2059481775336251,0.0694425486762421,0.1293215224347042,0.09280063856131056,6.1903296491415585,6.1903296491415585,0.0,8.032473871415756e-17,1.7772239894833365e-16,0.4258628459284071,0.4258628459284072,0.4131326949384405,70.39999999999999,2.600000000000003,0.0,0.0,0.0,70.1,2.899999999999995,0.0,0.0,0.0,False,False,False
359,101576323,3201341764,3,gaussian_plus_dropout,CombinedErrorSensor,0.65,0.2,0.1,0.05,True,True,True,True,goal_reached,0.149905003981284,71.7,14.071255562661221,14.005046452259553,0.0627501660705461,0.7071067811865476,0.07657666879989984,0.05513147746964067,0.16763253375273646,0.06630942356437645,0.06694169768324922,0.7071067811865476,0.08427173646550186,0.021656787491571555,0.0,6.209175496810572,6.209175496810573,0.0,8.095315292344759e-17,2.5589376332604516e-16,0.3535533905932738,0.3535533905932738,0.4094707520891365,71.7,0.0,0.0,0.0,0.0,71.7,0.0,0.0,0.0,0.0,False,False,False
360,573381417,519949555,3,gaussian_plus_dropout,CombinedErrorSensor,0.65,0.2,0.1,0.05,True,True,True,True,goal_reached,0.18033739887314706,65.7,13.549457317838208,13.734439995757963,0.06248512850365531,0.19860540068742574,0.07104143242082744,0.03563665517222561,0.12284234430033214,0.04638664700498908,0.052969667571540535,0.21379990382612013,0.06579081313048753,0.12114449682487546,0.04181810701050992,5.425875790789373,5.425875790789372,0.0,8.551531241101984e-17,1.962615573354719e-16,0.2769789956533259,0.27697899565332584,0.4285714285714286,64.4,1.2999999999999972,0.0,0.0,0.0,64.4,1.2999999999999954,0.0,0.0,0.0,False,False,False
361,1236351334,3142182448,3,gaussian_plus_dropout,CombinedErrorSensor,0.65,0.2,0.1,0.05,True,True,True,True,goal_reached,0.18524582315698307,67.3,13.395885968480034,13.435907562728842,0.06075526612469949,0.29594407823311525,0.07110826589452028,0.04562563985975195,0.1359706719006654,0.05673222280974885,0.05617157926352507,0.29486069399874965,0.071253653789441,0.1573650148285489,0.0946461592091381,5.453741696708356,5.453741696708356,0.0,8.531155496003969e-17,1.9478403400799703e-16,0.3394597858357773,0.33945978583577724,0.4169139465875371,61.9,5.399999999999999,0.0,0.0,0.0,61.39999999999999,5.900000000000002,0.0,0.0,0.0,False,False,False
362,63961417,2180460835,3,gaussian_plus_dropout,CombinedErrorSensor,0.65,0.2,0.1,0.05,True,True,True,True,goal_reached,0.14698389171854725,77.7,15.584375478844297,15.73162180995484,0.056703800283712365,0.19488966375318525,0.06543180418875377,0.043488851316835796,0.18794685812025413,0.05918382851712891,0.051681541042856494,0.2500999621812747,0.06825797041290964,0.07558771701282092,0.05282745757107932,6.388660667046928,6.388660667046928,0.0,8.071763001384731e-17,2.5133742693021536e-16,0.32770216015575565,0.32770216015575565,0.3753213367609255,74.80000000000001,2.8999999999999924,0.0,0.0,0.0,75.1,2.600000000000004,0.0,0.0,0.0,False,False,False
363,2327535258,2332584592,3,gaussian_plus_dropout,CombinedErrorSensor,0.65,0.2,0.1,0.05,True,True,True,True,goal_reached,0.19186343470060677,70.8,14.741964993368825,14.9105295492367,0.057128380122141456,0.17706109667724673,0.06522343831067967,0.030997849779179226,0.15280714045524552,0.04207644285037557,0.043865983596419855,0.19363240021990036,0.05577259211948809,0.15118087257002966,0.14618586197984357,5.805565141347307,5.805565141347307,0.0,8.267703475534974e-17,2.8609792490763985e-16,0.42309234527210005,0.42309234527210005,0.41748942172073344,70.8,0.0,0.0,0.0,0.0,70.8,0.0,0.0,0.0,0.0,False,False,False
364,3304647400,2364466265,3,gaussian_plus_dropout,CombinedErrorSensor,0.65,0.2,0.1,0.05,True,True,True,True,goal_reached,0.2509612226047859,63.5,12.866833848374707,13.045273354134526,0.06459518194045663,0.7071067811865476,0.0876207437690465,0.04082938890572158,0.12683247760217037,0.05147857760816883,0.05891643694333663,0.7071067811865476,0.08815338396691742,0.0690951915288267,0.05,5.2577470378786675,5.257747037878667,0.0,9.046747643392927e-17,1.962615573354719e-16,0.3535533905932738,0.3535533905932738,0.3852201257861635,59.699999999999996,3.799999999999999,0.0,0.0,0.0,59.999999999999986,3.500000000000009,0.0,0.0,0.0,False,False,False
365,2933610517,1293969616,3,gaussian_plus_dropout,CombinedErrorSensor,0.65,0.2,0.1,0.05,True,True,True,True,goal_reached,0.19041463621356786,73.3,13.858277405833338,13.938297120340225,0.06503874019180564,0.7071067811865476,0.08553905930947249,0.0363732575175404,0.09033228773478083,0.043408332003354054,0.05277730633961917,0.7071067811865476,0.07675743744943636,0.1308239977388218,0.05,5.719251745612563,5.7192517456125636,0.0,7.904546221189826e-17,2.7894008272968645e-16,0.3535533905932738,0.3535533905932738,0.38692098092643057,73.19999999999999,0.10000000000000142,0.0,0.0,0.0,72.6,0.6999999999999957,0.0,0.0,0.0,False,False,False
366,2011425080,2499175835,3,gaussian_plus_dropout,CombinedErrorSensor,0.65,0.2,0.1,0.05,True,True,True,True,goal_reached,0.1840225577178669,71.3,14.598108630153085,14.580190061396202,0.06585969450657135,0.19124144591142367,0.07425774376196426,0.03780806484986073,0.16873403300802017,0.051788570544372,0.055613550078035104,0.22569198318721295,0.07067720962460948,0.12193269780731265,0.10927681301954208,5.992955516113522,5.992955516113522,0.0,8.603871220656207e-17,2.7755575615628914e-16,0.28405280863724575,0.28405280863724575,0.4117647058823529,69.89999999999999,1.3999999999999986,0.0,0.0,0.0,70.3,1.0,0.0,0.0,0.0,False,False,False
367,3444746836,3000099893,3,gaussian_plus_dropout,CombinedErrorSensor,0.65,0.2,0.1,0.05,True,True,True,True,goal_reached,0.14278244958202238,70.10000000000001,13.385648081888814,13.372923074520727,0.06198730621046718,0.347651065637904,0.07158737543898169,0.03354825724178381,0.08319462002611688,0.03982609234619503,0.05234936566237386,0.19454605370904407,0.06567341263429019,0.1811995979699962,0.12877204414456647,5.474762031152124,5.474762031152124,0.0,8.16017734934295e-17,1.962615573354719e-16,0.27276299295409123,0.27276299295409123,0.4031339031339032,68.30000000000001,1.7999999999999972,0.0,0.0,0.0,67.80000000000001,2.299999999999997,0.0,0.0,0.0,False,False,False
368,3197083060,1875886390,3,gaussian_plus_dropout,CombinedErrorSensor,0.65,0.2,0.1,0.05,True,True,True,True,goal_reached,0.1733700525295465,60.0,12.754861866287161,12.862715495362997,0.060507653353405515,0.7071067811865476,0.07331303911961445,0.032382356131114315,0.11470902913946797,0.0411839995681143,0.04997968159553951,0.7071067811865476,0.06692304358505556,0.11849678655442843,0.05,4.822283645287273,4.822283645287273,0.0,9.309186217225802e-17,2.618455766672135e-16,0.3535533905932738,0.3535533905932738,0.36605657237936773,60.0,0.0,0.0,0.0,0.0,59.900000000000006,0.09999999999999432,0.0,0.0,0.0,False,False,False
369,1703573391,4141906095,3,gaussian_plus_dropout,CombinedErrorSensor,0.65,0.2,0.1,0.05,True,True,True,True,goal_reached,0.08893168181744043,68.0,13.306337907383039,13.259212710213339,0.06121987433162138,0.17195068016733311,0.0695708312154412,0.0421704806954727,0.0994592319048442,0.04983157932618686,0.05442261980123296,0.2228533077958553,0.06633034006106418,0.12497113386975198,0.06326305754693623,5.47954293920299,5.479542939202991,0.0,8.556915804706526e-17,1.962615573354719e-16,0.3631486569226339,0.3631486569226339,0.4170337738619677,60.8,7.200000000000003,0.0,0.0,0.0,61.1,6.899999999999999,0.0,0.0,0.0,False,False,False
370,4240319741,880666480,3,gaussian_plus_dropout,CombinedErrorSensor,0.65,0.2,0.1,0.05,False,False,False,False,planning_failure,nan,nan,nan,nan,nan,nan,nan,nan,nan,nan,nan,nan,nan,nan,nan,nan,nan,nan,nan,nan,nan,nan,nan,,,,,,,,,,,,,
371,830787861,3668575417,3,gaussian_plus_dropout,CombinedErrorSensor,0.65,0.2,0.1,0.05,True,True,True,True,goal_reached,0.176037260173615,77.30000000000001,15.38119274619135,15.302726317163808,0.06200346284146235,0.7071067811865476,0.07654937873896484,0.04024921607701081,0.1241459617664682,0.048583697615868386,0.05091264326750558,0.7071067811865476,0.07103297801013318,0.1258540382335318,0.05,6.004494292003389,6.004494292003389,0.0,8.133491801106616e-17,2.7894008272968645e-16,0.3535533905932738,0.3535533905932738,0.4160206718346253,75.9,1.4000000000000004,0.0,0.0,0.0,75.30000000000001,2.0,0.0,0.0,0.0,False,False,False
372,3072657155,1241217907,3,gaussian_plus_dropout,CombinedErrorSensor,0.65,0.2,0.1,0.05,True,True,True,True,goal_reached,0.24625458395525696,82.0,15.34536653428425,15.391644130634628,0.06318653325966098,0.17803029206130738,0.07033045833408212,0.03396661298261318,0.12410287048763315,0.04435422709935614,0.05494681737844886,0.2447785332107363,0.0701601787362681,0.17894353759986079,0.11032313446829178,6.452957269269268,6.452957269269268,0.0,7.628690882000334e-17,2.498001805406602e-16,0.30144600993943965,0.3014460099394396,0.412911084043849,79.3,2.700000000000003,0.0,0.0,0.0,79.6,2.3999999999999986,0.0,0.0,0.0,False,False,False
373,157659641,2151582790,3,gaussian_plus_dropout,CombinedErrorSensor,0.65,0.2,0.1,0.05,False,False,False,False,planning_failure,nan,nan,nan,nan,nan,nan,nan,nan,nan,nan,nan,nan,nan,nan,nan,nan,nan,nan,nan,nan,nan,nan,nan,,,,,,,,,,,,,
374,1980307858,4207273182,3,gaussian_plus_dropout,CombinedErrorSensor,0.65,0.2,0.1,0.05,True,True,True,True,goal_reached,0.18146985546041924,73.10000000000001,14.902279835812328,14.965015362438695,0.061615355788547405,0.1710669360549742,0.0693658225962505,0.039822753060137175,0.11985302697757626,0.04950865322508522,0.051940944568705585,0.20256344328795062,0.06534577085697843,0.19592040665700844,0.1563413925767012,6.136981049918351,6.136981049918351,0.0,8.07195919151953e-17,2.9893669801409083e-16,0.2947465009375254,0.29474650093752547,0.4084699453551912,73.10000000000001,0.0,0.0,0.0,0.0,73.10000000000001,0.0,0.0,0.0,0.0,False,False,False
375,2569596517,1337955276,3,gaussian_plus_dropout,CombinedErrorSensor,0.65,0.2,0.1,0.05,True,True,True,True,goal_reached,0.17360276192053212,64.0,13.395206947351,13.491319593538018,0.0578646127836116,0.14754147416197208,0.06542078547099364,0.029823054544166106,0.07870584287077699,0.03506743437210705,0.04895946778273706,0.1769005391535904,0.06052612839492251,0.12685437813704228,0.09152095349410157,5.270408529241261,5.270408529241262,0.0,9.064321787153328e-17,2.9893669801409083e-16,0.2846525843127827,0.28465258431278273,0.3837753510140406,63.9,0.09999999999999964,0.0,0.0,0.0,63.3,0.6999999999999993,0.0,0.0,0.0,False,False,False
376,801353321,3573266896,3,gaussian_plus_dropout,CombinedErrorSensor,0.65,0.2,0.1,0.05,True,True,True,True,goal_reached,0.28683500041748505,64.8,13.245486863293957,13.370344727750021,0.05995483906481138,0.7071067811865476,0.07444392387663237,0.031629277599574186,0.12254405974816147,0.04170162774142695,0.05147460440131075,0.7071067811865476,0.0691564785963301,0.33338081181473206,0.05,5.388299989629505,5.388299989629505,0.0,8.517557946966922e-17,1.962615573354719e-16,0.3535533905932738,0.3535533905932738,0.41140215716486905,64.8,0.0,0.0,0.0,0.0,64.8,0.0,0.0,0.0,0.0,False,False,False
377,1281658130,1819150923,3,gaussian_plus_dropout,CombinedErrorSensor,0.65,0.2,0.1,0.05,True,True,True,True,goal_reached,0.20561422459523174,68.0,12.943006442797449,13.060667155026666,0.05646616259798444,0.162669532415542,0.0641483872012689,0.029679983215883502,0.12401292894001238,0.038282918700663436,0.044026032600944745,0.16632370264178487,0.0554700867765133,0.04789835545114286,0.05591603897313306,5.754216727968216,5.754216727968216,0.0,8.104523674860755e-17,1.962615573354719e-16,0.2512995587911437,0.2512995587911436,0.3700440528634361,68.0,0.0,0.0,0.0,0.0,68.0,0.0,0.0,0.0,0.0,False,False,False
378,2145417192,196741682,3,gaussian_plus_dropout,CombinedErrorSensor,0.65,0.2,0.1,0.05,True,True,True,True,goal_reached,0.19466703070235952,73.10000000000001,14.317944025290004,14.365182621737864,0.05916958271859948,0.7071067811865476,0.0717574865043121,0.035491161369301014,0.09632060911670262,0.043305393264941414,0.04534810928535406,0.7071067811865476,0.06148338180833594,0.2025837064556391,0.05,6.1656102788128475,6.1656102788128475,0.0,7.823207008217941e-17,2.5589376332604516e-16,0.3535533905932738,0.3535533905932738,0.3825136612021858,65.4,7.700000000000005,0.0,0.0,0.0,64.7,8.400000000000004,0.0,0.0,0.0,False,False,False
379,162770764,2517905783,3,gaussian_plus_dropout,CombinedErrorSensor,0.65,0.2,0.1,0.05,True,True,True,True,goal_reached,0.2030146143718682,65.7,13.802557731280704,13.878504509921695,0.05876025642109713,0.15772083270679454,0.06613050281492662,0.04079327133387059,0.11319040684822394,0.05104661423204187,0.05690876581915462,0.2099748199744452,0.06929079825819513,0.11803136078235575,0.13637509971576378,5.500835104307413,5.500835104307413,0.0,8.381602857013228e-17,2.779024842816778e-16,0.49925643529555835,0.4992564352955584,0.41185410334346506,60.900000000000006,4.799999999999997,0.0,0.0,0.0,60.9,4.800000000000001,0.0,0.0,0.0,False,False,False
380,3590034308,3616669174,3,gaussian_plus_dropout,CombinedErrorSensor,0.65,0.2,0.1,0.05,True,True,True,True,goal_reached,0.20763201183450936,82.4,16.88059797822808,17.07849362826768,0.06421007869759789,0.7071067811865476,0.07790980789870523,0.03201626835423395,0.15372343378092607,0.04613859398289455,0.05126685804751234,0.7071067811865476,0.07276169590663101,0.14517011181612602,0.05,7.031533459376564,7.031533459376564,0.0,8.264086458214737e-17,2.8066088919804617e-16,0.3535533905932738,0.3535533905932738,0.4048484848484849,77.9,4.499999999999989,0.0,0.0,0.0,78.4,3.9999999999999964,0.0,0.0,0.0,False,False,False
381,2539382802,3553283520,3,gaussian_plus_dropout,CombinedErrorSensor,0.65,0.2,0.1,0.05,True,True,True,True,goal_reached,0.2560022958436047,70.0,14.647198685506607,14.839969129060353,0.05686836415096097,0.7071067811865476,0.07315647581981277,0.031412862346567615,0.11311857295946609,0.04026969273574422,0.04769355672133213,0.7071067811865476,0.06860576263713904,0.19823146645331333,0.05,5.972479282572421,5.972479282572421,0.0,8.33928274284262e-17,2.779024842816778e-16,0.3535533905932738,0.3535533905932738,0.40228245363766046,65.19999999999999,4.8,0.0,0.0,0.0,65.1,4.9,0.0,0.0,0.0,False,False,False
382,1982957362,1878632133,3,gaussian_plus_dropout,CombinedErrorSensor,0.65,0.2,0.1,0.05,False,False,False,False,planning_failure,nan,nan,nan,nan,nan,nan,nan,nan,nan,nan,nan,nan,nan,nan,nan,nan,nan,nan,nan,nan,nan,nan,nan,,,,,,,,,,,,,
383,167986647,1158930486,3,gaussian_plus_dropout,CombinedErrorSensor,0.65,0.2,0.1,0.05,True,True,True,True,goal_reached,0.249803747659425,74.9,14.75380057011367,14.855243472868743,0.059592905776197275,0.7071067811865476,0.07088534213756369,0.04773787145832169,0.1471322112373155,0.06136079761819609,0.055346139579639596,0.7071067811865476,0.07469687540738781,0.0501523416143226,0.0,6.363166449001892,6.363166449001893,0.0,8.31242803194749e-17,2.2887833992611187e-16,0.3535533905932738,0.3535533905932738,0.4066666666666666,73.10000000000001,1.7999999999999972,0.0,0.0,0.0,72.9,1.8999999999999986,0.10000000000000142,0.0,0.0,False,False,False
384,1835590301,968835980,3,gaussian_plus_dropout,CombinedErrorSensor,0.65,0.2,0.1,0.05,True,True,True,True,goal_reached,0.14967785777069123,114.9,22.901249194333317,22.531575534693587,0.06774893229700375,0.7071067811865476,0.09008555435750061,0.04332528225976689,0.12938702637674432,0.05382783643537814,0.05983081365234284,0.7071067811865476,0.08862351092432441,0.13260898694729584,0.05,10.176967329984704,10.176967329984704,0.0,8.196648078870347e-17,2.830524433501838e-16,0.4726287338031586,0.4726287338031586,0.4147826086956522,111.6,3.3000000000000043,0.0,0.0,0.0,110.99999999999999,3.900000000000013,0.0,0.0,0.0,False,False,False
385,381046993,3729855211,3,gaussian_plus_dropout,CombinedErrorSensor,0.65,0.2,0.1,0.05,True,True,False,False,false_completion,0.3007574061945995,73.10000000000001,14.18395667580005,14.39146460941102,0.06018626678265697,0.7071067811865476,0.0709191298960178,0.04589477070995041,0.14175439434172124,0.05646256519583452,0.057417196872754664,0.7071067811865476,0.07571837811722555,0.24452825604746495,0.05,6.167100519132993,6.167100519132993,0.0,7.949174176655792e-17,2.779024842816778e-16,0.3535533905932738,0.3535533905932738,0.3989071038251366,72.4,0.6999999999999993,0.0,0.0,0.0,70.80000000000001,2.299999999999997,0.0,0.0,0.0,False,False,False
386,1640121633,2425369201,3,gaussian_plus_dropout,CombinedErrorSensor,0.65,0.2,0.1,0.05,True,True,True,True,goal_reached,0.18272694573001788,72.4,14.163687682416857,14.182481123270524,0.06228477423864506,0.19437437110677558,0.07027160266971737,0.03804682151719212,0.1654515838712456,0.04985532075789885,0.05543035433862084,0.24820497024033372,0.06922068496606432,0.1642947600077963,0.08793762621882142,5.749464784558447,5.749464784558447,0.0,8.244321459465109e-17,3.0436364816617974e-16,0.2620317941737505,0.2620317941737505,0.40137931034482754,72.4,0.0,0.0,0.0,0.0,72.4,0.0,0.0,0.0,0.0,False,False,False
387,2681951609,244179877,3,gaussian_plus_dropout,CombinedErrorSensor,0.65,0.2,0.1,0.05,True,True,True,True,goal_reached,0.20760854822214536,76.9,15.081765708842205,15.062166542068594,0.06289389915206281,0.7071067811865476,0.0786878699012471,0.051743856098761795,0.14291722744023794,0.06275285669423047,0.059640563419590946,0.7071067811865476,0.0827470622388174,0.09821301614991246,0.0371875232175388,6.5685187053447915,6.568518705344793,0.0,8.599019666675721e-17,2.8066088919804617e-16,0.3535533905932738,0.3535533905932738,0.39350649350649347,59.099999999999994,17.800000000000008,0.0,0.0,0.0,58.7,18.200000000000003,0.0,0.0,0.0,False,False,False
388,1209594724,1105627878,3,gaussian_plus_dropout,CombinedErrorSensor,0.65,0.2,0.1,0.05,True,True,True,True,goal_reached,0.25354661161567155,67.0,13.17803539644397,13.394283247325392,0.06295118048105802,0.7071067811865476,0.0755110839669787,0.04377355995255915,0.11156619290210142,0.050519724247519375,0.05437880675897762,0.7071067811865476,0.07239635447608148,0.08463704920533702,0.05,5.393279424006895,5.393279424006896,0.0,8.286755153190113e-17,2.5589376332604516e-16,0.3535533905932738,0.3535533905932738,0.4217585692995529,67.0,0.0,0.0,0.0,0.0,67.0,0.0,0.0,0.0,0.0,False,False,False
389,470721726,970358315,3,gaussian_plus_dropout,CombinedErrorSensor,0.65,0.2,0.1,0.05,True,True,True,True,goal_reached,0.18455088598964417,69.7,13.713066493309277,13.789686761066346,0.06649861786255036,0.7071067811865476,0.08293705420979625,0.044893149137997544,0.14672083459616764,0.057128784253220294,0.05962619157149798,0.7071067811865476,0.0818395429860677,0.1641975496588873,0.05,5.920435503274689,5.920435503274689,0.0,8.389313976986128e-17,2.2301825219878386e-16,0.3535533905932738,0.3535533905932738,0.41404011461318047,64.8,4.9,0.0,0.0,0.0,64.69999999999999,5.000000000000002,0.0,0.0,0.0,False,False,False
390,67846621,1218254757,3,gaussian_plus_dropout,CombinedErrorSensor,0.65,0.2,0.1,0.05,True,True,True,True,goal_reached,0.14080954732704623,76.10000000000001,15.854164423388625,15.915206778056909,0.05923869348074519,0.7071067811865476,0.0716278093714339,0.0322996474005775,0.11574620709516292,0.041089870665611705,0.05228783564823045,0.7071067811865476,0.06900507973675558,0.13425379290483708,0.05,6.747257783074476,6.747257783074475,0.0,8.30511213758588e-17,2.7894008272968645e-16,0.3535533905932738,0.3535533905932738,0.410761154855643,74.2,1.8999999999999986,0.0,0.0,0.0,73.9,2.1999999999999993,0.0,0.0,0.0,False,False,False
391,3412605371,608249195,3,gaussian_plus_dropout,CombinedErrorSensor,0.65,0.2,0.1,0.05,True,True,True,True,goal_reached,0.19055398343014446,71.4,14.008640832240854,13.967539297725832,0.05951005377871695,0.18921535851074187,0.06856598342203332,0.03932633211400909,0.15770802090848365,0.05060570914831878,0.04936397437682524,0.2612788692936422,0.06440704061411917,0.20211792955727734,0.13770246633611904,5.749872362776814,5.749872362776814,0.0,8.069274391388112e-17,2.7928509224031823e-16,0.375687335932581,0.375687335932581,0.36923076923076925,71.4,0.0,0.0,0.0,0.0,70.9,0.5,0.0,0.0,0.0,False,False,False
392,1321953011,4213641362,3,gaussian_plus_dropout,CombinedErrorSensor,0.65,0.2,0.1,0.05,True,True,True,True,goal_reached,0.2043977937703137,75.0,14.785206943143404,14.813877064709345,0.0652240632882549,0.7071067811865476,0.08962344471064433,0.041785873311438855,0.13130751713289443,0.05135825033161156,0.05894124689984311,0.7071067811865476,0.090163137435904,0.21142038683096206,0.05,6.1815180926703395,6.1815180926703395,0.0,8.452994430857398e-17,2.7894008272968645e-16,0.3535533905932738,0.3535533905932738,0.3834886817576565,69.39999999999999,5.6000000000000085,0.0,0.0,0.0,68.49999999999999,6.500000000000005,0.0,0.0,0.0,False,False,False
393,872354663,2461054940,3,gaussian_plus_dropout,CombinedErrorSensor,0.65,0.2,0.1,0.05,True,True,True,True,goal_reached,0.2117386317814293,62.2,12.876748357975455,12.937429191368103,0.07077450049526995,0.7071067811865476,0.10350217740320183,0.05220326630750693,0.16990544333183094,0.06466558125520748,0.06800866929422392,0.7071067811865476,0.10445329974320902,0.13402482401314836,0.05,5.39473124911629,5.394731249116291,0.0,9.241043020160541e-17,1.962615573354719e-16,0.3535533905932738,0.3535533905932738,0.4414125200642055,62.2,0.0,0.0,0.0,0.0,62.2,0.0,0.0,0.0,0.0,False,False,False
394,1373533898,2386604706,3,gaussian_plus_dropout,CombinedErrorSensor,0.65,0.2,0.1,0.05,True,True,True,True,goal_reached,0.20647108181781515,69.5,14.081609103043348,14.138243152771205,0.06275386254179367,0.22931709165598785,0.07038982927015036,0.038153163436746594,0.17661207886067698,0.05258438917667971,0.05540200536974897,0.27089945037461793,0.07056779788320283,0.1923357801716097,0.12203610010471966,5.8971767041273715,5.8971767041273715,0.0,8.613232638153985e-17,2.7894008272968645e-16,0.28652416592787633,0.28652416592787633,0.3908045977011494,69.5,0.0,0.0,0.0,0.0,69.19999999999999,0.3000000000000007,0.0,0.0,0.0,False,False,False
395,2532253106,2816233351,3,gaussian_plus_dropout,CombinedErrorSensor,0.65,0.2,0.1,0.05,True,True,True,True,goal_reached,0.23559017567973853,62.1,12.964759139657104,13.071819230488154,0.06366781920244435,0.7071067811865476,0.07988611621982182,0.04026807289542461,0.14264825010880494,0.0500253628272195,0.05617551444158527,0.7071067811865476,0.07886068031594799,0.14714520426845798,0.05,5.449770829838419,5.449770829838419,0.0,8.929454662256786e-17,2.498001805406602e-16,0.3535533905932738,0.3535533905932738,0.364951768488746,54.9,7.1999999999999975,0.0,0.0,0.0,54.5,7.6000000000000005,0.0,0.0,0.0,False,False,False
396,3273084152,2467234986,3,gaussian_plus_dropout,CombinedErrorSensor,0.65,0.2,0.1,0.05,True,True,True,True,goal_reached,0.26672618442492013,75.0,14.584634566077593,14.503097998553798,0.06714504673898575,0.25675105004378407,0.07591904356241627,0.053259416612795304,0.18375620242255095,0.066151434269205,0.06437912963760098,0.25675105004378407,0.07980920524042946,0.19303157367785284,0.1201388222360871,6.1905586250510005,6.1905586250510005,0.0,7.802563752425199e-17,2.7755575615628914e-16,0.26555689697260615,0.2655568969726062,0.3994673768308922,75.0,0.0,0.0,0.0,0.0,75.0,0.0,0.0,0.0,0.0,False,False,False
397,1043526963,2208891233,3,gaussian_plus_dropout,CombinedErrorSensor,0.65,0.2,0.1,0.05,True,True,True,True,goal_reached,0.21140794341889826,81.9,16.392669694993405,16.490364543909816,0.06368379696172852,0.391475900756098,0.0714356954444615,0.0360678172887304,0.15282048976009463,0.04751387332862215,0.05394681241151762,0.2013977416125486,0.06702231257274083,0.1627660166276505,0.10170220659255502,7.134199154837564,7.134199154837564,0.0,8.073631049750784e-17,2.777508439858666e-16,0.3897597031374002,0.3897597031374002,0.3975609756097561,78.9,2.999999999999993,0.0,0.0,0.0,78.89999999999999,3.000000000000007,0.0,0.0,0.0,False,False,False
398,41399160,3984272595,3,gaussian_plus_dropout,CombinedErrorSensor,0.65,0.2,0.1,0.05,True,True,True,True,goal_reached,0.20588846049690865,77.30000000000001,14.240534203506417,14.13799612533406,0.0642132613346765,0.7071067811865476,0.08189425904862042,0.05307846289563584,0.14227334364455863,0.06304735573918938,0.06885896013153386,0.7071067811865476,0.0905814351556685,0.15252397604368767,0.05,6.447729413639713,6.447729413639713,0.0,7.727980300991343e-17,1.962615573354719e-16,0.3535533905932738,0.3535533905932738,0.4031007751937985,74.80000000000001,2.5,0.0,0.0,0.0,74.1,3.200000000000008,0.0,0.0,0.0,False,False,False
399,2201137154,3104227786,3,gaussian_plus_dropout,CombinedErrorSensor,0.65,0.2,0.1,0.05,True,True,True,True,goal_reached,0.19618205478236134,71.9,14.682074439080694,14.852835671921175,0.05764289311413618,0.7071067811865476,0.06939611201721868,0.04365196996331838,0.1103034150191645,0.051844366773260334,0.051710505895848274,0.7071067811865476,0.06850120989219764,0.13188763106160337,0.05,6.27016852213394,6.27016852213394,0.0,8.05933698079905e-17,2.618455766672135e-16,0.3535533905932738,0.3535533905932738,0.3930555555555556,71.8,0.10000000000000142,0.0,0.0,0.0,71.3,0.5999999999999988,0.0,0.0,0.0,False,False,False
400,2366020441,2010926479,3,gaussian_plus_dropout,CombinedErrorSensor,0.65,0.2,0.1,0.05,True,True,True,True,goal_reached,0.2120479816188594,76.3,14.950849192037406,14.908543723657269,0.05877217550486929,0.15150723896576782,0.06612334097413318,0.04053865031980708,0.13083930704801805,0.05137565732742812,0.053672108802721996,0.25658636341128105,0.06923487510814218,0.11916069295198195,0.0,6.914170453981351,6.914170453981351,0.0,8.171604277428708e-17,2.779024842816778e-16,0.30524903713799884,0.30524903713799884,0.39005235602094246,75.8,0.5,0.0,0.0,0.0,75.49999999999999,0.7000000000000011,0.10000000000000142,0.0,0.0,False,False,False
401,1535119728,1565580028,3,gaussian_plus_dropout,CombinedErrorSensor,0.65,0.2,0.1,0.05,True,True,True,True,goal_reached,0.25202638730877414,68.9,13.38881857618889,13.476762888012807,0.0605035373466514,0.217490901322588,0.06745393676565767,0.03670131143833022,0.11557938289523867,0.046468519826559584,0.05180850108726133,0.18938212613273742,0.06586952102091602,0.11842155957821134,0.0660754866883555,5.741531951986904,5.741531951986904,0.0,8.496576425322364e-17,1.962615573354719e-16,0.21679573774917338,0.21679573774917352,0.4,68.9,0.0,0.0,0.0,0.0,68.9,0.0,0.0,0.0,0.0,False,False,False
402,955248925,1124633429,3,gaussian_plus_dropout,CombinedErrorSensor,0.65,0.2,0.1,0.05,True,True,True,True,goal_reached,0.19119864242479317,64.8,12.809386905877663,12.852833076444455,0.06234268309608627,0.7071067811865476,0.07464619274961914,0.040179105165249265,0.11103622595575598,0.049830893639468854,0.05577123863631307,0.7071067811865476,0.07361017718102653,0.17865608853485768,0.05,5.444784321655217,5.444784321655217,0.0,8.679532423324061e-17,1.962615573354719e-16,0.3535533905932738,0.3535533905932738,0.44067796610169496,62.8,2.0,0.0,0.0,0.0,62.49999999999999,2.3,0.0,0.0,0.0,False,False,False
403,3485541319,3483450660,3,gaussian_plus_dropout,CombinedErrorSensor,0.65,0.2,0.1,0.05,True,True,True,True,goal_reached,0.15996783536819367,91.10000000000001,17.657044854269394,17.54052997379072,0.059912039916058674,0.17724957009316392,0.06802141427667004,0.036319036681768196,0.12409113455417775,0.04568682515157697,0.04789446909992888,0.1802050570805481,0.05899111421028814,0.13965479647717782,0.1443800498521535,7.417288801208657,7.417288801208657,0.0,7.64453980262713e-17,2.5018537765542007e-16,0.24149431059000942,0.24149431059000948,0.42653508771929827,76.7,14.400000000000006,0.0,0.0,0.0,76.70000000000002,14.399999999999991,0.0,0.0,0.0,False,False,False
404,3184790339,631315687,3,gaussian_plus_dropout,CombinedErrorSensor,0.65,0.2,0.1,0.05,True,True,True,True,goal_reached,0.13167938257077444,66.8,13.282373288969886,13.24652748885768,0.06206490333411789,0.7071067811865476,0.0736732115261005,0.043610165836654946,0.13594814777360306,0.056643535318990725,0.05887060364539548,0.7071067811865476,0.07485475714295076,0.08806274332213888,0.0440385925971718,5.546935376735066,5.546935376735066,0.0,8.70499877253e-17,2.5589376332604516e-16,0.3535533905932738,0.3535533905932738,0.382660687593423,66.39999999999999,0.3999999999999986,0.0,0.0,0.0,66.1,0.6999999999999993,0.0,0.0,0.0,False,False,False
405,3285429448,1207168295,3,gaussian_plus_dropout,CombinedErrorSensor,0.65,0.2,0.1,0.05,True,True,True,True,goal_reached,0.09296463231087893,71.60000000000001,14.04113302808556,14.145738583377032,0.06352749951630884,0.7071067811865476,0.0784433513037622,0.05101698114069755,0.1587842775903526,0.06237938330489722,0.052757702780316725,0.7071067811865476,0.07613433547325282,0.1298668227220509,0.05,5.680417828054014,5.680417828054014,0.0,7.766204079710497e-17,2.7755575615628914e-16,0.3535533905932738,0.3535533905932738,0.41422594142259417,71.4,0.1999999999999993,0.0,0.0,0.0,70.7,0.8999999999999986,0.0,0.0,0.0,False,False,False
406,1711414769,768036703,3,gaussian_plus_dropout,CombinedErrorSensor,0.65,0.2,0.1,0.05,True,True,True,True,goal_reached,0.09836055142536293,64.60000000000001,13.661711768999119,13.636979445529656,0.06062231100810505,0.2203063603614598,0.0684660762599007,0.03081459248631276,0.08183483192361507,0.037315898391645806,0.05118468541465029,0.19834296440705224,0.06425812028201656,0.12590956236682518,0.10361087893480879,5.302497733318677,5.302497733318677,0.0,8.886901726633902e-17,2.897767167584095e-16,0.35977718988977925,0.35977718988977925,0.38485316846986095,63.30000000000001,1.2999999999999972,0.0,0.0,0.0,62.900000000000006,1.7000000000000028,0.0,0.0,0.0,False,False,False
407,739438903,1521726463,3,gaussian_plus_dropout,CombinedErrorSensor,0.65,0.2,0.1,0.05,True,True,True,True,goal_reached,0.1571023626415705,77.7,15.398852966226109,15.447782529221255,0.05993124230624479,0.17336372729992494,0.06768856198594275,0.040441315125832066,0.15151260724278612,0.053320377118202346,0.05271418588827631,0.21431117959384152,0.06824079705979492,0.3900980740477194,0.3538248717338782,6.755396980230049,6.755396980230049,0.0,7.603740699130591e-17,2.7894008272968645e-16,0.37183681719445233,0.37183681719445233,0.3920308483290489,72.5,5.200000000000003,0.0,0.0,0.0,72.6,5.1000000000000085,0.0,0.0,0.0,False,False,False
408,1071255186,4062200957,3,gaussian_plus_dropout,CombinedErrorSensor,0.65,0.2,0.1,0.05,True,True,True,True,goal_reached,0.19249394785253407,75.5,15.51500156235882,15.599081224923452,0.05835900198460893,0.19205701119225924,0.06670649896471544,0.04422291338557588,0.12371347954676888,0.05439621845333553,0.05419689656338092,0.20843070408712805,0.06628380846348918,0.20503686491036588,0.13908647258732387,6.213250368198011,6.213250368198012,0.0,8.23732868455059e-17,2.7894008272968645e-16,0.26004716246919546,0.2600471624691956,0.3928571428571429,71.1,4.4,0.0,0.0,0.0,71.3,4.200000000000001,0.0,0.0,0.0,False,False,False
409,2658645016,3539954061,3,gaussian_plus_dropout,CombinedErrorSensor,0.65,0.2,0.1,0.05,True,True,True,True,goal_reached,0.18478229188725664,65.8,13.313301389481587,13.293780244623603,0.059140825502337326,0.17072756728118307,0.06744311414203,0.03503788724794311,0.12585900276962333,0.045203406788062464,0.048046083183111564,0.1858627508580091,0.0630815959984477,0.19579352926079152,0.1538518671120788,5.310560755085962,5.310560755085962,0.0,8.596629369844426e-17,1.962615573354719e-16,0.3580255031397276,0.3580255031397276,0.38391502276176026,65.49999999999999,0.30000000000000027,0.0,0.0,0.0,65.8,0.0,0.0,0.0,0.0,False,False,False
410,1637467688,2950014254,3,gaussian_plus_dropout,CombinedErrorSensor,0.65,0.2,0.1,0.05,True,True,True,True,goal_reached,0.2630802739692626,85.0,16.576324762034048,16.55789717773675,0.06594450935479033,0.23614753459723242,0.07513129607743278,0.03792241378666734,0.13470421355673956,0.04715069551978557,0.05651741040963438,0.23002047332043385,0.06926737399098024,0.42497257030019225,0.3191784954623813,6.999841472047326,6.999841472047326,0.0,7.780605563881839e-17,2.7894008272968645e-16,0.27499076425550767,0.27499076425550756,0.40070505287896596,84.8,0.20000000000000284,0.0,0.0,0.0,84.8,0.20000000000000284,0.0,0.0,0.0,False,False,False
411,3012103856,3939154953,3,gaussian_plus_dropout,CombinedErrorSensor,0.65,0.2,0.1,0.05,True,True,True,True,goal_reached,0.15224947698157268,66.7,13.218909241654838,13.24773707121697,0.05701011385190909,0.7071067811865476,0.06911561533831653,0.04584899104022582,0.13019620256608797,0.05675426230664383,0.05706967782100567,0.7071067811865476,0.07447984750468896,0.1925144198775675,0.05,5.464594411000646,5.464594411000646,0.0,8.592519226768197e-17,2.5133742693021536e-16,0.3535533905932738,0.3535533905932738,0.4041916167664671,65.8,0.899999999999995,0.0,0.0,0.0,65.0,1.7000000000000015,0.0,0.0,0.0,False,False,False
412,1061496009,4126919586,3,gaussian_plus_dropout,CombinedErrorSensor,0.65,0.2,0.1,0.05,True,True,True,True,goal_reached,0.1794613821277707,64.4,12.81408834866485,12.825915091953675,0.0655517839784034,0.28712461185568794,0.07564421210853453,0.03887309874588145,0.09641762697121549,0.0474229880057321,0.05741604576243676,0.23530989933634008,0.07274339002033843,0.15787344581256202,0.08415579401244688,5.410877011568311,5.41087701156831,0.0,8.938026285758495e-17,1.962615573354719e-16,0.29165775003163313,0.29165775003163313,0.37209302325581395,62.6,1.7999999999999998,0.0,0.0,0.0,62.1,2.3000000000000003,0.0,0.0,0.0,False,False,False
413,149354069,3266337438,3,gaussian_plus_dropout,CombinedErrorSensor,0.65,0.2,0.1,0.05,True,True,True,True,goal_reached,0.13458056076886052,77.7,14.554683480632193,14.531489842998345,0.059300440853253936,0.20142633074874264,0.06762760787172664,0.049264429592797365,0.1527676602186072,0.06193000890546811,0.05531046416688936,0.21965477527000976,0.06837620888647411,0.3506809784183609,0.2855573856407496,5.707466870732405,5.707466870732405,0.0,7.801459143694539e-17,2.7894008272968645e-16,0.23259380151351125,0.23259380151351125,0.390745501285347,72.7,5.0,0.0,0.0,0.0,72.6,5.1000000000000005,0.0,0.0,0.0,False,False,False
414,4081168298,314093331,3,gaussian_plus_dropout,CombinedErrorSensor,0.65,0.2,0.1,0.05,True,True,True,True,goal_reached,0.25466473509337406,67.4,14.144561552677724,14.312004157945184,0.06274551598549054,0.17303904552558586,0.07168195796074822,0.03089688954899742,0.10416651324178972,0.03966665179118529,0.052830472243978424,0.17557010070190698,0.06677710717519496,0.13688891654675592,0.09553242480367521,5.620195205399693,5.620195205399693,0.0,8.415223586225466e-17,2.777508439858666e-16,0.4136023977537617,0.4136023977537617,0.4222222222222223,64.1,3.3000000000000043,0.0,0.0,0.0,64.10000000000001,3.2999999999999954,0.0,0.0,0.0,False,False,False
415,292210110,1564487867,3,gaussian_plus_dropout,CombinedErrorSensor,0.65,0.2,0.1,0.05,True,True,True,True,goal_reached,0.22582131320542395,69.4,13.896630475810928,14.027762034467777,0.05884398926010927,0.20230977694520774,0.06737424546358868,0.03576258546476732,0.10798271961249963,0.04506958711666263,0.05233689633606205,0.19314385951585938,0.0641187230971161,0.11027800711416852,0.0736243019911037,5.399796695839001,5.399796695839001,0.0,8.724075744464781e-17,2.779024842816778e-16,0.3050294546497502,0.3050294546497502,0.35395683453237414,68.1,1.3000000000000003,0.0,0.0,0.0,68.5,0.9000000000000004,0.0,0.0,0.0,False,False,False
416,471779139,902910705,3,gaussian_plus_dropout,CombinedErrorSensor,0.65,0.2,0.1,0.05,True,True,True,True,goal_reached,0.20294267490082657,67.8,13.786486378502627,13.903167174347637,0.057546693880293855,0.20082449409774814,0.06610528887048236,0.030748725865726242,0.10081431278358094,0.03844334495171255,0.04426370353727015,0.17150585688351158,0.05503324102775377,0.17956734162683308,0.1268982395578578,5.446388224834617,5.446388224834617,0.0,8.472853292273989e-17,2.776424787817943e-16,0.4494186480845116,0.44941864808451165,0.41826215022091306,67.8,0.0,0.0,0.0,0.0,67.8,0.0,0.0,0.0,0.0,False,False,False
417,1257730118,169908158,3,gaussian_plus_dropout,CombinedErrorSensor,0.65,0.2,0.1,0.05,True,True,True,True,goal_reached,0.1847130722019759,67.3,13.606648956915972,13.55525427061896,0.06402739252173084,0.1765295780575099,0.0716167038654575,0.046194148748186656,0.16270751280652038,0.05935280556886874,0.05465049367582495,0.2347429241625979,0.06941941995683674,0.13976080695486545,0.05986751283827941,5.904516984430726,5.904516984430726,0.0,8.446180272615553e-17,2.779024842816778e-16,0.3378936247813871,0.3378936247813872,0.37537091988130566,66.6,0.7000000000000028,0.0,0.0,0.0,65.1,2.200000000000003,0.0,0.0,0.0,False,False,False
418,1055095300,2099702196,3,gaussian_plus_dropout,CombinedErrorSensor,0.65,0.2,0.1,0.05,True,True,True,True,goal_reached,0.17704922654583286,59.6,13.117856321853548,13.255738846476635,0.05905274213883034,0.1639832081878312,0.06653316487864301,0.027639393659534058,0.07799686818299953,0.033731105676861384,0.04585898287566185,0.16873576523377581,0.05702579305825676,0.15522835191869117,0.11356780256539896,4.729122571731276,4.729122571731277,0.0,9.171867608921147e-17,2.9893669801409083e-16,0.2910904259067916,0.2910904259067916,0.3601340033500837,59.4,0.20000000000000107,0.0,0.0,0.0,59.2,0.3999999999999986,0.0,0.0,0.0,False,False,False
419,2411947258,1651693406,3,gaussian_plus_dropout,CombinedErrorSensor,0.65,0.2,0.1,0.05,True,True,True,True,goal_reached,0.26471878796832843,63.5,13.671468005875427,13.884019288048915,0.059533374486860365,0.15712122385054839,0.0667431803839531,0.03927604057161375,0.13542664448230599,0.04999414072052463,0.05078923230631936,0.17087499948810955,0.06454398381988075,0.39557856085914694,0.28393900512212245,5.180101173449524,5.180101173449523,0.0,8.864225691434607e-17,2.797157557069881e-16,0.48068946755147196,0.48068946755147185,0.3915094339622641,63.4,0.10000000000000142,0.0,0.0,0.0,63.4,0.10000000000000142,0.0,0.0,0.0,False,False,False
420,2914634240,2192700923,3,gaussian_plus_dropout,CombinedErrorSensor,0.65,0.2,0.1,0.05,True,True,True,True,goal_reached,0.141110132318855,77.80000000000001,15.04216828905755,14.979451878687223,0.06585522547987978,0.19351761983879626,0.07459702048621414,0.04272890511344929,0.20649491559802483,0.056995940235702126,0.05409773070339151,0.24821434153188135,0.06826989392748034,0.18358058903690044,0.11677886109327684,6.376370260075955,6.376370260075955,0.0,7.929453160702745e-17,2.793066411846225e-16,0.4145882307385628,0.4145882307385629,0.39152759948652116,72.9,4.900000000000006,0.0,0.0,0.0,72.30000000000001,5.5,0.0,0.0,0.0,False,False,False
421,3582409163,1846612564,3,gaussian_plus_dropout,CombinedErrorSensor,0.65,0.2,0.1,0.05,True,True,True,True,goal_reached,0.14944947148752336,66.8,13.850424206906277,13.850471942750502,0.06359184030177602,0.7071067811865476,0.08101707317631957,0.037934858269548205,0.11937140571060745,0.04863377466720716,0.055565782912971665,0.7071067811865476,0.07676508967390411,0.13375179048961852,0.05,6.233760008925296,6.233760008925296,0.0,8.118026290782071e-17,2.8066088919804617e-16,0.3535533905932738,0.3535533905932738,0.4394618834080718,66.8,0.0,0.0,0.0,0.0,66.8,0.0,0.0,0.0,0.0,False,False,False
422,4008422370,2004689862,3,gaussian_plus_dropout,CombinedErrorSensor,0.65,0.2,0.1,0.05,True,True,True,True,goal_reached,0.19216101022259036,75.8,14.319284494372003,14.254467875309937,0.06285111963349896,0.2274869201058349,0.07289475094239906,0.0446830088597629,0.12390273649595399,0.0552812603687569,0.05679414506177938,0.2258264161395447,0.07259741404879147,0.1535605992173666,0.12365232434727425,5.681896987212661,5.681896987212661,0.0,7.784372713512398e-17,2.7894008272968645e-16,0.42615288798746764,0.42615288798746764,0.3978919631093544,74.8,1.0,0.0,0.0,0.0,73.89999999999999,1.8999999999999986,0.0,0.0,0.0,False,False,False
423,2882814493,1061927593,3,gaussian_plus_dropout,CombinedErrorSensor,0.65,0.2,0.1,0.05,True,True,True,True,goal_reached,0.22651012549024446,65.9,13.028610637713093,13.154007106054447,0.05961031322865649,0.16647368222719483,0.06707061797776173,0.03907422087414022,0.12039570510821426,0.04897737344273314,0.0492691174131158,0.18657574118598863,0.061107485297867935,0.11913664492571659,0.06950214726091292,5.4808913970440765,5.4808913970440765,0.0,8.569152019360735e-17,2.7755575615628914e-16,0.3750635349945152,0.37506353499451517,0.3909090909090909,65.9,0.0,0.0,0.0,0.0,65.9,0.0,0.0,0.0,0.0,False,False,False
424,3680502530,1923750527,3,gaussian_plus_dropout,CombinedErrorSensor,0.65,0.2,0.1,0.05,True,True,True,True,goal_reached,0.2187015995394237,77.5,16.32608499483732,16.303503552337933,0.06160642965359125,0.1673239325719523,0.06976180807361862,0.04150131319361305,0.1304403699109442,0.053625378209514664,0.05609924349182826,0.23637739916207323,0.0696412553488255,0.1869144926645669,0.0984548282988279,6.8805267276893645,6.8805267276893645,0.0,8.54753941907884e-17,2.8449465006019636e-16,0.2614169032187822,0.2614169032187822,0.41237113402061853,74.6,2.8999999999999986,0.0,0.0,0.0,75.3,2.200000000000003,0.0,0.0,0.0,False,False,False
425,2946213435,2839389369,3,gaussian_plus_dropout,CombinedErrorSensor,0.65,0.2,0.1,0.05,True,True,True,True,goal_reached,0.22445942480755562,58.400000000000006,12.833544599467121,12.958634657502824,0.06192689975455589,0.7071067811865476,0.0788218522057318,0.043205676618811084,0.13931296011413724,0.052250013843736606,0.05320087840423992,0.7071067811865476,0.07432188794438162,0.11383890255463609,0.05,4.953040546417407,4.953040546417407,0.0,9.142146216630056e-17,1.962615573354719e-16,0.3535533905932738,0.3535533905932738,0.41025641025641024,57.1,1.3000000000000043,0.0,0.0,0.0,57.0,1.4000000000000057,0.0,0.0,0.0,False,False,False
426,2667510470,1232235575,3,gaussian_plus_dropout,CombinedErrorSensor,0.65,0.2,0.1,0.05,True,True,True,True,goal_reached,0.2084411158484853,69.2,13.254133503228907,13.366329440789618,0.061095751443816286,0.17386169688612532,0.06877427853606424,0.04348977407620929,0.14189428733569517,0.05206398156181381,0.05072257867299915,0.18234548108031046,0.06335610822474931,0.11759848110900555,0.0747945341755533,5.640974998895085,5.640974998895085,0.0,8.340854157141336e-17,1.8670653977139892e-16,0.27842896450885757,0.27842896450885757,0.3982683982683982,67.60000000000001,1.5999999999999943,0.0,0.0,0.0,67.5,1.7000000000000028,0.0,0.0,0.0,False,False,False
427,2775479302,3129694536,3,gaussian_plus_dropout,CombinedErrorSensor,0.65,0.2,0.1,0.05,False,False,False,False,planning_failure,nan,nan,nan,nan,nan,nan,nan,nan,nan,nan,nan,nan,nan,nan,nan,nan,nan,nan,nan,nan,nan,nan,nan,,,,,,,,,,,,,
428,583548122,2742868653,3,gaussian_plus_dropout,CombinedErrorSensor,0.65,0.2,0.1,0.05,True,True,True,True,goal_reached,0.1575259535169542,81.4,15.023153466829477,15.030440103608665,0.06199269216546806,0.187353576150465,0.0707261183680742,0.03399432110886389,0.14361651323045657,0.044306957533359816,0.050254007964400216,0.20620711294824687,0.06350619193463353,0.12664388900570786,0.06506340590638855,6.630245453063316,6.630245453063316,0.0,7.005189417978253e-17,1.6939998869943826e-16,0.2594216784218159,0.25942167842181585,0.3975460122699387,81.4,0.0,0.0,0.0,0.0,81.4,0.0,0.0,0.0,0.0,False,False,False
429,395063575,893168507,3,gaussian_plus_dropout,CombinedErrorSensor,0.65,0.2,0.1,0.05,True,True,True,True,goal_reached,0.28242426335327925,66.8,13.565400972912705,13.696613050715962,0.0630830889296111,0.7071067811865476,0.07529272876237163,0.040821602929580605,0.12157115923510417,0.049696716576279235,0.05663745175015522,0.7071067811865476,0.07522920028561834,0.19699304550746827,0.05,5.288647874226862,5.2886478742268626,0.0,8.353014049765739e-17,2.5589376332604516e-16,0.3535533905932738,0.3535533905932738,0.42750373692077726,66.8,0.0,0.0,0.0,0.0,66.8,0.0,0.0,0.0,0.0,False,False,False
430,3316604475,3569072220,3,gaussian_plus_dropout,CombinedErrorSensor,0.65,0.2,0.1,0.05,True,True,True,True,goal_reached,0.21571106545972157,72.60000000000001,14.036196596985992,14.158023020267285,0.059339501679585786,0.7071067811865476,0.07411405190434872,0.03278056698807039,0.11188896405399487,0.040207125342356397,0.0449492475374464,0.7071067811865476,0.06533210429365972,0.22354476126174566,0.05,5.956021407129213,5.956021407129212,0.0,7.949557913470449e-17,2.7894008272968645e-16,0.3535533905932738,0.3535533905932738,0.3837689133425034,66.60000000000001,6.0,0.0,0.0,0.0,66.4,6.20000000000001,0.0,0.0,0.0,False,False,False
431,2622342899,1742826588,3,gaussian_plus_dropout,CombinedErrorSensor,0.65,0.2,0.1,0.05,True,True,True,True,goal_reached,0.17768720809971278,64.5,13.18236408443836,13.21961398356014,0.061222365712661264,0.19717401878002316,0.06915264758015056,0.032166651627360834,0.10593284748621723,0.03892723519132674,0.04958526992608629,0.19717401878002316,0.061553796867860736,0.1722265255644387,0.09015823298781948,5.236371094837906,5.2363710948379065,0.0,8.750466344074075e-17,2.3263411494723067e-16,0.36354607397889244,0.36354607397889244,0.43034055727554177,64.5,0.0,0.0,0.0,0.0,64.5,0.0,0.0,0.0,0.0,False,False,False
432,3286438300,234230365,3,gaussian_plus_dropout,CombinedErrorSensor,0.65,0.2,0.1,0.05,True,True,True,True,goal_reached,0.1979491920164601,67.0,13.69302119737327,13.850659853865388,0.05720834209724476,0.1638145869364778,0.0643321267817043,0.03232045835851867,0.08392037088208432,0.039174179860967336,0.04746631922258855,0.1842814549888434,0.058655301043662275,0.1468272426959958,0.06953857012887853,5.025597926250182,5.025597926250182,0.0,8.229421217311597e-17,2.592584715281538e-16,0.21418069348296873,0.21418069348296867,0.39344262295081966,67.0,0.0,0.0,0.0,0.0,67.0,0.0,0.0,0.0,0.0,False,False,False
433,2750417563,1262226921,3,gaussian_plus_dropout,CombinedErrorSensor,0.65,0.2,0.1,0.05,True,True,True,True,goal_reached,0.12834953503003316,75.8,14.890369215872388,14.844105998038058,0.06096971848233094,0.7071067811865476,0.07214386731688556,0.031968157628292276,0.13550006843951898,0.042418660303574905,0.05223845882394096,0.7071067811865476,0.06921142278225852,0.14533759063900392,0.05,6.284285088136837,6.284285088136837,0.0,8.573970664790008e-17,2.7757743935277205e-16,0.3535533905932738,0.3535533905932738,0.38998682476943347,74.1,1.7000000000000028,0.0,0.0,0.0,74.7,1.0999999999999943,0.0,0.0,0.0,False,False,False
434,4219808666,4170911108,3,gaussian_plus_dropout,CombinedErrorSensor,0.65,0.2,0.1,0.05,True,True,True,True,goal_reached,0.1944230231383045,78.80000000000001,14.376343348944612,14.396780975486644,0.06302382547121566,0.23305126487674113,0.07188245972590013,0.040730322393471845,0.14109463608361,0.05237597064162531,0.051297098046378393,0.2327648452994546,0.06487693132962992,0.0955554912495646,0.10287737315444545,6.051157336396381,6.051157336396381,0.0,7.504234919009404e-17,2.779024842816778e-16,0.30331039730402887,0.303310397304029,0.4397972116603295,75.9,2.8999999999999986,0.0,0.0,0.0,76.10000000000001,2.6999999999999993,0.0,0.0,0.0,False,False,False
435,2996272099,2135640333,3,gaussian_plus_dropout,CombinedErrorSensor,0.65,0.2,0.1,0.05,False,False,False,False,planning_failure,nan,nan,nan,nan,nan,nan,nan,nan,nan,nan,nan,nan,nan,nan,nan,nan,nan,nan,nan,nan,nan,nan,nan,,,,,,,,,,,,,
436,2404354633,3116284140,3,gaussian_plus_dropout,CombinedErrorSensor,0.65,0.2,0.1,0.05,True,True,True,True,goal_reached,0.23570237633717106,69.3,13.641689356724402,13.708473516592594,0.059076335796872416,0.2948667377889695,0.0684144691056,0.043507150037599966,0.10947873171351853,0.051067351298150716,0.05633842089110229,0.21503540487797118,0.07102270612342576,0.14401421931705147,0.14585074937848708,5.424798515076191,5.424798515076191,0.0,8.421720732335398e-17,2.5133742693021536e-16,0.3002419003020657,0.3002419003020657,0.42939481268011526,69.3,0.0,0.0,0.0,0.0,69.3,0.0,0.0,0.0,0.0,False,False,False
437,1785047775,2412942496,3,gaussian_plus_dropout,CombinedErrorSensor,0.65,0.2,0.1,0.05,False,False,False,False,planning_failure,nan,nan,nan,nan,nan,nan,nan,nan,nan,nan,nan,nan,nan,nan,nan,nan,nan,nan,nan,nan,nan,nan,nan,,,,,,,,,,,,,
438,1137720147,103076549,3,gaussian_plus_dropout,CombinedErrorSensor,0.65,0.2,0.1,0.05,True,True,True,True,goal_reached,0.2351950303063763,63.5,13.307746195122927,13.390097378321641,0.05994969159365445,0.24946253931323173,0.06758886736604176,0.04015446430677049,0.09778706676268495,0.049036730055206035,0.051783789006926054,0.19827812538130352,0.06576061679618667,0.16733426153580117,0.08417582817685432,5.30903588527695,5.30903588527695,0.0,8.736728920569149e-17,1.962615573354719e-16,0.3107209437253808,0.3107209437253808,0.3805031446540881,57.800000000000004,5.699999999999996,0.0,0.0,0.0,57.4,6.100000000000001,0.0,0.0,0.0,False,False,False
439,4162669629,1339972080,3,gaussian_plus_dropout,CombinedErrorSensor,0.65,0.2,0.1,0.05,True,True,True,False,safety_violation,0.18419714980064097,84.60000000000001,17.203607279064563,17.379881654163952,0.06245938771831014,0.7071067811865476,0.08258825775181225,0.04357457529933892,0.19682728785198023,0.05799026800557536,0.05845921164019045,0.7071067811865476,0.08496169464977534,0.0,0.0,7.618220515872487,7.618220515872487,0.0,7.885979370916179e-17,2.797157557069881e-16,0.4375131220559295,0.4375131220559295,0.3955135773317592,84.50000000000001,0.0,0.0,0.09999999999999432,0.0,84.30000000000001,0.0,0.0,0.29999999999999716,0.0,True,False,False
440,4238156698,1041179357,3,gaussian_plus_dropout,CombinedErrorSensor,0.65,0.2,0.1,0.05,True,True,True,True,goal_reached,0.15156109341875038,75.10000000000001,14.36270658191053,14.435496233754645,0.062451335868181676,0.7071067811865476,0.07468128862865585,0.04014096624243802,0.18124737691431467,0.05674903434094779,0.05194223659326042,0.7071067811865476,0.06995980761397354,0.1861024027434942,0.05,5.943351416758183,5.943351416758183,0.0,8.042768281677047e-17,1.962615573354719e-16,0.3535533905932738,0.3535533905932738,0.4122340425531915,74.9,0.1999999999999993,0.0,0.0,0.0,74.9,0.20000000000000107,0.0,0.0,0.0,False,False,False
441,2321526583,4105025827,3,gaussian_plus_dropout,CombinedErrorSensor,0.65,0.2,0.1,0.05,True,True,True,True,goal_reached,0.15491935009293664,71.0,14.905932350852176,15.021835040488003,0.06247309465096638,0.7071067811865476,0.076633363882191,0.03168622945378129,0.11059811871912342,0.04000255452640962,0.04974442468354685,0.7071067811865476,0.06574454215523656,0.16720125481517348,0.05,5.918890368432022,5.918890368432022,0.0,8.315348876320503e-17,2.9406505148178845e-16,0.3535533905932738,0.3535533905932738,0.38818565400843885,65.89999999999999,5.099999999999998,0.0,0.0,0.0,65.8,5.200000000000006,0.0,0.0,0.0,False,False,False
442,2806551846,2921142390,3,gaussian_plus_dropout,CombinedErrorSensor,0.65,0.2,0.1,0.05,True,True,True,True,goal_reached,0.266367668266939,67.9,14.004950422629879,14.035626882411453,0.061540493614958225,0.1630401504996075,0.06987597423285542,0.04899180375576122,0.15895385833553607,0.06287596666233507,0.05742189578230855,0.24378937533216516,0.07408542297497643,0.11173048205324447,0.06795887340817774,5.9454560468490065,5.9454560468490065,0.0,8.154242535642481e-17,2.779024842816778e-16,0.30300893806697227,0.30300893806697227,0.4220588235294118,67.9,0.0,0.0,0.0,0.0,67.9,0.0,0.0,0.0,0.0,False,False,False
443,530442452,3520819212,3,gaussian_plus_dropout,CombinedErrorSensor,0.65,0.2,0.1,0.05,True,True,True,True,goal_reached,0.13039032822517396,66.7,13.921880093977375,14.148957857472508,0.06537441571401587,0.16853164898796386,0.07345169366318292,0.038537638177634635,0.13329649060705456,0.051917337819219415,0.051767994848728294,0.22406956615088724,0.06470417423583943,0.06956022437772295,0.0,5.759945722892306,5.759945722892306,0.0,8.471363895492051e-17,2.7755575615628914e-16,0.2649414475553988,0.2649414475553988,0.4236526946107785,65.7,1.0,0.0,0.0,0.0,65.1,1.6000000000000014,0.0,0.0,0.0,False,False,False
444,1845962377,664921687,3,gaussian_plus_dropout,CombinedErrorSensor,0.65,0.2,0.1,0.05,True,True,True,True,goal_reached,0.11757368611995167,76.3,14.70336458610753,14.712599750638084,0.06455014397301478,0.7071067811865476,0.07648115174120457,0.03826979794948638,0.1494255821233938,0.04828296107909824,0.056280970201714936,0.7071067811865476,0.07255587758525968,0.18402316958289597,0.05,5.8580691802309435,5.8580691802309435,0.0,7.737251089744955e-17,1.9478403400799703e-16,0.3535533905932738,0.3535533905932738,0.39005235602094246,71.3,5.0,0.0,0.0,0.0,71.5,4.799999999999997,0.0,0.0,0.0,False,False,False
445,127337084,683216640,3,gaussian_plus_dropout,CombinedErrorSensor,0.65,0.2,0.1,0.05,True,True,True,True,goal_reached,0.1710136226526007,72.4,13.859216737271485,13.961305184313938,0.06523576853756555,0.7071067811865476,0.08411772419258376,0.03033440872170349,0.11212021633092642,0.03853488256329859,0.051840010164646455,0.7071067811865476,0.07661485263377824,0.15902344839370183,0.05,5.679421945091722,5.679421945091722,0.0,7.444835940659304e-17,2.2247786310271853e-16,0.3535533905932738,0.3535533905932738,0.4179310344827586,72.2,0.20000000000000284,0.0,0.0,0.0,71.9,0.5,0.0,0.0,0.0,False,False,False
446,2775364023,2422759464,3,gaussian_plus_dropout,CombinedErrorSensor,0.65,0.2,0.1,0.05,True,True,True,True,goal_reached,0.1643517224596228,74.5,15.21237305798811,15.223936657346107,0.05948277080830732,0.7071067811865476,0.0740817925014404,0.05061070294888363,0.1798164779634505,0.062366118371718036,0.056932786573253555,0.7071067811865476,0.07730727551610359,0.11121819017923563,0.05,6.547196091760753,6.547196091760754,0.0,7.940826547547982e-17,2.7894008272968645e-16,0.3535533905932738,0.3535533905932738,0.39410187667560326,74.5,0.0,0.0,0.0,0.0,74.5,0.0,0.0,0.0,0.0,False,False,False
447,769208838,2108056196,3,gaussian_plus_dropout,CombinedErrorSensor,0.65,0.2,0.1,0.05,True,True,True,True,goal_reached,0.24525874425238606,70.0,13.079636738878177,13.264258353557997,0.06341201061595236,0.21463063766435458,0.07178781156001786,0.046303200461874076,0.12756070253752988,0.05719870630508722,0.05359190349642487,0.21778944395431177,0.06748785830217556,0.29355685733192005,0.20534284419304738,5.646881105197739,5.646881105197739,0.0,8.109751054740555e-17,1.962615573354719e-16,0.23454164892474674,0.23454164892474674,0.4236804564907275,70.0,0.0,0.0,0.0,0.0,69.5,0.5,0.0,0.0,0.0,False,False,False
448,3043459404,2731378376,3,gaussian_plus_dropout,CombinedErrorSensor,0.65,0.2,0.1,0.05,True,True,True,True,goal_reached,0.25016098740830384,77.9,16.305007902697007,16.478071302052854,0.06183519224237429,0.1948780202436336,0.07056776380948786,0.03913446885544855,0.1530448095636757,0.049894931752636734,0.05548102974716692,0.2323537939547886,0.07083870339357382,0.20072267738370478,0.1068330361831882,6.860474085464499,6.8604740854645,0.0,8.4379649991714e-17,2.830524433501838e-16,0.2415016280321148,0.24150162803211483,0.3884615384615384,77.6,0.30000000000000426,0.0,0.0,0.0,76.9,0.9999999999999929,0.0,0.0,0.0,False,False,False
449,4010961629,3768035838,3,gaussian_plus_dropout,CombinedErrorSensor,0.65,0.2,0.1,0.05,True,True,True,True,goal_reached,0.18600536730563821,72.8,13.98112575946051,14.03474824567697,0.060170706337222685,0.17703321039242176,0.06726549593685446,0.04871964439287243,0.15559024511397093,0.061139251262028634,0.058032704518178914,0.19241033376038452,0.0717262818451096,0.10630124470990689,0.02591774905263278,5.849076956714231,5.849076956714232,0.0,7.970224041098991e-17,2.7755575615628914e-16,0.3250546374647402,0.3250546374647402,0.3827160493827161,64.6,8.2,0.0,0.0,0.0,65.29999999999998,7.500000000000012,0.0,0.0,0.0,False,False,False
450,1928687484,2584878143,3,gaussian_plus_dropout,CombinedErrorSensor,0.65,0.2,0.1,0.05,False,False,False,False,planning_failure,nan,nan,nan,nan,nan,nan,nan,nan,nan,nan,nan,nan,nan,nan,nan,nan,nan,nan,nan,nan,nan,nan,nan,,,,,,,,,,,,,
451,4152053962,3199768913,3,gaussian_plus_dropout,CombinedErrorSensor,0.65,0.2,0.1,0.05,True,True,True,True,goal_reached,0.28751454735062665,71.0,13.709835988096756,13.8428072553712,0.06184239970535391,0.7071067811865476,0.07494859047738492,0.03594155423848561,0.13850165869963,0.04880256521730751,0.05453187225238759,0.7071067811865476,0.07134282803686394,0.14945750437004052,0.023041636994785977,5.873608592606839,5.873608592606838,0.0,8.401340718560936e-17,2.5476231888929306e-16,0.3535533905932738,0.3535533905932738,0.40787623066104084,63.99999999999999,7.000000000000003,0.0,0.0,0.0,64.49999999999999,6.500000000000003,0.0,0.0,0.0,False,False,False
452,4168572242,1705565391,3,gaussian_plus_dropout,CombinedErrorSensor,0.65,0.2,0.1,0.05,True,True,True,True,goal_reached,0.16383151391318948,90.10000000000001,17.499334021974896,17.53360465996083,0.057488442771313264,0.20480202997072292,0.065521747097645,0.03328787685963567,0.14808158187474124,0.045067721462415264,0.047468977881394585,0.22065239946704818,0.060006710239179674,0.12310261501400793,0.11564346784499979,7.430634950561836,7.430634950561837,0.0,8.256593883483066e-17,2.776424787817943e-16,0.2740739696487878,0.2740739696487877,0.4079822616407982,88.7,1.3999999999999986,0.0,0.0,0.0,89.0,1.1000000000000014,0.0,0.0,0.0,False,False,False
453,139743901,2440869414,3,gaussian_plus_dropout,CombinedErrorSensor,0.65,0.2,0.1,0.05,True,True,True,True,goal_reached,0.21258446824098748,67.60000000000001,13.398584095251566,13.37594380542943,0.06395597265330268,0.7071067811865476,0.07617028082095553,0.04976820116845578,0.1354759664222242,0.061508419906477846,0.05992183456276695,0.7071067811865476,0.07914142693416809,0.2771443687868657,0.05,5.9469526975248375,5.946952697524837,0.0,8.325169938107753e-17,2.830524433501838e-16,0.3599753341542735,0.3599753341542735,0.3810930576070901,67.4,0.20000000000000284,0.0,0.0,0.0,66.8,0.8000000000000043,0.0,0.0,0.0,False,False,False
454,535639341,2753489956,3,gaussian_plus_dropout,CombinedErrorSensor,0.65,0.2,0.1,0.05,True,True,True,True,goal_reached,0.20930579131317378,73.3,14.223771432753601,14.39948491931562,0.062064536968347586,0.3610106923427102,0.07135538418040616,0.04438866774129437,0.12170583189721938,0.05241494235089781,0.05650555189312249,0.35633700360563186,0.07095939223534094,0.1049638230001274,0.05410207911363332,6.190227653288176,6.190227653288176,0.0,8.292517380969216e-17,2.9893669801409083e-16,0.2475182185825032,0.24751821858250322,0.39645776566757496,70.89999999999999,2.399999999999995,0.0,0.0,0.0,71.0,2.299999999999997,0.0,0.0,0.0,False,False,False
455,1358971682,2777370745,3,gaussian_plus_dropout,CombinedErrorSensor,0.65,0.2,0.1,0.05,True,True,True,True,goal_reached,0.21643829609146054,68.3,13.547560498694493,13.743801877497104,0.0572870178661398,0.1961882989750672,0.06595828651589494,0.035069782084957,0.1470074584715857,0.04575720384904475,0.051045117869665216,0.16527749419902815,0.06430080115372418,0.13494679207774998,0.03011682395536397,5.598616662964197,5.598616662964197,0.0,8.459693882256578e-17,2.220446049250313e-16,0.28236865207309075,0.2823686520730907,0.3830409356725146,63.8,4.5,0.0,0.0,0.0,63.599999999999994,4.699999999999999,0.0,0.0,0.0,False,False,False
456,2249758613,3075958973,3,gaussian_plus_dropout,CombinedErrorSensor,0.65,0.2,0.1,0.05,True,True,True,True,goal_reached,0.16125551827618267,69.2,13.617473089372236,13.551772256958477,0.06075616348425743,0.19118759992679776,0.07013144645806238,0.03551148807492343,0.11765851189346203,0.04650367975856485,0.05492290102173376,0.2157777055663833,0.06774270779051861,0.25910959830079355,0.21981399465758972,6.152056895717935,6.152056895717935,0.0,8.477993218897933e-17,2.498001805406602e-16,0.3312296328154666,0.3312296328154666,0.38095238095238093,65.1,4.100000000000001,0.0,0.0,0.0,63.2,5.999999999999998,0.0,0.0,0.0,False,False,False
457,3234002399,399691633,3,gaussian_plus_dropout,CombinedErrorSensor,0.65,0.2,0.1,0.05,True,True,True,True,goal_reached,0.17694586595303224,66.2,13.131667504926103,13.310020001512132,0.0587244022292592,0.15832256151072704,0.06554137476299768,0.04364094494222975,0.1291615611132385,0.05228715478808871,0.04992036774585068,0.18029914240153827,0.05963077291785929,0.06656888329184245,0.050917961597081306,5.437423153473141,5.437423153473141,0.0,8.599135735842404e-17,1.962615573354719e-16,0.20569570213592991,0.20569570213592994,0.39517345399698345,66.2,0.0,0.0,0.0,0.0,66.2,0.0,0.0,0.0,0.0,False,False,False
458,2203017644,679757135,3,gaussian_plus_dropout,CombinedErrorSensor,0.65,0.2,0.1,0.05,True,True,True,True,goal_reached,0.20618050842181476,67.60000000000001,13.931221925247929,13.966880514930745,0.05583116977457785,0.23588004409994798,0.06250507743583811,0.03901320421729934,0.0980761711361942,0.046532018836258106,0.05329881873690958,0.21746022254163047,0.06586709221602613,0.4570999033461369,0.383445018876186,5.477618772407096,5.477618772407096,0.0,8.562031557369783e-17,2.779024842816778e-16,0.2692947588788054,0.2692947588788054,0.39290989660265874,67.60000000000001,0.0,0.0,0.0,0.0,67.60000000000001,0.0,0.0,0.0,0.0,False,False,False
459,506516199,1391648510,3,gaussian_plus_dropout,CombinedErrorSensor,0.65,0.2,0.1,0.05,True,True,True,True,goal_reached,0.16130626259113462,76.60000000000001,15.757783603127606,15.970469838305664,0.06011777749905169,0.16929538984160283,0.06746254462902998,0.032697504086412206,0.09846609177198216,0.04107776393879139,0.044784776169701966,0.17278326663810895,0.05591459120566392,0.11916877417058018,0.1639397403140829,6.086333610090866,6.086333610090866,0.0,7.683188525939311e-17,2.8066088919804617e-16,0.28305387014798794,0.28305387014798794,0.38722294654498046,76.60000000000001,0.0,0.0,0.0,0.0,76.60000000000001,0.0,0.0,0.0,0.0,False,False,False
460,3148336134,4052583908,3,gaussian_plus_dropout,CombinedErrorSensor,0.65,0.2,0.1,0.05,True,True,True,True,goal_reached,0.2142252679568891,65.5,13.23483115040629,13.26512801672084,0.06353405451170183,0.1888795347126331,0.07239485549383495,0.04070014536056712,0.15115852149326459,0.0518522061120748,0.05174962733358912,0.24610301135373153,0.06616798937734178,0.5283166807668849,0.41392736464805324,5.6378045686546665,5.6378045686546665,0.0,8.446276120616252e-17,2.7894008272968645e-16,0.3460528910172756,0.34605289101727565,0.40091463414634143,65.5,0.0,0.0,0.0,0.0,65.5,0.0,0.0,0.0,0.0,False,False,False
461,2541265752,4115274506,3,gaussian_plus_dropout,CombinedErrorSensor,0.65,0.2,0.1,0.05,False,False,False,False,planning_failure,nan,nan,nan,nan,nan,nan,nan,nan,nan,nan,nan,nan,nan,nan,nan,nan,nan,nan,nan,nan,nan,nan,nan,,,,,,,,,,,,,
462,1485890029,2960204149,3,gaussian_plus_dropout,CombinedErrorSensor,0.65,0.2,0.1,0.05,True,True,True,True,goal_reached,0.1635710540650801,81.4,14.920978415352918,14.805058716610391,0.058569195139726506,0.17156086806959492,0.06524665004934442,0.03666637062372262,0.1123476472790228,0.046786532373961603,0.04986544985173788,0.20855972279013432,0.062230310872745165,0.16861799816119968,0.13757213809011315,6.407377334060488,6.407377334060488,0.0,7.471576398337506e-17,1.962615573354719e-16,0.38624448861791155,0.38624448861791155,0.40613496932515336,71.49999999999999,9.900000000000016,0.0,0.0,0.0,70.6,10.800000000000015,0.0,0.0,0.0,False,False,False
463,301383822,2172981111,3,gaussian_plus_dropout,CombinedErrorSensor,0.65,0.2,0.1,0.05,True,True,True,True,goal_reached,0.26552401331203146,71.7,14.158306170150206,14.353031936537091,0.05638739378119981,0.17807374533474316,0.06479097680938775,0.03439362500440097,0.09736343204694023,0.04098264797784329,0.0477416803882019,0.19227661038730742,0.05945903052952752,0.16653071756664678,0.15324631801044794,5.8409922793568425,5.8409922793568425,0.0,7.93309676083747e-17,1.9141791241147513e-16,0.30874678005241857,0.30874678005241857,0.42618384401114207,71.7,0.0,0.0,0.0,0.0,71.7,0.0,0.0,0.0,0.0,False,False,False
464,2308831160,1833916880,3,gaussian_plus_dropout,CombinedErrorSensor,0.65,0.2,0.1,0.05,True,True,True,True,goal_reached,0.22562186035594264,66.4,13.462366613883122,13.598028841576136,0.060534481118624216,0.7071067811865476,0.07295051962269736,0.04512642191179078,0.12650405916965568,0.055615088166018116,0.051635152321059856,0.7071067811865476,0.06887268897902064,0.1008358482509323,0.05,5.569920628293679,5.569920628293678,0.0,8.647693259052963e-17,2.8449465006019636e-16,0.37045146728775535,0.37045146728775535,0.37744360902255636,63.5,2.9000000000000057,0.0,0.0,0.0,62.00000000000001,4.399999999999994,0.0,0.0,0.0,False,False,False
465,3560128294,3313768472,3,gaussian_plus_dropout,CombinedErrorSensor,0.65,0.2,0.1,0.05,False,False,False,False,planning_failure,nan,nan,nan,nan,nan,nan,nan,nan,nan,nan,nan,nan,nan,nan,nan,nan,nan,nan,nan,nan,nan,nan,nan,,,,,,,,,,,,,
466,776986923,4124742154,3,gaussian_plus_dropout,CombinedErrorSensor,0.65,0.2,0.1,0.05,True,True,True,True,goal_reached,0.17253391446427413,73.2,15.155426169790815,15.078529157119956,0.061312248941607375,0.7071067811865476,0.0777607345834846,0.04619369704785819,0.1422290497886938,0.05864501038960243,0.0558393026794487,0.7071067811865476,0.07754379471611046,0.14143506577065706,0.05,5.962919640426619,5.96291964042662,0.0,8.411658372325173e-17,2.779024842816778e-16,0.3535533905932738,0.3535533905932738,0.3997271487039563,73.2,0.0,0.0,0.0,0.0,73.2,0.0,0.0,0.0,0.0,False,False,False
467,2850336734,11142806,3,gaussian_plus_dropout,CombinedErrorSensor,0.65,0.2,0.1,0.05,True,True,True,True,goal_reached,0.14799403518172916,71.60000000000001,13.695630284223249,13.64239060022155,0.058879298459316116,0.243394777805386,0.0677121780289238,0.042182152830502424,0.1393378585067273,0.05255869142998356,0.05703609174182102,0.20751277233056478,0.06973053168231803,0.14949890628612267,0.11460766583886026,6.027371097645966,6.0273710976459665,0.0,8.241612364742641e-17,2.5324586304240974e-16,0.26584880714654324,0.2658488071465433,0.39330543933054396,71.5,0.10000000000000142,0.0,0.0,0.0,71.2,0.3999999999999986,0.0,0.0,0.0,False,False,False
468,506447374,1862155830,3,gaussian_plus_dropout,CombinedErrorSensor,0.65,0.2,0.1,0.05,True,True,True,True,goal_reached,0.204753986638494,73.7,14.233524990978726,14.417552289465485,0.06483998278361071,0.7071067811865476,0.0766094744639112,0.04682308375573871,0.16638075527941135,0.05910859302312407,0.052777179108558336,0.7071067811865476,0.07113818238065629,0.07256067606369658,0.05,6.317309229310909,6.317309229310909,0.0,8.241328641201143e-17,2.776424787817943e-16,0.37693110980842454,0.3769311098084246,0.4363143631436315,73.7,0.0,0.0,0.0,0.0,73.6,0.10000000000000142,0.0,0.0,0.0,False,False,False
469,38382694,611277468,3,gaussian_plus_dropout,CombinedErrorSensor,0.65,0.2,0.1,0.05,True,True,True,True,goal_reached,0.20322716507505548,67.4,13.244463360740008,13.332308871380153,0.058046355437424445,0.19492548032711834,0.06610682524496143,0.03941468838029866,0.09893235085143282,0.04673318431582595,0.053265210545202106,0.16751480426458273,0.06572135223113608,0.08210035350131088,0.11508916865776332,5.617269605884533,5.617269605884534,0.0,8.335866536872907e-17,2.2887833992611187e-16,0.2661943045625939,0.26619430456259385,0.3866666666666667,67.4,0.0,0.0,0.0,0.0,67.4,0.0,0.0,0.0,0.0,False,False,False
470,1614957771,2769797369,3,gaussian_plus_dropout,CombinedErrorSensor,0.65,0.2,0.1,0.05,True,True,True,True,goal_reached,0.10840597694863173,78.60000000000001,15.797827117521638,15.942426905853702,0.05933147622406465,0.7071067811865476,0.07007032625747259,0.03141646417604,0.15377773120403568,0.04417387601336378,0.049463497302270586,0.7071067811865476,0.06500483531641377,0.18042782668476787,0.05,6.528747563672129,6.528747563672129,0.0,7.949313269816422e-17,2.220717083251841e-16,0.3535533905932738,0.3535533905932738,0.40279542566709026,71.2,7.400000000000004,0.0,0.0,0.0,71.4,7.199999999999999,0.0,0.0,0.0,False,False,False
471,1947553387,2982980601,3,gaussian_plus_dropout,CombinedErrorSensor,0.65,0.2,0.1,0.05,True,True,True,True,goal_reached,0.18979525618063994,62.6,13.087906255339636,13.020113158218148,0.06321413513237513,0.2896160003117672,0.07199048613744834,0.05206939938039115,0.15544692890930062,0.06563381209025007,0.05528463600571374,0.2891896066989544,0.07189708552580852,0.12121897590719845,0.09919778921856048,5.449369155870268,5.449369155870269,0.0,9.083720281392278e-17,2.830524433501838e-16,0.26059758161197616,0.26059758161197616,0.3891547049441786,62.6,0.0,0.0,0.0,0.0,62.6,0.0,0.0,0.0,0.0,False,False,False
472,1889259062,1512499680,3,gaussian_plus_dropout,CombinedErrorSensor,0.65,0.2,0.1,0.05,True,True,True,True,goal_reached,0.15283346874432116,79.30000000000001,15.400476350932424,15.549183418697293,0.05822749148692903,0.7071067811865476,0.0692547603272354,0.0324859271548541,0.11221533089437918,0.04007084909845392,0.050391110465239246,0.7071067811865476,0.0661662791103739,0.14232235533466098,0.05,6.450876627397862,6.450876627397861,0.0,7.700665267424425e-17,2.830524433501838e-16,0.3535533905932738,0.3535533905932738,0.3664987405541562,72.4,6.9,0.0,0.0,0.0,72.10000000000001,7.200000000000003,0.0,0.0,0.0,False,False,False
473,3323850896,2015045576,3,gaussian_plus_dropout,CombinedErrorSensor,0.65,0.2,0.1,0.05,True,True,True,True,goal_reached,0.2807263281781169,65.3,13.384804180920959,13.483000417236749,0.06001705645248177,0.24672537217479,0.06856730073599378,0.0347495369002168,0.10798085206778878,0.04139531756943672,0.05106334989830127,0.19684433620393305,0.06439267240757722,0.14808285323740694,0.1185017557105974,5.6405819218668185,5.6405819218668185,0.0,8.631966017319279e-17,2.7833528704240246e-16,0.3542516289263628,0.3542516289263628,0.3348623853211009,65.1,0.19999999999999574,0.0,0.0,0.0,64.69999999999999,0.6000000000000014,0.0,0.0,0.0,False,False,False
474,301557636,2102269319,3,gaussian_plus_dropout,CombinedErrorSensor,0.65,0.2,0.1,0.05,True,True,True,True,goal_reached,0.1790388805101485,69.7,13.764728333860793,13.83334446636013,0.06204611446319763,0.7071067811865476,0.0744133196576561,0.02796567461712222,0.09481728181337075,0.034882508723601185,0.04772341196297,0.7071067811865476,0.06331198484693741,0.15148512253664756,0.05,5.262915501829477,5.262915501829477,0.0,8.40048295230191e-17,2.7755575615628914e-16,0.3535533905932738,0.3535533905932738,0.42979942693409745,69.7,0.0,0.0,0.0,0.0,69.7,0.0,0.0,0.0,0.0,False,False,False
475,2131969918,99288110,3,gaussian_plus_dropout,CombinedErrorSensor,0.65,0.2,0.1,0.05,True,True,True,True,goal_reached,0.137111137039236,65.3,13.221104259746918,13.247591533482582,0.06010853627088055,0.1902287227205562,0.06862814739722319,0.039490065294003514,0.1599597702373776,0.049420001807095194,0.054985177174573206,0.27849214353320517,0.06986660845320015,0.10755527573335526,0.023626636884188645,5.427980772269969,5.427980772269969,0.0,8.909621018582828e-17,2.8609792490763985e-16,0.3242101032108053,0.3242101032108052,0.3990825688073395,63.099999999999994,2.200000000000003,0.0,0.0,0.0,62.8,2.5,0.0,0.0,0.0,False,False,False
476,447607539,1053281374,3,gaussian_plus_dropout,CombinedErrorSensor,0.65,0.2,0.1,0.05,True,True,True,True,goal_reached,0.2392762328441081,63.2,12.762802197715008,12.83087512830586,0.06162895902784042,0.17044152316462938,0.07000516666886102,0.04213360187893872,0.15073136693007216,0.05606778799383223,0.06027233138107422,0.21249517234493617,0.07580593982051143,0.09232674617748972,0.026191145087398837,5.507200578021187,5.507200578021187,0.0,8.970203910112191e-17,1.962615573354719e-16,0.39646580036428614,0.39646580036428614,0.40126382306477093,63.2,0.0,0.0,0.0,0.0,63.2,0.0,0.0,0.0,0.0,False,False,False
477,2621228370,2580436250,3,gaussian_plus_dropout,CombinedErrorSensor,0.65,0.2,0.1,0.05,True,True,True,True,goal_reached,0.25710683934568224,76.7,15.474277395420104,15.639954835270224,0.057088212498687195,0.15477378534497263,0.06464893705234809,0.03789167139108771,0.11977039367480832,0.04802570878473092,0.04944112121568617,0.21525419983430466,0.06317838987278124,0.1716534763089045,0.13422720395153578,6.036872637140494,6.036872637140494,0.0,7.994366359349105e-17,2.776424787817943e-16,0.2287166562911959,0.228716656291196,0.39192708333333337,76.7,0.0,0.0,0.0,0.0,76.7,0.0,0.0,0.0,0.0,False,False,False
478,2875798271,4241047379,3,gaussian_plus_dropout,CombinedErrorSensor,0.65,0.2,0.1,0.05,False,False,False,False,planning_failure,nan,nan,nan,nan,nan,nan,nan,nan,nan,nan,nan,nan,nan,nan,nan,nan,nan,nan,nan,nan,nan,nan,nan,,,,,,,,,,,,,
479,97946494,3150012955,3,gaussian_plus_dropout,CombinedErrorSensor,0.65,0.2,0.1,0.05,True,True,True,True,goal_reached,0.22408378717868685,73.8,14.23412612622411,14.288774542451284,0.0630098681097926,0.16392625679053768,0.07069250692887226,0.0429023574340892,0.13371621316955618,0.05098583495032464,0.0545870536091704,0.2524194786510081,0.06892553574665172,0.48715689626869185,0.40338321208923134,6.207100605081079,6.207100605081079,0.0,7.793871692890121e-17,2.897767167584095e-16,0.2798317236211252,0.2798317236211252,0.40730717185385656,73.8,0.0,0.0,0.0,0.0,73.8,0.0,0.0,0.0,0.0,False,False,False
480,2941189654,1656477099,3,gaussian_plus_dropout,CombinedErrorSensor,0.65,0.2,0.1,0.05,True,True,True,True,goal_reached,0.2658906617271739,70.7,13.926028364394668,14.043394241321641,0.06541071148568375,0.2329896018547134,0.07565998437962078,0.045221368534077044,0.1770095368176016,0.06084611991115195,0.0590616791152666,0.21107522805627452,0.07387166064173624,0.1060933697259196,0.09216999087927495,5.814884928583432,5.814884928583431,0.0,8.455740548481253e-17,2.37549462997806e-16,0.2683069207361636,0.2683069207361636,0.38983050847457623,65.3,5.3999999999999995,0.0,0.0,0.0,65.6,5.1,0.0,0.0,0.0,False,False,False
481,1120920137,1371190207,3,gaussian_plus_dropout,CombinedErrorSensor,0.65,0.2,0.1,0.05,True,True,True,True,goal_reached,0.14065307892039436,64.7,13.258770524212952,13.283588461063617,0.05904427973828697,0.1680379956472764,0.06624569172941307,0.030380405978012257,0.08827211707931484,0.037945966601029196,0.046442292797284956,0.19177665294614024,0.05878859281134774,0.13713108330885462,0.03382700631713844,5.1779837098386015,5.1779837098386015,0.0,8.61172867657047e-17,1.962615573354719e-16,0.2241699610231856,0.22416996102318562,0.375,64.7,0.0,0.0,0.0,0.0,64.7,0.0,0.0,0.0,0.0,False,False,False
482,1441686073,3249876181,3,gaussian_plus_dropout,CombinedErrorSensor,0.65,0.2,0.1,0.05,True,True,True,True,goal_reached,0.19186222086462137,72.0,14.242889793805015,14.277741518597749,0.05797889510462354,0.160159337515428,0.06532787467963046,0.03554951680405217,0.11978977998465974,0.04562984562241472,0.04262918943897267,0.17567071501987874,0.052281391562741045,0.17643947308285943,0.1940635812330044,5.725140298851004,5.725140298851005,0.0,7.816117261134592e-17,2.5589376332604516e-16,0.27944184440835423,0.2794418444083541,0.35783633841886264,69.99999999999999,2.0000000000000036,0.0,0.0,0.0,69.99999999999999,2.0000000000000027,0.0,0.0,0.0,False,False,False
483,1404618197,1265139002,3,gaussian_plus_dropout,CombinedErrorSensor,0.65,0.2,0.1,0.05,True,True,True,True,goal_reached,0.21544135560993125,74.0,13.997739223971907,14.031073245557806,0.06052328134534592,0.7071067811865476,0.07226129934375501,0.04951013191584211,0.11436795494724947,0.057542574232867495,0.05942893914393833,0.7071067811865476,0.07695400295755897,0.23119005370888934,0.05,6.297780302610618,6.297780302610617,0.0,7.624078175643778e-17,2.220446049250313e-16,0.3535533905932738,0.3535533905932738,0.3927125506072875,73.69999999999999,0.3000000000000007,0.0,0.0,0.0,73.6,0.3999999999999986,0.0,0.0,0.0,False,False,False
484,1244476722,2560154243,3,gaussian_plus_dropout,CombinedErrorSensor,0.65,0.2,0.1,0.05,True,True,True,True,goal_reached,0.16021866913696,72.7,14.262229416065555,14.345063897610917,0.06309133831301304,0.19065626798396887,0.07106838055022885,0.03675843741546717,0.09937525456162642,0.044141606776558553,0.053959559203008566,0.19702734425463575,0.06655332999153322,0.10803368198831376,0.03723235052112538,6.082195404264203,6.082195404264203,0.0,8.09587764041068e-17,2.7755575615628914e-16,0.33075420951662937,0.33075420951662937,0.3928571428571429,66.10000000000002,6.599999999999987,0.0,0.0,0.0,66.80000000000001,5.8999999999999915,0.0,0.0,0.0,False,False,False
485,3564904496,3242463166,3,gaussian_plus_dropout,CombinedErrorSensor,0.65,0.2,0.1,0.05,True,True,True,True,goal_reached,0.19211309639186963,72.10000000000001,14.691855174889657,14.793251042413331,0.05740368531909515,0.18367715098669912,0.06549809577564777,0.037313228278676905,0.11026909060231423,0.04569459191135642,0.04773702566759712,0.16235661904171206,0.05964453944629596,0.10830413652412466,0.07067598485869309,5.613430311067809,5.61343031106781,0.0,8.116037321129724e-17,2.7755575615628914e-16,0.2396683788566253,0.2396683788566254,0.3864265927977839,70.10000000000001,2.0000000000000004,0.0,0.0,0.0,69.60000000000001,2.5000000000000004,0.0,0.0,0.0,False,False,False
486,844619944,1080847503,3,gaussian_plus_dropout,CombinedErrorSensor,0.65,0.2,0.1,0.05,True,True,True,True,goal_reached,0.19325262396807036,72.10000000000001,14.891069330960374,14.89927061984796,0.06089569053330876,0.7071067811865476,0.07256119479704319,0.04091912383402114,0.12957617365606433,0.05363953368957657,0.0489556590483921,0.7071067811865476,0.06642207731250116,0.21591548853397402,0.05,5.931276069351685,5.931276069351684,0.0,8.183907990500444e-17,2.9893669801409083e-16,0.3535533905932738,0.3535533905932738,0.41135734072022156,67.4,4.700000000000003,0.0,0.0,0.0,67.10000000000001,5.0,0.0,0.0,0.0,False,False,False
487,2665329952,3776639358,3,gaussian_plus_dropout,CombinedErrorSensor,0.65,0.2,0.1,0.05,True,True,True,True,goal_reached,0.23673286862163098,73.60000000000001,15.144169908568504,15.183657102091942,0.06310339810137974,0.7071067811865476,0.07571278128066333,0.0403962915727461,0.13207987704789476,0.05122380337129796,0.059284630190092696,0.7071067811865476,0.0775917135623218,0.16322551328964185,0.05,6.084671223778051,6.0846712237780505,0.0,8.360738873175696e-17,2.8066088919804617e-16,0.3535533905932738,0.3535533905932738,0.4301221166892809,73.60000000000001,0.0,0.0,0.0,0.0,73.60000000000001,0.0,0.0,0.0,0.0,False,False,False
488,206684354,2480945970,3,gaussian_plus_dropout,CombinedErrorSensor,0.65,0.2,0.1,0.05,True,True,True,True,goal_reached,0.2786950561065176,70.3,14.061282572214841,14.18900133256719,0.06126344972992814,0.21037516430667869,0.0689619660537951,0.03355531836330417,0.10604076257960572,0.04094131895648233,0.050545251100374375,0.2100486557626565,0.06313378146822012,0.11364214836189596,0.06331370616512498,6.111313618126772,6.111313618126772,0.0,8.289435004686297e-17,2.8449465006019636e-16,0.28435083990082305,0.2843508399008231,0.41193181818181823,69.99999999999999,0.3000000000000007,0.0,0.0,0.0,69.89999999999999,0.3999999999999986,0.0,0.0,0.0,False,False,False
489,230487301,332724478,3,gaussian_plus_dropout,CombinedErrorSensor,0.65,0.2,0.1,0.05,True,True,True,True,goal_reached,0.20893708989632315,67.2,13.134456755731204,13.115226478379096,0.061860213937577714,0.7071067811865476,0.07367141343647354,0.04697925712929483,0.1355375544206447,0.05804107148786817,0.06131121626453057,0.7071067811865476,0.07822711025068668,0.2031748522909315,0.05,5.512196367047798,5.512196367047798,0.0,8.518709825419349e-17,2.5589376332604516e-16,0.3535533905932738,0.3535533905932738,0.4101040118870728,67.2,0.0,0.0,0.0,0.0,67.2,0.0,0.0,0.0,0.0,False,False,False
490,2649271792,2500886733,3,gaussian_plus_dropout,CombinedErrorSensor,0.65,0.2,0.1,0.05,True,True,True,True,goal_reached,0.19157361497300185,74.4,15.285540506057181,15.286704341049898,0.0619960015092595,0.21094820543725926,0.07061022761100255,0.039923467485692574,0.11212518047281304,0.048290035483991786,0.04888500926697427,0.2426649891155035,0.06230512218924129,0.18247834654140527,0.06569307278239744,6.387232775283117,6.387232775283117,0.0,8.023542638711738e-17,2.779024842816778e-16,0.2534331838234779,0.25343318382347785,0.4281879194630872,74.1,0.30000000000000426,0.0,0.0,0.0,74.0,0.3999999999999986,0.0,0.0,0.0,False,False,False
491,1901333916,3597879735,3,gaussian_plus_dropout,CombinedErrorSensor,0.65,0.2,0.1,0.05,True,True,True,True,goal_reached,0.23414400647973185,64.5,13.424672960885554,13.3980018116655,0.060930871168784345,0.17012397723812175,0.06981993889438999,0.03909846893385126,0.1838392863290503,0.05412862815189848,0.0589043154499281,0.2984236045004307,0.07543035117196946,0.55,0.4731793923696192,5.317591651281241,5.317591651281241,0.0,8.468918498583068e-17,2.776424787817943e-16,0.2722506063699572,0.27225060636995707,0.41021671826625383,64.0,0.5,0.0,0.0,0.0,63.99999999999999,0.5000000000000036,0.0,0.0,0.0,False,False,False
492,731024186,1289400343,3,gaussian_plus_dropout,CombinedErrorSensor,0.65,0.2,0.1,0.05,True,True,True,True,goal_reached,0.2012101268753071,66.8,13.903097532703967,13.97681524964933,0.05723037762064223,0.7071067811865476,0.07005722003273032,0.037277847753482134,0.10997930199668637,0.04708506161999146,0.049528351367413105,0.7071067811865476,0.06520844652761192,0.14002069800331363,0.05,5.794705731730401,5.794705731730401,0.0,8.38486328524499e-17,2.2887833992611187e-16,0.3535533905932738,0.3535533905932738,0.39760837070254107,64.99999999999999,1.8000000000000007,0.0,0.0,0.0,64.69999999999999,2.0999999999999996,0.0,0.0,0.0,False,False,False
493,602705326,1652745490,3,gaussian_plus_dropout,CombinedErrorSensor,0.65,0.2,0.1,0.05,True,True,True,True,goal_reached,0.19394259544250667,71.8,15.024660194587259,15.116970340808157,0.06141325497741481,0.22598282794101773,0.06939690432438891,0.044574384200061476,0.12575880300585768,0.053614031738734705,0.05027832333019675,0.2276691602591629,0.06488110194084594,0.0990450886071743,0.11204441763194492,6.289658752916327,6.289658752916326,0.0,8.355434050465076e-17,2.776424787817943e-16,0.27349797701676276,0.27349797701676265,0.3852573018080667,71.8,0.0,0.0,0.0,0.0,71.8,0.0,0.0,0.0,0.0,False,False,False
494,1847664839,2928025270,3,gaussian_plus_dropout,CombinedErrorSensor,0.65,0.2,0.1,0.05,True,True,True,True,goal_reached,0.28020648794878034,70.9,13.892096399396891,13.984454172833294,0.06144712479619453,0.19852472725602027,0.07015267384205451,0.039814165332923646,0.1568725736959513,0.052445074036118526,0.05436699283170495,0.18119607386342093,0.06889497662532758,0.10630916312555448,0.09169753871213085,6.184951053523845,6.184951053523845,0.0,8.225766952611484e-17,2.7833528704240246e-16,0.4290084805705846,0.4290084805705847,0.4112676056338028,70.9,0.0,0.0,0.0,0.0,70.9,0.0,0.0,0.0,0.0,False,False,False
495,4098558235,3215272856,3,gaussian_plus_dropout,CombinedErrorSensor,0.65,0.2,0.1,0.05,True,True,True,True,goal_reached,0.11304467016859403,83.5,16.83512118490384,16.888145773336966,0.05777095085905129,0.19097905876996002,0.06567076612209488,0.029292721988904702,0.09063299490582642,0.036489199086687026,0.04708877022700477,0.2255275581161112,0.0588038281497639,0.15919304961742123,0.06198357719684774,6.868461006073359,6.868461006073359,0.0,8.14725696657912e-17,2.7894008272968645e-16,0.31149789003785155,0.3114978900378516,0.43181818181818177,83.5,0.0,0.0,0.0,0.0,83.5,0.0,0.0,0.0,0.0,False,False,False
496,2717390137,1350678647,3,gaussian_plus_dropout,CombinedErrorSensor,0.65,0.2,0.1,0.05,True,True,True,True,goal_reached,0.1960999740989302,85.10000000000001,17.4421890130168,17.32662647717314,0.06095113545879131,0.7071067811865476,0.0724604481418144,0.04944717366860404,0.1753375197655514,0.06040980487452681,0.06028309923585522,0.7071067811865476,0.07584354222115673,0.15431915176387967,0.05,7.458707420325599,7.458707420325599,0.0,7.96848350384415e-17,2.779024842816778e-16,0.36234030493010183,0.3623403049301017,0.3755868544600939,82.10000000000001,3.0,0.0,0.0,0.0,81.4,3.700000000000003,0.0,0.0,0.0,False,False,False
497,640233742,749597644,3,gaussian_plus_dropout,CombinedErrorSensor,0.65,0.2,0.1,0.05,True,True,True,True,goal_reached,0.2736623294207383,65.8,13.597801775096848,13.761161644053859,0.055401325753159675,0.1626895095386409,0.06249322257972127,0.02881618613105216,0.09857548749976333,0.036711076686675136,0.04320497884620946,0.15922844664581298,0.05452207278141422,0.19076370198678633,0.12035894031244543,5.371630635219832,5.371630635219832,0.0,8.724216399547149e-17,2.220717083251841e-16,0.3750153267735257,0.3750153267735257,0.4203338391502276,65.8,0.0,0.0,0.0,0.0,65.8,0.0,0.0,0.0,0.0,False,False,False
498,2648700291,2637678906,3,gaussian_plus_dropout,CombinedErrorSensor,0.65,0.2,0.1,0.05,True,True,True,True,goal_reached,0.13945778539682158,72.10000000000001,14.778054579037233,14.74574009704064,0.06521322235987313,0.22877232463139155,0.07457662952805802,0.03673821528169749,0.15321519268940428,0.04706880826163793,0.05201979864286833,0.2271519016010993,0.06613348002741044,0.22486029793924328,0.09227341458947576,6.265990103183748,6.265990103183748,0.0,8.482483984027484e-17,2.8609792490763985e-16,0.2579759183315405,0.25797591833154054,0.3905817174515236,69.7,2.4000000000000004,0.0,0.0,0.0,70.0,2.1000000000000014,0.0,0.0,0.0,False,False,False
499,3219993521,3284632546,3,gaussian_plus_dropout,CombinedErrorSensor,0.65,0.2,0.1,0.05,True,True,True,True,goal_reached,0.19703138253184535,66.0,13.402324158431789,13.541109866662305,0.0631348240909287,0.22124776930003365,0.07105871488566672,0.041672726033984475,0.1279734278142123,0.051645163895207506,0.05514345517290279,0.22124776930003365,0.06915373548967738,0.09091459844996905,0.06661520708690409,5.622867273537604,5.622867273537604,0.0,8.511470197794961e-17,2.2247786310271853e-16,0.21744051164180264,0.21744051164180261,0.39939485627836613,60.3,5.700000000000003,0.0,0.0,0.0,60.7,5.299999999999997,0.0,0.0,0.0,False,False,False
